work_id_a,work_id_b,description_similarity,geography_match,amount_similarity,temporal_overlap,combined_score,explanation
WS/MP18206/2024-2025/144186,WS/MP18206/2024-2025/144211,1.0,1.0,1.0,0.0,1.0,High description similarity within the same state and district; work types match=True and amount similarity=1.00.
WS/MP18206/2024-2025/144186,WS/MP18206/2024-2025/144219,1.0,1.0,1.0,0.0,1.0,High description similarity within the same state and district; work types match=True and amount similarity=1.00.
WS/MP18206/2024-2025/144211,WS/MP18206/2024-2025/144211,1.0,1.0,1.0,0.0,1.0,High description similarity within the same state and district; work types match=True and amount similarity=1.00.
WS/MP18206/2024-2025/144211,WS/MP18206/2024-2025/144219,1.0,1.0,1.0,0.0,1.0,High description similarity within the same state and district; work types match=True and amount similarity=1.00.
WS/MP761/2024-2025/144939,WS/MP761/2024-2025/144939,1.0,1.0,1.0,0.0,1.0,High description similarity within the same state and district; work types match=True and amount similarity=1.00.
WS/MP18206/2024-2025/144219,WS/MP18206/2024-2025/144219,1.0,1.0,1.0,0.0,1.0,High description similarity within the same state and district; work types match=True and amount similarity=1.00.
WS/MP761/2024-2025/144962,WS/MP761/2024-2025/144962,1.0,1.0,1.0,0.0,1.0,High description similarity within the same state and district; work types match=True and amount similarity=1.00.
WS/MP761/2024-2025/139028,WS/MP761/2024-2025/139028,1.0,1.0,1.0,0.0,1.0,High description similarity within the same state and district; work types match=True and amount similarity=1.00.
WS/MP761/2024-2025/144938,WS/MP761/2024-2025/144938,1.0,1.0,1.0,0.0,1.0,High description similarity within the same state and district; work types match=True and amount similarity=1.00.
WS/MP761/2024-2025/144975,WS/MP761/2024-2025/144975,1.0,1.0,1.0,0.0,1.0,High description similarity within the same state and district; work types match=True and amount similarity=1.00.
WS/MP18206/2024-2025/144224,WS/MP18206/2024-2025/144224,1.0,1.0,1.0,0.0,1.0,High description similarity within the same state and district; work types match=True and amount similarity=1.00.
WS/MP18206/2024-2025/144223,WS/MP18206/2024-2025/144224,1.0,1.0,1.0,0.0,1.0,High description similarity within the same state and district; work types match=True and amount similarity=1.00.
WS/MP747/2025-2026/141755,WS/MP747/2025-2026/141755,1.0,1.0,1.0,0.0,1.0,High description similarity within the same state and district; work types match=True and amount similarity=1.00.
WS/MP18219/2025-2026/137970,WS/MP18219/2025-2026/137970,1.0,1.0,1.0,0.0,1.0,High description similarity within the same state and district; work types match=True and amount similarity=1.00.
WS/MP18221/2025-2026/140813,WS/MP18221/2025-2026/140937,1.0,1.0,1.0,0.0,1.0,High description similarity within the same state and district; work types match=True and amount similarity=1.00.
WS/MP18221/2025-2026/140813,WS/MP18221/2025-2026/140959,1.0,1.0,1.0,0.0,1.0,High description similarity within the same state and district; work types match=True and amount similarity=1.00.
WS/MP18221/2025-2026/140813,WS/MP18221/2025-2026/140938,1.0,1.0,1.0,0.0,1.0,High description similarity within the same state and district; work types match=True and amount similarity=1.00.
WS/MP18221/2025-2026/140813,WS/MP18221/2025-2026/140922,1.0,1.0,1.0,0.0,1.0,High description similarity within the same state and district; work types match=True and amount similarity=1.00.
WS/MP18221/2025-2026/140814,WS/MP18221/2025-2026/140937,1.0,1.0,1.0,0.0,1.0,High description similarity within the same state and district; work types match=True and amount similarity=1.00.
WS/MP18221/2025-2026/140814,WS/MP18221/2025-2026/140959,1.0,1.0,1.0,0.0,1.0,High description similarity within the same state and district; work types match=True and amount similarity=1.00.
WS/MP18221/2025-2026/140821,WS/MP18221/2025-2026/140938,1.0,1.0,1.0,0.0,1.0,High description similarity within the same state and district; work types match=True and amount similarity=1.00.
WS/MP18221/2025-2026/140821,WS/MP18221/2025-2026/140922,1.0,1.0,1.0,0.0,1.0,High description similarity within the same state and district; work types match=True and amount similarity=1.00.
WS/MP18221/2025-2026/140822,WS/MP18221/2025-2026/140937,1.0,1.0,1.0,0.0,1.0,High description similarity within the same state and district; work types match=True and amount similarity=1.00.
WS/MP18221/2025-2026/140822,WS/MP18221/2025-2026/140959,1.0,1.0,1.0,0.0,1.0,High description similarity within the same state and district; work types match=True and amount similarity=1.00.
WS/MP18221/2025-2026/140822,WS/MP18221/2025-2026/140938,1.0,1.0,1.0,0.0,1.0,High description similarity within the same state and district; work types match=True and amount similarity=1.00.
WS/MP18221/2025-2026/140822,WS/MP18221/2025-2026/140922,1.0,1.0,1.0,0.0,1.0,High description similarity within the same state and district; work types match=True and amount similarity=1.00.
WS/MP18221/2025-2026/140814,WS/MP18221/2025-2026/140922,1.0,1.0,1.0,0.0,1.0,High description similarity within the same state and district; work types match=True and amount similarity=1.00.
WS/MP18221/2025-2026/140820,WS/MP18221/2025-2026/140937,1.0,1.0,1.0,0.0,1.0,High description similarity within the same state and district; work types match=True and amount similarity=1.00.
WS/MP18221/2025-2026/140820,WS/MP18221/2025-2026/140959,1.0,1.0,1.0,0.0,1.0,High description similarity within the same state and district; work types match=True and amount similarity=1.00.
WS/MP18221/2025-2026/140820,WS/MP18221/2025-2026/140938,1.0,1.0,1.0,0.0,1.0,High description similarity within the same state and district; work types match=True and amount similarity=1.00.
WS/MP18221/2025-2026/140820,WS/MP18221/2025-2026/140922,1.0,1.0,1.0,0.0,1.0,High description similarity within the same state and district; work types match=True and amount similarity=1.00.
WS/MP18221/2025-2026/140821,WS/MP18221/2025-2026/140937,1.0,1.0,1.0,0.0,1.0,High description similarity within the same state and district; work types match=True and amount similarity=1.00.
WS/MP18221/2025-2026/140821,WS/MP18221/2025-2026/140959,1.0,1.0,1.0,0.0,1.0,High description similarity within the same state and district; work types match=True and amount similarity=1.00.
WS/MP18221/2025-2026/140818,WS/MP18221/2025-2026/140938,1.0,1.0,1.0,0.0,1.0,High description similarity within the same state and district; work types match=True and amount similarity=1.00.
WS/MP18221/2025-2026/140818,WS/MP18221/2025-2026/140922,1.0,1.0,1.0,0.0,1.0,High description similarity within the same state and district; work types match=True and amount similarity=1.00.
WS/MP18221/2025-2026/140819,WS/MP18221/2025-2026/140937,1.0,1.0,1.0,0.0,1.0,High description similarity within the same state and district; work types match=True and amount similarity=1.00.
WS/MP18221/2025-2026/140819,WS/MP18221/2025-2026/140959,1.0,1.0,1.0,0.0,1.0,High description similarity within the same state and district; work types match=True and amount similarity=1.00.
WS/MP18221/2025-2026/140819,WS/MP18221/2025-2026/140938,1.0,1.0,1.0,0.0,1.0,High description similarity within the same state and district; work types match=True and amount similarity=1.00.
WS/MP18221/2025-2026/140819,WS/MP18221/2025-2026/140922,1.0,1.0,1.0,0.0,1.0,High description similarity within the same state and district; work types match=True and amount similarity=1.00.
WS/MP18007/2025-2026/137054,WS/MP18007/2025-2026/137068,1.0,1.0,1.0,0.0,1.0,High description similarity within the same state and district; work types match=True and amount similarity=1.00.
WS/MP18007/2025-2026/137054,WS/MP18007/2025-2026/137071,1.0,1.0,1.0,0.0,1.0,High description similarity within the same state and district; work types match=True and amount similarity=1.00.
WS/MP18007/2025-2026/137055,WS/MP18007/2025-2026/137047,1.0,1.0,1.0,0.0,1.0,High description similarity within the same state and district; work types match=True and amount similarity=1.00.
WS/MP18007/2025-2026/137055,WS/MP18007/2025-2026/137066,1.0,1.0,1.0,0.0,1.0,High description similarity within the same state and district; work types match=True and amount similarity=1.00.
WS/MP18007/2025-2026/137055,WS/MP18007/2025-2026/137067,1.0,1.0,1.0,0.0,1.0,High description similarity within the same state and district; work types match=True and amount similarity=1.00.
WS/MP18007/2025-2026/137055,WS/MP18007/2025-2026/137068,1.0,1.0,1.0,0.0,1.0,High description similarity within the same state and district; work types match=True and amount similarity=1.00.
WS/MP18007/2025-2026/137055,WS/MP18007/2025-2026/137071,1.0,1.0,1.0,0.0,1.0,High description similarity within the same state and district; work types match=True and amount similarity=1.00.
WS/MP18007/2025-2026/137052,WS/MP18007/2025-2026/137071,1.0,1.0,1.0,0.0,1.0,High description similarity within the same state and district; work types match=True and amount similarity=1.00.
WS/MP743/2024-2025/143097,WS/MP743/2024-2025/143099,1.0,1.0,1.0,0.0,1.0,High description similarity within the same state and district; work types match=True and amount similarity=1.00.
WS/MP743/2024-2025/143097,WS/MP743/2024-2025/143097,1.0,1.0,1.0,0.0,1.0,High description similarity within the same state and district; work types match=True and amount similarity=1.00.
WS/MP743/2024-2025/143098,WS/MP743/2024-2025/143074,1.0,1.0,1.0,0.0,1.0,High description similarity within the same state and district; work types match=True and amount similarity=1.00.
WS/MP743/2024-2025/143099,WS/MP743/2024-2025/143099,1.0,1.0,1.0,0.0,1.0,High description similarity within the same state and district; work types match=True and amount similarity=1.00.
WS/MP18007/2025-2026/137050,WS/MP18007/2025-2026/137047,1.0,1.0,1.0,0.0,1.0,High description similarity within the same state and district; work types match=True and amount similarity=1.00.
WS/MP18007/2025-2026/137050,WS/MP18007/2025-2026/137066,1.0,1.0,1.0,0.0,1.0,High description similarity within the same state and district; work types match=True and amount similarity=1.00.
WS/MP18007/2025-2026/137050,WS/MP18007/2025-2026/137067,1.0,1.0,1.0,0.0,1.0,High description similarity within the same state and district; work types match=True and amount similarity=1.00.
WS/MP743/2024-2025/143073,WS/MP743/2024-2025/143097,1.0,1.0,1.0,0.0,1.0,High description similarity within the same state and district; work types match=True and amount similarity=1.00.
WS/MP743/2024-2025/143074,WS/MP743/2024-2025/143074,1.0,1.0,1.0,0.0,1.0,High description similarity within the same state and district; work types match=True and amount similarity=1.00.
WS/MP18007/2025-2026/137061,WS/MP18007/2025-2026/137068,1.0,1.0,1.0,0.0,1.0,High description similarity within the same state and district; work types match=True and amount similarity=1.00.
WS/MP18007/2025-2026/137061,WS/MP18007/2025-2026/137071,1.0,1.0,1.0,0.0,1.0,High description similarity within the same state and district; work types match=True and amount similarity=1.00.
WS/MP18007/2025-2026/137062,WS/MP18007/2025-2026/137047,1.0,1.0,1.0,0.0,1.0,High description similarity within the same state and district; work types match=True and amount similarity=1.00.
WS/MP18007/2025-2026/137062,WS/MP18007/2025-2026/137066,1.0,1.0,1.0,0.0,1.0,High description similarity within the same state and district; work types match=True and amount similarity=1.00.
WS/MP18007/2025-2026/137059,WS/MP18007/2025-2026/137066,1.0,1.0,1.0,0.0,1.0,High description similarity within the same state and district; work types match=True and amount similarity=1.00.
WS/MP18007/2025-2026/137062,WS/MP18007/2025-2026/137068,1.0,1.0,1.0,0.0,1.0,High description similarity within the same state and district; work types match=True and amount similarity=1.00.
WS/MP18007/2025-2026/137062,WS/MP18007/2025-2026/137071,1.0,1.0,1.0,0.0,1.0,High description similarity within the same state and district; work types match=True and amount similarity=1.00.
WS/MP18007/2025-2026/137063,WS/MP18007/2025-2026/137047,1.0,1.0,1.0,0.0,1.0,High description similarity within the same state and district; work types match=True and amount similarity=1.00.
WS/MP18006/2024-2025/141562,WS/MP18006/2024-2025/141562,1.0,1.0,1.0,0.0,1.0,High description similarity within the same state and district; work types match=True and amount similarity=1.00.
WS/MP18007/2025-2026/137047,WS/MP18007/2025-2026/137047,1.0,1.0,1.0,0.0,1.0,High description similarity within the same state and district; work types match=True and amount similarity=1.00.
WS/MP18007/2025-2026/137047,WS/MP18007/2025-2026/137066,1.0,1.0,1.0,0.0,1.0,High description similarity within the same state and district; work types match=True and amount similarity=1.00.
WS/MP18007/2025-2026/137047,WS/MP18007/2025-2026/137067,1.0,1.0,1.0,0.0,1.0,High description similarity within the same state and district; work types match=True and amount similarity=1.00.
WS/MP18007/2025-2026/137061,WS/MP18007/2025-2026/137047,1.0,1.0,1.0,0.0,1.0,High description similarity within the same state and district; work types match=True and amount similarity=1.00.
WS/MP18007/2025-2026/137061,WS/MP18007/2025-2026/137066,1.0,1.0,1.0,0.0,1.0,High description similarity within the same state and district; work types match=True and amount similarity=1.00.
WS/MP18007/2025-2026/137061,WS/MP18007/2025-2026/137067,1.0,1.0,1.0,0.0,1.0,High description similarity within the same state and district; work types match=True and amount similarity=1.00.
WS/MP18007/2025-2026/137047,WS/MP18007/2025-2026/137068,1.0,1.0,1.0,0.0,1.0,High description similarity within the same state and district; work types match=True and amount similarity=1.00.
WS/MP18007/2025-2026/137047,WS/MP18007/2025-2026/137071,1.0,1.0,1.0,0.0,1.0,High description similarity within the same state and district; work types match=True and amount similarity=1.00.
WS/MP18007/2025-2026/137056,WS/MP18007/2025-2026/137047,1.0,1.0,1.0,0.0,1.0,High description similarity within the same state and district; work types match=True and amount similarity=1.00.
WS/MP18007/2025-2026/137049,WS/MP18007/2025-2026/137047,1.0,1.0,1.0,0.0,1.0,High description similarity within the same state and district; work types match=True and amount similarity=1.00.
WS/MP18007/2025-2026/137049,WS/MP18007/2025-2026/137066,1.0,1.0,1.0,0.0,1.0,High description similarity within the same state and district; work types match=True and amount similarity=1.00.
WS/MP18007/2025-2026/137049,WS/MP18007/2025-2026/137067,1.0,1.0,1.0,0.0,1.0,High description similarity within the same state and district; work types match=True and amount similarity=1.00.
WS/MP18007/2025-2026/137056,WS/MP18007/2025-2026/137066,1.0,1.0,1.0,0.0,1.0,High description similarity within the same state and district; work types match=True and amount similarity=1.00.
WS/MP18007/2025-2026/137056,WS/MP18007/2025-2026/137067,1.0,1.0,1.0,0.0,1.0,High description similarity within the same state and district; work types match=True and amount similarity=1.00.
WS/MP18007/2025-2026/137056,WS/MP18007/2025-2026/137068,1.0,1.0,1.0,0.0,1.0,High description similarity within the same state and district; work types match=True and amount similarity=1.00.
WS/MP18007/2025-2026/137056,WS/MP18007/2025-2026/137071,1.0,1.0,1.0,0.0,1.0,High description similarity within the same state and district; work types match=True and amount similarity=1.00.
WS/MP18007/2025-2026/137057,WS/MP18007/2025-2026/137047,1.0,1.0,1.0,0.0,1.0,High description similarity within the same state and district; work types match=True and amount similarity=1.00.
WS/MP18007/2025-2026/137057,WS/MP18007/2025-2026/137066,1.0,1.0,1.0,0.0,1.0,High description similarity within the same state and district; work types match=True and amount similarity=1.00.
WS/MP18007/2025-2026/137057,WS/MP18007/2025-2026/137067,1.0,1.0,1.0,0.0,1.0,High description similarity within the same state and district; work types match=True and amount similarity=1.00.
WS/MP18007/2025-2026/137054,WS/MP18007/2025-2026/137067,1.0,1.0,1.0,0.0,1.0,High description similarity within the same state and district; work types match=True and amount similarity=1.00.
WS/MP18007/2025-2026/137069,WS/MP18007/2025-2026/137066,1.0,1.0,1.0,0.0,1.0,High description similarity within the same state and district; work types match=True and amount similarity=1.00.
WS/MP18007/2025-2026/137069,WS/MP18007/2025-2026/137067,1.0,1.0,1.0,0.0,1.0,High description similarity within the same state and district; work types match=True and amount similarity=1.00.
WS/MP18007/2025-2026/137069,WS/MP18007/2025-2026/137068,1.0,1.0,1.0,0.0,1.0,High description similarity within the same state and district; work types match=True and amount similarity=1.00.
WS/MP18007/2025-2026/137069,WS/MP18007/2025-2026/137071,1.0,1.0,1.0,0.0,1.0,High description similarity within the same state and district; work types match=True and amount similarity=1.00.
WS/MP18007/2025-2026/137065,WS/MP18007/2025-2026/137068,1.0,1.0,1.0,0.0,1.0,High description similarity within the same state and district; work types match=True and amount similarity=1.00.
WS/MP18007/2025-2026/137070,WS/MP18007/2025-2026/137066,1.0,1.0,1.0,0.0,1.0,High description similarity within the same state and district; work types match=True and amount similarity=1.00.
WS/MP18007/2025-2026/137070,WS/MP18007/2025-2026/137067,1.0,1.0,1.0,0.0,1.0,High description similarity within the same state and district; work types match=True and amount similarity=1.00.
WS/MP18007/2025-2026/137070,WS/MP18007/2025-2026/137068,1.0,1.0,1.0,0.0,1.0,High description similarity within the same state and district; work types match=True and amount similarity=1.00.
WS/MP18007/2025-2026/137053,WS/MP18007/2025-2026/137068,1.0,1.0,1.0,0.0,1.0,High description similarity within the same state and district; work types match=True and amount similarity=1.00.
WS/MP18007/2025-2026/137053,WS/MP18007/2025-2026/137071,1.0,1.0,1.0,0.0,1.0,High description similarity within the same state and district; work types match=True and amount similarity=1.00.
WS/MP18007/2025-2026/137054,WS/MP18007/2025-2026/137047,1.0,1.0,1.0,0.0,1.0,High description similarity within the same state and district; work types match=True and amount similarity=1.00.
WS/MP18007/2025-2026/137054,WS/MP18007/2025-2026/137066,1.0,1.0,1.0,0.0,1.0,High description similarity within the same state and district; work types match=True and amount similarity=1.00.
WS/MP18007/2025-2026/137051,WS/MP18007/2025-2026/137066,1.0,1.0,1.0,0.0,1.0,High description similarity within the same state and district; work types match=True and amount similarity=1.00.
WS/MP18007/2025-2026/137068,WS/MP18007/2025-2026/137068,1.0,1.0,1.0,0.0,1.0,High description similarity within the same state and district; work types match=True and amount similarity=1.00.
WS/MP18007/2025-2026/137068,WS/MP18007/2025-2026/137071,1.0,1.0,1.0,0.0,1.0,High description similarity within the same state and district; work types match=True and amount similarity=1.00.
WS/MP18007/2025-2026/137069,WS/MP18007/2025-2026/137047,1.0,1.0,1.0,0.0,1.0,High description similarity within the same state and district; work types match=True and amount similarity=1.00.
WS/MP18007/2025-2026/137052,WS/MP18007/2025-2026/137047,1.0,1.0,1.0,0.0,1.0,High description similarity within the same state and district; work types match=True and amount similarity=1.00.
WS/MP18007/2025-2026/137052,WS/MP18007/2025-2026/137066,1.0,1.0,1.0,0.0,1.0,High description similarity within the same state and district; work types match=True and amount similarity=1.00.
WS/MP18007/2025-2026/137052,WS/MP18007/2025-2026/137067,1.0,1.0,1.0,0.0,1.0,High description similarity within the same state and district; work types match=True and amount similarity=1.00.
WS/MP18007/2025-2026/137052,WS/MP18007/2025-2026/137068,1.0,1.0,1.0,0.0,1.0,High description similarity within the same state and district; work types match=True and amount similarity=1.00.
WS/MP18007/2025-2026/137062,WS/MP18007/2025-2026/137067,1.0,1.0,1.0,0.0,1.0,High description similarity within the same state and district; work types match=True and amount similarity=1.00.
WS/MP18007/2025-2026/137053,WS/MP18007/2025-2026/137047,1.0,1.0,1.0,0.0,1.0,High description similarity within the same state and district; work types match=True and amount similarity=1.00.
WS/MP18007/2025-2026/137053,WS/MP18007/2025-2026/137066,1.0,1.0,1.0,0.0,1.0,High description similarity within the same state and district; work types match=True and amount similarity=1.00.
WS/MP18007/2025-2026/137053,WS/MP18007/2025-2026/137067,1.0,1.0,1.0,0.0,1.0,High description similarity within the same state and district; work types match=True and amount similarity=1.00.
WS/MP18007/2025-2026/137063,WS/MP18007/2025-2026/137066,1.0,1.0,1.0,0.0,1.0,High description similarity within the same state and district; work types match=True and amount similarity=1.00.
WS/MP18007/2025-2026/137063,WS/MP18007/2025-2026/137067,1.0,1.0,1.0,0.0,1.0,High description similarity within the same state and district; work types match=True and amount similarity=1.00.
WS/MP18007/2025-2026/137063,WS/MP18007/2025-2026/137068,1.0,1.0,1.0,0.0,1.0,High description similarity within the same state and district; work types match=True and amount similarity=1.00.
WS/MP18007/2025-2026/137063,WS/MP18007/2025-2026/137071,1.0,1.0,1.0,0.0,1.0,High description similarity within the same state and district; work types match=True and amount similarity=1.00.
WS/MP18007/2025-2026/137060,WS/MP18007/2025-2026/137071,1.0,1.0,1.0,0.0,1.0,High description similarity within the same state and district; work types match=True and amount similarity=1.00.
WS/MP18007/2025-2026/137051,WS/MP18007/2025-2026/137067,1.0,1.0,1.0,0.0,1.0,High description similarity within the same state and district; work types match=True and amount similarity=1.00.
WS/MP18007/2025-2026/137051,WS/MP18007/2025-2026/137068,1.0,1.0,1.0,0.0,1.0,High description similarity within the same state and district; work types match=True and amount similarity=1.00.
WS/MP18007/2025-2026/137051,WS/MP18007/2025-2026/137071,1.0,1.0,1.0,0.0,1.0,High description similarity within the same state and district; work types match=True and amount similarity=1.00.
WS/MP18007/2025-2026/137076,WS/MP18007/2025-2026/137067,1.0,1.0,1.0,0.0,1.0,High description similarity within the same state and district; work types match=True and amount similarity=1.00.
WS/MP18007/2025-2026/137076,WS/MP18007/2025-2026/137068,1.0,1.0,1.0,0.0,1.0,High description similarity within the same state and district; work types match=True and amount similarity=1.00.
WS/MP18007/2025-2026/137076,WS/MP18007/2025-2026/137071,1.0,1.0,1.0,0.0,1.0,High description similarity within the same state and district; work types match=True and amount similarity=1.00.
WS/MP18007/2025-2026/137077,WS/MP18007/2025-2026/137047,1.0,1.0,1.0,0.0,1.0,High description similarity within the same state and district; work types match=True and amount similarity=1.00.
WS/MP18007/2025-2026/137074,WS/MP18007/2025-2026/137047,1.0,1.0,1.0,0.0,1.0,High description similarity within the same state and district; work types match=True and amount similarity=1.00.
WS/MP18007/2025-2026/137077,WS/MP18007/2025-2026/137067,1.0,1.0,1.0,0.0,1.0,High description similarity within the same state and district; work types match=True and amount similarity=1.00.
WS/MP18007/2025-2026/137077,WS/MP18007/2025-2026/137068,1.0,1.0,1.0,0.0,1.0,High description similarity within the same state and district; work types match=True and amount similarity=1.00.
WS/MP18007/2025-2026/137077,WS/MP18007/2025-2026/137071,1.0,1.0,1.0,0.0,1.0,High description similarity within the same state and district; work types match=True and amount similarity=1.00.
WS/MP18007/2025-2026/137060,WS/MP18007/2025-2026/137047,1.0,1.0,1.0,0.0,1.0,High description similarity within the same state and district; work types match=True and amount similarity=1.00.
WS/MP18007/2025-2026/137060,WS/MP18007/2025-2026/137066,1.0,1.0,1.0,0.0,1.0,High description similarity within the same state and district; work types match=True and amount similarity=1.00.
WS/MP18007/2025-2026/137060,WS/MP18007/2025-2026/137067,1.0,1.0,1.0,0.0,1.0,High description similarity within the same state and district; work types match=True and amount similarity=1.00.
WS/MP18007/2025-2026/137060,WS/MP18007/2025-2026/137068,1.0,1.0,1.0,0.0,1.0,High description similarity within the same state and district; work types match=True and amount similarity=1.00.
WS/MP18007/2025-2026/137057,WS/MP18007/2025-2026/137068,1.0,1.0,1.0,0.0,1.0,High description similarity within the same state and district; work types match=True and amount similarity=1.00.
WS/MP18007/2025-2026/137075,WS/MP18007/2025-2026/137071,1.0,1.0,1.0,0.0,1.0,High description similarity within the same state and district; work types match=True and amount similarity=1.00.
WS/MP18007/2025-2026/137076,WS/MP18007/2025-2026/137047,1.0,1.0,1.0,0.0,1.0,High description similarity within the same state and district; work types match=True and amount similarity=1.00.
WS/MP18007/2025-2026/137076,WS/MP18007/2025-2026/137066,1.0,1.0,1.0,0.0,1.0,High description similarity within the same state and district; work types match=True and amount similarity=1.00.
WS/MP18007/2025-2026/137058,WS/MP18007/2025-2026/137067,1.0,1.0,1.0,0.0,1.0,High description similarity within the same state and district; work types match=True and amount similarity=1.00.
WS/MP18007/2025-2026/137058,WS/MP18007/2025-2026/137068,1.0,1.0,1.0,0.0,1.0,High description similarity within the same state and district; work types match=True and amount similarity=1.00.
WS/MP18007/2025-2026/137058,WS/MP18007/2025-2026/137071,1.0,1.0,1.0,0.0,1.0,High description similarity within the same state and district; work types match=True and amount similarity=1.00.
WS/MP18007/2025-2026/137059,WS/MP18007/2025-2026/137047,1.0,1.0,1.0,0.0,1.0,High description similarity within the same state and district; work types match=True and amount similarity=1.00.
WS/MP18007/2025-2026/137070,WS/MP18007/2025-2026/137047,1.0,1.0,1.0,0.0,1.0,High description similarity within the same state and district; work types match=True and amount similarity=1.00.
WS/MP18007/2025-2026/137059,WS/MP18007/2025-2026/137067,1.0,1.0,1.0,0.0,1.0,High description similarity within the same state and district; work types match=True and amount similarity=1.00.
WS/MP18007/2025-2026/137059,WS/MP18007/2025-2026/137068,1.0,1.0,1.0,0.0,1.0,High description similarity within the same state and district; work types match=True and amount similarity=1.00.
WS/MP18007/2025-2026/137059,WS/MP18007/2025-2026/137071,1.0,1.0,1.0,0.0,1.0,High description similarity within the same state and district; work types match=True and amount similarity=1.00.
WS/MP18007/2025-2026/137070,WS/MP18007/2025-2026/137071,1.0,1.0,1.0,0.0,1.0,High description similarity within the same state and district; work types match=True and amount similarity=1.00.
WS/MP18007/2025-2026/137071,WS/MP18007/2025-2026/137071,1.0,1.0,1.0,0.0,1.0,High description similarity within the same state and district; work types match=True and amount similarity=1.00.
WS/MP18007/2025-2026/137072,WS/MP18007/2025-2026/137047,1.0,1.0,1.0,0.0,1.0,High description similarity within the same state and district; work types match=True and amount similarity=1.00.
WS/MP18007/2025-2026/137072,WS/MP18007/2025-2026/137066,1.0,1.0,1.0,0.0,1.0,High description similarity within the same state and district; work types match=True and amount similarity=1.00.
WS/MP18007/2025-2026/137067,WS/MP18007/2025-2026/137071,1.0,1.0,1.0,0.0,1.0,High description similarity within the same state and district; work types match=True and amount similarity=1.00.
WS/MP18007/2025-2026/137057,WS/MP18007/2025-2026/137071,1.0,1.0,1.0,0.0,1.0,High description similarity within the same state and district; work types match=True and amount similarity=1.00.
WS/MP18007/2025-2026/137058,WS/MP18007/2025-2026/137047,1.0,1.0,1.0,0.0,1.0,High description similarity within the same state and district; work types match=True and amount similarity=1.00.
WS/MP18007/2025-2026/137058,WS/MP18007/2025-2026/137066,1.0,1.0,1.0,0.0,1.0,High description similarity within the same state and district; work types match=True and amount similarity=1.00.
WS/MP18007/2025-2026/137082,WS/MP18007/2025-2026/137071,1.0,1.0,1.0,0.0,1.0,High description similarity within the same state and district; work types match=True and amount similarity=1.00.
WS/MP18007/2025-2026/137083,WS/MP18007/2025-2026/137047,1.0,1.0,1.0,0.0,1.0,High description similarity within the same state and district; work types match=True and amount similarity=1.00.
WS/MP18007/2025-2026/137083,WS/MP18007/2025-2026/137066,1.0,1.0,1.0,0.0,1.0,High description similarity within the same state and district; work types match=True and amount similarity=1.00.
WS/MP18007/2025-2026/137083,WS/MP18007/2025-2026/137067,1.0,1.0,1.0,0.0,1.0,High description similarity within the same state and district; work types match=True and amount similarity=1.00.
WS/MP18007/2025-2026/137080,WS/MP18007/2025-2026/137067,1.0,1.0,1.0,0.0,1.0,High description similarity within the same state and district; work types match=True and amount similarity=1.00.
WS/MP18007/2025-2026/137083,WS/MP18007/2025-2026/137071,1.0,1.0,1.0,0.0,1.0,High description similarity within the same state and district; work types match=True and amount similarity=1.00.
WS/MP18007/2025-2026/137084,WS/MP18007/2025-2026/137047,1.0,1.0,1.0,0.0,1.0,High description similarity within the same state and district; work types match=True and amount similarity=1.00.
WS/MP18007/2025-2026/137084,WS/MP18007/2025-2026/137066,1.0,1.0,1.0,0.0,1.0,High description similarity within the same state and district; work types match=True and amount similarity=1.00.
WS/MP18007/2025-2026/137066,WS/MP18007/2025-2026/137068,1.0,1.0,1.0,0.0,1.0,High description similarity within the same state and district; work types match=True and amount similarity=1.00.
WS/MP18007/2025-2026/137066,WS/MP18007/2025-2026/137071,1.0,1.0,1.0,0.0,1.0,High description similarity within the same state and district; work types match=True and amount similarity=1.00.
WS/MP18007/2025-2026/137067,WS/MP18007/2025-2026/137067,1.0,1.0,1.0,0.0,1.0,High description similarity within the same state and district; work types match=True and amount similarity=1.00.
WS/MP18007/2025-2026/137067,WS/MP18007/2025-2026/137068,1.0,1.0,1.0,0.0,1.0,High description similarity within the same state and district; work types match=True and amount similarity=1.00.
WS/MP18007/2025-2026/137064,WS/MP18007/2025-2026/137047,1.0,1.0,1.0,0.0,1.0,High description similarity within the same state and district; work types match=True and amount similarity=1.00.
WS/MP18007/2025-2026/137082,WS/MP18007/2025-2026/137066,1.0,1.0,1.0,0.0,1.0,High description similarity within the same state and district; work types match=True and amount similarity=1.00.
WS/MP18007/2025-2026/137082,WS/MP18007/2025-2026/137067,1.0,1.0,1.0,0.0,1.0,High description similarity within the same state and district; work types match=True and amount similarity=1.00.
WS/MP18007/2025-2026/137082,WS/MP18007/2025-2026/137068,1.0,1.0,1.0,0.0,1.0,High description similarity within the same state and district; work types match=True and amount similarity=1.00.
WS/MP18007/2025-2026/137064,WS/MP18007/2025-2026/137071,1.0,1.0,1.0,0.0,1.0,High description similarity within the same state and district; work types match=True and amount similarity=1.00.
WS/MP18007/2025-2026/137065,WS/MP18007/2025-2026/137047,1.0,1.0,1.0,0.0,1.0,High description similarity within the same state and district; work types match=True and amount similarity=1.00.
WS/MP18007/2025-2026/137065,WS/MP18007/2025-2026/137066,1.0,1.0,1.0,0.0,1.0,High description similarity within the same state and district; work types match=True and amount similarity=1.00.
WS/MP18007/2025-2026/137065,WS/MP18007/2025-2026/137067,1.0,1.0,1.0,0.0,1.0,High description similarity within the same state and district; work types match=True and amount similarity=1.00.
WS/MP18007/2025-2026/137077,WS/MP18007/2025-2026/137066,1.0,1.0,1.0,0.0,1.0,High description similarity within the same state and district; work types match=True and amount similarity=1.00.
WS/MP18007/2025-2026/137065,WS/MP18007/2025-2026/137071,1.0,1.0,1.0,0.0,1.0,High description similarity within the same state and district; work types match=True and amount similarity=1.00.
WS/MP18007/2025-2026/137066,WS/MP18007/2025-2026/137066,1.0,1.0,1.0,0.0,1.0,High description similarity within the same state and district; work types match=True and amount similarity=1.00.
WS/MP18007/2025-2026/137066,WS/MP18007/2025-2026/137067,1.0,1.0,1.0,0.0,1.0,High description similarity within the same state and district; work types match=True and amount similarity=1.00.
WS/MP18007/2025-2026/137078,WS/MP18007/2025-2026/137047,1.0,1.0,1.0,0.0,1.0,High description similarity within the same state and district; work types match=True and amount similarity=1.00.
WS/MP18007/2025-2026/137078,WS/MP18007/2025-2026/137066,1.0,1.0,1.0,0.0,1.0,High description similarity within the same state and district; work types match=True and amount similarity=1.00.
WS/MP18007/2025-2026/137078,WS/MP18007/2025-2026/137067,1.0,1.0,1.0,0.0,1.0,High description similarity within the same state and district; work types match=True and amount similarity=1.00.
WS/MP18007/2025-2026/137078,WS/MP18007/2025-2026/137068,1.0,1.0,1.0,0.0,1.0,High description similarity within the same state and district; work types match=True and amount similarity=1.00.
WS/MP18007/2025-2026/137075,WS/MP18007/2025-2026/137068,1.0,1.0,1.0,0.0,1.0,High description similarity within the same state and district; work types match=True and amount similarity=1.00.
WS/MP18007/2025-2026/137064,WS/MP18007/2025-2026/137066,1.0,1.0,1.0,0.0,1.0,High description similarity within the same state and district; work types match=True and amount similarity=1.00.
WS/MP18007/2025-2026/137064,WS/MP18007/2025-2026/137067,1.0,1.0,1.0,0.0,1.0,High description similarity within the same state and district; work types match=True and amount similarity=1.00.
WS/MP18007/2025-2026/137064,WS/MP18007/2025-2026/137068,1.0,1.0,1.0,0.0,1.0,High description similarity within the same state and district; work types match=True and amount similarity=1.00.
WS/MP18007/2025-2026/137089,WS/MP18007/2025-2026/137066,1.0,1.0,1.0,0.0,1.0,High description similarity within the same state and district; work types match=True and amount similarity=1.00.
WS/MP18007/2025-2026/137089,WS/MP18007/2025-2026/137067,1.0,1.0,1.0,0.0,1.0,High description similarity within the same state and district; work types match=True and amount similarity=1.00.
WS/MP18007/2025-2026/137089,WS/MP18007/2025-2026/137068,1.0,1.0,1.0,0.0,1.0,High description similarity within the same state and district; work types match=True and amount similarity=1.00.
WS/MP18007/2025-2026/137089,WS/MP18007/2025-2026/137071,1.0,1.0,1.0,0.0,1.0,High description similarity within the same state and district; work types match=True and amount similarity=1.00.
WS/MP18007/2025-2026/137086,WS/MP18007/2025-2026/137071,1.0,1.0,1.0,0.0,1.0,High description similarity within the same state and district; work types match=True and amount similarity=1.00.
WS/MP18007/2025-2026/137090,WS/MP18007/2025-2026/137066,1.0,1.0,1.0,0.0,1.0,High description similarity within the same state and district; work types match=True and amount similarity=1.00.
WS/MP18007/2025-2026/137090,WS/MP18007/2025-2026/137067,1.0,1.0,1.0,0.0,1.0,High description similarity within the same state and district; work types match=True and amount similarity=1.00.
WS/MP18007/2025-2026/137090,WS/MP18007/2025-2026/137068,1.0,1.0,1.0,0.0,1.0,High description similarity within the same state and district; work types match=True and amount similarity=1.00.
WS/MP18007/2025-2026/137074,WS/MP18007/2025-2026/137071,1.0,1.0,1.0,0.0,1.0,High description similarity within the same state and district; work types match=True and amount similarity=1.00.
WS/MP18007/2025-2026/137075,WS/MP18007/2025-2026/137047,1.0,1.0,1.0,0.0,1.0,High description similarity within the same state and district; work types match=True and amount similarity=1.00.
WS/MP18007/2025-2026/137075,WS/MP18007/2025-2026/137066,1.0,1.0,1.0,0.0,1.0,High description similarity within the same state and district; work types match=True and amount similarity=1.00.
WS/MP18007/2025-2026/137075,WS/MP18007/2025-2026/137067,1.0,1.0,1.0,0.0,1.0,High description similarity within the same state and district; work types match=True and amount similarity=1.00.
WS/MP18007/2025-2026/137072,WS/MP18007/2025-2026/137067,1.0,1.0,1.0,0.0,1.0,High description similarity within the same state and district; work types match=True and amount similarity=1.00.
WS/MP18007/2025-2026/137088,WS/MP18007/2025-2026/137068,1.0,1.0,1.0,0.0,1.0,High description similarity within the same state and district; work types match=True and amount similarity=1.00.
WS/MP18007/2025-2026/137088,WS/MP18007/2025-2026/137071,1.0,1.0,1.0,0.0,1.0,High description similarity within the same state and district; work types match=True and amount similarity=1.00.
WS/MP18007/2025-2026/137089,WS/MP18007/2025-2026/137047,1.0,1.0,1.0,0.0,1.0,High description similarity within the same state and district; work types match=True and amount similarity=1.00.
WS/MP18007/2025-2026/137073,WS/MP18007/2025-2026/137066,1.0,1.0,1.0,0.0,1.0,High description similarity within the same state and district; work types match=True and amount similarity=1.00.
WS/MP18007/2025-2026/137073,WS/MP18007/2025-2026/137067,1.0,1.0,1.0,0.0,1.0,High description similarity within the same state and district; work types match=True and amount similarity=1.00.
WS/MP18007/2025-2026/137073,WS/MP18007/2025-2026/137068,1.0,1.0,1.0,0.0,1.0,High description similarity within the same state and district; work types match=True and amount similarity=1.00.
WS/MP18007/2025-2026/137073,WS/MP18007/2025-2026/137071,1.0,1.0,1.0,0.0,1.0,High description similarity within the same state and district; work types match=True and amount similarity=1.00.
WS/MP18007/2025-2026/137083,WS/MP18007/2025-2026/137068,1.0,1.0,1.0,0.0,1.0,High description similarity within the same state and district; work types match=True and amount similarity=1.00.
WS/MP18007/2025-2026/137074,WS/MP18007/2025-2026/137066,1.0,1.0,1.0,0.0,1.0,High description similarity within the same state and district; work types match=True and amount similarity=1.00.
WS/MP18007/2025-2026/137074,WS/MP18007/2025-2026/137067,1.0,1.0,1.0,0.0,1.0,High description similarity within the same state and district; work types match=True and amount similarity=1.00.
WS/MP18007/2025-2026/137074,WS/MP18007/2025-2026/137068,1.0,1.0,1.0,0.0,1.0,High description similarity within the same state and district; work types match=True and amount similarity=1.00.
WS/MP18007/2025-2026/137084,WS/MP18007/2025-2026/137067,1.0,1.0,1.0,0.0,1.0,High description similarity within the same state and district; work types match=True and amount similarity=1.00.
WS/MP18007/2025-2026/137084,WS/MP18007/2025-2026/137068,1.0,1.0,1.0,0.0,1.0,High description similarity within the same state and district; work types match=True and amount similarity=1.00.
WS/MP18007/2025-2026/137084,WS/MP18007/2025-2026/137071,1.0,1.0,1.0,0.0,1.0,High description similarity within the same state and district; work types match=True and amount similarity=1.00.
WS/MP18007/2025-2026/137085,WS/MP18007/2025-2026/137047,1.0,1.0,1.0,0.0,1.0,High description similarity within the same state and district; work types match=True and amount similarity=1.00.
WS/MP18007/2025-2026/137082,WS/MP18007/2025-2026/137047,1.0,1.0,1.0,0.0,1.0,High description similarity within the same state and district; work types match=True and amount similarity=1.00.
WS/MP18007/2025-2026/137072,WS/MP18007/2025-2026/137068,1.0,1.0,1.0,0.0,1.0,High description similarity within the same state and district; work types match=True and amount similarity=1.00.
WS/MP18007/2025-2026/137072,WS/MP18007/2025-2026/137071,1.0,1.0,1.0,0.0,1.0,High description similarity within the same state and district; work types match=True and amount similarity=1.00.
WS/MP18007/2025-2026/137073,WS/MP18007/2025-2026/137047,1.0,1.0,1.0,0.0,1.0,High description similarity within the same state and district; work types match=True and amount similarity=1.00.
WS/MP18007/2025-2026/137093,WS/MP18007/2025-2026/137067,1.0,1.0,1.0,0.0,1.0,High description similarity within the same state and district; work types match=True and amount similarity=1.00.
WS/MP18007/2025-2026/137093,WS/MP18007/2025-2026/137068,1.0,1.0,1.0,0.0,1.0,High description similarity within the same state and district; work types match=True and amount similarity=1.00.
WS/MP18007/2025-2026/137093,WS/MP18007/2025-2026/137071,1.0,1.0,1.0,0.0,1.0,High description similarity within the same state and district; work types match=True and amount similarity=1.00.
WS/MP18019/2024-2025/137597,WS/MP18019/2024-2025/137597,1.0,1.0,1.0,0.0,1.0,High description similarity within the same state and district; work types match=True and amount similarity=1.00.
WS/MP18007/2025-2026/137094,WS/MP18007/2025-2026/137071,1.0,1.0,1.0,0.0,1.0,High description similarity within the same state and district; work types match=True and amount similarity=1.00.
WS/MP18007/2025-2026/137095,WS/MP18007/2025-2026/137047,1.0,1.0,1.0,0.0,1.0,High description similarity within the same state and district; work types match=True and amount similarity=1.00.
WS/MP18007/2025-2026/137095,WS/MP18007/2025-2026/137066,1.0,1.0,1.0,0.0,1.0,High description similarity within the same state and district; work types match=True and amount similarity=1.00.
WS/MP18007/2025-2026/137095,WS/MP18007/2025-2026/137067,1.0,1.0,1.0,0.0,1.0,High description similarity within the same state and district; work types match=True and amount similarity=1.00.
WS/MP18007/2025-2026/137081,WS/MP18007/2025-2026/137066,1.0,1.0,1.0,0.0,1.0,High description similarity within the same state and district; work types match=True and amount similarity=1.00.
WS/MP18007/2025-2026/137081,WS/MP18007/2025-2026/137067,1.0,1.0,1.0,0.0,1.0,High description similarity within the same state and district; work types match=True and amount similarity=1.00.
WS/MP18007/2025-2026/137081,WS/MP18007/2025-2026/137068,1.0,1.0,1.0,0.0,1.0,High description similarity within the same state and district; work types match=True and amount similarity=1.00.
WS/MP18007/2025-2026/137081,WS/MP18007/2025-2026/137071,1.0,1.0,1.0,0.0,1.0,High description similarity within the same state and district; work types match=True and amount similarity=1.00.
WS/MP18007/2025-2026/137078,WS/MP18007/2025-2026/137071,1.0,1.0,1.0,0.0,1.0,High description similarity within the same state and district; work types match=True and amount similarity=1.00.
WS/MP18007/2025-2026/137095,WS/MP18007/2025-2026/137068,1.0,1.0,1.0,0.0,1.0,High description similarity within the same state and district; work types match=True and amount similarity=1.00.
WS/MP18007/2025-2026/137095,WS/MP18007/2025-2026/137071,1.0,1.0,1.0,0.0,1.0,High description similarity within the same state and district; work types match=True and amount similarity=1.00.
WS/MP18007/2025-2026/137093,WS/MP18007/2025-2026/137066,1.0,1.0,1.0,0.0,1.0,High description similarity within the same state and district; work types match=True and amount similarity=1.00.
WS/MP18007/2025-2026/137079,WS/MP18007/2025-2026/137068,1.0,1.0,1.0,0.0,1.0,High description similarity within the same state and district; work types match=True and amount similarity=1.00.
WS/MP18007/2025-2026/137079,WS/MP18007/2025-2026/137071,1.0,1.0,1.0,0.0,1.0,High description similarity within the same state and district; work types match=True and amount similarity=1.00.
WS/MP18007/2025-2026/137080,WS/MP18007/2025-2026/137047,1.0,1.0,1.0,0.0,1.0,High description similarity within the same state and district; work types match=True and amount similarity=1.00.
WS/MP18007/2025-2026/137080,WS/MP18007/2025-2026/137066,1.0,1.0,1.0,0.0,1.0,High description similarity within the same state and district; work types match=True and amount similarity=1.00.
WS/MP18007/2025-2026/137090,WS/MP18007/2025-2026/137047,1.0,1.0,1.0,0.0,1.0,High description similarity within the same state and district; work types match=True and amount similarity=1.00.
WS/MP18007/2025-2026/137080,WS/MP18007/2025-2026/137068,1.0,1.0,1.0,0.0,1.0,High description similarity within the same state and district; work types match=True and amount similarity=1.00.
WS/MP18007/2025-2026/137080,WS/MP18007/2025-2026/137071,1.0,1.0,1.0,0.0,1.0,High description similarity within the same state and district; work types match=True and amount similarity=1.00.
WS/MP18007/2025-2026/137081,WS/MP18007/2025-2026/137047,1.0,1.0,1.0,0.0,1.0,High description similarity within the same state and district; work types match=True and amount similarity=1.00.
WS/MP18007/2025-2026/137090,WS/MP18007/2025-2026/137071,1.0,1.0,1.0,0.0,1.0,High description similarity within the same state and district; work types match=True and amount similarity=1.00.
WS/MP18007/2025-2026/137091,WS/MP18007/2025-2026/137047,1.0,1.0,1.0,0.0,1.0,High description similarity within the same state and district; work types match=True and amount similarity=1.00.
WS/MP18007/2025-2026/137091,WS/MP18007/2025-2026/137066,1.0,1.0,1.0,0.0,1.0,High description similarity within the same state and district; work types match=True and amount similarity=1.00.
WS/MP18007/2025-2026/137091,WS/MP18007/2025-2026/137067,1.0,1.0,1.0,0.0,1.0,High description similarity within the same state and district; work types match=True and amount similarity=1.00.
WS/MP18007/2025-2026/137088,WS/MP18007/2025-2026/137067,1.0,1.0,1.0,0.0,1.0,High description similarity within the same state and district; work types match=True and amount similarity=1.00.
WS/MP18007/2025-2026/137079,WS/MP18007/2025-2026/137047,1.0,1.0,1.0,0.0,1.0,High description similarity within the same state and district; work types match=True and amount similarity=1.00.
WS/MP18007/2025-2026/137079,WS/MP18007/2025-2026/137066,1.0,1.0,1.0,0.0,1.0,High description similarity within the same state and district; work types match=True and amount similarity=1.00.
WS/MP18007/2025-2026/137079,WS/MP18007/2025-2026/137067,1.0,1.0,1.0,0.0,1.0,High description similarity within the same state and district; work types match=True and amount similarity=1.00.
WS/MP716/2024-2025/141811,WS/MP716/2024-2025/141811,1.0,1.0,1.0,0.0,1.0,High description similarity within the same state and district; work types match=True and amount similarity=1.00.
WS/MP716/2024-2025/141812,WS/MP716/2024-2025/141813,1.0,1.0,1.0,0.0,1.0,High description similarity within the same state and district; work types match=True and amount similarity=1.00.
WS/MP716/2024-2025/141812,WS/MP716/2024-2025/141812,1.0,1.0,1.0,0.0,1.0,High description similarity within the same state and district; work types match=True and amount similarity=1.00.
WS/MP716/2024-2025/141808,WS/MP716/2024-2025/141812,1.0,1.0,1.0,0.0,1.0,High description similarity within the same state and district; work types match=True and amount similarity=1.00.
WS/MP716/2024-2025/141808,WS/MP716/2024-2025/141811,1.0,1.0,1.0,0.0,1.0,High description similarity within the same state and district; work types match=True and amount similarity=1.00.
WS/MP716/2024-2025/141809,WS/MP716/2024-2025/141813,1.0,1.0,1.0,0.0,1.0,High description similarity within the same state and district; work types match=True and amount similarity=1.00.
WS/MP716/2024-2025/141809,WS/MP716/2024-2025/141809,1.0,1.0,1.0,0.0,1.0,High description similarity within the same state and district; work types match=True and amount similarity=1.00.
WS/MP743/2024-2025/143068,WS/MP743/2024-2025/143068,1.0,1.0,1.0,0.0,1.0,High description similarity within the same state and district; work types match=True and amount similarity=1.00.
WS/MP716/2024-2025/141809,WS/MP716/2024-2025/141811,1.0,1.0,1.0,0.0,1.0,High description similarity within the same state and district; work types match=True and amount similarity=1.00.
WS/MP716/2024-2025/141810,WS/MP716/2024-2025/141813,1.0,1.0,1.0,0.0,1.0,High description similarity within the same state and district; work types match=True and amount similarity=1.00.
WS/MP716/2024-2025/141810,WS/MP716/2024-2025/141808,1.0,1.0,1.0,0.0,1.0,High description similarity within the same state and district; work types match=True and amount similarity=1.00.
WS/MP743/2024-2025/143066,WS/MP743/2024-2025/143117,1.0,1.0,1.0,0.0,1.0,High description similarity within the same state and district; work types match=True and amount similarity=1.00.
WS/MP743/2024-2025/143066,WS/MP743/2024-2025/143116,1.0,1.0,1.0,0.0,1.0,High description similarity within the same state and district; work types match=True and amount similarity=1.00.
WS/MP18007/2025-2026/137087,WS/MP18007/2025-2026/137066,1.0,1.0,1.0,0.0,1.0,High description similarity within the same state and district; work types match=True and amount similarity=1.00.
WS/MP18007/2025-2026/137087,WS/MP18007/2025-2026/137067,1.0,1.0,1.0,0.0,1.0,High description similarity within the same state and district; work types match=True and amount similarity=1.00.
WS/MP18007/2025-2026/137087,WS/MP18007/2025-2026/137068,1.0,1.0,1.0,0.0,1.0,High description similarity within the same state and district; work types match=True and amount similarity=1.00.
WS/MP18007/2025-2026/137087,WS/MP18007/2025-2026/137071,1.0,1.0,1.0,0.0,1.0,High description similarity within the same state and district; work types match=True and amount similarity=1.00.
WS/MP18007/2025-2026/137088,WS/MP18007/2025-2026/137047,1.0,1.0,1.0,0.0,1.0,High description similarity within the same state and district; work types match=True and amount similarity=1.00.
WS/MP18007/2025-2026/137088,WS/MP18007/2025-2026/137066,1.0,1.0,1.0,0.0,1.0,High description similarity within the same state and district; work types match=True and amount similarity=1.00.
WS/MP18007/2025-2026/137085,WS/MP18007/2025-2026/137066,1.0,1.0,1.0,0.0,1.0,High description similarity within the same state and district; work types match=True and amount similarity=1.00.
WS/MP18007/2025-2026/137085,WS/MP18007/2025-2026/137067,1.0,1.0,1.0,0.0,1.0,High description similarity within the same state and district; work types match=True and amount similarity=1.00.
WS/MP18007/2025-2026/137085,WS/MP18007/2025-2026/137068,1.0,1.0,1.0,0.0,1.0,High description similarity within the same state and district; work types match=True and amount similarity=1.00.
WS/MP18007/2025-2026/137085,WS/MP18007/2025-2026/137071,1.0,1.0,1.0,0.0,1.0,High description similarity within the same state and district; work types match=True and amount similarity=1.00.
WS/MP18007/2025-2026/137086,WS/MP18007/2025-2026/137047,1.0,1.0,1.0,0.0,1.0,High description similarity within the same state and district; work types match=True and amount similarity=1.00.
WS/MP18007/2025-2026/137086,WS/MP18007/2025-2026/137066,1.0,1.0,1.0,0.0,1.0,High description similarity within the same state and district; work types match=True and amount similarity=1.00.
WS/MP18007/2025-2026/137086,WS/MP18007/2025-2026/137067,1.0,1.0,1.0,0.0,1.0,High description similarity within the same state and district; work types match=True and amount similarity=1.00.
WS/MP18007/2025-2026/137086,WS/MP18007/2025-2026/137068,1.0,1.0,1.0,0.0,1.0,High description similarity within the same state and district; work types match=True and amount similarity=1.00.
WS/MP18007/2025-2026/137087,WS/MP18007/2025-2026/137047,1.0,1.0,1.0,0.0,1.0,High description similarity within the same state and district; work types match=True and amount similarity=1.00.
WS/MP18007/2025-2026/137092,WS/MP18007/2025-2026/137047,1.0,1.0,1.0,0.0,1.0,High description similarity within the same state and district; work types match=True and amount similarity=1.00.
WS/MP18007/2025-2026/137092,WS/MP18007/2025-2026/137066,1.0,1.0,1.0,0.0,1.0,High description similarity within the same state and district; work types match=True and amount similarity=1.00.
WS/MP18031/2024-2025/143512,WS/MP18031/2024-2025/143514,1.0,1.0,1.0,0.0,1.0,High description similarity within the same state and district; work types match=True and amount similarity=1.00.
WS/MP18021/2025-2026/143227,WS/MP18021/2026-2027/143229,1.0,1.0,1.0,0.0,1.0,High description similarity within the same state and district; work types match=True and amount similarity=1.00.
WS/MP18021/2026-2027/143229,WS/MP18021/2026-2027/143229,1.0,1.0,1.0,0.0,1.0,High description similarity within the same state and district; work types match=True and amount similarity=1.00.
WS/MP18007/2025-2026/137094,WS/MP18007/2025-2026/137047,1.0,1.0,1.0,0.0,1.0,High description similarity within the same state and district; work types match=True and amount similarity=1.00.
WS/MP18007/2025-2026/137094,WS/MP18007/2025-2026/137066,1.0,1.0,1.0,0.0,1.0,High description similarity within the same state and district; work types match=True and amount similarity=1.00.
WS/MP18007/2025-2026/137094,WS/MP18007/2025-2026/137067,1.0,1.0,1.0,0.0,1.0,High description similarity within the same state and district; work types match=True and amount similarity=1.00.
WS/MP18007/2025-2026/137094,WS/MP18007/2025-2026/137068,1.0,1.0,1.0,0.0,1.0,High description similarity within the same state and district; work types match=True and amount similarity=1.00.
WS/MP18007/2025-2026/137091,WS/MP18007/2025-2026/137068,1.0,1.0,1.0,0.0,1.0,High description similarity within the same state and district; work types match=True and amount similarity=1.00.
WS/MP18007/2025-2026/137091,WS/MP18007/2025-2026/137071,1.0,1.0,1.0,0.0,1.0,High description similarity within the same state and district; work types match=True and amount similarity=1.00.
WS/MP18019/2024-2025/137602,WS/MP18019/2024-2025/137602,1.0,1.0,1.0,0.0,1.0,High description similarity within the same state and district; work types match=True and amount similarity=1.00.
WS/MP18019/2024-2025/137602,WS/MP18019/2024-2025/137606,1.0,1.0,1.0,0.0,1.0,High description similarity within the same state and district; work types match=True and amount similarity=1.00.
WS/MP18019/2024-2025/137606,WS/MP18019/2024-2025/137606,1.0,1.0,1.0,0.0,1.0,High description similarity within the same state and district; work types match=True and amount similarity=1.00.
WS/MP18007/2025-2026/137092,WS/MP18007/2025-2026/137067,1.0,1.0,1.0,0.0,1.0,High description similarity within the same state and district; work types match=True and amount similarity=1.00.
WS/MP18007/2025-2026/137092,WS/MP18007/2025-2026/137068,1.0,1.0,1.0,0.0,1.0,High description similarity within the same state and district; work types match=True and amount similarity=1.00.
WS/MP18007/2025-2026/137092,WS/MP18007/2025-2026/137071,1.0,1.0,1.0,0.0,1.0,High description similarity within the same state and district; work types match=True and amount similarity=1.00.
WS/MP18007/2025-2026/137093,WS/MP18007/2025-2026/137047,1.0,1.0,1.0,0.0,1.0,High description similarity within the same state and district; work types match=True and amount similarity=1.00.
WS/MP18021/2025-2026/143227,WS/MP18021/2025-2026/143227,1.0,1.0,1.0,0.0,1.0,High description similarity within the same state and district; work types match=True and amount similarity=1.00.
WS/MP716/2024-2025/141809,WS/MP716/2024-2025/141812,1.0,1.0,1.0,0.0,1.0,High description similarity within the same state and district; work types match=True and amount similarity=1.00.
WS/MP716/2024-2025/141822,WS/MP716/2024-2025/141822,1.0,1.0,1.0,0.0,1.0,High description similarity within the same state and district; work types match=True and amount similarity=1.00.
WS/MP716/2024-2025/142661,WS/MP716/2024-2025/142661,1.0,1.0,1.0,0.0,1.0,High description similarity within the same state and district; work types match=True and amount similarity=1.00.
WS/MP716/2024-2025/141810,WS/MP716/2024-2025/141809,1.0,1.0,1.0,0.0,1.0,High description similarity within the same state and district; work types match=True and amount similarity=1.00.
WS/MP716/2024-2025/141810,WS/MP716/2024-2025/141812,1.0,1.0,1.0,0.0,1.0,High description similarity within the same state and district; work types match=True and amount similarity=1.00.
WS/MP716/2024-2025/141810,WS/MP716/2024-2025/141811,1.0,1.0,1.0,0.0,1.0,High description similarity within the same state and district; work types match=True and amount similarity=1.00.
WS/MP716/2024-2025/141811,WS/MP716/2024-2025/141813,1.0,1.0,1.0,0.0,1.0,High description similarity within the same state and district; work types match=True and amount similarity=1.00.
WS/MP716/2024-2025/141811,WS/MP716/2024-2025/141812,1.0,1.0,1.0,0.0,1.0,High description similarity within the same state and district; work types match=True and amount similarity=1.00.
WS/MP18221/2025-2026/140816,WS/MP18221/2025-2026/140922,1.0,1.0,1.0,0.0,1.0,High description similarity within the same state and district; work types match=True and amount similarity=1.00.
WS/MP18221/2025-2026/140817,WS/MP18221/2025-2026/140937,1.0,1.0,1.0,0.0,1.0,High description similarity within the same state and district; work types match=True and amount similarity=1.00.
WS/MP18221/2025-2026/140817,WS/MP18221/2025-2026/140959,1.0,1.0,1.0,0.0,1.0,High description similarity within the same state and district; work types match=True and amount similarity=1.00.
WS/MP18221/2025-2026/140817,WS/MP18221/2025-2026/140938,1.0,1.0,1.0,0.0,1.0,High description similarity within the same state and district; work types match=True and amount similarity=1.00.
WS/MP18221/2025-2026/140817,WS/MP18221/2025-2026/140922,1.0,1.0,1.0,0.0,1.0,High description similarity within the same state and district; work types match=True and amount similarity=1.00.
WS/MP18221/2025-2026/140818,WS/MP18221/2025-2026/140937,1.0,1.0,1.0,0.0,1.0,High description similarity within the same state and district; work types match=True and amount similarity=1.00.
WS/MP18221/2025-2026/140818,WS/MP18221/2025-2026/140959,1.0,1.0,1.0,0.0,1.0,High description similarity within the same state and district; work types match=True and amount similarity=1.00.
WS/MP18221/2025-2026/140829,WS/MP18221/2025-2026/140939,1.0,1.0,1.0,0.0,1.0,High description similarity within the same state and district; work types match=True and amount similarity=1.00.
WS/MP18221/2025-2026/140816,WS/MP18221/2025-2026/140938,1.0,1.0,1.0,0.0,1.0,High description similarity within the same state and district; work types match=True and amount similarity=1.00.
WS/MP18221/2025-2026/140827,WS/MP18221/2025-2026/140939,1.0,1.0,1.0,0.0,1.0,High description similarity within the same state and district; work types match=True and amount similarity=1.00.
WS/MP18221/2025-2026/140828,WS/MP18221/2025-2026/140939,1.0,1.0,1.0,0.0,1.0,High description similarity within the same state and district; work types match=True and amount similarity=1.00.
WS/MP18221/2025-2026/140826,WS/MP18221/2025-2026/140939,1.0,1.0,1.0,0.0,1.0,High description similarity within the same state and district; work types match=True and amount similarity=1.00.
WS/MP681/2025-2026/144068,WS/MP681/2025-2026/144068,1.0,1.0,1.0,0.0,1.0,High description similarity within the same state and district; work types match=True and amount similarity=1.00.
WS/MP18031/2024-2025/143528,WS/MP18031/2024-2025/143528,1.0,1.0,1.0,0.0,1.0,High description similarity within the same state and district; work types match=True and amount similarity=1.00.
WS/MP18031/2024-2025/143528,WS/MP18031/2024-2025/143530,1.0,1.0,1.0,0.0,1.0,High description similarity within the same state and district; work types match=True and amount similarity=1.00.
WS/MP18031/2024-2025/143528,WS/MP18031/2024-2025/143529,1.0,1.0,1.0,0.0,1.0,High description similarity within the same state and district; work types match=True and amount similarity=1.00.
WS/MP18031/2024-2025/143516,WS/MP18031/2024-2025/143514,1.0,1.0,1.0,0.0,1.0,High description similarity within the same state and district; work types match=True and amount similarity=1.00.
WS/MP18031/2024-2025/143516,WS/MP18031/2024-2025/143512,1.0,1.0,1.0,0.0,1.0,High description similarity within the same state and district; work types match=True and amount similarity=1.00.
WS/MP18031/2024-2025/143516,WS/MP18031/2024-2025/143515,1.0,1.0,1.0,0.0,1.0,High description similarity within the same state and district; work types match=True and amount similarity=1.00.
WS/MP18031/2024-2025/143529,WS/MP18031/2024-2025/143529,1.0,1.0,1.0,0.0,1.0,High description similarity within the same state and district; work types match=True and amount similarity=1.00.
WS/MP716/2024-2025/142662,WS/MP716/2024-2025/142663,1.0,1.0,1.0,0.0,1.0,High description similarity within the same state and district; work types match=True and amount similarity=1.00.
WS/MP716/2024-2025/142663,WS/MP716/2024-2025/142663,1.0,1.0,1.0,0.0,1.0,High description similarity within the same state and district; work types match=True and amount similarity=1.00.
WS/MP681/2024-2025/144041,WS/MP681/2025-2026/144039,1.0,1.0,1.0,0.0,1.0,High description similarity within the same state and district; work types match=True and amount similarity=1.00.
WS/MP681/2025-2026/144039,WS/MP681/2025-2026/144039,1.0,1.0,1.0,0.0,1.0,High description similarity within the same state and district; work types match=True and amount similarity=1.00.
WS/MP18019/2024-2025/137599,WS/MP18019/2024-2025/137597,1.0,1.0,1.0,0.0,1.0,High description similarity within the same state and district; work types match=True and amount similarity=1.00.
WS/MP18019/2024-2025/137601,WS/MP18019/2024-2025/137602,1.0,1.0,1.0,0.0,1.0,High description similarity within the same state and district; work types match=True and amount similarity=1.00.
WS/MP18019/2024-2025/137601,WS/MP18019/2024-2025/137606,1.0,1.0,1.0,0.0,1.0,High description similarity within the same state and district; work types match=True and amount similarity=1.00.
WS/MP716/2024-2025/141813,WS/MP716/2024-2025/141813,1.0,1.0,1.0,0.0,1.0,High description similarity within the same state and district; work types match=True and amount similarity=1.00.
WS/MP716/2024-2025/141819,WS/MP716/2024-2025/141822,1.0,1.0,1.0,0.0,1.0,High description similarity within the same state and district; work types match=True and amount similarity=1.00.
WS/MP716/2024-2025/141819,WS/MP716/2024-2025/141819,1.0,1.0,1.0,0.0,1.0,High description similarity within the same state and district; work types match=True and amount similarity=1.00.
WS/MP716/2024-2025/141820,WS/MP716/2024-2025/141822,1.0,1.0,1.0,0.0,1.0,High description similarity within the same state and district; work types match=True and amount similarity=1.00.
WS/MP716/2024-2025/141820,WS/MP716/2024-2025/141819,1.0,1.0,1.0,0.0,1.0,High description similarity within the same state and district; work types match=True and amount similarity=1.00.
WS/MP18031/2024-2025/143512,WS/MP18031/2024-2025/143518,1.0,1.0,1.0,0.0,1.0,High description similarity within the same state and district; work types match=True and amount similarity=1.00.
WS/MP18031/2024-2025/143512,WS/MP18031/2024-2025/143517,1.0,1.0,1.0,0.0,1.0,High description similarity within the same state and district; work types match=True and amount similarity=1.00.
WS/MP18031/2024-2025/143513,WS/MP18031/2024-2025/143514,1.0,1.0,1.0,0.0,1.0,High description similarity within the same state and district; work types match=True and amount similarity=1.00.
WS/MP18031/2024-2025/143513,WS/MP18031/2024-2025/143512,1.0,1.0,1.0,0.0,1.0,High description similarity within the same state and district; work types match=True and amount similarity=1.00.
WS/MP18031/2024-2025/143513,WS/MP18031/2024-2025/143515,1.0,1.0,1.0,0.0,1.0,High description similarity within the same state and district; work types match=True and amount similarity=1.00.
WS/MP18031/2024-2025/143513,WS/MP18031/2024-2025/143518,1.0,1.0,1.0,0.0,1.0,High description similarity within the same state and district; work types match=True and amount similarity=1.00.
WS/MP18031/2024-2025/143512,WS/MP18031/2024-2025/143512,1.0,1.0,1.0,0.0,1.0,High description similarity within the same state and district; work types match=True and amount similarity=1.00.
WS/MP18031/2024-2025/143512,WS/MP18031/2024-2025/143515,1.0,1.0,1.0,0.0,1.0,High description similarity within the same state and district; work types match=True and amount similarity=1.00.
WS/MP681/2024-2025/143979,WS/MP681/2024-2025/143979,1.0,1.0,1.0,0.0,1.0,High description similarity within the same state and district; work types match=True and amount similarity=1.00.
WS/MP716/2024-2025/141808,WS/MP716/2024-2025/141808,1.0,1.0,1.0,0.0,1.0,High description similarity within the same state and district; work types match=True and amount similarity=1.00.
WS/MP716/2024-2025/141808,WS/MP716/2024-2025/141809,1.0,1.0,1.0,0.0,1.0,High description similarity within the same state and district; work types match=True and amount similarity=1.00.
WS/MP681/2024-2025/143975,WS/MP681/2024-2025/143975,1.0,1.0,1.0,0.0,1.0,High description similarity within the same state and district; work types match=True and amount similarity=1.00.
WS/MP18031/2024-2025/143490,WS/MP18031/2024-2025/143490,1.0,1.0,1.0,0.0,1.0,High description similarity within the same state and district; work types match=True and amount similarity=1.00.
WS/MP18031/2024-2025/143491,WS/MP18031/2024-2025/143490,1.0,1.0,1.0,0.0,1.0,High description similarity within the same state and district; work types match=True and amount similarity=1.00.
WS/MP18031/2024-2025/143491,WS/MP18031/2024-2025/143489,1.0,1.0,1.0,0.0,1.0,High description similarity within the same state and district; work types match=True and amount similarity=1.00.
WS/MP18031/2024-2025/143491,WS/MP18031/2024-2025/143488,1.0,1.0,1.0,0.0,1.0,High description similarity within the same state and district; work types match=True and amount similarity=1.00.
WS/MP18031/2024-2025/143488,WS/MP18031/2024-2025/143490,1.0,1.0,1.0,0.0,1.0,High description similarity within the same state and district; work types match=True and amount similarity=1.00.
WS/MP18031/2024-2025/143488,WS/MP18031/2024-2025/143489,1.0,1.0,1.0,0.0,1.0,High description similarity within the same state and district; work types match=True and amount similarity=1.00.
WS/MP716/2024-2025/141310,WS/MP716/2024-2025/141310,1.0,1.0,1.0,0.0,1.0,High description similarity within the same state and district; work types match=True and amount similarity=1.00.
WS/MP716/2024-2025/141808,WS/MP716/2024-2025/141813,1.0,1.0,1.0,0.0,1.0,High description similarity within the same state and district; work types match=True and amount similarity=1.00.
WS/MP18031/2024-2025/143530,WS/MP18031/2024-2025/143530,1.0,1.0,1.0,0.0,1.0,High description similarity within the same state and district; work types match=True and amount similarity=1.00.
WS/MP18031/2024-2025/143527,WS/MP18031/2024-2025/143528,1.0,1.0,1.0,0.0,1.0,High description similarity within the same state and district; work types match=True and amount similarity=1.00.
WS/MP18031/2024-2025/143527,WS/MP18031/2024-2025/143530,1.0,1.0,1.0,0.0,1.0,High description similarity within the same state and district; work types match=True and amount similarity=1.00.
WS/MP18031/2024-2025/143527,WS/MP18031/2024-2025/143529,1.0,1.0,1.0,0.0,1.0,High description similarity within the same state and district; work types match=True and amount similarity=1.00.
WS/MP18031/2024-2025/143488,WS/MP18031/2024-2025/143488,1.0,1.0,1.0,0.0,1.0,High description similarity within the same state and district; work types match=True and amount similarity=1.00.
WS/MP18031/2024-2025/143489,WS/MP18031/2024-2025/143490,1.0,1.0,1.0,0.0,1.0,High description similarity within the same state and district; work types match=True and amount similarity=1.00.
WS/MP18031/2024-2025/143489,WS/MP18031/2024-2025/143489,1.0,1.0,1.0,0.0,1.0,High description similarity within the same state and district; work types match=True and amount similarity=1.00.
WS/MP18031/2024-2025/143529,WS/MP18031/2024-2025/143530,1.0,1.0,1.0,0.0,1.0,High description similarity within the same state and district; work types match=True and amount similarity=1.00.
WS/MP18221/2025-2026/140824,WS/MP18221/2025-2026/140939,1.0,1.0,1.0,0.0,1.0,High description similarity within the same state and district; work types match=True and amount similarity=1.00.
WS/MP18221/2025-2026/140825,WS/MP18221/2025-2026/140939,1.0,1.0,1.0,0.0,1.0,High description similarity within the same state and district; work types match=True and amount similarity=1.00.
WS/MP18221/2025-2026/140846,WS/MP18221/2025-2026/140939,1.0,1.0,1.0,0.0,1.0,High description similarity within the same state and district; work types match=True and amount similarity=1.00.
WS/MP18221/2025-2026/140850,WS/MP18221/2025-2026/140939,1.0,1.0,1.0,0.0,1.0,High description similarity within the same state and district; work types match=True and amount similarity=1.00.
WS/MP18183/2024-2025/140770,WS/MP18183/2024-2025/140770,1.0,1.0,1.0,0.0,1.0,High description similarity within the same state and district; work types match=True and amount similarity=1.00.
WS/MP18183/2024-2025/140772,WS/MP18183/2024-2025/140772,1.0,1.0,1.0,0.0,1.0,High description similarity within the same state and district; work types match=True and amount similarity=1.00.
WS/MP18221/2025-2026/140833,WS/MP18221/2025-2026/140939,1.0,1.0,1.0,0.0,1.0,High description similarity within the same state and district; work types match=True and amount similarity=1.00.
WS/MP18221/2025-2026/140845,WS/MP18221/2025-2026/140939,1.0,1.0,1.0,0.0,1.0,High description similarity within the same state and district; work types match=True and amount similarity=1.00.
WS/MP18031/2024-2025/143515,WS/MP18031/2024-2025/143515,1.0,1.0,1.0,0.0,1.0,High description similarity within the same state and district; work types match=True and amount similarity=1.00.
WS/MP18031/2024-2025/143515,WS/MP18031/2024-2025/143518,1.0,1.0,1.0,0.0,1.0,High description similarity within the same state and district; work types match=True and amount similarity=1.00.
WS/MP18031/2024-2025/143515,WS/MP18031/2024-2025/143517,1.0,1.0,1.0,0.0,1.0,High description similarity within the same state and district; work types match=True and amount similarity=1.00.
WS/MP18031/2024-2025/143571,WS/MP18031/2024-2025/143571,1.0,1.0,1.0,0.0,1.0,High description similarity within the same state and district; work types match=True and amount similarity=1.00.
WS/MP18031/2024-2025/143572,WS/MP18031/2024-2025/143572,1.0,1.0,1.0,0.0,1.0,High description similarity within the same state and district; work types match=True and amount similarity=1.00.
WS/MP18031/2024-2025/143572,WS/MP18031/2024-2025/143573,1.0,1.0,1.0,0.0,1.0,High description similarity within the same state and district; work types match=True and amount similarity=1.00.
WS/MP18031/2024-2025/143516,WS/MP18031/2024-2025/143518,1.0,1.0,1.0,0.0,1.0,High description similarity within the same state and district; work types match=True and amount similarity=1.00.
WS/MP18031/2024-2025/143516,WS/MP18031/2024-2025/143517,1.0,1.0,1.0,0.0,1.0,High description similarity within the same state and district; work types match=True and amount similarity=1.00.
WS/MP18031/2024-2025/143573,WS/MP18031/2024-2025/143573,1.0,1.0,1.0,0.0,1.0,High description similarity within the same state and district; work types match=True and amount similarity=1.00.
WS/MP18031/2024-2025/143573,WS/MP18031/2024-2025/143574,1.0,1.0,1.0,0.0,1.0,High description similarity within the same state and district; work types match=True and amount similarity=1.00.
WS/MP18031/2024-2025/143574,WS/MP18031/2024-2025/143574,1.0,1.0,1.0,0.0,1.0,High description similarity within the same state and district; work types match=True and amount similarity=1.00.
WS/MP18031/2024-2025/143566,WS/MP18031/2024-2025/143572,1.0,1.0,1.0,0.0,1.0,High description similarity within the same state and district; work types match=True and amount similarity=1.00.
WS/MP18031/2024-2025/143566,WS/MP18031/2024-2025/143573,1.0,1.0,1.0,0.0,1.0,High description similarity within the same state and district; work types match=True and amount similarity=1.00.
WS/MP18031/2024-2025/143566,WS/MP18031/2024-2025/143574,1.0,1.0,1.0,0.0,1.0,High description similarity within the same state and district; work types match=True and amount similarity=1.00.
WS/MP18031/2024-2025/143514,WS/MP18031/2024-2025/143518,1.0,1.0,1.0,0.0,1.0,High description similarity within the same state and district; work types match=True and amount similarity=1.00.
WS/MP18031/2024-2025/143514,WS/MP18031/2024-2025/143517,1.0,1.0,1.0,0.0,1.0,High description similarity within the same state and district; work types match=True and amount similarity=1.00.
WS/MP18031/2024-2025/143566,WS/MP18031/2024-2025/143565,1.0,1.0,1.0,0.0,1.0,High description similarity within the same state and district; work types match=True and amount similarity=1.00.
WS/MP18031/2024-2025/143571,WS/MP18031/2024-2025/143572,1.0,1.0,1.0,0.0,1.0,High description similarity within the same state and district; work types match=True and amount similarity=1.00.
WS/MP18031/2024-2025/143571,WS/MP18031/2024-2025/143573,1.0,1.0,1.0,0.0,1.0,High description similarity within the same state and district; work types match=True and amount similarity=1.00.
WS/MP18031/2024-2025/143571,WS/MP18031/2024-2025/143574,1.0,1.0,1.0,0.0,1.0,High description similarity within the same state and district; work types match=True and amount similarity=1.00.
WS/MP18031/2024-2025/143564,WS/MP18031/2024-2025/143574,1.0,1.0,1.0,0.0,1.0,High description similarity within the same state and district; work types match=True and amount similarity=1.00.
WS/MP18031/2024-2025/143564,WS/MP18031/2024-2025/143571,1.0,1.0,1.0,0.0,1.0,High description similarity within the same state and district; work types match=True and amount similarity=1.00.
WS/MP18031/2024-2025/143564,WS/MP18031/2024-2025/143565,1.0,1.0,1.0,0.0,1.0,High description similarity within the same state and district; work types match=True and amount similarity=1.00.
WS/MP18031/2024-2025/143572,WS/MP18031/2024-2025/143574,1.0,1.0,1.0,0.0,1.0,High description similarity within the same state and district; work types match=True and amount similarity=1.00.
WS/MP681/2024-2025/143972,WS/MP681/2024-2025/143972,1.0,1.0,1.0,0.0,1.0,High description similarity within the same state and district; work types match=True and amount similarity=1.00.
WS/MP681/2024-2025/143980,WS/MP681/2024-2025/143980,1.0,1.0,1.0,0.0,1.0,High description similarity within the same state and district; work types match=True and amount similarity=1.00.
WS/MP681/2024-2025/143981,WS/MP681/2024-2025/143981,1.0,1.0,1.0,0.0,1.0,High description similarity within the same state and district; work types match=True and amount similarity=1.00.
WS/MP681/2024-2025/143981,WS/MP681/2024-2025/143982,1.0,1.0,1.0,0.0,1.0,High description similarity within the same state and district; work types match=True and amount similarity=1.00.
WS/MP681/2024-2025/143982,WS/MP681/2024-2025/143982,1.0,1.0,1.0,0.0,1.0,High description similarity within the same state and district; work types match=True and amount similarity=1.00.
WS/MP18031/2024-2025/143566,WS/MP18031/2024-2025/143571,1.0,1.0,1.0,0.0,1.0,High description similarity within the same state and district; work types match=True and amount similarity=1.00.
WS/MP18221/2025-2026/140831,WS/MP18221/2025-2026/140922,1.0,1.0,1.0,0.0,1.0,High description similarity within the same state and district; work types match=True and amount similarity=1.00.
WS/MP18221/2025-2026/140832,WS/MP18221/2025-2026/140939,1.0,1.0,1.0,0.0,1.0,High description similarity within the same state and district; work types match=True and amount similarity=1.00.
WS/MP18221/2025-2026/140830,WS/MP18221/2025-2026/140939,1.0,1.0,1.0,0.0,1.0,High description similarity within the same state and district; work types match=True and amount similarity=1.00.
WS/MP18221/2025-2026/140831,WS/MP18221/2025-2026/140937,1.0,1.0,1.0,0.0,1.0,High description similarity within the same state and district; work types match=True and amount similarity=1.00.
WS/MP18221/2025-2026/140831,WS/MP18221/2025-2026/140959,1.0,1.0,1.0,0.0,1.0,High description similarity within the same state and district; work types match=True and amount similarity=1.00.
WS/MP18221/2025-2026/140831,WS/MP18221/2025-2026/140938,1.0,1.0,1.0,0.0,1.0,High description similarity within the same state and district; work types match=True and amount similarity=1.00.
WS/MP18221/2025-2026/140855,WS/MP18221/2025-2026/140939,1.0,1.0,1.0,0.0,1.0,High description similarity within the same state and district; work types match=True and amount similarity=1.00.
WS/MP18221/2025-2026/140856,WS/MP18221/2025-2026/140939,1.0,1.0,1.0,0.0,1.0,High description similarity within the same state and district; work types match=True and amount similarity=1.00.
WS/MP18221/2025-2026/140854,WS/MP18221/2025-2026/140939,1.0,1.0,1.0,0.0,1.0,High description similarity within the same state and district; work types match=True and amount similarity=1.00.
WS/MP18031/2025-2026/143457,WS/MP18031/2025-2026/143463,1.0,1.0,1.0,0.0,1.0,High description similarity within the same state and district; work types match=True and amount similarity=1.00.
WS/MP18031/2024-2025/143565,WS/MP18031/2024-2025/143572,1.0,1.0,1.0,0.0,1.0,High description similarity within the same state and district; work types match=True and amount similarity=1.00.
WS/MP18031/2024-2025/143565,WS/MP18031/2024-2025/143573,1.0,1.0,1.0,0.0,1.0,High description similarity within the same state and district; work types match=True and amount similarity=1.00.
WS/MP18031/2024-2025/143565,WS/MP18031/2024-2025/143574,1.0,1.0,1.0,0.0,1.0,High description similarity within the same state and district; work types match=True and amount similarity=1.00.
WS/MP18031/2024-2025/143565,WS/MP18031/2024-2025/143571,1.0,1.0,1.0,0.0,1.0,High description similarity within the same state and district; work types match=True and amount similarity=1.00.
WS/MP18031/2024-2025/143565,WS/MP18031/2024-2025/143565,1.0,1.0,1.0,0.0,1.0,High description similarity within the same state and district; work types match=True and amount similarity=1.00.
WS/MP18031/2024-2025/143563,WS/MP18031/2024-2025/143572,1.0,1.0,1.0,0.0,1.0,High description similarity within the same state and district; work types match=True and amount similarity=1.00.
WS/MP18031/2024-2025/143563,WS/MP18031/2024-2025/143573,1.0,1.0,1.0,0.0,1.0,High description similarity within the same state and district; work types match=True and amount similarity=1.00.
WS/MP18031/2025-2026/143456,WS/MP18031/2025-2026/143460,1.0,1.0,1.0,0.0,1.0,High description similarity within the same state and district; work types match=True and amount similarity=1.00.
WS/MP18031/2024-2025/143563,WS/MP18031/2024-2025/143574,1.0,1.0,1.0,0.0,1.0,High description similarity within the same state and district; work types match=True and amount similarity=1.00.
WS/MP18031/2024-2025/143563,WS/MP18031/2024-2025/143571,1.0,1.0,1.0,0.0,1.0,High description similarity within the same state and district; work types match=True and amount similarity=1.00.
WS/MP18031/2024-2025/143563,WS/MP18031/2024-2025/143565,1.0,1.0,1.0,0.0,1.0,High description similarity within the same state and district; work types match=True and amount similarity=1.00.
WS/MP18031/2024-2025/143564,WS/MP18031/2024-2025/143572,1.0,1.0,1.0,0.0,1.0,High description similarity within the same state and district; work types match=True and amount similarity=1.00.
WS/MP18031/2024-2025/143564,WS/MP18031/2024-2025/143573,1.0,1.0,1.0,0.0,1.0,High description similarity within the same state and district; work types match=True and amount similarity=1.00.
WS/MP18031/2025-2026/143457,WS/MP18031/2025-2026/143460,1.0,1.0,1.0,0.0,1.0,High description similarity within the same state and district; work types match=True and amount similarity=1.00.
WS/MP18031/2025-2026/143457,WS/MP18031/2025-2026/143459,1.0,1.0,1.0,0.0,1.0,High description similarity within the same state and district; work types match=True and amount similarity=1.00.
WS/MP18031/2025-2026/143456,WS/MP18031/2025-2026/143462,1.0,1.0,1.0,0.0,1.0,High description similarity within the same state and district; work types match=True and amount similarity=1.00.
WS/MP18031/2025-2026/143457,WS/MP18031/2025-2026/143458,1.0,1.0,1.0,0.0,1.0,High description similarity within the same state and district; work types match=True and amount similarity=1.00.
WS/MP18031/2025-2026/143457,WS/MP18031/2025-2026/143462,1.0,1.0,1.0,0.0,1.0,High description similarity within the same state and district; work types match=True and amount similarity=1.00.
WS/MP18031/2025-2026/143458,WS/MP18031/2025-2026/143458,1.0,1.0,1.0,0.0,1.0,High description similarity within the same state and district; work types match=True and amount similarity=1.00.
WS/MP18031/2025-2026/143458,WS/MP18031/2025-2026/143460,1.0,1.0,1.0,0.0,1.0,High description similarity within the same state and district; work types match=True and amount similarity=1.00.
WS/MP18031/2025-2026/143458,WS/MP18031/2025-2026/143459,1.0,1.0,1.0,0.0,1.0,High description similarity within the same state and district; work types match=True and amount similarity=1.00.
WS/MP18031/2025-2026/143458,WS/MP18031/2025-2026/143463,1.0,1.0,1.0,0.0,1.0,High description similarity within the same state and district; work types match=True and amount similarity=1.00.
WS/MP18031/2025-2026/143456,WS/MP18031/2025-2026/143458,1.0,1.0,1.0,0.0,1.0,High description similarity within the same state and district; work types match=True and amount similarity=1.00.
WS/MP18031/2024-2025/143517,WS/MP18031/2024-2025/143518,1.0,1.0,1.0,0.0,1.0,High description similarity within the same state and district; work types match=True and amount similarity=1.00.
WS/MP18031/2024-2025/143517,WS/MP18031/2024-2025/143517,1.0,1.0,1.0,0.0,1.0,High description similarity within the same state and district; work types match=True and amount similarity=1.00.
WS/MP18031/2024-2025/143518,WS/MP18031/2024-2025/143518,1.0,1.0,1.0,0.0,1.0,High description similarity within the same state and district; work types match=True and amount similarity=1.00.
WS/MP18031/2024-2025/143513,WS/MP18031/2024-2025/143517,1.0,1.0,1.0,0.0,1.0,High description similarity within the same state and district; work types match=True and amount similarity=1.00.
WS/MP18031/2024-2025/143514,WS/MP18031/2024-2025/143514,1.0,1.0,1.0,0.0,1.0,High description similarity within the same state and district; work types match=True and amount similarity=1.00.
WS/MP18031/2024-2025/143514,WS/MP18031/2024-2025/143515,1.0,1.0,1.0,0.0,1.0,High description similarity within the same state and district; work types match=True and amount similarity=1.00.
WS/MP18031/2025-2026/143456,WS/MP18031/2025-2026/143459,1.0,1.0,1.0,0.0,1.0,High description similarity within the same state and district; work types match=True and amount similarity=1.00.
WS/MP18031/2025-2026/143456,WS/MP18031/2025-2026/143463,1.0,1.0,1.0,0.0,1.0,High description similarity within the same state and district; work types match=True and amount similarity=1.00.
WS/MP18031/2025-2026/143486,WS/MP18031/2025-2026/143486,1.0,1.0,1.0,0.0,1.0,High description similarity within the same state and district; work types match=True and amount similarity=1.00.
WS/MP18031/2025-2026/143458,WS/MP18031/2025-2026/143462,1.0,1.0,1.0,0.0,1.0,High description similarity within the same state and district; work types match=True and amount similarity=1.00.
WS/MP18031/2025-2026/143459,WS/MP18031/2025-2026/143460,1.0,1.0,1.0,0.0,1.0,High description similarity within the same state and district; work types match=True and amount similarity=1.00.
WS/MP18031/2025-2026/143459,WS/MP18031/2025-2026/143459,1.0,1.0,1.0,0.0,1.0,High description similarity within the same state and district; work types match=True and amount similarity=1.00.
WS/MP18031/2025-2026/143459,WS/MP18031/2025-2026/143463,1.0,1.0,1.0,0.0,1.0,High description similarity within the same state and district; work types match=True and amount similarity=1.00.
WS/MP18031/2025-2026/143459,WS/MP18031/2025-2026/143462,1.0,1.0,1.0,0.0,1.0,High description similarity within the same state and district; work types match=True and amount similarity=1.00.
WS/MP18031/2025-2026/143460,WS/MP18031/2025-2026/143460,1.0,1.0,1.0,0.0,1.0,High description similarity within the same state and district; work types match=True and amount similarity=1.00.
WS/MP18031/2025-2026/143460,WS/MP18031/2025-2026/143463,1.0,1.0,1.0,0.0,1.0,High description similarity within the same state and district; work types match=True and amount similarity=1.00.
WS/MP18031/2025-2026/143481,WS/MP18031/2025-2026/143484,1.0,1.0,1.0,0.0,1.0,High description similarity within the same state and district; work types match=True and amount similarity=1.00.
WS/MP18031/2025-2026/143481,WS/MP18031/2025-2026/143485,1.0,1.0,1.0,0.0,1.0,High description similarity within the same state and district; work types match=True and amount similarity=1.00.
WS/MP18031/2025-2026/143482,WS/MP18031/2025-2026/143483,1.0,1.0,1.0,0.0,1.0,High description similarity within the same state and district; work types match=True and amount similarity=1.00.
WS/MP18031/2025-2026/143484,WS/MP18031/2025-2026/143486,1.0,1.0,1.0,0.0,1.0,High description similarity within the same state and district; work types match=True and amount similarity=1.00.
WS/MP18031/2025-2026/143484,WS/MP18031/2025-2026/143484,1.0,1.0,1.0,0.0,1.0,High description similarity within the same state and district; work types match=True and amount similarity=1.00.
WS/MP18031/2025-2026/143484,WS/MP18031/2025-2026/143485,1.0,1.0,1.0,0.0,1.0,High description similarity within the same state and district; work types match=True and amount similarity=1.00.
WS/MP18031/2025-2026/143485,WS/MP18031/2025-2026/143486,1.0,1.0,1.0,0.0,1.0,High description similarity within the same state and district; work types match=True and amount similarity=1.00.
WS/MP18031/2025-2026/143485,WS/MP18031/2025-2026/143485,1.0,1.0,1.0,0.0,1.0,High description similarity within the same state and district; work types match=True and amount similarity=1.00.
WS/MP18031/2025-2026/143464,WS/MP18031/2025-2026/143458,1.0,1.0,1.0,0.0,1.0,High description similarity within the same state and district; work types match=True and amount similarity=1.00.
WS/MP18031/2025-2026/143464,WS/MP18031/2025-2026/143460,1.0,1.0,1.0,0.0,1.0,High description similarity within the same state and district; work types match=True and amount similarity=1.00.
WS/MP18031/2025-2026/143464,WS/MP18031/2025-2026/143459,1.0,1.0,1.0,0.0,1.0,High description similarity within the same state and district; work types match=True and amount similarity=1.00.
WS/MP18031/2025-2026/143464,WS/MP18031/2025-2026/143463,1.0,1.0,1.0,0.0,1.0,High description similarity within the same state and district; work types match=True and amount similarity=1.00.
WS/MP18031/2025-2026/143464,WS/MP18031/2025-2026/143462,1.0,1.0,1.0,0.0,1.0,High description similarity within the same state and district; work types match=True and amount similarity=1.00.
WS/MP18031/2025-2026/143481,WS/MP18031/2025-2026/143483,1.0,1.0,1.0,0.0,1.0,High description similarity within the same state and district; work types match=True and amount similarity=1.00.
WS/MP18031/2025-2026/143481,WS/MP18031/2025-2026/143486,1.0,1.0,1.0,0.0,1.0,High description similarity within the same state and district; work types match=True and amount similarity=1.00.
WS/MP18031/2025-2026/143481,WS/MP18031/2025-2026/143482,1.0,1.0,1.0,0.0,1.0,High description similarity within the same state and district; work types match=True and amount similarity=1.00.
WS/MP18031/2025-2026/143461,WS/MP18031/2025-2026/143458,1.0,1.0,1.0,0.0,1.0,High description similarity within the same state and district; work types match=True and amount similarity=1.00.
WS/MP18031/2025-2026/143461,WS/MP18031/2025-2026/143460,1.0,1.0,1.0,0.0,1.0,High description similarity within the same state and district; work types match=True and amount similarity=1.00.
WS/MP18031/2025-2026/143461,WS/MP18031/2025-2026/143459,1.0,1.0,1.0,0.0,1.0,High description similarity within the same state and district; work types match=True and amount similarity=1.00.
WS/MP18031/2025-2026/143461,WS/MP18031/2025-2026/143463,1.0,1.0,1.0,0.0,1.0,High description similarity within the same state and district; work types match=True and amount similarity=1.00.
WS/MP18031/2025-2026/143461,WS/MP18031/2025-2026/143462,1.0,1.0,1.0,0.0,1.0,High description similarity within the same state and district; work types match=True and amount similarity=1.00.
WS/MP18031/2025-2026/143462,WS/MP18031/2025-2026/143463,1.0,1.0,1.0,0.0,1.0,High description similarity within the same state and district; work types match=True and amount similarity=1.00.
WS/MP18031/2025-2026/143462,WS/MP18031/2025-2026/143462,1.0,1.0,1.0,0.0,1.0,High description similarity within the same state and district; work types match=True and amount similarity=1.00.
WS/MP18031/2025-2026/143463,WS/MP18031/2025-2026/143463,1.0,1.0,1.0,0.0,1.0,High description similarity within the same state and district; work types match=True and amount similarity=1.00.
WS/MP643/2024-2025/139594,WS/MP643/2024-2025/139595,1.0,1.0,1.0,0.0,1.0,High description similarity within the same state and district; work types match=True and amount similarity=1.00.
WS/MP18031/2025-2026/143482,WS/MP18031/2025-2026/143486,1.0,1.0,1.0,0.0,1.0,High description similarity within the same state and district; work types match=True and amount similarity=1.00.
WS/MP18031/2025-2026/143482,WS/MP18031/2025-2026/143482,1.0,1.0,1.0,0.0,1.0,High description similarity within the same state and district; work types match=True and amount similarity=1.00.
WS/MP18031/2025-2026/143482,WS/MP18031/2025-2026/143484,1.0,1.0,1.0,0.0,1.0,High description similarity within the same state and district; work types match=True and amount similarity=1.00.
WS/MP18031/2025-2026/143482,WS/MP18031/2025-2026/143485,1.0,1.0,1.0,0.0,1.0,High description similarity within the same state and district; work types match=True and amount similarity=1.00.
WS/MP18031/2025-2026/143483,WS/MP18031/2025-2026/143483,1.0,1.0,1.0,0.0,1.0,High description similarity within the same state and district; work types match=True and amount similarity=1.00.
WS/MP18031/2025-2026/143483,WS/MP18031/2025-2026/143486,1.0,1.0,1.0,0.0,1.0,High description similarity within the same state and district; work types match=True and amount similarity=1.00.
WS/MP18031/2025-2026/143483,WS/MP18031/2025-2026/143484,1.0,1.0,1.0,0.0,1.0,High description similarity within the same state and district; work types match=True and amount similarity=1.00.
WS/MP643/2024-2025/139592,WS/MP643/2024-2025/139594,1.0,1.0,1.0,0.0,1.0,High description similarity within the same state and district; work types match=True and amount similarity=1.00.
WS/MP643/2024-2025/139593,WS/MP643/2024-2025/139593,1.0,1.0,1.0,0.0,1.0,High description similarity within the same state and district; work types match=True and amount similarity=1.00.
WS/MP643/2024-2025/139593,WS/MP643/2024-2025/139595,1.0,1.0,1.0,0.0,1.0,High description similarity within the same state and district; work types match=True and amount similarity=1.00.
WS/MP643/2024-2025/139594,WS/MP643/2024-2025/139594,1.0,1.0,1.0,0.0,1.0,High description similarity within the same state and district; work types match=True and amount similarity=1.00.
WS/MP643/2024-2025/139595,WS/MP643/2024-2025/139595,1.0,1.0,1.0,0.0,1.0,High description similarity within the same state and district; work types match=True and amount similarity=1.00.
WS/MP643/2024-2025/139591,WS/MP643/2024-2025/139595,1.0,1.0,1.0,0.0,1.0,High description similarity within the same state and district; work types match=True and amount similarity=1.00.
WS/MP643/2024-2025/139591,WS/MP643/2024-2025/139594,1.0,1.0,1.0,0.0,1.0,High description similarity within the same state and district; work types match=True and amount similarity=1.00.
WS/MP643/2024-2025/139593,WS/MP643/2024-2025/139594,1.0,1.0,1.0,0.0,1.0,High description similarity within the same state and district; work types match=True and amount similarity=1.00.
WS/MP681/2024-2025/143657,WS/MP681/2024-2025/143658,1.0,1.0,1.0,0.0,1.0,High description similarity within the same state and district; work types match=True and amount similarity=1.00.
WS/MP681/2024-2025/143658,WS/MP681/2024-2025/143658,1.0,1.0,1.0,0.0,1.0,High description similarity within the same state and district; work types match=True and amount similarity=1.00.
WS/MP643/2024-2025/139592,WS/MP643/2024-2025/139592,1.0,1.0,1.0,0.0,1.0,High description similarity within the same state and district; work types match=True and amount similarity=1.00.
WS/MP643/2024-2025/139592,WS/MP643/2024-2025/139593,1.0,1.0,1.0,0.0,1.0,High description similarity within the same state and district; work types match=True and amount similarity=1.00.
WS/MP643/2024-2025/139592,WS/MP643/2024-2025/139595,1.0,1.0,1.0,0.0,1.0,High description similarity within the same state and district; work types match=True and amount similarity=1.00.
WS/MP18031/2025-2026/143460,WS/MP18031/2025-2026/143462,1.0,1.0,1.0,0.0,1.0,High description similarity within the same state and district; work types match=True and amount similarity=1.00.
WS/MP681/2024-2025/134797,WS/MP681/2024-2025/134797,1.0,1.0,1.0,0.0,1.0,High description similarity within the same state and district; work types match=True and amount similarity=1.00.
WS/MP681/2024-2025/134802,WS/MP681/2024-2025/134802,1.0,1.0,1.0,0.0,1.0,High description similarity within the same state and district; work types match=True and amount similarity=1.00.
WS/MP643/2024-2025/139586,WS/MP643/2024-2025/139583,1.0,1.0,1.0,0.0,1.0,High description similarity within the same state and district; work types match=True and amount similarity=1.00.
WS/MP643/2024-2025/139586,WS/MP643/2024-2025/139584,1.0,1.0,1.0,0.0,1.0,High description similarity within the same state and district; work types match=True and amount similarity=1.00.
WS/MP643/2024-2025/139586,WS/MP643/2024-2025/139577,1.0,1.0,1.0,0.0,1.0,High description similarity within the same state and district; work types match=True and amount similarity=1.00.
WS/MP643/2024-2025/139591,WS/MP643/2024-2025/139592,1.0,1.0,1.0,0.0,1.0,High description similarity within the same state and district; work types match=True and amount similarity=1.00.
WS/MP643/2024-2025/139591,WS/MP643/2024-2025/139593,1.0,1.0,1.0,0.0,1.0,High description similarity within the same state and district; work types match=True and amount similarity=1.00.
WS/MP643/2024-2025/139582,WS/MP643/2024-2025/139584,1.0,1.0,1.0,0.0,1.0,High description similarity within the same state and district; work types match=True and amount similarity=1.00.
WS/MP643/2024-2025/139583,WS/MP643/2024-2025/139583,1.0,1.0,1.0,0.0,1.0,High description similarity within the same state and district; work types match=True and amount similarity=1.00.
WS/MP643/2024-2025/136030,WS/MP643/2024-2025/136027,1.0,1.0,1.0,0.0,1.0,High description similarity within the same state and district; work types match=True and amount similarity=1.00.
WS/MP643/2024-2025/139584,WS/MP643/2024-2025/139584,1.0,1.0,1.0,0.0,1.0,High description similarity within the same state and district; work types match=True and amount similarity=1.00.
WS/MP643/2024-2025/139585,WS/MP643/2024-2025/139581,1.0,1.0,1.0,0.0,1.0,High description similarity within the same state and district; work types match=True and amount similarity=1.00.
WS/MP643/2024-2025/139585,WS/MP643/2024-2025/139582,1.0,1.0,1.0,0.0,1.0,High description similarity within the same state and district; work types match=True and amount similarity=1.00.
WS/MP643/2024-2025/139585,WS/MP643/2024-2025/139583,1.0,1.0,1.0,0.0,1.0,High description similarity within the same state and district; work types match=True and amount similarity=1.00.
WS/MP643/2024-2025/139585,WS/MP643/2024-2025/139584,1.0,1.0,1.0,0.0,1.0,High description similarity within the same state and district; work types match=True and amount similarity=1.00.
WS/MP643/2024-2025/139580,WS/MP643/2024-2025/139584,1.0,1.0,1.0,0.0,1.0,High description similarity within the same state and district; work types match=True and amount similarity=1.00.
WS/MP643/2024-2025/139580,WS/MP643/2024-2025/139577,1.0,1.0,1.0,0.0,1.0,High description similarity within the same state and district; work types match=True and amount similarity=1.00.
WS/MP643/2024-2025/139586,WS/MP643/2024-2025/139582,1.0,1.0,1.0,0.0,1.0,High description similarity within the same state and district; work types match=True and amount similarity=1.00.
WS/MP643/2024-2025/139581,WS/MP643/2024-2025/139582,1.0,1.0,1.0,0.0,1.0,High description similarity within the same state and district; work types match=True and amount similarity=1.00.
WS/MP643/2024-2025/139581,WS/MP643/2024-2025/139583,1.0,1.0,1.0,0.0,1.0,High description similarity within the same state and district; work types match=True and amount similarity=1.00.
WS/MP643/2024-2025/139581,WS/MP643/2024-2025/139584,1.0,1.0,1.0,0.0,1.0,High description similarity within the same state and district; work types match=True and amount similarity=1.00.
WS/MP643/2024-2025/139582,WS/MP643/2024-2025/139582,1.0,1.0,1.0,0.0,1.0,High description similarity within the same state and district; work types match=True and amount similarity=1.00.
WS/MP643/2024-2025/139582,WS/MP643/2024-2025/139583,1.0,1.0,1.0,0.0,1.0,High description similarity within the same state and district; work types match=True and amount similarity=1.00.
WS/MP643/2024-2025/139579,WS/MP643/2024-2025/139581,1.0,1.0,1.0,0.0,1.0,High description similarity within the same state and district; work types match=True and amount similarity=1.00.
WS/MP643/2024-2025/139579,WS/MP643/2024-2025/139582,1.0,1.0,1.0,0.0,1.0,High description similarity within the same state and district; work types match=True and amount similarity=1.00.
WS/MP643/2024-2025/139583,WS/MP643/2024-2025/139584,1.0,1.0,1.0,0.0,1.0,High description similarity within the same state and district; work types match=True and amount similarity=1.00.
WS/MP18031/2025-2026/143483,WS/MP18031/2025-2026/143485,1.0,1.0,1.0,0.0,1.0,High description similarity within the same state and district; work types match=True and amount similarity=1.00.
WS/MP643/2024-2025/139579,WS/MP643/2024-2025/139583,1.0,1.0,1.0,0.0,1.0,High description similarity within the same state and district; work types match=True and amount similarity=1.00.
WS/MP643/2024-2025/139579,WS/MP643/2024-2025/139584,1.0,1.0,1.0,0.0,1.0,High description similarity within the same state and district; work types match=True and amount similarity=1.00.
WS/MP643/2024-2025/139579,WS/MP643/2024-2025/139577,1.0,1.0,1.0,0.0,1.0,High description similarity within the same state and district; work types match=True and amount similarity=1.00.
WS/MP643/2024-2025/139580,WS/MP643/2024-2025/139581,1.0,1.0,1.0,0.0,1.0,High description similarity within the same state and district; work types match=True and amount similarity=1.00.
WS/MP643/2024-2025/139580,WS/MP643/2024-2025/139582,1.0,1.0,1.0,0.0,1.0,High description similarity within the same state and district; work types match=True and amount similarity=1.00.
WS/MP643/2024-2025/139580,WS/MP643/2024-2025/139583,1.0,1.0,1.0,0.0,1.0,High description similarity within the same state and district; work types match=True and amount similarity=1.00.
WS/MP643/2024-2025/139581,WS/MP643/2024-2025/139581,1.0,1.0,1.0,0.0,1.0,High description similarity within the same state and district; work types match=True and amount similarity=1.00.
WS/MP643/2024-2025/139578,WS/MP643/2024-2025/139581,1.0,1.0,1.0,0.0,1.0,High description similarity within the same state and district; work types match=True and amount similarity=1.00.
WS/MP643/2024-2025/139578,WS/MP643/2024-2025/139582,1.0,1.0,1.0,0.0,1.0,High description similarity within the same state and district; work types match=True and amount similarity=1.00.
WS/MP643/2024-2025/139578,WS/MP643/2024-2025/139583,1.0,1.0,1.0,0.0,1.0,High description similarity within the same state and district; work types match=True and amount similarity=1.00.
WS/MP643/2024-2025/139578,WS/MP643/2024-2025/139584,1.0,1.0,1.0,0.0,1.0,High description similarity within the same state and district; work types match=True and amount similarity=1.00.
WS/MP643/2024-2025/139578,WS/MP643/2024-2025/139577,1.0,1.0,1.0,0.0,1.0,High description similarity within the same state and district; work types match=True and amount similarity=1.00.
WS/MP643/2024-2025/136022,WS/MP643/2024-2025/136025,1.0,1.0,1.0,0.0,1.0,High description similarity within the same state and district; work types match=True and amount similarity=1.00.
WS/MP643/2024-2025/139577,WS/MP643/2024-2025/139581,1.0,1.0,1.0,0.0,1.0,High description similarity within the same state and district; work types match=True and amount similarity=1.00.
WS/MP643/2024-2025/139577,WS/MP643/2024-2025/139582,1.0,1.0,1.0,0.0,1.0,High description similarity within the same state and district; work types match=True and amount similarity=1.00.
WS/MP643/2024-2025/136032,WS/MP643/2024-2025/136027,1.0,1.0,1.0,0.0,1.0,High description similarity within the same state and district; work types match=True and amount similarity=1.00.
WS/MP643/2024-2025/136032,WS/MP643/2024-2025/136026,1.0,1.0,1.0,0.0,1.0,High description similarity within the same state and district; work types match=True and amount similarity=1.00.
WS/MP643/2024-2025/139577,WS/MP643/2024-2025/139577,1.0,1.0,1.0,0.0,1.0,High description similarity within the same state and district; work types match=True and amount similarity=1.00.
WS/MP643/2024-2025/136032,WS/MP643/2024-2025/136028,1.0,1.0,1.0,0.0,1.0,High description similarity within the same state and district; work types match=True and amount similarity=1.00.
WS/MP643/2024-2025/136032,WS/MP643/2024-2025/136031,1.0,1.0,1.0,0.0,1.0,High description similarity within the same state and district; work types match=True and amount similarity=1.00.
WS/MP643/2024-2025/136029,WS/MP643/2024-2025/136028,1.0,1.0,1.0,0.0,1.0,High description similarity within the same state and district; work types match=True and amount similarity=1.00.
WS/MP643/2024-2025/136029,WS/MP643/2024-2025/136031,1.0,1.0,1.0,0.0,1.0,High description similarity within the same state and district; work types match=True and amount similarity=1.00.
WS/MP643/2024-2025/136030,WS/MP643/2024-2025/136026,1.0,1.0,1.0,0.0,1.0,High description similarity within the same state and district; work types match=True and amount similarity=1.00.
WS/MP643/2024-2025/136030,WS/MP643/2024-2025/136025,1.0,1.0,1.0,0.0,1.0,High description similarity within the same state and district; work types match=True and amount similarity=1.00.
WS/MP643/2024-2025/136030,WS/MP643/2024-2025/136028,1.0,1.0,1.0,0.0,1.0,High description similarity within the same state and district; work types match=True and amount similarity=1.00.
WS/MP643/2024-2025/136030,WS/MP643/2024-2025/136031,1.0,1.0,1.0,0.0,1.0,High description similarity within the same state and district; work types match=True and amount similarity=1.00.
WS/MP643/2024-2025/136031,WS/MP643/2024-2025/136031,1.0,1.0,1.0,0.0,1.0,High description similarity within the same state and district; work types match=True and amount similarity=1.00.
WS/MP643/2024-2025/139585,WS/MP643/2024-2025/139577,1.0,1.0,1.0,0.0,1.0,High description similarity within the same state and district; work types match=True and amount similarity=1.00.
WS/MP643/2024-2025/139586,WS/MP643/2024-2025/139581,1.0,1.0,1.0,0.0,1.0,High description similarity within the same state and district; work types match=True and amount similarity=1.00.
WS/MP643/2024-2025/136032,WS/MP643/2024-2025/136025,1.0,1.0,1.0,0.0,1.0,High description similarity within the same state and district; work types match=True and amount similarity=1.00.
WS/MP18221/2025-2026/140852,WS/MP18221/2025-2026/140939,1.0,1.0,1.0,0.0,1.0,High description similarity within the same state and district; work types match=True and amount similarity=1.00.
WS/MP18221/2025-2026/140853,WS/MP18221/2025-2026/140939,1.0,1.0,1.0,0.0,1.0,High description similarity within the same state and district; work types match=True and amount similarity=1.00.
WS/MP18221/2025-2026/140868,WS/MP18221/2025-2026/140939,1.0,1.0,1.0,0.0,1.0,High description similarity within the same state and district; work types match=True and amount similarity=1.00.
WS/MP18221/2025-2026/140851,WS/MP18221/2025-2026/140939,1.0,1.0,1.0,0.0,1.0,High description similarity within the same state and district; work types match=True and amount similarity=1.00.
WS/MP18221/2025-2026/140867,WS/MP18221/2025-2026/140939,1.0,1.0,1.0,0.0,1.0,High description similarity within the same state and district; work types match=True and amount similarity=1.00.
WS/MP18176/2024-2025/139946,WS/MP18176/2024-2025/139946,1.0,1.0,1.0,0.0,1.0,High description similarity within the same state and district; work types match=True and amount similarity=1.00.
WS/MP18176/2024-2025/139958,WS/MP18176/2024-2025/139958,1.0,1.0,1.0,0.0,1.0,High description similarity within the same state and district; work types match=True and amount similarity=1.00.
WS/MP18176/2024-2025/140224,WS/MP18176/2024-2025/140224,1.0,1.0,1.0,0.0,1.0,High description similarity within the same state and district; work types match=True and amount similarity=1.00.
WS/MP18176/2024-2025/142552,WS/MP18176/2024-2025/142552,1.0,1.0,1.0,0.0,1.0,High description similarity within the same state and district; work types match=True and amount similarity=1.00.
WS/MP643/2024-2025/136028,WS/MP643/2024-2025/136028,1.0,1.0,1.0,0.0,1.0,High description similarity within the same state and district; work types match=True and amount similarity=1.00.
WS/MP643/2024-2025/136028,WS/MP643/2024-2025/136031,1.0,1.0,1.0,0.0,1.0,High description similarity within the same state and district; work types match=True and amount similarity=1.00.
WS/MP643/2024-2025/136029,WS/MP643/2024-2025/136027,1.0,1.0,1.0,0.0,1.0,High description similarity within the same state and district; work types match=True and amount similarity=1.00.
WS/MP643/2024-2025/136029,WS/MP643/2024-2025/136026,1.0,1.0,1.0,0.0,1.0,High description similarity within the same state and district; work types match=True and amount similarity=1.00.
WS/MP643/2024-2025/136029,WS/MP643/2024-2025/136025,1.0,1.0,1.0,0.0,1.0,High description similarity within the same state and district; work types match=True and amount similarity=1.00.
WS/MP643/2024-2025/136025,WS/MP643/2024-2025/136026,1.0,1.0,1.0,0.0,1.0,High description similarity within the same state and district; work types match=True and amount similarity=1.00.
WS/MP643/2024-2025/136025,WS/MP643/2024-2025/136025,1.0,1.0,1.0,0.0,1.0,High description similarity within the same state and district; work types match=True and amount similarity=1.00.
WS/MP643/2024-2025/136017,WS/MP643/2024-2025/136027,1.0,1.0,1.0,0.0,1.0,High description similarity within the same state and district; work types match=True and amount similarity=1.00.
WS/MP643/2024-2025/136025,WS/MP643/2024-2025/136031,1.0,1.0,1.0,0.0,1.0,High description similarity within the same state and district; work types match=True and amount similarity=1.00.
WS/MP643/2024-2025/136026,WS/MP643/2024-2025/136027,1.0,1.0,1.0,0.0,1.0,High description similarity within the same state and district; work types match=True and amount similarity=1.00.
WS/MP643/2024-2025/136026,WS/MP643/2024-2025/136026,1.0,1.0,1.0,0.0,1.0,High description similarity within the same state and district; work types match=True and amount similarity=1.00.
WS/MP643/2024-2025/136026,WS/MP643/2024-2025/136028,1.0,1.0,1.0,0.0,1.0,High description similarity within the same state and district; work types match=True and amount similarity=1.00.
WS/MP643/2024-2025/136026,WS/MP643/2024-2025/136031,1.0,1.0,1.0,0.0,1.0,High description similarity within the same state and district; work types match=True and amount similarity=1.00.
WS/MP643/2024-2025/136023,WS/MP643/2024-2025/136028,1.0,1.0,1.0,0.0,1.0,High description similarity within the same state and district; work types match=True and amount similarity=1.00.
WS/MP643/2024-2025/136023,WS/MP643/2024-2025/136031,1.0,1.0,1.0,0.0,1.0,High description similarity within the same state and district; work types match=True and amount similarity=1.00.
WS/MP643/2024-2025/136027,WS/MP643/2024-2025/136031,1.0,1.0,1.0,0.0,1.0,High description similarity within the same state and district; work types match=True and amount similarity=1.00.
WS/MP643/2024-2025/136024,WS/MP643/2024-2025/136026,1.0,1.0,1.0,0.0,1.0,High description similarity within the same state and district; work types match=True and amount similarity=1.00.
WS/MP643/2024-2025/136024,WS/MP643/2024-2025/136025,1.0,1.0,1.0,0.0,1.0,High description similarity within the same state and district; work types match=True and amount similarity=1.00.
WS/MP643/2024-2025/136024,WS/MP643/2024-2025/136028,1.0,1.0,1.0,0.0,1.0,High description similarity within the same state and district; work types match=True and amount similarity=1.00.
WS/MP643/2024-2025/136024,WS/MP643/2024-2025/136031,1.0,1.0,1.0,0.0,1.0,High description similarity within the same state and district; work types match=True and amount similarity=1.00.
WS/MP643/2024-2025/136025,WS/MP643/2024-2025/136027,1.0,1.0,1.0,0.0,1.0,High description similarity within the same state and district; work types match=True and amount similarity=1.00.
WS/MP643/2024-2025/136022,WS/MP643/2024-2025/136027,1.0,1.0,1.0,0.0,1.0,High description similarity within the same state and district; work types match=True and amount similarity=1.00.
WS/MP643/2024-2025/136022,WS/MP643/2024-2025/136026,1.0,1.0,1.0,0.0,1.0,High description similarity within the same state and district; work types match=True and amount similarity=1.00.
WS/MP643/2024-2025/136025,WS/MP643/2024-2025/136028,1.0,1.0,1.0,0.0,1.0,High description similarity within the same state and district; work types match=True and amount similarity=1.00.
WS/MP643/2024-2025/136022,WS/MP643/2024-2025/136028,1.0,1.0,1.0,0.0,1.0,High description similarity within the same state and district; work types match=True and amount similarity=1.00.
WS/MP643/2024-2025/136022,WS/MP643/2024-2025/136031,1.0,1.0,1.0,0.0,1.0,High description similarity within the same state and district; work types match=True and amount similarity=1.00.
WS/MP643/2024-2025/136023,WS/MP643/2024-2025/136027,1.0,1.0,1.0,0.0,1.0,High description similarity within the same state and district; work types match=True and amount similarity=1.00.
WS/MP643/2024-2025/136023,WS/MP643/2024-2025/136026,1.0,1.0,1.0,0.0,1.0,High description similarity within the same state and district; work types match=True and amount similarity=1.00.
WS/MP643/2024-2025/136023,WS/MP643/2024-2025/136025,1.0,1.0,1.0,0.0,1.0,High description similarity within the same state and district; work types match=True and amount similarity=1.00.
WS/MP643/2024-2025/139577,WS/MP643/2024-2025/139583,1.0,1.0,1.0,0.0,1.0,High description similarity within the same state and district; work types match=True and amount similarity=1.00.
WS/MP643/2024-2025/139577,WS/MP643/2024-2025/139584,1.0,1.0,1.0,0.0,1.0,High description similarity within the same state and district; work types match=True and amount similarity=1.00.
WS/MP643/2024-2025/136024,WS/MP643/2024-2025/136027,1.0,1.0,1.0,0.0,1.0,High description similarity within the same state and district; work types match=True and amount similarity=1.00.
WS/MP643/2024-2025/136018,WS/MP643/2024-2025/136031,1.0,1.0,1.0,0.0,1.0,High description similarity within the same state and district; work types match=True and amount similarity=1.00.
WS/MP643/2024-2025/136019,WS/MP643/2024-2025/136027,1.0,1.0,1.0,0.0,1.0,High description similarity within the same state and district; work types match=True and amount similarity=1.00.
WS/MP18032/2024-2025/136944,WS/MP18032/2024-2025/136944,1.0,1.0,1.0,0.0,1.0,High description similarity within the same state and district; work types match=True and amount similarity=1.00.
WS/MP18032/2024-2025/136950,WS/MP18032/2024-2025/136950,1.0,1.0,1.0,0.0,1.0,High description similarity within the same state and district; work types match=True and amount similarity=1.00.
WS/MP18032/2024-2025/137001,WS/MP18032/2024-2025/137001,1.0,1.0,1.0,0.0,1.0,High description similarity within the same state and district; work types match=True and amount similarity=1.00.
WS/MP643/2024-2025/136017,WS/MP643/2024-2025/136026,1.0,1.0,1.0,0.0,1.0,High description similarity within the same state and district; work types match=True and amount similarity=1.00.
WS/MP643/2024-2025/136017,WS/MP643/2024-2025/136025,1.0,1.0,1.0,0.0,1.0,High description similarity within the same state and district; work types match=True and amount similarity=1.00.
WS/MP643/2024-2025/136020,WS/MP643/2024-2025/136031,1.0,1.0,1.0,0.0,1.0,High description similarity within the same state and district; work types match=True and amount similarity=1.00.
WS/MP643/2024-2025/136021,WS/MP643/2024-2025/136027,1.0,1.0,1.0,0.0,1.0,High description similarity within the same state and district; work types match=True and amount similarity=1.00.
WS/MP643/2024-2025/136021,WS/MP643/2024-2025/136026,1.0,1.0,1.0,0.0,1.0,High description similarity within the same state and district; work types match=True and amount similarity=1.00.
WS/MP643/2024-2025/136021,WS/MP643/2024-2025/136025,1.0,1.0,1.0,0.0,1.0,High description similarity within the same state and district; work types match=True and amount similarity=1.00.
WS/MP643/2024-2025/136021,WS/MP643/2024-2025/136028,1.0,1.0,1.0,0.0,1.0,High description similarity within the same state and district; work types match=True and amount similarity=1.00.
WS/MP643/2024-2025/136021,WS/MP643/2024-2025/136031,1.0,1.0,1.0,0.0,1.0,High description similarity within the same state and district; work types match=True and amount similarity=1.00.
WS/MP643/2024-2025/136010,WS/MP643/2024-2025/135996,1.0,1.0,1.0,0.0,1.0,High description similarity within the same state and district; work types match=True and amount similarity=1.00.
WS/MP643/2024-2025/136010,WS/MP643/2024-2025/135997,1.0,1.0,1.0,0.0,1.0,High description similarity within the same state and district; work types match=True and amount similarity=1.00.
WS/MP643/2024-2025/136019,WS/MP643/2024-2025/136026,1.0,1.0,1.0,0.0,1.0,High description similarity within the same state and district; work types match=True and amount similarity=1.00.
WS/MP643/2024-2025/136019,WS/MP643/2024-2025/136025,1.0,1.0,1.0,0.0,1.0,High description similarity within the same state and district; work types match=True and amount similarity=1.00.
WS/MP643/2024-2025/136019,WS/MP643/2024-2025/136028,1.0,1.0,1.0,0.0,1.0,High description similarity within the same state and district; work types match=True and amount similarity=1.00.
WS/MP643/2024-2025/136019,WS/MP643/2024-2025/136031,1.0,1.0,1.0,0.0,1.0,High description similarity within the same state and district; work types match=True and amount similarity=1.00.
WS/MP643/2024-2025/136020,WS/MP643/2024-2025/136027,1.0,1.0,1.0,0.0,1.0,High description similarity within the same state and district; work types match=True and amount similarity=1.00.
WS/MP643/2024-2025/136020,WS/MP643/2024-2025/136026,1.0,1.0,1.0,0.0,1.0,High description similarity within the same state and district; work types match=True and amount similarity=1.00.
WS/MP643/2024-2025/136027,WS/MP643/2024-2025/136027,1.0,1.0,1.0,0.0,1.0,High description similarity within the same state and district; work types match=True and amount similarity=1.00.
WS/MP643/2024-2025/136027,WS/MP643/2024-2025/136028,1.0,1.0,1.0,0.0,1.0,High description similarity within the same state and district; work types match=True and amount similarity=1.00.
WS/MP643/2024-2025/136017,WS/MP643/2024-2025/136028,1.0,1.0,1.0,0.0,1.0,High description similarity within the same state and district; work types match=True and amount similarity=1.00.
WS/MP643/2024-2025/136017,WS/MP643/2024-2025/136031,1.0,1.0,1.0,0.0,1.0,High description similarity within the same state and district; work types match=True and amount similarity=1.00.
WS/MP643/2024-2025/136018,WS/MP643/2024-2025/136027,1.0,1.0,1.0,0.0,1.0,High description similarity within the same state and district; work types match=True and amount similarity=1.00.
WS/MP643/2024-2025/136018,WS/MP643/2024-2025/136026,1.0,1.0,1.0,0.0,1.0,High description similarity within the same state and district; work types match=True and amount similarity=1.00.
WS/MP643/2024-2025/136018,WS/MP643/2024-2025/136025,1.0,1.0,1.0,0.0,1.0,High description similarity within the same state and district; work types match=True and amount similarity=1.00.
WS/MP643/2024-2025/136018,WS/MP643/2024-2025/136028,1.0,1.0,1.0,0.0,1.0,High description similarity within the same state and district; work types match=True and amount similarity=1.00.
WS/MP18221/2025-2026/140866,WS/MP18221/2025-2026/140939,1.0,1.0,1.0,0.0,1.0,High description similarity within the same state and district; work types match=True and amount similarity=1.00.
WS/MP18221/2025-2026/140865,WS/MP18221/2025-2026/140939,1.0,1.0,1.0,0.0,1.0,High description similarity within the same state and district; work types match=True and amount similarity=1.00.
WS/MP18221/2025-2026/140863,WS/MP18221/2025-2026/140939,1.0,1.0,1.0,0.0,1.0,High description similarity within the same state and district; work types match=True and amount similarity=1.00.
WS/MP18221/2025-2026/140864,WS/MP18221/2025-2026/140939,1.0,1.0,1.0,0.0,1.0,High description similarity within the same state and district; work types match=True and amount similarity=1.00.
WS/MP18221/2025-2026/140880,WS/MP18221/2025-2026/140939,1.0,1.0,1.0,0.0,1.0,High description similarity within the same state and district; work types match=True and amount similarity=1.00.
WS/MP18221/2025-2026/140857,WS/MP18221/2025-2026/140939,1.0,1.0,1.0,0.0,1.0,High description similarity within the same state and district; work types match=True and amount similarity=1.00.
WS/MP643/2024-2025/136009,WS/MP643/2024-2025/136006,1.0,1.0,1.0,0.0,1.0,High description similarity within the same state and district; work types match=True and amount similarity=1.00.
WS/MP643/2024-2025/136009,WS/MP643/2024-2025/135996,1.0,1.0,1.0,0.0,1.0,High description similarity within the same state and district; work types match=True and amount similarity=1.00.
WS/MP643/2024-2025/136009,WS/MP643/2024-2025/135997,1.0,1.0,1.0,0.0,1.0,High description similarity within the same state and district; work types match=True and amount similarity=1.00.
WS/MP643/2024-2025/136010,WS/MP643/2024-2025/136004,1.0,1.0,1.0,0.0,1.0,High description similarity within the same state and district; work types match=True and amount similarity=1.00.
WS/MP643/2024-2025/136010,WS/MP643/2024-2025/136005,1.0,1.0,1.0,0.0,1.0,High description similarity within the same state and district; work types match=True and amount similarity=1.00.
WS/MP643/2024-2025/136010,WS/MP643/2024-2025/136006,1.0,1.0,1.0,0.0,1.0,High description similarity within the same state and district; work types match=True and amount similarity=1.00.
WS/MP643/2024-2025/136007,WS/MP643/2024-2025/136006,1.0,1.0,1.0,0.0,1.0,High description similarity within the same state and district; work types match=True and amount similarity=1.00.
WS/MP643/2024-2025/136007,WS/MP643/2024-2025/135996,1.0,1.0,1.0,0.0,1.0,High description similarity within the same state and district; work types match=True and amount similarity=1.00.
WS/MP643/2024-2025/136007,WS/MP643/2024-2025/135997,1.0,1.0,1.0,0.0,1.0,High description similarity within the same state and district; work types match=True and amount similarity=1.00.
WS/MP643/2024-2025/136008,WS/MP643/2024-2025/136004,1.0,1.0,1.0,0.0,1.0,High description similarity within the same state and district; work types match=True and amount similarity=1.00.
WS/MP643/2024-2025/136008,WS/MP643/2024-2025/136005,1.0,1.0,1.0,0.0,1.0,High description similarity within the same state and district; work types match=True and amount similarity=1.00.
WS/MP643/2024-2025/136008,WS/MP643/2024-2025/136006,1.0,1.0,1.0,0.0,1.0,High description similarity within the same state and district; work types match=True and amount similarity=1.00.
WS/MP643/2024-2025/136008,WS/MP643/2024-2025/135996,1.0,1.0,1.0,0.0,1.0,High description similarity within the same state and district; work types match=True and amount similarity=1.00.
WS/MP643/2024-2025/136008,WS/MP643/2024-2025/135997,1.0,1.0,1.0,0.0,1.0,High description similarity within the same state and district; work types match=True and amount similarity=1.00.
WS/MP643/2024-2025/136004,WS/MP643/2024-2025/136004,1.0,1.0,1.0,0.0,1.0,High description similarity within the same state and district; work types match=True and amount similarity=1.00.
WS/MP643/2024-2025/136004,WS/MP643/2024-2025/136005,1.0,1.0,1.0,0.0,1.0,High description similarity within the same state and district; work types match=True and amount similarity=1.00.
WS/MP643/2024-2025/136004,WS/MP643/2024-2025/136006,1.0,1.0,1.0,0.0,1.0,High description similarity within the same state and district; work types match=True and amount similarity=1.00.
WS/MP643/2024-2025/136005,WS/MP643/2024-2025/136005,1.0,1.0,1.0,0.0,1.0,High description similarity within the same state and district; work types match=True and amount similarity=1.00.
WS/MP643/2024-2025/136005,WS/MP643/2024-2025/136006,1.0,1.0,1.0,0.0,1.0,High description similarity within the same state and district; work types match=True and amount similarity=1.00.
WS/MP643/2024-2025/136006,WS/MP643/2024-2025/136006,1.0,1.0,1.0,0.0,1.0,High description similarity within the same state and district; work types match=True and amount similarity=1.00.
WS/MP643/2024-2025/136007,WS/MP643/2024-2025/136004,1.0,1.0,1.0,0.0,1.0,High description similarity within the same state and district; work types match=True and amount similarity=1.00.
WS/MP643/2024-2025/136007,WS/MP643/2024-2025/136005,1.0,1.0,1.0,0.0,1.0,High description similarity within the same state and district; work types match=True and amount similarity=1.00.
WS/MP643/2024-2025/136002,WS/MP643/2024-2025/136006,1.0,1.0,1.0,0.0,1.0,High description similarity within the same state and district; work types match=True and amount similarity=1.00.
WS/MP643/2024-2025/136002,WS/MP643/2024-2025/135996,1.0,1.0,1.0,0.0,1.0,High description similarity within the same state and district; work types match=True and amount similarity=1.00.
WS/MP643/2024-2025/136002,WS/MP643/2024-2025/135997,1.0,1.0,1.0,0.0,1.0,High description similarity within the same state and district; work types match=True and amount similarity=1.00.
WS/MP643/2024-2025/136003,WS/MP643/2024-2025/136004,1.0,1.0,1.0,0.0,1.0,High description similarity within the same state and district; work types match=True and amount similarity=1.00.
WS/MP643/2024-2025/136003,WS/MP643/2024-2025/136005,1.0,1.0,1.0,0.0,1.0,High description similarity within the same state and district; work types match=True and amount similarity=1.00.
WS/MP643/2024-2025/136003,WS/MP643/2024-2025/136006,1.0,1.0,1.0,0.0,1.0,High description similarity within the same state and district; work types match=True and amount similarity=1.00.
WS/MP643/2024-2025/136003,WS/MP643/2024-2025/135996,1.0,1.0,1.0,0.0,1.0,High description similarity within the same state and district; work types match=True and amount similarity=1.00.
WS/MP643/2024-2025/136003,WS/MP643/2024-2025/135997,1.0,1.0,1.0,0.0,1.0,High description similarity within the same state and district; work types match=True and amount similarity=1.00.
WS/MP643/2024-2025/136020,WS/MP643/2024-2025/136025,1.0,1.0,1.0,0.0,1.0,High description similarity within the same state and district; work types match=True and amount similarity=1.00.
WS/MP643/2024-2025/136020,WS/MP643/2024-2025/136028,1.0,1.0,1.0,0.0,1.0,High description similarity within the same state and district; work types match=True and amount similarity=1.00.
WS/MP643/2024-2025/136001,WS/MP643/2024-2025/136005,1.0,1.0,1.0,0.0,1.0,High description similarity within the same state and district; work types match=True and amount similarity=1.00.
WS/MP643/2024-2025/136001,WS/MP643/2024-2025/136006,1.0,1.0,1.0,0.0,1.0,High description similarity within the same state and district; work types match=True and amount similarity=1.00.
WS/MP643/2024-2025/136001,WS/MP643/2024-2025/135996,1.0,1.0,1.0,0.0,1.0,High description similarity within the same state and district; work types match=True and amount similarity=1.00.
WS/MP643/2024-2025/136001,WS/MP643/2024-2025/135997,1.0,1.0,1.0,0.0,1.0,High description similarity within the same state and district; work types match=True and amount similarity=1.00.
WS/MP643/2024-2025/136002,WS/MP643/2024-2025/136004,1.0,1.0,1.0,0.0,1.0,High description similarity within the same state and district; work types match=True and amount similarity=1.00.
WS/MP643/2024-2025/136002,WS/MP643/2024-2025/136005,1.0,1.0,1.0,0.0,1.0,High description similarity within the same state and district; work types match=True and amount similarity=1.00.
WS/MP643/2024-2025/135999,WS/MP643/2024-2025/136005,1.0,1.0,1.0,0.0,1.0,High description similarity within the same state and district; work types match=True and amount similarity=1.00.
WS/MP643/2024-2025/135999,WS/MP643/2024-2025/136006,1.0,1.0,1.0,0.0,1.0,High description similarity within the same state and district; work types match=True and amount similarity=1.00.
WS/MP643/2024-2025/135999,WS/MP643/2024-2025/135996,1.0,1.0,1.0,0.0,1.0,High description similarity within the same state and district; work types match=True and amount similarity=1.00.
WS/MP643/2024-2025/135999,WS/MP643/2024-2025/135997,1.0,1.0,1.0,0.0,1.0,High description similarity within the same state and district; work types match=True and amount similarity=1.00.
WS/MP643/2024-2025/136000,WS/MP643/2024-2025/136004,1.0,1.0,1.0,0.0,1.0,High description similarity within the same state and district; work types match=True and amount similarity=1.00.
WS/MP643/2024-2025/136000,WS/MP643/2024-2025/136005,1.0,1.0,1.0,0.0,1.0,High description similarity within the same state and district; work types match=True and amount similarity=1.00.
WS/MP643/2024-2025/136000,WS/MP643/2024-2025/136006,1.0,1.0,1.0,0.0,1.0,High description similarity within the same state and district; work types match=True and amount similarity=1.00.
WS/MP643/2024-2025/136000,WS/MP643/2024-2025/135996,1.0,1.0,1.0,0.0,1.0,High description similarity within the same state and district; work types match=True and amount similarity=1.00.
WS/MP643/2024-2025/135997,WS/MP643/2024-2025/136006,1.0,1.0,1.0,0.0,1.0,High description similarity within the same state and district; work types match=True and amount similarity=1.00.
WS/MP643/2024-2025/135997,WS/MP643/2024-2025/135997,1.0,1.0,1.0,0.0,1.0,High description similarity within the same state and district; work types match=True and amount similarity=1.00.
WS/MP643/2024-2025/135998,WS/MP643/2024-2025/136004,1.0,1.0,1.0,0.0,1.0,High description similarity within the same state and district; work types match=True and amount similarity=1.00.
WS/MP643/2024-2025/135998,WS/MP643/2024-2025/136005,1.0,1.0,1.0,0.0,1.0,High description similarity within the same state and district; work types match=True and amount similarity=1.00.
WS/MP643/2024-2025/135998,WS/MP643/2024-2025/136006,1.0,1.0,1.0,0.0,1.0,High description similarity within the same state and district; work types match=True and amount similarity=1.00.
WS/MP643/2024-2025/135998,WS/MP643/2024-2025/135996,1.0,1.0,1.0,0.0,1.0,High description similarity within the same state and district; work types match=True and amount similarity=1.00.
WS/MP643/2024-2025/135998,WS/MP643/2024-2025/135997,1.0,1.0,1.0,0.0,1.0,High description similarity within the same state and district; work types match=True and amount similarity=1.00.
WS/MP643/2024-2025/135999,WS/MP643/2024-2025/136004,1.0,1.0,1.0,0.0,1.0,High description similarity within the same state and district; work types match=True and amount similarity=1.00.
WS/MP643/2024-2025/135995,WS/MP643/2024-2025/135997,1.0,1.0,1.0,0.0,1.0,High description similarity within the same state and district; work types match=True and amount similarity=1.00.
WS/MP643/2024-2025/135996,WS/MP643/2024-2025/136004,1.0,1.0,1.0,0.0,1.0,High description similarity within the same state and district; work types match=True and amount similarity=1.00.
WS/MP643/2024-2025/135996,WS/MP643/2024-2025/136005,1.0,1.0,1.0,0.0,1.0,High description similarity within the same state and district; work types match=True and amount similarity=1.00.
WS/MP643/2024-2025/135996,WS/MP643/2024-2025/136006,1.0,1.0,1.0,0.0,1.0,High description similarity within the same state and district; work types match=True and amount similarity=1.00.
WS/MP643/2024-2025/135996,WS/MP643/2024-2025/135996,1.0,1.0,1.0,0.0,1.0,High description similarity within the same state and district; work types match=True and amount similarity=1.00.
WS/MP643/2024-2025/135996,WS/MP643/2024-2025/135997,1.0,1.0,1.0,0.0,1.0,High description similarity within the same state and district; work types match=True and amount similarity=1.00.
WS/MP643/2024-2025/135997,WS/MP643/2024-2025/136004,1.0,1.0,1.0,0.0,1.0,High description similarity within the same state and district; work types match=True and amount similarity=1.00.
WS/MP643/2024-2025/135997,WS/MP643/2024-2025/136005,1.0,1.0,1.0,0.0,1.0,High description similarity within the same state and district; work types match=True and amount similarity=1.00.
WS/MP643/2024-2025/136009,WS/MP643/2024-2025/136004,1.0,1.0,1.0,0.0,1.0,High description similarity within the same state and district; work types match=True and amount similarity=1.00.
WS/MP643/2024-2025/136009,WS/MP643/2024-2025/136005,1.0,1.0,1.0,0.0,1.0,High description similarity within the same state and district; work types match=True and amount similarity=1.00.
WS/MP643/2024-2025/135994,WS/MP643/2024-2025/135996,1.0,1.0,1.0,0.0,1.0,High description similarity within the same state and district; work types match=True and amount similarity=1.00.
WS/MP643/2024-2025/135994,WS/MP643/2024-2025/135997,1.0,1.0,1.0,0.0,1.0,High description similarity within the same state and district; work types match=True and amount similarity=1.00.
WS/MP643/2024-2025/135995,WS/MP643/2024-2025/136004,1.0,1.0,1.0,0.0,1.0,High description similarity within the same state and district; work types match=True and amount similarity=1.00.
WS/MP643/2024-2025/135995,WS/MP643/2024-2025/136005,1.0,1.0,1.0,0.0,1.0,High description similarity within the same state and district; work types match=True and amount similarity=1.00.
WS/MP643/2024-2025/135995,WS/MP643/2024-2025/136006,1.0,1.0,1.0,0.0,1.0,High description similarity within the same state and district; work types match=True and amount similarity=1.00.
WS/MP643/2024-2025/135995,WS/MP643/2024-2025/135996,1.0,1.0,1.0,0.0,1.0,High description similarity within the same state and district; work types match=True and amount similarity=1.00.
WS/MP643/2024-2025/135917,WS/MP643/2024-2025/135914,1.0,1.0,1.0,0.0,1.0,High description similarity within the same state and district; work types match=True and amount similarity=1.00.
WS/MP643/2024-2025/135917,WS/MP643/2024-2025/135915,1.0,1.0,1.0,0.0,1.0,High description similarity within the same state and district; work types match=True and amount similarity=1.00.
WS/MP643/2024-2025/135993,WS/MP643/2024-2025/136004,1.0,1.0,1.0,0.0,1.0,High description similarity within the same state and district; work types match=True and amount similarity=1.00.
WS/MP643/2024-2025/135993,WS/MP643/2024-2025/136005,1.0,1.0,1.0,0.0,1.0,High description similarity within the same state and district; work types match=True and amount similarity=1.00.
WS/MP643/2024-2025/135993,WS/MP643/2024-2025/136006,1.0,1.0,1.0,0.0,1.0,High description similarity within the same state and district; work types match=True and amount similarity=1.00.
WS/MP643/2024-2025/135993,WS/MP643/2024-2025/135996,1.0,1.0,1.0,0.0,1.0,High description similarity within the same state and district; work types match=True and amount similarity=1.00.
WS/MP643/2024-2025/135993,WS/MP643/2024-2025/135997,1.0,1.0,1.0,0.0,1.0,High description similarity within the same state and district; work types match=True and amount similarity=1.00.
WS/MP643/2024-2025/135994,WS/MP643/2024-2025/136004,1.0,1.0,1.0,0.0,1.0,High description similarity within the same state and district; work types match=True and amount similarity=1.00.
WS/MP643/2024-2025/135916,WS/MP643/2024-2025/135911,1.0,1.0,1.0,0.0,1.0,High description similarity within the same state and district; work types match=True and amount similarity=1.00.
WS/MP643/2024-2025/135916,WS/MP643/2024-2025/135909,1.0,1.0,1.0,0.0,1.0,High description similarity within the same state and district; work types match=True and amount similarity=1.00.
WS/MP643/2024-2025/135916,WS/MP643/2024-2025/135908,1.0,1.0,1.0,0.0,1.0,High description similarity within the same state and district; work types match=True and amount similarity=1.00.
WS/MP643/2024-2025/135916,WS/MP643/2024-2025/135914,1.0,1.0,1.0,0.0,1.0,High description similarity within the same state and district; work types match=True and amount similarity=1.00.
WS/MP643/2024-2025/135916,WS/MP643/2024-2025/135915,1.0,1.0,1.0,0.0,1.0,High description similarity within the same state and district; work types match=True and amount similarity=1.00.
WS/MP643/2024-2025/135917,WS/MP643/2024-2025/135911,1.0,1.0,1.0,0.0,1.0,High description similarity within the same state and district; work types match=True and amount similarity=1.00.
WS/MP643/2024-2025/135917,WS/MP643/2024-2025/135909,1.0,1.0,1.0,0.0,1.0,High description similarity within the same state and district; work types match=True and amount similarity=1.00.
WS/MP643/2024-2025/135917,WS/MP643/2024-2025/135908,1.0,1.0,1.0,0.0,1.0,High description similarity within the same state and district; work types match=True and amount similarity=1.00.
WS/MP643/2024-2025/135912,WS/MP643/2024-2025/135911,1.0,1.0,1.0,0.0,1.0,High description similarity within the same state and district; work types match=True and amount similarity=1.00.
WS/MP643/2024-2025/135912,WS/MP643/2024-2025/135909,1.0,1.0,1.0,0.0,1.0,High description similarity within the same state and district; work types match=True and amount similarity=1.00.
WS/MP643/2024-2025/135912,WS/MP643/2024-2025/135908,1.0,1.0,1.0,0.0,1.0,High description similarity within the same state and district; work types match=True and amount similarity=1.00.
WS/MP643/2024-2025/135912,WS/MP643/2024-2025/135914,1.0,1.0,1.0,0.0,1.0,High description similarity within the same state and district; work types match=True and amount similarity=1.00.
WS/MP643/2024-2025/135912,WS/MP643/2024-2025/135915,1.0,1.0,1.0,0.0,1.0,High description similarity within the same state and district; work types match=True and amount similarity=1.00.
WS/MP643/2024-2025/135914,WS/MP643/2024-2025/135914,1.0,1.0,1.0,0.0,1.0,High description similarity within the same state and district; work types match=True and amount similarity=1.00.
WS/MP643/2024-2025/135914,WS/MP643/2024-2025/135915,1.0,1.0,1.0,0.0,1.0,High description similarity within the same state and district; work types match=True and amount similarity=1.00.
WS/MP643/2024-2025/135915,WS/MP643/2024-2025/135915,1.0,1.0,1.0,0.0,1.0,High description similarity within the same state and district; work types match=True and amount similarity=1.00.
WS/MP643/2024-2025/136000,WS/MP643/2024-2025/135997,1.0,1.0,1.0,0.0,1.0,High description similarity within the same state and district; work types match=True and amount similarity=1.00.
WS/MP643/2024-2025/136001,WS/MP643/2024-2025/136004,1.0,1.0,1.0,0.0,1.0,High description similarity within the same state and district; work types match=True and amount similarity=1.00.
WS/MP641/2024-2025/138919,WS/MP641/2024-2025/138934,1.0,1.0,1.0,0.0,1.0,High description similarity within the same state and district; work types match=True and amount similarity=1.00.
WS/MP641/2024-2025/138920,WS/MP641/2024-2025/138934,1.0,1.0,1.0,0.0,1.0,High description similarity within the same state and district; work types match=True and amount similarity=1.00.
WS/MP641/2024-2025/138920,WS/MP641/2024-2025/138932,1.0,1.0,1.0,0.0,1.0,High description similarity within the same state and district; work types match=True and amount similarity=1.00.
WS/MP641/2024-2025/138920,WS/MP641/2024-2025/138936,1.0,1.0,1.0,0.0,1.0,High description similarity within the same state and district; work types match=True and amount similarity=1.00.
WS/MP641/2024-2025/138920,WS/MP641/2024-2025/138935,1.0,1.0,1.0,0.0,1.0,High description similarity within the same state and district; work types match=True and amount similarity=1.00.
WS/MP641/2024-2025/138916,WS/MP641/2024-2025/138935,1.0,1.0,1.0,0.0,1.0,High description similarity within the same state and district; work types match=True and amount similarity=1.00.
WS/MP641/2024-2025/138918,WS/MP641/2024-2025/138921,1.0,1.0,1.0,0.0,1.0,High description similarity within the same state and district; work types match=True and amount similarity=1.00.
WS/MP641/2024-2025/138918,WS/MP641/2024-2025/138934,1.0,1.0,1.0,0.0,1.0,High description similarity within the same state and district; work types match=True and amount similarity=1.00.
WS/MP641/2024-2025/138934,WS/MP641/2024-2025/138935,1.0,1.0,1.0,0.0,1.0,High description similarity within the same state and district; work types match=True and amount similarity=1.00.
WS/MP641/2024-2025/138935,WS/MP641/2024-2025/138936,1.0,1.0,1.0,0.0,1.0,High description similarity within the same state and district; work types match=True and amount similarity=1.00.
WS/MP641/2024-2025/138935,WS/MP641/2024-2025/138935,1.0,1.0,1.0,0.0,1.0,High description similarity within the same state and district; work types match=True and amount similarity=1.00.
WS/MP641/2024-2025/138936,WS/MP641/2024-2025/138936,1.0,1.0,1.0,0.0,1.0,High description similarity within the same state and district; work types match=True and amount similarity=1.00.
WS/MP641/2024-2025/143281,WS/MP641/2024-2025/143281,1.0,1.0,1.0,0.0,1.0,High description similarity within the same state and district; work types match=True and amount similarity=1.00.
WS/MP641/2024-2025/138918,WS/MP641/2024-2025/138936,1.0,1.0,1.0,0.0,1.0,High description similarity within the same state and district; work types match=True and amount similarity=1.00.
WS/MP641/2024-2025/138918,WS/MP641/2024-2025/138935,1.0,1.0,1.0,0.0,1.0,High description similarity within the same state and district; work types match=True and amount similarity=1.00.
WS/MP641/2024-2025/138919,WS/MP641/2024-2025/138921,1.0,1.0,1.0,0.0,1.0,High description similarity within the same state and district; work types match=True and amount similarity=1.00.
WS/MP643/2024-2025/135908,WS/MP643/2024-2025/135914,1.0,1.0,1.0,0.0,1.0,High description similarity within the same state and district; work types match=True and amount similarity=1.00.
WS/MP643/2024-2025/135908,WS/MP643/2024-2025/135915,1.0,1.0,1.0,0.0,1.0,High description similarity within the same state and district; work types match=True and amount similarity=1.00.
WS/MP643/2024-2025/135909,WS/MP643/2024-2025/135911,1.0,1.0,1.0,0.0,1.0,High description similarity within the same state and district; work types match=True and amount similarity=1.00.
WS/MP643/2024-2025/135909,WS/MP643/2024-2025/135909,1.0,1.0,1.0,0.0,1.0,High description similarity within the same state and district; work types match=True and amount similarity=1.00.
WS/MP643/2024-2025/135909,WS/MP643/2024-2025/135914,1.0,1.0,1.0,0.0,1.0,High description similarity within the same state and district; work types match=True and amount similarity=1.00.
WS/MP643/2024-2025/135909,WS/MP643/2024-2025/135915,1.0,1.0,1.0,0.0,1.0,High description similarity within the same state and district; work types match=True and amount similarity=1.00.
WS/MP643/2024-2025/135994,WS/MP643/2024-2025/136005,1.0,1.0,1.0,0.0,1.0,High description similarity within the same state and district; work types match=True and amount similarity=1.00.
WS/MP643/2024-2025/135994,WS/MP643/2024-2025/136006,1.0,1.0,1.0,0.0,1.0,High description similarity within the same state and district; work types match=True and amount similarity=1.00.
WS/MP643/2024-2025/135911,WS/MP643/2024-2025/135911,1.0,1.0,1.0,0.0,1.0,High description similarity within the same state and district; work types match=True and amount similarity=1.00.
WS/MP643/2024-2025/135911,WS/MP643/2024-2025/135914,1.0,1.0,1.0,0.0,1.0,High description similarity within the same state and district; work types match=True and amount similarity=1.00.
WS/MP643/2024-2025/135911,WS/MP643/2024-2025/135915,1.0,1.0,1.0,0.0,1.0,High description similarity within the same state and district; work types match=True and amount similarity=1.00.
WS/MP643/2024-2025/135908,WS/MP643/2024-2025/135911,1.0,1.0,1.0,0.0,1.0,High description similarity within the same state and district; work types match=True and amount similarity=1.00.
WS/MP643/2024-2025/135908,WS/MP643/2024-2025/135909,1.0,1.0,1.0,0.0,1.0,High description similarity within the same state and district; work types match=True and amount similarity=1.00.
WS/MP643/2024-2025/135908,WS/MP643/2024-2025/135908,1.0,1.0,1.0,0.0,1.0,High description similarity within the same state and district; work types match=True and amount similarity=1.00.
WS/MP641/2024-2025/138916,WS/MP641/2024-2025/138936,1.0,1.0,1.0,0.0,1.0,High description similarity within the same state and district; work types match=True and amount similarity=1.00.
WS/MP641/2024-2025/138916,WS/MP641/2024-2025/138921,1.0,1.0,1.0,0.0,1.0,High description similarity within the same state and district; work types match=True and amount similarity=1.00.
WS/MP641/2024-2025/138916,WS/MP641/2024-2025/138934,1.0,1.0,1.0,0.0,1.0,High description similarity within the same state and district; work types match=True and amount similarity=1.00.
WS/MP641/2024-2025/138916,WS/MP641/2024-2025/138932,1.0,1.0,1.0,0.0,1.0,High description similarity within the same state and district; work types match=True and amount similarity=1.00.
WS/MP632/2025-2026/142393,WS/MP632/2025-2026/142393,1.0,1.0,1.0,0.0,1.0,High description similarity within the same state and district; work types match=True and amount similarity=1.00.
WS/MP632/2024-2025/142379,WS/MP632/2024-2025/142378,1.0,1.0,1.0,0.0,1.0,High description similarity within the same state and district; work types match=True and amount similarity=1.00.
WS/MP641/2024-2025/138921,WS/MP641/2024-2025/138936,1.0,1.0,1.0,0.0,1.0,High description similarity within the same state and district; work types match=True and amount similarity=1.00.
WS/MP641/2024-2025/138924,WS/MP641/2024-2025/138936,1.0,1.0,1.0,0.0,1.0,High description similarity within the same state and district; work types match=True and amount similarity=1.00.
WS/MP641/2024-2025/138924,WS/MP641/2024-2025/138935,1.0,1.0,1.0,0.0,1.0,High description similarity within the same state and district; work types match=True and amount similarity=1.00.
WS/MP641/2024-2025/138932,WS/MP641/2024-2025/138934,1.0,1.0,1.0,0.0,1.0,High description similarity within the same state and district; work types match=True and amount similarity=1.00.
WS/MP641/2024-2025/138932,WS/MP641/2024-2025/138932,1.0,1.0,1.0,0.0,1.0,High description similarity within the same state and district; work types match=True and amount similarity=1.00.
WS/MP641/2024-2025/138920,WS/MP641/2024-2025/138921,1.0,1.0,1.0,0.0,1.0,High description similarity within the same state and district; work types match=True and amount similarity=1.00.
WS/MP641/2024-2025/138932,WS/MP641/2024-2025/138936,1.0,1.0,1.0,0.0,1.0,High description similarity within the same state and district; work types match=True and amount similarity=1.00.
WS/MP641/2024-2025/138932,WS/MP641/2024-2025/138935,1.0,1.0,1.0,0.0,1.0,High description similarity within the same state and district; work types match=True and amount similarity=1.00.
WS/MP641/2024-2025/138934,WS/MP641/2024-2025/138934,1.0,1.0,1.0,0.0,1.0,High description similarity within the same state and district; work types match=True and amount similarity=1.00.
WS/MP641/2024-2025/138934,WS/MP641/2024-2025/138936,1.0,1.0,1.0,0.0,1.0,High description similarity within the same state and district; work types match=True and amount similarity=1.00.
WS/MP641/2024-2025/138921,WS/MP641/2024-2025/138921,1.0,1.0,1.0,0.0,1.0,High description similarity within the same state and district; work types match=True and amount similarity=1.00.
WS/MP641/2024-2025/138921,WS/MP641/2024-2025/138934,1.0,1.0,1.0,0.0,1.0,High description similarity within the same state and district; work types match=True and amount similarity=1.00.
WS/MP641/2024-2025/138921,WS/MP641/2024-2025/138932,1.0,1.0,1.0,0.0,1.0,High description similarity within the same state and district; work types match=True and amount similarity=1.00.
WS/MP641/2024-2025/138918,WS/MP641/2024-2025/138932,1.0,1.0,1.0,0.0,1.0,High description similarity within the same state and district; work types match=True and amount similarity=1.00.
WS/MP641/2024-2025/138921,WS/MP641/2024-2025/138935,1.0,1.0,1.0,0.0,1.0,High description similarity within the same state and district; work types match=True and amount similarity=1.00.
WS/MP641/2024-2025/138924,WS/MP641/2024-2025/138921,1.0,1.0,1.0,0.0,1.0,High description similarity within the same state and district; work types match=True and amount similarity=1.00.
WS/MP641/2024-2025/138924,WS/MP641/2024-2025/138934,1.0,1.0,1.0,0.0,1.0,High description similarity within the same state and district; work types match=True and amount similarity=1.00.
WS/MP641/2024-2025/138924,WS/MP641/2024-2025/138932,1.0,1.0,1.0,0.0,1.0,High description similarity within the same state and district; work types match=True and amount similarity=1.00.
WS/MP641/2024-2025/138919,WS/MP641/2024-2025/138932,1.0,1.0,1.0,0.0,1.0,High description similarity within the same state and district; work types match=True and amount similarity=1.00.
WS/MP641/2024-2025/138919,WS/MP641/2024-2025/138936,1.0,1.0,1.0,0.0,1.0,High description similarity within the same state and district; work types match=True and amount similarity=1.00.
WS/MP641/2024-2025/138919,WS/MP641/2024-2025/138935,1.0,1.0,1.0,0.0,1.0,High description similarity within the same state and district; work types match=True and amount similarity=1.00.
WS/MP18173/2024-2025/137447,WS/MP18173/2024-2025/137447,1.0,1.0,1.0,0.0,1.0,High description similarity within the same state and district; work types match=True and amount similarity=1.00.
WS/MP18173/2024-2025/137915,WS/MP18173/2024-2025/137915,1.0,1.0,1.0,0.0,1.0,High description similarity within the same state and district; work types match=True and amount similarity=1.00.
WS/MP18221/2025-2026/140879,WS/MP18221/2025-2026/140939,1.0,1.0,1.0,0.0,1.0,High description similarity within the same state and district; work types match=True and amount similarity=1.00.
WS/MP18173/2024-2025/139193,WS/MP18173/2024-2025/139193,1.0,1.0,1.0,0.0,1.0,High description similarity within the same state and district; work types match=True and amount similarity=1.00.
WS/MP18173/2024-2025/137928,WS/MP18173/2024-2025/137928,1.0,1.0,1.0,0.0,1.0,High description similarity within the same state and district; work types match=True and amount similarity=1.00.
WS/MP18173/2024-2025/137458,WS/MP18173/2024-2025/137458,1.0,1.0,1.0,0.0,1.0,High description similarity within the same state and district; work types match=True and amount similarity=1.00.
WS/MP18173/2024-2025/137446,WS/MP18173/2024-2025/137447,1.0,1.0,1.0,0.0,1.0,High description similarity within the same state and district; work types match=True and amount similarity=1.00.
WS/MP18221/2025-2026/140871,WS/MP18221/2025-2026/140939,1.0,1.0,1.0,0.0,1.0,High description similarity within the same state and district; work types match=True and amount similarity=1.00.
WS/MP18221/2025-2026/140872,WS/MP18221/2025-2026/140939,1.0,1.0,1.0,0.0,1.0,High description similarity within the same state and district; work types match=True and amount similarity=1.00.
WS/MP18221/2025-2026/140870,WS/MP18221/2025-2026/140939,1.0,1.0,1.0,0.0,1.0,High description similarity within the same state and district; work types match=True and amount similarity=1.00.
WS/MP632/2024-2025/142370,WS/MP632/2024-2025/142370,1.0,1.0,1.0,0.0,1.0,High description similarity within the same state and district; work types match=True and amount similarity=1.00.
WS/MP620/2024-2025/133306,WS/MP620/2024-2025/133306,1.0,1.0,1.0,0.0,1.0,High description similarity within the same state and district; work types match=True and amount similarity=1.00.
WS/MP620/2024-2025/133307,WS/MP620/2024-2025/133307,1.0,1.0,1.0,0.0,1.0,High description similarity within the same state and district; work types match=True and amount similarity=1.00.
WS/MP632/2024-2025/134103,WS/MP632/2024-2025/134105,1.0,1.0,1.0,0.0,1.0,High description similarity within the same state and district; work types match=True and amount similarity=1.00.
WS/MP632/2024-2025/134105,WS/MP632/2024-2025/134105,1.0,1.0,1.0,0.0,1.0,High description similarity within the same state and district; work types match=True and amount similarity=1.00.
WS/MP632/2024-2025/142330,WS/MP632/2024-2025/142330,1.0,1.0,1.0,0.0,1.0,High description similarity within the same state and district; work types match=True and amount similarity=1.00.
WS/MP632/2024-2025/142332,WS/MP632/2024-2025/142333,1.0,1.0,1.0,0.0,1.0,High description similarity within the same state and district; work types match=True and amount similarity=1.00.
WS/MP632/2024-2025/142332,WS/MP632/2024-2025/142332,1.0,1.0,1.0,0.0,1.0,High description similarity within the same state and district; work types match=True and amount similarity=1.00.
WS/MP632/2024-2025/142333,WS/MP632/2024-2025/142333,1.0,1.0,1.0,0.0,1.0,High description similarity within the same state and district; work types match=True and amount similarity=1.00.
WS/MP632/2024-2025/142369,WS/MP632/2024-2025/142370,1.0,1.0,1.0,0.0,1.0,High description similarity within the same state and district; work types match=True and amount similarity=1.00.
WS/MP632/2025-2026/142394,WS/MP632/2025-2026/142393,1.0,1.0,1.0,0.0,1.0,High description similarity within the same state and district; work types match=True and amount similarity=1.00.
WS/MP632/2024-2025/142378,WS/MP632/2024-2025/142378,1.0,1.0,1.0,0.0,1.0,High description similarity within the same state and district; work types match=True and amount similarity=1.00.
WS/MP18221/2025-2026/140869,WS/MP18221/2025-2026/140939,1.0,1.0,1.0,0.0,1.0,High description similarity within the same state and district; work types match=True and amount similarity=1.00.
WS/MP18155/2024-2025/141703,WS/MP18155/2024-2025/141703,1.0,1.0,1.0,0.0,1.0,High description similarity within the same state and district; work types match=True and amount similarity=1.00.
WS/MP18155/2024-2025/141718,WS/MP18155/2024-2025/141717,1.0,1.0,1.0,0.0,1.0,High description similarity within the same state and district; work types match=True and amount similarity=1.00.
WS/MP18221/2025-2026/140886,WS/MP18221/2025-2026/140939,1.0,1.0,1.0,0.0,1.0,High description similarity within the same state and district; work types match=True and amount similarity=1.00.
WS/MP18155/2024-2025/141775,WS/MP18155/2024-2025/141704,1.0,1.0,1.0,0.0,1.0,High description similarity within the same state and district; work types match=True and amount similarity=1.00.
WS/MP18155/2024-2025/141775,WS/MP18155/2024-2025/141712,1.0,1.0,1.0,0.0,1.0,High description similarity within the same state and district; work types match=True and amount similarity=1.00.
WS/MP18155/2024-2025/141775,WS/MP18155/2024-2025/141714,1.0,1.0,1.0,0.0,1.0,High description similarity within the same state and district; work types match=True and amount similarity=1.00.
WS/MP18155/2024-2025/141775,WS/MP18155/2024-2025/141717,1.0,1.0,1.0,0.0,1.0,High description similarity within the same state and district; work types match=True and amount similarity=1.00.
WS/MP18155/2024-2025/141716,WS/MP18155/2024-2025/141712,1.0,1.0,1.0,0.0,1.0,High description similarity within the same state and district; work types match=True and amount similarity=1.00.
WS/MP18155/2024-2025/141716,WS/MP18155/2024-2025/141714,1.0,1.0,1.0,0.0,1.0,High description similarity within the same state and district; work types match=True and amount similarity=1.00.
WS/MP18155/2024-2025/141702,WS/MP18155/2024-2025/141699,1.0,1.0,1.0,0.0,1.0,High description similarity within the same state and district; work types match=True and amount similarity=1.00.
WS/MP18155/2024-2025/141702,WS/MP18155/2024-2025/141701,1.0,1.0,1.0,0.0,1.0,High description similarity within the same state and district; work types match=True and amount similarity=1.00.
WS/MP18155/2024-2025/141717,WS/MP18155/2024-2025/141717,1.0,1.0,1.0,0.0,1.0,High description similarity within the same state and district; work types match=True and amount similarity=1.00.
WS/MP18155/2024-2025/141718,WS/MP18155/2024-2025/141707,1.0,1.0,1.0,0.0,1.0,High description similarity within the same state and district; work types match=True and amount similarity=1.00.
WS/MP18155/2024-2025/141718,WS/MP18155/2024-2025/141704,1.0,1.0,1.0,0.0,1.0,High description similarity within the same state and district; work types match=True and amount similarity=1.00.
WS/MP18155/2024-2025/141718,WS/MP18155/2024-2025/141712,1.0,1.0,1.0,0.0,1.0,High description similarity within the same state and district; work types match=True and amount similarity=1.00.
WS/MP18155/2024-2025/141718,WS/MP18155/2024-2025/141714,1.0,1.0,1.0,0.0,1.0,High description similarity within the same state and district; work types match=True and amount similarity=1.00.
WS/MP18155/2024-2025/141714,WS/MP18155/2024-2025/141717,1.0,1.0,1.0,0.0,1.0,High description similarity within the same state and district; work types match=True and amount similarity=1.00.
WS/MP18155/2024-2025/141715,WS/MP18155/2024-2025/141707,1.0,1.0,1.0,0.0,1.0,High description similarity within the same state and district; work types match=True and amount similarity=1.00.
WS/MP18155/2024-2025/141775,WS/MP18155/2024-2025/141707,1.0,1.0,1.0,0.0,1.0,High description similarity within the same state and district; work types match=True and amount similarity=1.00.
WS/MP858/2024-2025/144003,WS/MP858/2024-2025/144003,1.0,1.0,1.0,0.0,1.0,High description similarity within the same state and district; work types match=True and amount similarity=1.00.
WS/MP858/2024-2025/144000,WS/MP858/2024-2025/144003,1.0,1.0,1.0,0.0,1.0,High description similarity within the same state and district; work types match=True and amount similarity=1.00.
WS/MP584/2024-2025/136561,WS/MP584/2024-2025/136561,1.0,1.0,1.0,0.0,1.0,High description similarity within the same state and district; work types match=True and amount similarity=1.00.
WS/MP18155/2024-2025/141712,WS/MP18155/2024-2025/141712,1.0,1.0,1.0,0.0,1.0,High description similarity within the same state and district; work types match=True and amount similarity=1.00.
WS/MP18155/2024-2025/141715,WS/MP18155/2024-2025/141704,1.0,1.0,1.0,0.0,1.0,High description similarity within the same state and district; work types match=True and amount similarity=1.00.
WS/MP18155/2024-2025/141715,WS/MP18155/2024-2025/141712,1.0,1.0,1.0,0.0,1.0,High description similarity within the same state and district; work types match=True and amount similarity=1.00.
WS/MP18155/2024-2025/141715,WS/MP18155/2024-2025/141714,1.0,1.0,1.0,0.0,1.0,High description similarity within the same state and district; work types match=True and amount similarity=1.00.
WS/MP18155/2024-2025/141715,WS/MP18155/2024-2025/141717,1.0,1.0,1.0,0.0,1.0,High description similarity within the same state and district; work types match=True and amount similarity=1.00.
WS/MP18155/2024-2025/141716,WS/MP18155/2024-2025/141707,1.0,1.0,1.0,0.0,1.0,High description similarity within the same state and district; work types match=True and amount similarity=1.00.
WS/MP18155/2024-2025/141716,WS/MP18155/2024-2025/141704,1.0,1.0,1.0,0.0,1.0,High description similarity within the same state and district; work types match=True and amount similarity=1.00.
WS/MP18155/2024-2025/141716,WS/MP18155/2024-2025/141717,1.0,1.0,1.0,0.0,1.0,High description similarity within the same state and district; work types match=True and amount similarity=1.00.
WS/MP18155/2024-2025/141712,WS/MP18155/2024-2025/141714,1.0,1.0,1.0,0.0,1.0,High description similarity within the same state and district; work types match=True and amount similarity=1.00.
WS/MP18155/2024-2025/141712,WS/MP18155/2024-2025/141717,1.0,1.0,1.0,0.0,1.0,High description similarity within the same state and district; work types match=True and amount similarity=1.00.
WS/MP18155/2024-2025/141714,WS/MP18155/2024-2025/141714,1.0,1.0,1.0,0.0,1.0,High description similarity within the same state and district; work types match=True and amount similarity=1.00.
WS/MP18155/2024-2025/141706,WS/MP18155/2024-2025/141714,1.0,1.0,1.0,0.0,1.0,High description similarity within the same state and district; work types match=True and amount similarity=1.00.
WS/MP18155/2024-2025/141706,WS/MP18155/2024-2025/141717,1.0,1.0,1.0,0.0,1.0,High description similarity within the same state and district; work types match=True and amount similarity=1.00.
WS/MP18155/2024-2025/141707,WS/MP18155/2024-2025/141707,1.0,1.0,1.0,0.0,1.0,High description similarity within the same state and district; work types match=True and amount similarity=1.00.
WS/MP18155/2024-2025/141707,WS/MP18155/2024-2025/141712,1.0,1.0,1.0,0.0,1.0,High description similarity within the same state and district; work types match=True and amount similarity=1.00.
WS/MP18155/2024-2025/141566,WS/MP18155/2024-2025/141707,1.0,1.0,1.0,0.0,1.0,High description similarity within the same state and district; work types match=True and amount similarity=1.00.
WS/MP18155/2024-2025/141701,WS/MP18155/2024-2025/141701,1.0,1.0,1.0,0.0,1.0,High description similarity within the same state and district; work types match=True and amount similarity=1.00.
WS/MP18155/2024-2025/141707,WS/MP18155/2024-2025/141714,1.0,1.0,1.0,0.0,1.0,High description similarity within the same state and district; work types match=True and amount similarity=1.00.
WS/MP18155/2024-2025/141707,WS/MP18155/2024-2025/141717,1.0,1.0,1.0,0.0,1.0,High description similarity within the same state and district; work types match=True and amount similarity=1.00.
WS/MP18155/2024-2025/141704,WS/MP18155/2024-2025/141707,1.0,1.0,1.0,0.0,1.0,High description similarity within the same state and district; work types match=True and amount similarity=1.00.
WS/MP18155/2024-2025/141704,WS/MP18155/2024-2025/141704,1.0,1.0,1.0,0.0,1.0,High description similarity within the same state and district; work types match=True and amount similarity=1.00.
WS/MP18155/2024-2025/141704,WS/MP18155/2024-2025/141712,1.0,1.0,1.0,0.0,1.0,High description similarity within the same state and district; work types match=True and amount similarity=1.00.
WS/MP18155/2024-2025/141704,WS/MP18155/2024-2025/141714,1.0,1.0,1.0,0.0,1.0,High description similarity within the same state and district; work types match=True and amount similarity=1.00.
WS/MP18155/2024-2025/141704,WS/MP18155/2024-2025/141717,1.0,1.0,1.0,0.0,1.0,High description similarity within the same state and district; work types match=True and amount similarity=1.00.
WS/MP18155/2024-2025/141706,WS/MP18155/2024-2025/141707,1.0,1.0,1.0,0.0,1.0,High description similarity within the same state and district; work types match=True and amount similarity=1.00.
WS/MP18155/2024-2025/141706,WS/MP18155/2024-2025/141704,1.0,1.0,1.0,0.0,1.0,High description similarity within the same state and district; work types match=True and amount similarity=1.00.
WS/MP18155/2024-2025/141706,WS/MP18155/2024-2025/141712,1.0,1.0,1.0,0.0,1.0,High description similarity within the same state and district; work types match=True and amount similarity=1.00.
WS/MP18155/2024-2025/141699,WS/MP18155/2024-2025/141699,1.0,1.0,1.0,0.0,1.0,High description similarity within the same state and district; work types match=True and amount similarity=1.00.
WS/MP18155/2024-2025/141699,WS/MP18155/2024-2025/141701,1.0,1.0,1.0,0.0,1.0,High description similarity within the same state and district; work types match=True and amount similarity=1.00.
WS/MP18155/2024-2025/141700,WS/MP18155/2024-2025/141703,1.0,1.0,1.0,0.0,1.0,High description similarity within the same state and district; work types match=True and amount similarity=1.00.
WS/MP18155/2024-2025/141700,WS/MP18155/2024-2025/141698,1.0,1.0,1.0,0.0,1.0,High description similarity within the same state and district; work types match=True and amount similarity=1.00.
WS/MP582/2024-2025/137316,WS/MP582/2024-2025/137316,1.0,1.0,1.0,0.0,1.0,High description similarity within the same state and district; work types match=True and amount similarity=1.00.
WS/MP582/2024-2025/137318,WS/MP582/2024-2025/137316,1.0,1.0,1.0,0.0,1.0,High description similarity within the same state and district; work types match=True and amount similarity=1.00.
WS/MP18221/2025-2026/140884,WS/MP18221/2025-2026/140939,1.0,1.0,1.0,0.0,1.0,High description similarity within the same state and district; work types match=True and amount similarity=1.00.
WS/MP18221/2025-2026/140885,WS/MP18221/2025-2026/140939,1.0,1.0,1.0,0.0,1.0,High description similarity within the same state and district; work types match=True and amount similarity=1.00.
WS/MP18221/2025-2026/140882,WS/MP18221/2025-2026/140939,1.0,1.0,1.0,0.0,1.0,High description similarity within the same state and district; work types match=True and amount similarity=1.00.
WS/MP18221/2025-2026/140883,WS/MP18221/2025-2026/140939,1.0,1.0,1.0,0.0,1.0,High description similarity within the same state and district; work types match=True and amount similarity=1.00.
WS/MP18221/2025-2026/140897,WS/MP18221/2025-2026/140938,1.0,1.0,1.0,0.0,1.0,High description similarity within the same state and district; work types match=True and amount similarity=1.00.
WS/MP18221/2025-2026/140881,WS/MP18221/2025-2026/140939,1.0,1.0,1.0,0.0,1.0,High description similarity within the same state and district; work types match=True and amount similarity=1.00.
WS/MP18155/2024-2025/141698,WS/MP18155/2024-2025/141698,1.0,1.0,1.0,0.0,1.0,High description similarity within the same state and district; work types match=True and amount similarity=1.00.
WS/MP18221/2025-2026/140896,WS/MP18221/2025-2026/140959,1.0,1.0,1.0,0.0,1.0,High description similarity within the same state and district; work types match=True and amount similarity=1.00.
WS/MP18221/2025-2026/140896,WS/MP18221/2025-2026/140938,1.0,1.0,1.0,0.0,1.0,High description similarity within the same state and district; work types match=True and amount similarity=1.00.
WS/MP18221/2025-2026/140896,WS/MP18221/2025-2026/140922,1.0,1.0,1.0,0.0,1.0,High description similarity within the same state and district; work types match=True and amount similarity=1.00.
WS/MP18221/2025-2026/140897,WS/MP18221/2025-2026/140937,1.0,1.0,1.0,0.0,1.0,High description similarity within the same state and district; work types match=True and amount similarity=1.00.
WS/MP18221/2025-2026/140897,WS/MP18221/2025-2026/140959,1.0,1.0,1.0,0.0,1.0,High description similarity within the same state and district; work types match=True and amount similarity=1.00.
WS/MP18155/2024-2025/141571,WS/MP18155/2024-2025/141571,1.0,1.0,1.0,0.0,1.0,High description similarity within the same state and district; work types match=True and amount similarity=1.00.
WS/MP18155/2024-2025/141566,WS/MP18155/2024-2025/141704,1.0,1.0,1.0,0.0,1.0,High description similarity within the same state and district; work types match=True and amount similarity=1.00.
WS/MP18155/2024-2025/141566,WS/MP18155/2024-2025/141712,1.0,1.0,1.0,0.0,1.0,High description similarity within the same state and district; work types match=True and amount similarity=1.00.
WS/MP18155/2024-2025/141566,WS/MP18155/2024-2025/141714,1.0,1.0,1.0,0.0,1.0,High description similarity within the same state and district; work types match=True and amount similarity=1.00.
WS/MP18155/2024-2025/141566,WS/MP18155/2024-2025/141717,1.0,1.0,1.0,0.0,1.0,High description similarity within the same state and district; work types match=True and amount similarity=1.00.
WS/MP18155/2024-2025/141576,WS/MP18155/2024-2025/141576,1.0,1.0,1.0,0.0,1.0,High description similarity within the same state and district; work types match=True and amount similarity=1.00.
WS/MP18155/2024-2025/141698,WS/MP18155/2024-2025/141703,1.0,1.0,1.0,0.0,1.0,High description similarity within the same state and district; work types match=True and amount similarity=1.00.
WS/MP18153/2024-2025/141991,WS/MP18153/2024-2025/141991,1.0,1.0,1.0,0.0,1.0,High description similarity within the same state and district; work types match=True and amount similarity=1.00.
WS/MP18153/2024-2025/141988,WS/MP18153/2024-2025/141988,1.0,1.0,1.0,0.0,1.0,High description similarity within the same state and district; work types match=True and amount similarity=1.00.
WS/MP18153/2024-2025/141993,WS/MP18153/2024-2025/141993,1.0,1.0,1.0,0.0,1.0,High description similarity within the same state and district; work types match=True and amount similarity=1.00.
WS/MP18221/2025-2026/140895,WS/MP18221/2025-2026/140937,1.0,1.0,1.0,0.0,1.0,High description similarity within the same state and district; work types match=True and amount similarity=1.00.
WS/MP18221/2025-2026/140895,WS/MP18221/2025-2026/140959,1.0,1.0,1.0,0.0,1.0,High description similarity within the same state and district; work types match=True and amount similarity=1.00.
WS/MP18221/2025-2026/140895,WS/MP18221/2025-2026/140938,1.0,1.0,1.0,0.0,1.0,High description similarity within the same state and district; work types match=True and amount similarity=1.00.
WS/MP18221/2025-2026/140895,WS/MP18221/2025-2026/140922,1.0,1.0,1.0,0.0,1.0,High description similarity within the same state and district; work types match=True and amount similarity=1.00.
WS/MP18221/2025-2026/140896,WS/MP18221/2025-2026/140937,1.0,1.0,1.0,0.0,1.0,High description similarity within the same state and district; work types match=True and amount similarity=1.00.
WS/MP18153/2024-2025/141986,WS/MP18153/2024-2025/141986,1.0,1.0,1.0,0.0,1.0,High description similarity within the same state and district; work types match=True and amount similarity=1.00.
WS/MP18221/2025-2026/140893,WS/MP18221/2025-2026/140939,1.0,1.0,1.0,0.0,1.0,High description similarity within the same state and district; work types match=True and amount similarity=1.00.
WS/MP18221/2025-2026/140894,WS/MP18221/2025-2026/140937,1.0,1.0,1.0,0.0,1.0,High description similarity within the same state and district; work types match=True and amount similarity=1.00.
WS/MP18221/2025-2026/140894,WS/MP18221/2025-2026/140959,1.0,1.0,1.0,0.0,1.0,High description similarity within the same state and district; work types match=True and amount similarity=1.00.
WS/MP18221/2025-2026/140894,WS/MP18221/2025-2026/140938,1.0,1.0,1.0,0.0,1.0,High description similarity within the same state and district; work types match=True and amount similarity=1.00.
WS/MP18221/2025-2026/140894,WS/MP18221/2025-2026/140922,1.0,1.0,1.0,0.0,1.0,High description similarity within the same state and district; work types match=True and amount similarity=1.00.
WS/MP18045/2024-2025/136995,WS/MP18045/2024-2025/136995,1.0,1.0,1.0,0.0,1.0,High description similarity within the same state and district; work types match=True and amount similarity=1.00.
WS/MP18045/2024-2025/136997,WS/MP18045/2024-2025/136997,1.0,1.0,1.0,0.0,1.0,High description similarity within the same state and district; work types match=True and amount similarity=1.00.
WS/MP18045/2024-2025/136998,WS/MP18045/2024-2025/136998,1.0,1.0,1.0,0.0,1.0,High description similarity within the same state and district; work types match=True and amount similarity=1.00.
WS/MP577/2025-2026/133563,WS/MP577/2025-2026/133563,1.0,1.0,1.0,0.0,1.0,High description similarity within the same state and district; work types match=True and amount similarity=1.00.
WS/MP577/2025-2026/133572,WS/MP577/2025-2026/133572,1.0,1.0,1.0,0.0,1.0,High description similarity within the same state and district; work types match=True and amount similarity=1.00.
WS/MP577/2025-2026/133614,WS/MP577/2025-2026/133614,1.0,1.0,1.0,0.0,1.0,High description similarity within the same state and district; work types match=True and amount similarity=1.00.
WS/MP577/2025-2026/133583,WS/MP577/2025-2026/133583,1.0,1.0,1.0,0.0,1.0,High description similarity within the same state and district; work types match=True and amount similarity=1.00.
WS/MP577/2025-2026/133589,WS/MP577/2025-2026/133589,1.0,1.0,1.0,0.0,1.0,High description similarity within the same state and district; work types match=True and amount similarity=1.00.
WS/MP577/2025-2026/133589,WS/MP577/2025-2026/133590,1.0,1.0,1.0,0.0,1.0,High description similarity within the same state and district; work types match=True and amount similarity=1.00.
WS/MP577/2025-2026/133590,WS/MP577/2025-2026/133590,1.0,1.0,1.0,0.0,1.0,High description similarity within the same state and district; work types match=True and amount similarity=1.00.
WS/MP577/2025-2026/133605,WS/MP577/2025-2026/133609,1.0,1.0,1.0,0.0,1.0,High description similarity within the same state and district; work types match=True and amount similarity=1.00.
WS/MP577/2025-2026/133609,WS/MP577/2025-2026/133609,1.0,1.0,1.0,0.0,1.0,High description similarity within the same state and district; work types match=True and amount similarity=1.00.
WS/MP18221/2025-2026/140888,WS/MP18221/2025-2026/140939,1.0,1.0,1.0,0.0,1.0,High description similarity within the same state and district; work types match=True and amount similarity=1.00.
WS/MP18221/2025-2026/140905,WS/MP18221/2025-2026/140937,1.0,1.0,1.0,0.0,1.0,High description similarity within the same state and district; work types match=True and amount similarity=1.00.
WS/MP18221/2025-2026/140905,WS/MP18221/2025-2026/140959,1.0,1.0,1.0,0.0,1.0,High description similarity within the same state and district; work types match=True and amount similarity=1.00.
WS/MP18221/2025-2026/140905,WS/MP18221/2025-2026/140938,1.0,1.0,1.0,0.0,1.0,High description similarity within the same state and district; work types match=True and amount similarity=1.00.
WS/MP18221/2025-2026/140905,WS/MP18221/2025-2026/140922,1.0,1.0,1.0,0.0,1.0,High description similarity within the same state and district; work types match=True and amount similarity=1.00.
WS/MP18221/2025-2026/140906,WS/MP18221/2025-2026/140937,1.0,1.0,1.0,0.0,1.0,High description similarity within the same state and district; work types match=True and amount similarity=1.00.
WS/MP18221/2025-2026/140887,WS/MP18221/2025-2026/140939,1.0,1.0,1.0,0.0,1.0,High description similarity within the same state and district; work types match=True and amount similarity=1.00.
WS/MP18221/2025-2026/140902,WS/MP18221/2025-2026/140938,1.0,1.0,1.0,0.0,1.0,High description similarity within the same state and district; work types match=True and amount similarity=1.00.
WS/MP18221/2025-2026/140902,WS/MP18221/2025-2026/140922,1.0,1.0,1.0,0.0,1.0,High description similarity within the same state and district; work types match=True and amount similarity=1.00.
WS/MP18221/2025-2026/140901,WS/MP18221/2025-2026/140939,1.0,1.0,1.0,0.0,1.0,High description similarity within the same state and district; work types match=True and amount similarity=1.00.
WS/MP18221/2025-2026/140902,WS/MP18221/2025-2026/140937,1.0,1.0,1.0,0.0,1.0,High description similarity within the same state and district; work types match=True and amount similarity=1.00.
WS/MP18221/2025-2026/140902,WS/MP18221/2025-2026/140959,1.0,1.0,1.0,0.0,1.0,High description similarity within the same state and district; work types match=True and amount similarity=1.00.
WS/MP18041/2024-2025/143147,WS/MP18041/2024-2025/143147,1.0,1.0,1.0,0.0,1.0,High description similarity within the same state and district; work types match=True and amount similarity=1.00.
WS/MP577/2025-2026/133580,WS/MP577/2025-2026/133580,1.0,1.0,1.0,0.0,1.0,High description similarity within the same state and district; work types match=True and amount similarity=1.00.
WS/MP577/2025-2026/133561,WS/MP577/2025-2026/133572,1.0,1.0,1.0,0.0,1.0,High description similarity within the same state and district; work types match=True and amount similarity=1.00.
WS/MP577/2025-2026/133561,WS/MP577/2025-2026/133561,1.0,1.0,1.0,0.0,1.0,High description similarity within the same state and district; work types match=True and amount similarity=1.00.
WS/MP577/2025-2026/133583,WS/MP577/2025-2026/133589,1.0,1.0,1.0,0.0,1.0,High description similarity within the same state and district; work types match=True and amount similarity=1.00.
WS/MP577/2025-2026/133583,WS/MP577/2025-2026/133590,1.0,1.0,1.0,0.0,1.0,High description similarity within the same state and district; work types match=True and amount similarity=1.00.
WS/MP577/2025-2026/133577,WS/MP577/2025-2026/133572,1.0,1.0,1.0,0.0,1.0,High description similarity within the same state and district; work types match=True and amount similarity=1.00.
WS/MP577/2025-2026/133577,WS/MP577/2025-2026/133561,1.0,1.0,1.0,0.0,1.0,High description similarity within the same state and district; work types match=True and amount similarity=1.00.
WS/MP18221/2025-2026/140899,WS/MP18221/2025-2026/140922,1.0,1.0,1.0,0.0,1.0,High description similarity within the same state and district; work types match=True and amount similarity=1.00.
WS/MP18221/2025-2026/140900,WS/MP18221/2025-2026/140937,1.0,1.0,1.0,0.0,1.0,High description similarity within the same state and district; work types match=True and amount similarity=1.00.
WS/MP18221/2025-2026/140900,WS/MP18221/2025-2026/140959,1.0,1.0,1.0,0.0,1.0,High description similarity within the same state and district; work types match=True and amount similarity=1.00.
WS/MP18221/2025-2026/140900,WS/MP18221/2025-2026/140938,1.0,1.0,1.0,0.0,1.0,High description similarity within the same state and district; work types match=True and amount similarity=1.00.
WS/MP18221/2025-2026/140900,WS/MP18221/2025-2026/140922,1.0,1.0,1.0,0.0,1.0,High description similarity within the same state and district; work types match=True and amount similarity=1.00.
WS/MP18221/2025-2026/140898,WS/MP18221/2025-2026/140959,1.0,1.0,1.0,0.0,1.0,High description similarity within the same state and district; work types match=True and amount similarity=1.00.
WS/MP18221/2025-2026/140898,WS/MP18221/2025-2026/140938,1.0,1.0,1.0,0.0,1.0,High description similarity within the same state and district; work types match=True and amount similarity=1.00.
WS/MP18221/2025-2026/140898,WS/MP18221/2025-2026/140922,1.0,1.0,1.0,0.0,1.0,High description similarity within the same state and district; work types match=True and amount similarity=1.00.
WS/MP18221/2025-2026/140899,WS/MP18221/2025-2026/140937,1.0,1.0,1.0,0.0,1.0,High description similarity within the same state and district; work types match=True and amount similarity=1.00.
WS/MP18221/2025-2026/140899,WS/MP18221/2025-2026/140959,1.0,1.0,1.0,0.0,1.0,High description similarity within the same state and district; work types match=True and amount similarity=1.00.
WS/MP18221/2025-2026/140899,WS/MP18221/2025-2026/140938,1.0,1.0,1.0,0.0,1.0,High description similarity within the same state and district; work types match=True and amount similarity=1.00.
WS/MP18221/2025-2026/140912,WS/MP18221/2025-2026/140939,1.0,1.0,1.0,0.0,1.0,High description similarity within the same state and district; work types match=True and amount similarity=1.00.
WS/MP18221/2025-2026/140913,WS/MP18221/2025-2026/140939,1.0,1.0,1.0,0.0,1.0,High description similarity within the same state and district; work types match=True and amount similarity=1.00.
WS/MP18221/2025-2026/140897,WS/MP18221/2025-2026/140922,1.0,1.0,1.0,0.0,1.0,High description similarity within the same state and district; work types match=True and amount similarity=1.00.
WS/MP18221/2025-2026/140898,WS/MP18221/2025-2026/140937,1.0,1.0,1.0,0.0,1.0,High description similarity within the same state and district; work types match=True and amount similarity=1.00.
WS/MP18153/2024-2025/137290,WS/MP18153/2024-2025/137290,1.0,1.0,1.0,0.0,1.0,High description similarity within the same state and district; work types match=True and amount similarity=1.00.
WS/MP18153/2024-2025/141972,WS/MP18153/2024-2025/141972,1.0,1.0,1.0,0.0,1.0,High description similarity within the same state and district; work types match=True and amount similarity=1.00.
WS/MP18153/2024-2025/141977,WS/MP18153/2024-2025/141977,1.0,1.0,1.0,0.0,1.0,High description similarity within the same state and district; work types match=True and amount similarity=1.00.
WS/MP18153/2024-2025/137286,WS/MP18153/2024-2025/137286,1.0,1.0,1.0,0.0,1.0,High description similarity within the same state and district; work types match=True and amount similarity=1.00.
WS/MP18153/2024-2025/137287,WS/MP18153/2024-2025/137287,1.0,1.0,1.0,0.0,1.0,High description similarity within the same state and district; work types match=True and amount similarity=1.00.
WS/MP18153/2024-2025/137289,WS/MP18153/2024-2025/137289,1.0,1.0,1.0,0.0,1.0,High description similarity within the same state and district; work types match=True and amount similarity=1.00.
WS/MP18221/2025-2026/140909,WS/MP18221/2025-2026/140938,1.0,1.0,1.0,0.0,1.0,High description similarity within the same state and district; work types match=True and amount similarity=1.00.
WS/MP18221/2025-2026/140909,WS/MP18221/2025-2026/140922,1.0,1.0,1.0,0.0,1.0,High description similarity within the same state and district; work types match=True and amount similarity=1.00.
WS/MP18221/2025-2026/140911,WS/MP18221/2025-2026/140937,1.0,1.0,1.0,0.0,1.0,High description similarity within the same state and district; work types match=True and amount similarity=1.00.
WS/MP18221/2025-2026/140911,WS/MP18221/2025-2026/140959,1.0,1.0,1.0,0.0,1.0,High description similarity within the same state and district; work types match=True and amount similarity=1.00.
WS/MP18221/2025-2026/140911,WS/MP18221/2025-2026/140938,1.0,1.0,1.0,0.0,1.0,High description similarity within the same state and district; work types match=True and amount similarity=1.00.
WS/MP18221/2025-2026/140911,WS/MP18221/2025-2026/140922,1.0,1.0,1.0,0.0,1.0,High description similarity within the same state and district; work types match=True and amount similarity=1.00.
WS/MP18221/2025-2026/140908,WS/MP18221/2025-2026/140937,1.0,1.0,1.0,0.0,1.0,High description similarity within the same state and district; work types match=True and amount similarity=1.00.
WS/MP18221/2025-2026/140908,WS/MP18221/2025-2026/140959,1.0,1.0,1.0,0.0,1.0,High description similarity within the same state and district; work types match=True and amount similarity=1.00.
WS/MP18221/2025-2026/140908,WS/MP18221/2025-2026/140938,1.0,1.0,1.0,0.0,1.0,High description similarity within the same state and district; work types match=True and amount similarity=1.00.
WS/MP18221/2025-2026/140908,WS/MP18221/2025-2026/140922,1.0,1.0,1.0,0.0,1.0,High description similarity within the same state and district; work types match=True and amount similarity=1.00.
WS/MP18221/2025-2026/140909,WS/MP18221/2025-2026/140937,1.0,1.0,1.0,0.0,1.0,High description similarity within the same state and district; work types match=True and amount similarity=1.00.
WS/MP18221/2025-2026/140909,WS/MP18221/2025-2026/140959,1.0,1.0,1.0,0.0,1.0,High description similarity within the same state and district; work types match=True and amount similarity=1.00.
WS/MP508/2025-2026/134708,WS/MP508/2025-2026/134709,1.0,1.0,1.0,0.0,1.0,High description similarity within the same state and district; work types match=True and amount similarity=1.00.
WS/MP508/2025-2026/134709,WS/MP508/2025-2026/134709,1.0,1.0,1.0,0.0,1.0,High description similarity within the same state and district; work types match=True and amount similarity=1.00.
WS/MP508/2024-2025/137472,WS/MP508/2024-2025/137470,1.0,1.0,1.0,0.0,1.0,High description similarity within the same state and district; work types match=True and amount similarity=1.00.
WS/MP485/2024-2025/137231,WS/MP485/2024-2025/137232,1.0,1.0,1.0,0.0,1.0,High description similarity within the same state and district; work types match=True and amount similarity=1.00.
WS/MP485/2024-2025/137232,WS/MP485/2024-2025/137232,1.0,1.0,1.0,0.0,1.0,High description similarity within the same state and district; work types match=True and amount similarity=1.00.
WS/MP508/2024-2025/134677,WS/MP508/2024-2025/134684,1.0,1.0,1.0,0.0,1.0,High description similarity within the same state and district; work types match=True and amount similarity=1.00.
WS/MP508/2024-2025/134677,WS/MP508/2024-2025/134680,1.0,1.0,1.0,0.0,1.0,High description similarity within the same state and district; work types match=True and amount similarity=1.00.
WS/MP549/2024-2025/142145,WS/MP549/2024-2025/142144,1.0,1.0,1.0,0.0,1.0,High description similarity within the same state and district; work types match=True and amount similarity=1.00.
WS/MP549/2024-2025/142145,WS/MP549/2024-2025/142146,1.0,1.0,1.0,0.0,1.0,High description similarity within the same state and district; work types match=True and amount similarity=1.00.
WS/MP549/2024-2025/142146,WS/MP549/2024-2025/142146,1.0,1.0,1.0,0.0,1.0,High description similarity within the same state and district; work types match=True and amount similarity=1.00.
WS/MP549/2024-2025/142142,WS/MP549/2024-2025/142142,1.0,1.0,1.0,0.0,1.0,High description similarity within the same state and district; work types match=True and amount similarity=1.00.
WS/MP549/2024-2025/142142,WS/MP549/2024-2025/142144,1.0,1.0,1.0,0.0,1.0,High description similarity within the same state and district; work types match=True and amount similarity=1.00.
WS/MP526/2024-2025/143788,WS/MP526/2024-2025/143788,1.0,1.0,1.0,0.0,1.0,High description similarity within the same state and district; work types match=True and amount similarity=1.00.
WS/MP508/2024-2025/137473,WS/MP508/2024-2025/137473,1.0,1.0,1.0,0.0,1.0,High description similarity within the same state and district; work types match=True and amount similarity=1.00.
WS/MP577/2024-2025/133575,WS/MP577/2025-2026/133614,1.0,1.0,1.0,0.0,1.0,High description similarity within the same state and district; work types match=True and amount similarity=1.00.
WS/MP549/2024-2025/142142,WS/MP549/2024-2025/142146,1.0,1.0,1.0,0.0,1.0,High description similarity within the same state and district; work types match=True and amount similarity=1.00.
WS/MP549/2024-2025/142144,WS/MP549/2024-2025/142144,1.0,1.0,1.0,0.0,1.0,High description similarity within the same state and district; work types match=True and amount similarity=1.00.
WS/MP549/2024-2025/142144,WS/MP549/2024-2025/142146,1.0,1.0,1.0,0.0,1.0,High description similarity within the same state and district; work types match=True and amount similarity=1.00.
WS/MP549/2024-2025/142145,WS/MP549/2024-2025/142142,1.0,1.0,1.0,0.0,1.0,High description similarity within the same state and district; work types match=True and amount similarity=1.00.
WS/MP18041/2025-2026/143149,WS/MP18041/2024-2025/143147,1.0,1.0,1.0,0.0,1.0,High description similarity within the same state and district; work types match=True and amount similarity=1.00.
WS/MP577/2024-2025/133592,WS/MP577/2024-2025/133592,1.0,1.0,1.0,0.0,1.0,High description similarity within the same state and district; work types match=True and amount similarity=1.00.
WS/MP577/2024-2025/133597,WS/MP577/2024-2025/133597,1.0,1.0,1.0,0.0,1.0,High description similarity within the same state and district; work types match=True and amount similarity=1.00.
WS/MP479/2024-2025/138334,WS/MP479/2024-2025/138334,1.0,1.0,1.0,0.0,1.0,High description similarity within the same state and district; work types match=True and amount similarity=1.00.
WS/MP479/2024-2025/138682,WS/MP479/2024-2025/138682,1.0,1.0,1.0,0.0,1.0,High description similarity within the same state and district; work types match=True and amount similarity=1.00.
WS/MP443/2025-2026/142913,WS/MP443/2025-2026/142845,1.0,1.0,1.0,0.0,1.0,High description similarity within the same state and district; work types match=True and amount similarity=1.00.
WS/MP443/2025-2026/142913,WS/MP443/2025-2026/142846,1.0,1.0,1.0,0.0,1.0,High description similarity within the same state and district; work types match=True and amount similarity=1.00.
WS/MP443/2025-2026/142907,WS/MP443/2025-2026/142843,1.0,1.0,1.0,0.0,1.0,High description similarity within the same state and district; work types match=True and amount similarity=1.00.
WS/MP443/2025-2026/142907,WS/MP443/2025-2026/142844,1.0,1.0,1.0,0.0,1.0,High description similarity within the same state and district; work types match=True and amount similarity=1.00.
WS/MP479/2024-2025/140168,WS/MP479/2024-2025/140168,1.0,1.0,1.0,0.0,1.0,High description similarity within the same state and district; work types match=True and amount similarity=1.00.
WS/MP479/2024-2025/138313,WS/MP479/2024-2025/138313,1.0,1.0,1.0,0.0,1.0,High description similarity within the same state and district; work types match=True and amount similarity=1.00.
WS/MP508/2024-2025/137470,WS/MP508/2024-2025/137470,1.0,1.0,1.0,0.0,1.0,High description similarity within the same state and district; work types match=True and amount similarity=1.00.
WS/MP508/2024-2025/137471,WS/MP508/2024-2025/137473,1.0,1.0,1.0,0.0,1.0,High description similarity within the same state and district; work types match=True and amount similarity=1.00.
WS/MP479/2024-2025/140161,WS/MP479/2024-2025/140168,1.0,1.0,1.0,0.0,1.0,High description similarity within the same state and district; work types match=True and amount similarity=1.00.
WS/MP479/2024-2025/140165,WS/MP479/2024-2025/140165,1.0,1.0,1.0,0.0,1.0,High description similarity within the same state and district; work types match=True and amount similarity=1.00.
WS/MP508/2024-2025/134680,WS/MP508/2024-2025/134684,1.0,1.0,1.0,0.0,1.0,High description similarity within the same state and district; work types match=True and amount similarity=1.00.
WS/MP508/2024-2025/134680,WS/MP508/2024-2025/134680,1.0,1.0,1.0,0.0,1.0,High description similarity within the same state and district; work types match=True and amount similarity=1.00.
WS/MP508/2024-2025/134684,WS/MP508/2024-2025/134684,1.0,1.0,1.0,0.0,1.0,High description similarity within the same state and district; work types match=True and amount similarity=1.00.
WS/MP508/2024-2025/134687,WS/MP508/2024-2025/134687,1.0,1.0,1.0,0.0,1.0,High description similarity within the same state and district; work types match=True and amount similarity=1.00.
WS/MP508/2024-2025/134687,WS/MP508/2024-2025/134688,1.0,1.0,1.0,0.0,1.0,High description similarity within the same state and district; work types match=True and amount similarity=1.00.
WS/MP508/2024-2025/134688,WS/MP508/2024-2025/134688,1.0,1.0,1.0,0.0,1.0,High description similarity within the same state and district; work types match=True and amount similarity=1.00.
WS/MP508/2024-2025/134689,WS/MP508/2024-2025/134687,1.0,1.0,1.0,0.0,1.0,High description similarity within the same state and district; work types match=True and amount similarity=1.00.
WS/MP508/2024-2025/134689,WS/MP508/2024-2025/134688,1.0,1.0,1.0,0.0,1.0,High description similarity within the same state and district; work types match=True and amount similarity=1.00.
WS/MP18221/2025-2026/140906,WS/MP18221/2025-2026/140938,1.0,1.0,1.0,0.0,1.0,High description similarity within the same state and district; work types match=True and amount similarity=1.00.
WS/MP18221/2025-2026/140906,WS/MP18221/2025-2026/140922,1.0,1.0,1.0,0.0,1.0,High description similarity within the same state and district; work types match=True and amount similarity=1.00.
WS/MP18221/2025-2026/140907,WS/MP18221/2025-2026/140937,1.0,1.0,1.0,0.0,1.0,High description similarity within the same state and district; work types match=True and amount similarity=1.00.
