vendor_name,transactions,total_expenditure,works,states,districts
R K Construction,182,156739090.0,182,1,6
RANJIT SALES CORPORATION,249,136010400.0,249,1,4
BIOLUNAR ENERGY SOLUTION,258,130529300.0,258,1,4
SHRI GURU KRIPA NARSINGH ASSOCIATES,82,125604534.0,18,1,4
JAI CONSTRUCTION,150,122963972.0,76,2,3
KRIDL BHUSIRI ACCOUNT WORKS,255,122350039.0,199,1,16
Alam Brothers,121,113404000.0,121,1,1
SHIV DURGA INDUSTRIES,73,102772259.0,73,1,2
SIGMA ENTERPRISES,38,94050000.0,38,1,1
MS RAMESH CHANDRA PATEL,87,90325342.0,42,1,1
Nightingale Networks LLP,219,88448056.0,200,1,1
SRIJAN CONSTRUCTION,121,82124349.0,61,1,2
Murphy Thumrah,56,81575653.0,37,1,4
TATA MOTORS,55,78143766.0,51,6,18
SAI ENTERPRISES,98,77855339.0,59,3,4
BIHARI JI MAHADEV ASSOCIATES,170,77782670.0,74,1,4
S K ENTERPRISES,56,77539856.0,56,2,5
Praharsh Infrastructure,26,76771727.0,20,1,1
BAKE BIHARI TRADERS,296,72370320.0,258,1,3
AMIT KUMAR JUNIOR ENGINEER,194,71561875.0,108,1,1
SHREE VISHNU TRADERS,25,70129779.0,14,1,3
MS RAJ KAMAL CONSTRUCTIONS,61,69796613.0,31,1,1
CHANDAN ENTERPRISES,60,69646000.0,60,1,3
SML ISUZU LTD,37,68763910.0,35,4,13
VE Commercial Vehicles Ltd,39,67066540.0,32,1,12
Gyan Ganga,184,65502244.0,145,3,6
Mysore Nirmithi Kendra,173,63787500.0,109,1,1
AADI AND RUDRANSH CONSTRUCTION COMPANY,46,63720410.0,25,1,3
Siddhu Enterprises,63,63707479.0,52,1,1
T S SOLAR POWER SYSTEM,99,63514313.0,99,1,4
intent computer solutions,24,62450000.0,24,1,1
RAJESH KUMAR PAL,53,62204113.0,49,1,2
Sunny Enterprises,22,62020218.0,19,1,1
SITA RAM PATEL,262,61073569.0,146,1,1
SADGURU SAI INFRA WORLD PVT LTD REWA,104,60199660.0,52,1,1
NIRMITHI KENDRA DAVANGERE,92,58950000.0,70,1,1
GRAND TRADING COMPANY,81,56457000.0,81,1,1
NATIONAL INFRATECH,493,56147079.0,267,1,2
RAJEEV RANJAN JUNIOR ENGINEER,112,55862000.0,58,1,1
ARVIND KUMAR PANDEY,156,55473149.0,91,1,2
ARUNODAY PRAKASHAN,16,55000000.0,16,1,1
MAHI ENTERPRISES,258,54509517.0,136,1,1
MANNAT CONSTRUCTION,272,54125921.0,139,1,2
ANUJ SINGHAL CONTRACTOR,126,53082951.0,63,1,1
QUALITTY ENTERPRISES,120,52377382.0,120,1,3
Electromech Enterpries,184,51774667.0,144,1,2
DHANASEKARAN K,56,49833996.0,56,1,1
RMK ENTERPRISES,12,49550400.0,2,1,2
SOMYA CONSTRUCTION,331,49082754.0,176,1,2
MP Agro Biaora,89,47285926.0,84,1,1
SHYAM SOLAR TRADING,101,44735946.0,89,1,1
BIRENDRA KUMAR MAHATO,234,44197500.0,151,1,1
SHRI GANESH ASSOCIATES PROPRIETOR NARAYAN SHARMA,123,43544349.0,104,1,1
GOPAL CHANDRA CHOWDHURY,37,42305152.0,37,1,3
ASSISTANT ENGINEER RAMGARH,107,42154488.0,66,1,1
Raman Chihansung,24,42000000.0,14,1,4
MP STATE AGRO INDUSTRIES DEVELOPMENT CORP LTD,191,41807174.0,191,1,1
PROJECT MANAGER NIRMITHI KENDRA MANDYA,116,41800000.0,69,1,1
S K CONSTRUCTION,67,41328211.0,36,3,5
M S Y  R ENTERPRISES,50,41243620.0,30,1,1
DUTTA ENTERPRISE,18,40487400.0,18,1,1
ANNPURNA TRADING,31,40465248.0,31,1,2
Ajay Kumar Singh,335,40218252.0,330,1,3
DEVESH KUMAR PATLE,226,39998181.0,16,1,1
MK INFRATECH,144,39376639.0,93,1,2
EXECUTIVE ENGINER NREP GIRIDIH,161,39032762.0,159,1,1
GLOSIA ENERGY INDIA PRIVATE LIMITED,33,38277750.0,33,1,2
Ms GANPATI CONSTRUCTIONS,73,37489161.0,73,1,1
SHRI GURU KRIPA NARSINGH ASSOSIATES,4,37203872.0,1,1,1
BIDYUT BHANDARI,15,37112787.0,15,1,1
KANHAIYA KUMAR SINGH,86,36742422.0,86,1,1
BSDEV INFRATECH INIDA PRIVATE LIMITED,46,36616000.0,46,1,1
Gandhi Construction And Supplier,309,36506658.0,309,1,1
VIGYAN UPKARAN KENDRA,29,36175000.0,29,1,2
JITENDRA KUMAR SINGH,45,35725987.0,26,1,2
shyam swaroop manufacturere,282,35610210.8,149,1,3
BHAGWATI CHAND,789,35289867.0,785,1,1
INTERNATIONAL SCIENTIFIC STORES,26,34939000.0,26,1,2
CHANCH PRO ENGINEERS,126,34798800.0,126,1,2
KPL EQUIPMENTS PRIVATE LIMITED,87,34721452.0,87,1,2
TANYA CONSTRUCTION,75,34703513.0,43,2,2
Shiv kumar thekedar,294,34469115.0,147,1,1
Atharv Enterprises,5,34446064.0,4,1,1
DHARMENDRA ENTERPRISES,170,34020702.12,147,1,1
Hindusthan Power Technology,91,33636942.0,91,1,2
ATANU PATRA,46,33234473.0,46,1,3
Bommai Zilla Nirmithi Kendra,103,33225000.0,61,1,1
MAHALAXMI INDUSTRIES,121,33171828.0,94,1,2
RAKESH KUMAR SHARMA,45,33054370.0,23,1,1
SHYAM SUNDER ENTERPRISES,33,32953015.0,33,1,3
ZILLA NIRMITi KENDRA,80,32825000.0,51,1,1
MP STATE AGRO IND DEV CORP LTD,97,32627520.0,97,1,1
MP State Cooperative Marketing Fed Li Rajgarh,67,32574620.0,37,1,1
The Mananging Director Kerala Medical Service Coporation Ltd,1,32562250.0,1,1,1
Nirmithi Kendra Shivamogga,128,32419407.0,69,1,1
Shiv Kumar,391,32385567.0,196,2,2
B PAUL AND CO,103,32263762.0,103,1,2
AL ARQAM ENTERPRISES,114,32148095.0,95,1,1
Bijay Bhusan,83,32119475.0,73,1,1
NAMASKAR BOOKS,101,32000000.0,101,2,3
ALLUMINA ELECTRONICS,133,31532356.0,133,1,4
ARJUN KUMAR BAURI,67,31484925.0,67,1,2
M P  AGRO DHAR,342,31417810.0,209,1,1
OM ENTERPRISES,66,31115268.0,62,2,4
SHREE HARIOM INFOTECH,79,31012776.0,68,1,2
Nistha Enterprises,21,30711860.0,19,1,1
ASSISTANT ENGINEER ZILA PARISHAD KHUNTI,77,30140000.0,60,1,1
PROJECT MANAGER NIRMITHI KENDRA RAMANAGARA,101,30000000.0,64,1,1
Distt Education Officer,24,29950200.0,12,1,1
Ss Construction,36,29762550.0,36,1,1
A S ENTERPRISES,47,29655012.0,38,2,3
M S Communication,114,29611405.0,114,1,6
MS AMAR MANI TRIPATHI,47,29559735.0,25,1,1
MUNIAN VENKATESAN,76,29283141.0,76,1,3
Jagdish Narayan,59,28535541.0,41,1,1
District Engineer,153,28469742.0,152,1,1
VISHWANATH ENTERPRISES,14,27682322.0,14,1,1
The Gill Sehkari Kirat te Ussari Sabha Ltd,144,27677257.0,117,1,3
Greenz,38,27652325.0,37,1,6
TECHNO BEST,10,27228057.0,9,1,2
Lakshya Contruction,82,27117145.0,53,1,3
Aaradhya Enterprises,204,27000752.0,203,1,1
VEENA CONSTRUCTIONS,29,26709000.0,29,1,1
FORCE MOTORS LIMITED,15,26573896.0,15,7,11
Aiok M Sangma,64,26500000.0,32,1,2
SHOURYA ENTERPRISES,22,26399060.0,11,1,1
MP STATE AGRO IND CORP HARDA,96,26146524.0,96,1,1
ASSISTANT ENGINEER DIGHA,25,26028319.0,25,1,1
VARDHAN ASSOCIATES,97,25934478.0,97,1,1
VIOLET ENTERPRISES,104,25907063.0,104,1,3
BALAJI ENTERPRISES,11,25744548.0,5,2,2
TECHKRITI INFRATECH PVT LTD,52,25014254.0,36,1,2
MAKSUD AHMAD CONTRACTOR,198,24866426.0,99,1,1
SHYAM BIHARI PRASAD YADAV,52,24864298.0,52,1,1
DIVYANSHU CONSTRUCTION,177,24664218.0,91,1,3
AV ENTERTAINMENT,91,24000000.0,91,1,1
HIDAYA QIRAT ENTERPRISES,73,23804795.0,70,1,2
The Sidhu Kirat te Usari Sehkari Sabha ltd,102,23692737.0,100,1,3
UP STATE AGRO INDUSTRIAL CORPORATION LTD BICHPAI URMAURA,250,23670476.0,148,1,1
mp agro,136,23601587.0,101,1,1
Project Manager Nirmiti kendra gadag,59,23100000.0,42,1,1
MD SADDAM,11,23053551.0,11,1,1
Pasuparthi Hareesh,40,23047867.0,39,1,1
MP STATE AGRO INDUSTRIES DEVELOPMENT CORP REWA,23,23013646.0,23,1,2
DEV CONSTRUCTION,36,22966531.0,32,2,5
MPLADS Beneficiary Committee Churachandpur,36,22751963.0,12,1,1
Bimla Automobiles,61,22735174.0,61,1,3
Central Electronics Limited,2,22498131.0,2,1,1
amit mathur,30,22446590.0,15,1,1
MR CONSTRUCTION,128,22288512.0,128,1,1
GILL TRADING COMPANY,141,22206304.0,141,1,2
PUNA IRON INDUSTRIES,9,22170779.0,9,1,2
JE NREP MP GARHWA,86,22127629.0,85,1,1
Asesar Singh Contractor,143,21958523.0,143,1,1
BABA VISHWANATH ENTERPRISES,25,21951050.0,25,1,1
Raj Kishor Mahato,131,21811000.0,86,1,1
MS VIDYARTHI CONSTRUCTION,14,21793764.0,12,1,1
JAI MATA DI VP CONSTRUCTION,30,21751540.0,30,1,1
ARUN KUMAR DAS,55,21720781.0,55,1,1
ARUP GHOSH,54,21633738.0,54,1,1
SATYAVER SIGH CONTRACTOR AND SUPPLIER,52,21541061.0,28,1,2
MP State Agro Balaghat,93,21397595.0,93,1,1
MP STATE AGRO INDUSTRIES DEVELOPMENT CORPORATION LTD DAMOH,99,21363428.0,97,1,1
Geetanjali Traders,45,21264000.0,45,1,1
SWASTIK ENTERPRISES,24,21196893.0,12,2,2
MA ENTERPRISE,9,21184305.0,9,1,1
T PRABHAKARAN,47,20860367.0,47,1,3
VISION ELECTRICALS AND ELECTRONICS,110,20813012.0,110,1,3
Roudrantak Infratech,1,20786350.0,1,1,1
SHIV SHARAN,21,20732000.0,21,1,2
SAIBABA STONE CRUSHER AND CONSTRUCTION,5,20662113.0,5,1,1
EE NREP SIMDEGA,85,20600000.0,51,1,1
Sarkar Enterprise,4,20465176.0,3,1,2
NATIONAL ENGINEERING WORKS,94,20325830.0,47,2,3
JAI PRAKASH,61,20269974.0,61,2,2
BITU RAY,36,20160000.0,12,1,1
GOPAL,44,19965797.0,24,3,6
LITTLE GENIUS AGENCIES,40,19965208.0,40,1,1
MANU KUMAR,30,19950000.0,10,1,1
DE ZP Gumla,81,19948012.0,45,1,1
J B ENTERPRISES,88,19939392.0,88,1,1
BIDP INDIA PRIVATE LIMITED,20,19900000.0,20,1,1
R R BUILDERS,8,19891717.0,8,1,1
KRISHNA CONSTRUCTION,41,19822080.0,31,4,6
A AND A BUILDERS AND PROMOTERS,4,19680285.0,2,1,1
HARI TARA ASSOCIATES,8,19670999.0,1,1,1
SAHAYAK ABHIYANTA KUDHANI VIDHANSABHA KSHETRA,23,19628721.0,22,1,1
M S TRADERS,22,19550818.0,22,1,2
PABAN AGARWALA,35,19472363.0,35,1,1
Ahmed Raza,112,19407839.0,112,1,5
SUPTI ENTERPRISE,138,19394244.0,138,1,1
Project Director Nirmithi Kendra Chitradrga,57,19375000.0,49,1,1
DORNALA ANJAIAH,139,19330975.0,139,1,4
AMARNATH PANDEY AMARNATH PANDEY CONTRACTOR,53,19104727.0,38,1,1
MAHAKUMBHA PROPERTIES PVT LIMITED,77,18946292.0,75,1,1
G AND D TRADERS,19,18900060.0,19,1,1
Imlichuba,4,18900000.0,3,1,1
I MAX SCIENCE HOUSE,47,18800000.0,47,1,1
L G Arasu,28,18664560.0,27,1,1
RAMJI CONSTRUCTION,16,18480000.0,2,1,1
SWAMI POWERTECH,109,18478681.0,109,1,2
Masti ram,72,18451193.0,72,1,2
Ravi Electronics,5,18442895.0,2,1,1
Super Agro,146,18384658.0,73,1,1
TUMKUR NIRMITHI KENDRA,17,18372500.0,13,1,1
HARINANDAN RAJAK JUNIOR ENGINEER NREP W SINGHBHUM CHAIBASA,34,18332592.0,34,1,1
SG ENTERPRISE,5,18254979.0,5,1,4
SRI SAI ENTERPRISES,31,18144381.0,31,1,4
SOFTHARD INNOVATIONS SOLUTIONS PRIVATE LIMITED,2,18000000.0,2,1,1
R CHANDRASEKARAN,24,17995461.0,24,1,1
SHIV SHAKTI FURNITURE,6,17854724.0,6,1,2
Project Manager,30,17650000.0,24,1,1
Sri Vaari Total Gaz Distributors,22,17616982.0,22,1,1
Vishwanath Enterprises,50,17601197.0,50,1,1
R ENTERPRISE,45,17585832.0,13,2,2
THE CHAWINDA COOPRATIVE LABOUR AND CONSTRUCTION SOCIETY,46,17548762.0,44,1,1
DINESH KUMAR,39,17463523.0,23,4,7
R S ENTERPRISES,9,17421425.0,4,2,2
James Phangcho,13,17399995.0,10,1,1
CONSTRUCON POWER ENGINEERING,13,17352260.0,13,1,2
DHIRENDRA KUMAR,28,17288852.0,14,1,1
VISHNUPRIYA CONSTRUCTION REWA,12,17272000.0,9,1,2
A MINE TRADERS,99,17238771.0,99,1,1
SUCCESS ASSOCIATES,58,17215429.0,58,1,4
Yashika Construction Co,35,16950280.0,19,1,1
NPS CONSULTANT PRIVATE LIMITED,2,16945492.0,1,1,1
shivam construction Sures chandra yadav,12,16912483.0,3,1,1
NEO MOTORS,1,16912380.0,1,1,1
DEVKI ENTERPRISES,17,16776628.0,17,1,1
ONN INFRATECH,12,16756568.0,7,1,1
DARVESHWAR NATH CONSTRUCTION,25,16650000.0,25,1,1
MP STATE AGRO INDUSTRIES DEV CORP LTD,118,16644467.0,69,1,1
INTELIN NETSOL,26,16579784.0,25,1,1
MP STATE  AGRO  IND DEV CO LTD BARWANI,193,16574964.0,101,1,1
UP STATE AGRO,85,16562605.0,84,1,2
MANISH FEBRICATION,28,16518942.0,28,1,1
Swara Enterprises,33,16349190.0,33,1,2
Goldi Contractor,17,16303718.0,17,1,1
SHARMA CONTRACTOR,34,16282210.1,29,1,1
Madasamy A,31,16216210.0,31,1,2
P S ASSOCIATE,29,16099686.0,19,1,1
PENTASTAR POWERCON PVT LTD,32,16028619.0,7,1,1
LABMEDICA SYSTEMS PVT LTD,2,16000000.0,2,1,1
SHRI SAI ENGINEERING WORKS,71,15976574.0,71,1,2
RAJ CUNSTRUCTION AND SUPPLIER,168,15948996.0,84,1,1
MS SAKET TRADERS,31,15934476.0,19,1,1
Pradeep Kumar,12,15775689.0,7,1,3
MS RUDRA CONSTRUCTION,19,15743688.0,10,1,1
Trekocity,8,15737474.0,8,1,2
MANOJ KUMAR,22,15676549.0,17,4,7
SHIKHA MATHUR,22,15649028.0,14,1,1
Shyam Solar Trading,6,15639846.0,6,1,1
SIMRAN INDUSTRIES GROUP,6,15479500.0,6,1,1
KALLOOR ELECTRONICS AND  LIGHTING PVT LTD,73,15478526.0,73,1,3
Shri Krishna Construction,31,15444077.0,21,1,1
Abhishek Enterprises,119,15425773.0,92,1,1
KHALSA EXPORTS PRIVATE LIMITED,53,15404650.0,53,1,7
AYODHYA ENTERPRISES,22,15364179.0,22,1,2
JE SATYENDRA KUMAR,51,15173235.0,51,1,1
Assistant Engineer Brahmpur,11,15158656.0,11,1,1
ASST ENG MUZ LAEO1,15,15064036.0,14,1,1
UNITECH INSULATION,2,15004801.0,1,1,1
FINGERPRINT,2,15000000.0,1,1,1
SANWARIYA BOREWELLS,174,14986713.0,87,1,2
AADITYA VAIDHYA,41,14963142.0,23,1,1
Keltron Component complex Ltd Kannur,112,14913000.0,112,1,2
AJIT KUMAR,180,14873200.0,100,3,3
SANJEET KUMAR,111,14825963.0,59,1,1
Gul Ahmad Contractor,245,14805233.0,136,1,2
COMPAC SOLUTIONS,7,14780000.0,7,1,2
BIDHANSABHA KSHETRA OBRA SAHAYAK ABHIYANTA,60,14772865.0,60,1,1
Yuraj construction,91,14749728.0,56,1,2
ASSISTANT ENGINEER MOHANIA,22,14732565.0,18,1,1
GM Constructions and Infra P,5,14701671.0,4,1,1
Kodagu Nirmithi Kendra,36,14625000.0,24,1,1
MAA BHABANI CONSTRUCTION,6,14601607.0,6,1,1
SANDIP KUMAR BHAGAT,33,14599878.0,33,1,1
Anil Electricals,14,14560000.0,14,1,1
Multiline Ventures,31,14557138.0,31,1,4
PRAYAS,30,14533429.0,30,1,1
HARIRAM CONSTRUCTIONS,20,14525384.0,10,1,1
Manoj kumar Srivastava,118,14443957.0,59,1,1
Triloki Nath Tripathi,1,14430350.0,1,1,1
LAVKUSH CONSTRUCTION,36,14429031.0,19,1,2
AHTESHAM CONTRACTOR,12,14321325.0,12,1,1
JUNIOR ENGINEER RDSD BOKARO,62,14286150.0,54,1,1
SRI SAI LAKSHMI CONSTRUCTIONS,6,14270871.0,5,1,1
KIRPAL SINGH AND SONS,89,14227993.0,88,1,2
ASSISTANT ENGINEER CHAINPUR,36,14154904.0,36,1,1
Jasnath Computer sale and service,51,14123341.0,51,1,2
Mittal Generator,18,14110466.0,18,1,1
NIRMITHI KENDRA BANGALORE RURAL DISTRICT,32,14094702.0,26,1,1
UMA MAHESWARA TUBE WELLS KURNOOL,70,14064617.0,70,1,2
RAILTRO ENGINEERING PVT LTD,50,14052200.0,50,1,1
AJAY KUMAR YADAV,40,14049805.0,26,1,1
FPLUS ENTERPRISES,27,14040491.0,27,1,3
ANOUSHKA NIRMAN PVT LTD,28,14000000.0,28,1,1
XEN City DHBVN Bhiwani,96,13993702.0,96,1,2
YUG ENTERPRISE,28,13979550.0,28,1,2
Assistant engineer chenari,15,13963671.0,15,1,1
NIRMITHI KENDRA CHAMARAJANAGAR,21,13862500.0,21,1,1
Priyanka yadau,26,13798915.0,13,1,2
NISHA CONSTRUCTION,27,13729945.0,14,1,1
ASSISTANT ENGINEER LAEO BODHGAYA VIDHAN SABHA,59,13703506.0,59,1,1
D T CONTRACTOR,19,13621602.0,10,1,1
JAY MAHAVEER INFRAVENTURE PRIVATE LIMITED,22,13605302.0,13,1,1
Kerala ELectrical and Allied Engineering,44,13505141.0,44,1,3
SHANTI DEVI,14,13218003.0,12,2,3
ASSISTANT ENGINEER PATNA SAHIB,17,13201532.0,17,1,1
REVIAAN ENTERPRISES,13,13128526.0,12,1,1
SILIGURI TRADING CENTRE Previously Known as G AND D TRADERS,16,13121600.0,16,1,1
Balram Maurya Construction and supplier,30,13119604.0,15,1,2
Laxmi Electricals,3,13119234.0,2,1,1
M CUBE INFRATECH PRIVATE LIMITED,28,13094338.0,13,1,1
KILDEEP MISHRA KRISHI SEWA KENDRA,11,13071499.0,6,1,1
Senior Deputy Magistrate Khowai,14,13000000.0,14,1,1
SRI PONKAALIAMMAN INFRA PROJECTS,10,12992601.0,10,1,2
Kamal Enterprises,4,12984125.0,4,1,1
Sai Scientific,8,12951750.0,8,1,2
ASSISTANT ENGINEER NATHNAGAR,12,12910712.0,11,1,1
NAVEEN ENTERPRISES,54,12888768.0,54,1,1
Hindustan Enterprises,12,12874089.0,12,1,1
NEELAM VERMA,54,12859383.0,54,1,1
ANUJ INTERLOCKING,26,12821806.0,16,1,1
Raju Bhargav R,10,12773162.0,7,1,1
AFZAL AHMAD CONTRACTOR,20,12690724.0,20,1,2
MS SARVESH KUMAR THEKEDAR,28,12689673.0,14,1,1
Spectrum Services,4,12638286.0,4,1,1
Sheel Sons,3,12598710.0,3,1,1
ASST ENG BOCHAHA LAEO MUZ,14,12578880.0,12,1,1
MANISH KUMAR,20,12572220.0,18,1,4
SURINDER TRADERS,30,12545211.0,29,1,1
JAVED AHMAD,174,12542356.0,88,1,1
K P CONSTRUCTIONS,13,12541421.0,13,1,1
ASSISTANT ENGINEER LAEO BARACHATTI VIDHAN SABHA,40,12536618.0,40,1,1
Sanjivani Construction Co,5,12488263.0,5,1,1
MANI CONSTRUCTION,24,12483822.0,13,1,1
KHURSHEED ALAM CONTRACTOR,42,12469271.0,25,1,1
E SEKAR,5,12391750.0,3,1,1
MRK CONSTRUCTIONS,12,12376216.0,12,1,1
PANKAJ SARKAR,4,12363402.0,3,1,1
sudiksa infra projects,24,12312857.0,24,1,1
AE  KURTHA,97,12253385.0,97,1,1
KUNAL TRADERS,36,12213819.0,30,1,3
SANTOSH KUMAR MONDAL,39,12200000.0,39,1,1
RS Industries,40,12175000.0,40,1,4
EVEREST ENTERPRISES,25,12118795.0,25,1,3
M S RAJ KUMAR CONTRACTOR,13,12110174.0,9,1,1
MS SANJAY KUMAR TIWARI,66,12104840.0,33,1,3
Lokbharti Prakashan,6,12000000.0,6,1,1
MS GYANCHAND,227,11974999.0,162,1,1
Rudra Enterprises,20,11941567.0,15,1,1
RM MP AGRO SATNA,56,11910361.0,56,1,2
NAVKANJ ASSOCIATES,42,11885343.0,28,1,1
Assistant Engineer Dumraon,10,11858622.0,10,1,1
DSF Enterprises,25,11842500.0,25,1,2
AGNI BINASHAK,4,11822745.0,4,1,1
A P DEVELOPERS,44,11819165.0,26,1,1
ASSISTANT ENGINEER KHAGARIA,12,11776793.0,12,1,1
MAA KALI BUILDERS,8,11766062.0,8,1,2
MS BARE LAL,225,11754234.0,159,1,1
ASSISTANT ENGINEER NARKATIYAGINJ,16,11749124.0,15,1,1
PRAGATI CONSTRUCTION,18,11736099.0,18,1,1
JYOTI TRADERS,14,11726400.0,14,1,1
SK JAHANGIR,20,11605643.0,20,1,1
SRI SAI SAMHITA CONSTRUCTIONS,2,11586983.0,1,1,1
MAHENDRA ENTERPRISES,5,11586364.0,5,1,1
Onn Infratech,12,11539723.0,6,1,1
RANJEET SINGH  SINGH CONSTRUCTION,30,11478204.0,15,1,1
VIDYA VIKAS ACADEMY,35,11434887.0,35,2,2
Mentiz Infratech India,13,11361071.0,11,1,2
Soumen Adhikary,3,11322689.0,1,1,1
SN ENTERPRISE,29,11309030.0,29,1,2
DPS PUBLISHING HOUSE,5,11184713.0,4,2,3
MFD INDUSTRIES,15,11130000.0,15,1,3
HARI NANDAN RAJAK,31,11111950.0,21,1,1
ASST ENG GAYGHAT WD MUZ,14,11092957.0,14,1,1
SUMIT MATHUR,14,11089289.0,11,1,1
Mahindra and Mahindra Ltd,12,11086181.0,12,2,5
GUTHI SRINIVAS,30,11032350.0,30,1,1
ODISHA DISTRIBUTING AUTHORITY,266,11016196.0,266,1,3
Reipang Varu,2,11000000.0,1,1,1
AKUONUO,2,11000000.0,1,1,1
RajKamal Constructions,12,10998705.0,6,1,1
N Balakrishna,6,10963254.0,3,1,2
ASSISTANT ENGINEER DINARA LAEO WORKS DIV 02 BIKRAMGANJ ROHTAS,13,10911040.0,9,1,1
Ms Surya Narain Mishra,16,10910331.0,8,1,1
GAURI ENTER PRISES,53,10907971.0,33,1,1
H S AGRO,46,10822856.0,45,1,3
AMIT KUMAR,32,10817842.0,23,3,4
RAMESWAR NAIK,51,10816312.0,51,1,1
Tvinkal Saroj,8,10813173.0,8,1,1
RAVICHANDRAN,6,10786495.0,6,1,1
KAMBOJ AGRI WORKS,65,10725000.0,65,1,2
PRATIBHA PRATISHTHAN,50,10699844.0,50,1,4
BKM Enterprises,15,10695137.0,9,1,1
ASSISTANT ENGINEER KARAKAT LAEO WD 02 BIKRAMGANJ ROHTAS,20,10693206.0,19,1,1
MACHNOOR YELLAREDDY,61,10653190.0,60,1,1
P S STALIN,26,10629196.0,26,1,4
ROKHI GHOSH,26,10614683.0,26,1,1
BOND CONSTRUCTION,22,10598439.0,22,1,1
Sthitpragya enterprises Private Limited,21,10498000.0,21,1,1
KANHA CONSTRUCTION,17,10497786.0,17,1,1
L N DREAMWAY CONSTRUCTION,3,10478968.0,1,1,1
KALPIT ENTERPRISES,34,10474200.0,34,1,3
PRANABJYOTI SAIKIA,42,10440040.0,18,1,1
Mahindra And Mahindra Limited,7,10384708.0,7,3,6
Bellary Nirmithi Kendra Bellary,18,10360093.0,15,1,1
GRAMONNATI,15,10301118.0,15,1,1
ANUSHKA CONSTRUCTION SUPPLIERS,3,10273089.0,3,1,1
A F Construction op by Ismail,3,10263845.0,2,1,1
RAK INDUSTRIES,15,10242121.0,15,1,2
R A KARMIKA KOLAPAKKAM BOB,17,10100000.0,17,1,3
MSS MEDITECHNO,6,10091324.0,6,1,4
SOM NATH INFRATECH,2,10074960.0,1,1,1
MS Jai Singh Verma,2,10010880.0,1,1,1
GOUTAM CONSTRUCTION,1,10000000.0,1,1,1
SARVOTTAM APPLIANCES PRIVATE LIMITED,5,10000000.0,5,1,1
DEO RAJGARH,100,10000000.0,100,1,1
Krupal Construction,20,10000000.0,20,1,1
M KARTHIKEYAN,3,10000000.0,1,1,1
VIDYA VIHAR,60,10000000.0,60,2,2
CARD Box Company,22,10000000.0,22,1,1
Manav Enterprises,100,10000000.0,50,1,2
SHRI VAIKUNTHANAATHAA,1,9995964.0,1,1,1
D AND GRANDSONS ENGG PVT LTD,5,9995000.0,5,1,1
Deep Shree enterprises,40,9989800.0,40,1,1
ANJANI TRADING,10,9987210.0,10,1,1
FUTURISTA ENTERPRISES PVT LTD,1,9977320.0,1,1,1
PRAGATHI CONSTRUCITONS,4,9968364.0,1,1,1
RAVI TRIPATHI,13,9967342.0,13,1,1
Pinnacle Industries Limited,2,9948600.0,2,1,1
MITHILA ENTERPRISES,10,9940000.0,10,1,1
GHATOURA AGRICULTURE WORKS,33,9908000.0,31,1,2
ASST ENGINEER LAEO WD 1 BEGUSARAI VSK BEGUSARAI,11,9894239.0,8,1,1
UJJAL SAIKIA,26,9893747.0,23,1,2
ASSISTANT ENGINEER LAEO SHERGHATI VIDHAN SABHA,45,9890417.0,45,1,1
SCIDEMIC INDIA PRIVATE LIMITED,4,9880000.0,4,1,1
aastha construction,57,9855278.0,57,1,1
POORVA CONSTRUCTION CO,2,9852234.0,1,1,1
KADDHURI KATTAIAH,98,9850070.0,98,1,1
LUCKY ASSOCIATES,18,9840000.0,18,1,2
SCIENCE PALACE,4,9840000.0,4,1,1
DHARMVIR KUMAR,10,9831939.0,10,1,1
Alka Agarwal,30,9830987.0,15,1,2
BS Enterprises,14,9805171.0,7,1,1
SUNTA DEVI,11,9803002.0,9,1,1
PINNACLE INDIA TRADERS,14,9800000.0,14,1,1
AE  ARWAL,34,9788797.0,34,1,1
S P CONSTRUCTION,17,9784565.0,9,2,2
SUNDAR T,19,9781981.0,19,1,1
RAGHAVA ENTERPRISES,7,9760800.0,7,1,1
TIRUPATI CONSTRUCTION,3,9745700.0,2,1,1
HIND CONTRACTOR,11,9719820.0,11,1,1
Chikmagalur Nirmithi Kendra,26,9712500.0,20,1,1
Gaur Construction,1,9707139.0,1,1,1
SAMONA ENTERPRISES,4,9691669.0,4,1,1
MADHUMITA MANDAL,5,9683215.0,3,1,1
SUPER ELECTRICALS,21,9675906.0,21,1,1
Ms Lakshmi Nrusimha Engineers And Contractors,14,9673733.0,14,1,1
SARDAR ENTERPRISE,18,9645805.0,18,1,1
Sathya Enterprises,20,9625000.0,20,1,4
VIJAYALAKSHMI BORE WELLS,48,9597783.0,48,1,1
BAIDYA NATH GHOSH,2,9522744.0,1,1,1
NORTH EAST INNOVATION,14,9500000.0,5,1,1
M SHAW,3,9500000.0,3,1,1
AMIT MANDAL,25,9499429.0,25,1,1
OMEGA ENTERPRISES DIBIYAPUR,60,9489443.0,30,1,1
Shekhar Constructions,3,9474947.0,3,1,1
EXCELLENT TRADERS,1,9471280.0,1,1,1
MAJIBUR RAHAMAN,7,9450000.0,7,1,1
SRI SANKARA CEMENT TILES,10,9371106.0,10,1,1
Indranath Das,3,9360030.0,1,1,1
R G SUPPLIERS,112,9309684.0,79,1,2
ASSISTANT ENGINEER MPLADS RAMNAGAR,11,9309584.0,11,1,1
GOODWILL COMMERCIAL,2,9285214.0,2,1,1
BIDHANSABHA KESHETRA NAVINAGAR SAHAYAK ABHIYANTA,27,9243543.0,27,1,1
Assistant Engineer Buxar,11,9211994.0,9,1,1
LOKENATH CONSTRUCTION,2,9201283.0,2,1,2
DIVYAANSH CONSTRUCTION COMPANY,12,9170242.0,6,1,1
JUNIOR ENGINEER NREP SKL KSN,24,9162405.0,24,1,1
NARAYAN MARBLES,76,9151312.0,38,1,1
ASSISTANT ENGINEER MPLADS VALMIKINAGAR,17,9143746.0,15,1,1
paramount equipments,30,9097817.0,30,1,2
AWADH CONSTRUCTIONS COMPANY,8,9091323.0,8,1,1
SHRI GANPATI CONSTRUCTION COMPANY,19,9090659.0,12,1,1
ASSISTANT ENGINEER BAGAHA LEGISLATIVE,14,9087509.0,13,1,1
Bubere and Associates,9,9067442.0,9,1,1
MS MADANPAL SINGH,16,9037281.0,8,1,1
CHUBATOSHI PONGEN,1,9000000.0,1,1,1
kAVACH GROUP ASHISH,18,8988807.0,18,1,1
SHRI GANESH ELECTRICAL AND CONTRACTER,53,8985075.0,53,1,2
SARASWATI CONSTRUCTION,16,8984070.0,15,1,1
Sri Ganapathi Constructions,7,8980425.0,7,1,1
ASHUTOSH HANUMANT BALKAVADE,10,8969037.0,10,1,1
DAWOOD ENTERPRISES,5,8950588.0,3,1,2
KUSHINAGAR CONSTRUCTION COMPANY,19,8925953.0,10,1,1
SURAJ CONSTRUCTION,15,8893909.0,15,1,1
Samona Enterprises,7,8889665.0,7,1,1
Thallapaka Nagarjuna Reddy,19,8887752.0,19,1,1
ASST ENGINEER LAEO WD I BEGUSARAI VSK MATHIHANI,10,8859780.0,7,1,1
PRITOM TRIBEDI,59,8829367.0,25,1,1
SAI IT SYSTEMS,25,8825500.0,25,1,1
VE KAY CONSTRUCTIONS,3,8807078.0,3,1,1
D D ENTERPRISE,26,8803292.0,26,1,1
BAGHEL ENTERPRISES,68,8794415.0,34,1,1
ASSISTANT ENGINEER FATUHA,11,8764098.0,11,1,1
M S SRI MAHASHAKTHI ENTERPRISES,54,8758916.0,48,1,3
ASSISTANT ENGINEER ISLAMPUR A C,30,8718394.0,30,1,1
Royal Furniture Electricals,25,8700000.0,25,1,1
SABBIR ANSARI,51,8678610.0,30,1,1
MP AGRO JABALPUR,53,8661472.0,53,1,1
Sankaran,12,8644615.0,12,1,1
ANNU PRIYA,13,8617549.0,13,1,1
Naina Devi Construction,33,8608116.0,33,1,1
ASSISTANT ENGINEER NAGAR GAYA,7,8607000.0,7,1,1
RAIMOND SOLAR PVT LTD,10,8602314.0,10,1,3
Krish Enterprises,15,8598198.0,9,1,1
MADAN MOHAN KERAI,25,8596025.0,16,1,1
M P STATE AGRO INDUSTRIES DEV CORP LTD,40,8573568.0,28,1,1
Mohammed Hassan Ahemed,35,8559506.0,35,1,1
VIDYA SINGH,70,8558615.0,35,1,1
IMAMUDDIN,153,8558401.0,153,1,1
DIWAN YADAV,31,8555829.0,18,1,1
UNITED GROUP OF CONSTRUCTION,3,8553600.0,1,1,1
SRI JEGATHI CONSTRUCTION,4,8541227.0,4,1,1
Ms Mahendra Kumar Uttam,13,8540926.0,9,1,1
V N Infra,4,8493550.0,4,1,1
MODERN ELECTRICALS,21,8491402.0,21,1,1
SWARNENDU SARKAR,9,8486434.0,9,1,1
MODERN METAL CRAFTS,31,8468982.0,31,1,4
NISHAS ENTERPRISES,30,8450000.0,30,1,2
BALAKRISHNAN MUTHALAGAN,17,8450000.0,17,1,2
JAGADEESWARA REDDY DEKIREDDY,21,8432672.0,21,1,1
shri jagdamba construction,5,8413108.0,5,1,1
Unnati AND Pragati Contractor and Supply,18,8392520.0,18,1,1
RAJAVEL,5,8361900.0,5,1,1
DAD INCORPORATION,2,8322032.0,2,1,2
SHANSHANK ENTERPRISES CONTRACTOR,58,8321267.0,29,1,1
CODS CONSTRUCTIONS,2,8278594.0,1,1,1
VIKASH ENTERPRISES,21,8277000.0,21,1,2
TANU INFRASTRUCTURE,5,8260540.0,3,1,1
ASSISTANT ENGINEER KARAGAHAR,17,8229378.0,12,1,1
Krishna Infratech,8,8225719.0,4,1,1
SHRI GANESH CONSTRUCTION AND SUPPLIERS,21,8194358.0,11,1,1
ABHIJEET AGENCIES SOLAPUR,38,8182616.0,38,1,1
ECCENTRIC CORPORATE SERVICES PVT LTD,50,8160000.0,26,1,1
Palepu Vishnu Phani Srikanth,5,8129045.0,4,1,2
GOURI KRISHI BHANDER,1,8100000.0,1,1,1
Mousumi Banik,2,8066962.0,1,1,1
ARYAN ENTERPRISES,36,8065295.0,36,1,2
ANIL KUMAR DUBEY,16,8058059.0,8,1,1
Swing Craft,20,8035521.0,20,1,4
CHADARAM VENKATA RAMANA,6,7998743.0,2,1,1
EVANA ELECTRICALS PRIVATE LIMITED,24,7998169.0,24,1,1
NOONE NAGESH,27,7995322.0,27,1,1
PATHAN FURQAN ABDULLA KHAN,3,7991410.0,3,1,1
SHANKRAJ CONSTRUCTION,2,7987545.0,1,1,1
SUYASH VISHNU MITKAR,6,7976497.0,5,1,1
k b construction,4,7972898.0,4,1,1
DONTHI PAVANI,37,7972822.0,37,1,2
FEBRICON INDUSTRIES,47,7960600.0,47,1,2
MS SHOBHNATH VERMA,19,7958910.0,10,1,1
Krishna Construction Co,2,7954851.0,2,1,1
JOGINDER GOVT CONTRACTOR,24,7952996.0,14,1,1
A K ENTERPRISES,50,7899086.0,25,2,2
MS ISWAR LAL MAHTO JE NATIONAL RURAL EMPLOYMENT PROGRAM,18,7878520.0,18,1,1
CASHUTEC Nirmithi Kendra,9,7875000.0,7,1,1
ASSISTANT ENGINEER JEHANABAD,20,7867553.0,19,1,1
Vikram Enterprises,1,7850000.0,1,1,1
Priti Infratech,5,7829984.0,5,1,1
B VEERESH,11,7819643.0,11,1,1
Nagaroots PVT LTD,1,7800000.0,1,1,1
HARSH CHOPRA,22,7780000.0,22,1,1
ALPHATECH SOLUTIONS,13,7776925.0,13,1,1
RAJA RAM MAHTOO,8,7760000.0,8,1,1
ALPHA EQUIPMENTS,1,7737422.0,1,1,1
janpad panchayt maheshawar,21,7725000.0,12,1,1
J E N R E P DEOGHAR VENDER ACCOUNT,42,7724176.0,27,1,1
MEDIA INFOTECH,2,7716689.0,2,1,1
MS CHANDRA BHUSHAN,19,7700000.0,19,1,1
UPENDER KURELLA,67,7688396.0,67,1,3
S M BUILDERS BHAGYANAGAR,22,7687207.0,11,1,1
N S CHELLAPANDIAN,14,7677828.0,14,1,1
MS GHOSH CONSTRUCTION,13,7675288.0,13,1,1
COSMIC POWER,8,7649930.0,8,1,1
MP STATE AGRO VIDISHA,4,7637398.0,3,1,1
JAI SHREE BALAJI CONSTRUCTION,6,7629103.0,6,1,1
MAA VINDHYAVASHINI ENTERPRISES,142,7599554.0,71,1,2
Krishna Kumar Contractor,29,7568246.0,29,1,1
PANNALA NALINI,33,7534812.0,33,1,2
EXCEL CONSTRUCTION,5,7529345.0,5,1,1
Gayatri Singh,13,7528784.0,7,1,1
DIAMOND ENTERPRISES,18,7500000.0,18,1,2
Waisong Terang,19,7499468.0,15,1,1
DEEPA TRADERS,2,7494794.0,1,1,1
SHEIKH FARID AGRO TECH,37,7450000.0,37,1,3
CEO Janpad Panchayat Dewas,15,7438000.0,14,1,1
BABA JAIMALDASS ENTERPRISES,23,7427992.0,23,1,3
ONKAR NATH SINGH,11,7427950.0,7,1,1
EE PRED SHIVAMOGGA,55,7397604.0,29,1,1
MS YASH CONTRACTOR AND SUPPLIERS,14,7362256.0,10,1,1
K Tharun Kumar,6,7347697.0,2,1,1
UP STATE AGRO SONBHADRA,33,7297040.0,32,1,1
KARAM VIR SINGH CONTRACTOR,7,7256624.0,7,1,1
SAMBHAV ENTERPRISE,29,7219480.0,29,1,1
ms galaxy agency,24,7200000.0,24,1,1
MONDAL SUPPLIERS,3,7186562.0,3,1,1
NEW HOPE CONSTRUCTION WORKS,12,7181630.0,6,1,1
INDRA JEET VERMA,10,7177188.0,3,1,1
MOHAMMAD SIDDEQ,97,7169367.0,97,1,1
JAYA SRI INDUSTRIES,11,7160571.0,11,1,1
Satyam Construction,28,7146301.0,15,2,3
SRI NELCO ENTERPRISES,11,7145738.0,11,1,4
GREENLINE ENTERPRISE,17,7136612.0,17,1,1
Asst Engg Laeo Works Divb Saharsa Rahul Kumar Paswan,7,7126272.0,7,1,1
G H ENTERPRISES,69,7125147.0,69,1,1
ARVIND SINGH SATNA,42,7097480.0,42,1,1
JAYA S,4,7087418.0,4,1,1
JAYANTA ELECTRIC AND CO,15,7080790.0,15,1,1
KANDAVALLI BUTCHAMMA,8,7037241.0,4,1,1
R R THULASI BUILDERS INDIA PRIVATE LIMITED,1,7032423.0,1,1,1
C S R CONSTRUCTION,3,7028076.0,3,1,1
Radhey Mohan International,31,7023944.0,29,1,4
NEETU CONSTRUCTION,15,7003903.0,15,1,1
DIVAGAR CONSTRUCTION,2,6976110.0,2,1,1
ASSISTANT ENGINEER HILSA A C,20,6961900.0,19,1,1
PK Enterprises,7,6947500.0,7,1,1
HANSH ENTERPRISES,3,6939090.0,2,1,2
Mr NARESH GANDHAMANENI,18,6932534.0,16,1,1
MONIMOY SINGHA ROY,3,6925835.0,3,1,1
GOVIND DAS ARYA,26,6923725.0,13,1,1
G V INDUSTRIES,43,6912723.0,43,1,2
SARODA CONSTRUCTION AND CO,2,6912701.0,1,1,1
MASRAT SIDIQ GILKAR,1,6894000.0,1,1,1
Hosabai Mahila Majoor Sahakari Sanstha Limited Sarni Aa,7,6883089.0,7,1,1
DCM Infrastructure,20,6880860.0,16,1,1
ASST ENG SAKRA LAEO1 MUZ,8,6838099.0,7,1,1
SHAMSHAD CONTRACTOR,9,6835684.0,9,1,1
Mukesh Mahato,28,6813000.0,28,1,1
Lhangti Konyak,1,6800000.0,1,1,1
Keviu Miachieo,2,6800000.0,2,1,1
MS AFROZ TRADERS,22,6799998.0,22,1,1
Ranjeet Kumar Verma Contractor,2,6798710.0,1,1,1
ESHIKA  ENTERPRISES,3,6798104.0,3,1,1
Sathess kumar,7,6796524.0,7,1,1
EAGGLE EYE INFRASTRUCTURES,2,6785183.0,2,1,1
RAJAGOPALREDDY VEMANNA,15,6775000.0,15,1,3
R J CIVIL CONTRACTOR,35,6765261.0,27,1,1
satya dev construction co,8,6749031.0,8,1,1
Rana Construction,82,6728782.0,82,1,1
Mahammad Abdul Rahim,6,6718082.0,4,1,1
SHREE RAM ENTERPRISES,52,6698825.0,10,3,4
Ms MAHALAXMI ENTERPRISES,13,6686721.0,13,1,1
ANIFA ENTERPRISES,11,6675000.0,11,1,2
Block Development  Office Rampur  Lok Sabha,17,6650000.0,17,1,1
GIRIJA CONSTRUCTION,8,6641448.0,8,1,1
C S TECHNOLOGIES,32,6628887.0,32,1,2
Advent Infomax Pvt Ltd,304,6611734.0,304,1,1
MS BHARTIYA CONSTRUCTION,9,6601304.0,5,1,1
MANAS KANTI ROY,19,6593314.0,19,1,1
MIR ROUJUDDIN AHMED,36,6580192.0,13,1,1
ASSISTANT ENGINEER LAURIYA,9,6579181.0,8,1,1
ASSISTANT ENGINEER ALAULI,5,6543467.0,5,1,1
SAMADON ENTERPRISE,3,6542603.0,3,1,3
Assistant Engineer Bisfi Vidhan Sabha,9,6537172.0,8,1,1
NEW MALWA AGRO AND FABRICATORS DHAR,41,6527692.0,41,1,1
Sujata Home Appliances Private Limited,28,6517131.0,28,1,1
SHRAVANA ENTERPRISES,16,6510964.0,8,1,1
JAISWAL WOODEN INDUSTRIES,18,6500000.0,12,1,1
GURUKRIPA CONSTRUCTION,10,6496307.0,4,2,2
KRISHNAKUMAR G,6,6495922.0,6,1,1
ROY ENTERPRISE,7,6493007.0,7,1,1
Gautam Enterorises,2,6492062.0,2,1,1
MASTER ELECTRIC STORE,4,6488745.0,4,1,1
OM PRAKASH ARYA,22,6486441.0,12,1,1
Mahendra Jagannath Lokhande,3,6480412.0,3,1,1
RASHIKA RAMBHAU DHUMAL,6,6460449.0,3,1,1
Rajshree Construction,10,6420204.0,5,1,1
RAJAT SUBHRA MANDAL,2,6381631.0,2,1,2
MR DEVELOPERS,5,6366481.0,5,1,1
ASSISTANT ENGINEER BELAGANJ,10,6363789.0,10,1,1
MS JP CONTRCTOR,10,6352562.0,7,1,1
VEERAKUMAR k,3,6333466.0,3,1,1
MURUGAN TRADERS,14,6300265.0,14,1,2
Ravi Metal Works,1,6300000.0,1,1,1
C P ENTERPRISE,7,6300000.0,7,1,1
MS AKHAND PRATAP TRADERS,18,6296891.0,10,1,1
PRACHI CONSTRUCTION,16,6295191.0,12,1,1
B Thirupathi Reddy,23,6287401.0,23,1,3
ASSISTANT ENGINEER ASSEMBLY BELDOUR,6,6278328.0,6,1,1
VDH ENGINEERING SERVICES,18,6269246.0,18,1,3
ANAND KUMAR GUPTA,8,6267912.0,4,1,1
Nirmithi Kendra Hassan,9,6250000.0,8,1,1
JYOTISH ENTERPRISES,5,6238000.0,5,1,2
S T SOLUTIONS,2,6222859.0,2,1,1
SURAJ KUMAR,31,6221697.0,31,1,1
NIRMITHI KENDRA YADGIR,8,6205000.0,8,1,1
GVA BOTTLES AND TINS,12,6200000.0,12,1,1
G S Enterprises,26,6185952.0,26,1,1
MS G N CONSTRUCTION,11,6180452.0,7,1,1
MAHINDRA AND MAHINDRA LIMITED,3,6178340.0,3,1,2
DEPUTY COMMISSIONER AND CHAIRMAN PROJECT MANAGER NIRMITHI KENDRA BELAGAVI,15,6175000.0,15,1,1
BHASKAR GOSWAMI,31,6174799.0,12,1,1
G RAJA REDDY,28,6146407.0,19,1,1
JYOTI ENTERPRISE,12,6139653.0,10,1,2
The Bandh Coop LC Soc Ltd Bandh,2,6134355.0,1,1,1
KRS Enterprises,10,6129044.0,10,1,2
THANUSH RAM CONSTRUCTION,7,6128981.0,7,1,1
Maa Laxmi Construction,16,6123042.0,11,1,1
SUHAVI ENTERPRISES,17,6100000.0,17,1,2
Navnit Sudhirrao Toley,6,6096505.0,5,1,1
N K MARI,15,6091585.0,15,1,1
RAJ INFRASTRUCTURE,9,6091132.0,9,2,2
Sharika Enterprises Limited,28,6089309.0,28,1,3
Balvir Agriculture corporation,21,6080000.0,21,1,6
NIRMITHI KENDRA UDUPI,18,6075000.0,17,1,1
MITHALESH CONTRACTOR,8,6065944.0,4,1,1
KAMLESH YADAV THEKEDAR,3,6062759.0,3,1,1
VEENUS ENTERPRISES,23,6059687.0,23,1,2
Unitone Home Appliances,26,6055333.0,26,1,2
ARJUN KUMAR SAH,66,6040000.0,35,1,1
RUDRA CONSTRUCTION,14,6010000.0,14,1,1
Sham Lal Gurpta,13,6003952.0,12,1,1
SELVANAYAKIAMMAN BUILDERS,1,6000000.0,1,1,1
Mhachen Humtsoe,2,6000000.0,1,1,1
SATELITE ELECTRONICS,1,6000000.0,1,1,1
CHENDHUR CONSTRUCTIONS,2,5999494.0,2,1,1
SRI VAARI INFRAS,1,5998083.0,1,1,1
PRUTHIVRAJ PRAMOD BHAMBLE PRO PRUTHIVIRAJ BHAMBLE,6,5997675.0,6,1,1
M s Anshika Enterprises,3,5995444.0,3,1,1
SANSKRUTI ASSOCIATES PVT LTD,2,5992500.0,2,1,1
ECO SYSTEM,20,5980000.0,20,1,1
SIDDHESWARI CONCERN AND CONSTRUCTION,9,5971640.0,8,1,2
SUJIT KUMAR CHAKRABORTY,2,5970760.0,1,1,1
Ganesh Laxman Rakshe,6,5970703.0,6,1,1
Ms Rahul International,1,5960000.0,1,1,1
SRI MURALI KRISHNA CONSTRUCTIONS,1,5958963.0,1,1,1
MS UDAYA TRADERS,34,5947553.0,17,1,1
N G CONSTRUCTIONS,6,5947075.0,6,1,1
NAVASKHAN,4,5943560.0,4,1,1
NEELAM CONSTRUCTION,4,5941108.0,4,1,1
SATHYA ENTERPRISES,19,5935604.0,19,1,2
HSD ASSOCIATE,13,5930088.0,13,1,1
J S INFRATECH,12,5910127.0,7,1,1
MAHALAXMICONTRACTOR,6,5905638.0,6,1,2
Trimurti Infotech,14,5899972.0,14,1,1
NETTAM BALAKRISHNA,2,5892449.0,1,1,1
MP AGRO JHABUA,74,5890400.0,37,1,1
Chairman Nirmithi Kendra Bagalkot,14,5875000.0,9,1,1
SHOBHA CONSTRUCTION,6,5859297.0,3,1,1
Vaishno Electrical,48,5850144.0,24,1,1
cmo shivpuri,10,5850000.0,10,1,1
Hellum Learning Lab Private Limited,12,5850000.0,12,1,1
MANJEET KUMAR YADAV,10,5849979.0,6,1,2
Jai Mata Rani Construction,10,5847091.0,7,1,1
K K Enterprises,3,5845559.0,3,1,1
HD ENTERPRISE,28,5841480.0,28,1,1
TYAGI CONSTRUCTION,10,5839118.0,7,1,1
DINESH CHANDR SINGH,3,5818801.0,3,1,1
SAMIR RAMKRUSHNA TAJNE,6,5816356.0,6,1,1
SHREE KRIPA ENTERPRISES SATNA,29,5809403.0,29,1,1
Emmadi Sharada,25,5808566.0,25,1,1
Munavath Raju,15,5808233.0,15,1,1
RAMESH B,5,5797682.0,5,1,1
RAMACHANDRA ELECTRICALS AND ENGINEERING STORES,12,5791187.0,12,1,1
ANSHIKA CONSTRUCTION,7,5787739.0,7,1,1
NIKITA RATAN TAMBE,6,5774952.0,6,1,1
Harish Infra Projects,4,5769657.0,4,1,1
ASIB ENTERPRISE,1,5758516.0,1,1,1
RTO SAMBALPUR,2,5753000.0,2,1,1
RAJ CONSTRUCTION,14,5752707.0,9,3,4
Bommineni Ramanjineyulu,2,5747707.0,2,1,1
MS ENTERPRISES,9,5745468.0,9,1,2
Antony Selvan M,3,5742866.0,2,1,1
TOIJAM DEBANANDA SINGH,8,5742136.0,4,1,1
Amit Traders,58,5741281.0,43,1,2
SHIVAM KUMAR,6,5729231.0,6,1,1
RAJU ENTERPRISES,7,5706991.0,7,1,2
R Imsentemjen,4,5700000.0,2,1,2
SHINOJ T A,3,5692691.0,2,1,1
NATIONAL TRADERS,26,5685669.0,26,1,1
UDDHAVRAO PATIL MAJUR SAHKARI SANSTHA,6,5684626.0,6,1,1
SVR CONSTRUCTIONS,2,5683700.0,1,1,1
RANI KUMARI,6,5677291.0,6,1,1
ARUN KUMAR UPADHYAY,5,5655911.0,3,1,1
Project Officer Himurja Kangra at Dharamshala,58,5650216.0,58,1,1
SD ENTERPRISES,5,5645600.0,5,2,2
Shri Balaji Construction,8,5633832.0,4,1,1
Jay Ambika  Enterprises,3,5633403.0,2,1,1
assistant engineer tarari,6,5631147.0,6,1,1
ASSISTANT ENGINEER MAKHDUMPUR,16,5616375.0,16,1,1
President Pragati Majoor Sahakari Sanstha Ltd,7,5610761.0,7,1,1
R P CONSTRUCTION,11,5602628.0,9,2,2
Kathamuthu Sekar,8,5597338.0,7,1,1
MANISHA AGARWAL CONTRACTOR,48,5585046.0,16,1,1
CEO JP TONKKHAURD,15,5583600.0,12,1,1
MOHIT CONSTRUCTION,12,5582955.0,6,1,1
RUDRA TRADERS,8,5580036.0,8,1,1
SEN SUPPLIERS,4,5576565.0,2,1,1
ASST ENGINEER LAEO WD 1 BEGUSARAI VSK TEGHRA,6,5563987.0,4,1,1
SHIV SHAKTI ENTERPRISES,9,5553906.0,8,2,2
NIKHIL,3,5553099.0,2,1,1
S S CONSTRUCTION,21,5546915.0,21,1,2
NARESH MANDAL JE ZILA PARISHAD LATEHAR,22,5520886.0,22,1,1
DPS Enterprises,18,5518188.0,18,1,1
ASSISTANT ENGINEER LAEO SHEIKHURA BARBIGHA,6,5509624.0,6,1,1
PAPAN KUMAR MANDAL,22,5500000.0,22,1,1
Abhishek Prakash Jain,5,5500000.0,5,1,1
C Chithambaram,5,5499942.0,5,1,1
Selvamayandi V,2,5493677.0,2,1,2
GUNASHEELAN P,1,5490893.0,1,1,1
KSEDC Ltd,9,5463085.0,9,1,3
City Light Electrical And Multi Services,4,5460176.0,4,1,1
ADVENT INFOMAX PVT LTD,6,5449694.0,6,1,1
P VEERACHAMY,4,5435000.0,4,1,1
DIVINE ENTERPRISES,8,5430000.0,8,1,2
CHANDRA KALAPERUMAL,4,5429652.0,4,1,1
ASSISTANT ENGINEER HAYAGHAT,8,5427299.0,8,1,1
Medoju Venugopal,5,5422994.0,3,1,1
Junior Engineer Zila Parishad Ranchi Sunny Choudhary,16,5408000.0,8,1,1
MADASAMY,6,5400876.0,5,1,2
SHERIN ENTERPRISES,27,5400000.0,27,1,2
Kolar District Nirmithi Kendra,9,5399000.0,6,1,1
MANJU SHARMA,4,5396049.0,4,1,1
SELCO SOLAR LIGHT PRIVATE LTD,18,5395580.0,18,1,1
MAYUR DINESH CHAVAN,6,5388750.0,6,1,1
ASSISTANT ENGINEER HARNAUT A C,15,5380128.0,15,1,1
NARSIMHULU AKULA,85,5379181.0,85,1,1
ATHIK TISSO,20,5379073.0,6,1,1
SDSCO PALAMPUR,34,5359752.0,18,1,1
Sarmindar Terang,20,5350384.0,11,1,1
SEFALI ENTERPRISE,2,5333472.0,1,1,1
SAV Construction Kumaresan Manilal,6,5331994.0,6,1,1
Soumita Enterprise,13,5329442.0,13,1,1
Saroja R,4,5329331.0,4,1,1
Ms Mohnio Enterprises,7,5307314.0,7,1,1
Thiruppathi Ramakrishnan,3,5300000.0,3,1,1
RM BUILDERS,3,5291825.0,2,1,1
KISHAN FORCE,3,5290000.0,3,1,2
SKYTECH ENTERPRISES,4,5282434.0,4,1,1
SATENDRA KUMAR SINGH,8,5280000.0,8,1,1
SUSANTA KUMAR DAS,6,5265402.0,6,1,1
Jebadhas V,5,5256002.0,2,1,1
VARUN KUMAR CONTRACTORS,11,5250965.0,9,1,3
ASSISTANT ENGINEER LAUKAHA VIDHANSABHA,7,5247253.0,7,1,1
VIVEK VINOD PAKHAD,8,5245654.0,5,1,1
VIKRANT ASSOCIATES,12,5236527.0,6,1,1
Sangeet Contractor,13,5215891.0,13,1,1
AJ ENTERPRISES,6,5211350.0,5,1,4
SEEMA SINGH SEEMA SINGH,15,5207513.0,15,1,1
Shivani,10,5205479.0,6,1,1
JANPAD PANCHAYAT RAJPUR,19,5196016.0,14,1,1
SEIYYON VENTURES,19,5193100.0,19,1,3
Ramesh yadav,3,5191392.0,3,1,1
ANKIT MAHESH AGRAWAL,9,5189891.0,7,1,1
Mohamed Ayub B,7,5189408.0,4,1,1
Garden Gym,14,5183800.0,14,1,1
ASSISTANT ENGINEER DEHRI,8,5174972.0,7,1,1
MP Agro Seoni,15,5173332.0,15,1,1
Dundra Kumara Swamy,33,5169323.0,33,1,2
MUNINDRA KR NATH,41,5156118.0,13,1,1
Block Development officer Nahan,24,5150000.0,24,1,1
MARUF ALI CONTRACTOR,4,5130315.0,4,1,1
VIPIN KUMAR,9,5129503.0,5,1,1
SRI SESHACHALA CONSTRUCTIONS,6,5127117.0,5,1,2
D K NIRMITHI KENDRA,4,5100000.0,4,1,1
JAI MATA DI ENTERPRISES,13,5100000.0,13,1,1
Sushanta Dutta,2,5095769.0,2,1,1
AMEER ENTERPRISES,15,5093183.0,9,1,1
SRI MAHALAKSHMI SC LABOUR CONTRACT MUTUALLY AIDED COOPERATIVE SOCIETY LTD,3,5089358.0,3,1,2
ASHA YADAV,4,5083110.0,4,1,1
mMODERN ENGINEERING ASSOCIATES,3,5075195.0,3,1,1
ASSISTANT ENGINEER GDZP I,7,5068415.0,7,1,1
CHARAN CONSTRUCTION,6,5063719.0,6,1,1
NAIDI NARSIAH,29,5061278.0,29,1,1
MP STATE AGRO IND DEV CORPN LTD BURHANPUR,16,5057472.0,16,1,1
BS CONSTRUCTION,23,5045000.0,23,1,1
KR ENGINEERING CONSTRUCTIONS,3,5039473.0,3,1,1
Arikrishnan k,3,5000000.0,1,1,1
Vikram Ronghang,2,5000000.0,1,1,1
SATYAKRISHNA ENTERPRISE,1,5000000.0,1,1,1
DHS SEPARATE BANK ACCOUT ASHOK NAGAR,2,5000000.0,2,1,1
UNIQUE CONSTRUCTION,1,5000000.0,1,1,1
APRJ Constructions Private Limited,1,5000000.0,1,1,1
HYDRANGEA ENTERPRISES,8,5000000.0,8,1,1
Sabari Construciton,2,5000000.0,2,1,1
A2F DIGITAL PVT LTD,1,5000000.0,1,1,1
S K FURNITURE,20,5000000.0,20,1,1
KAMATCHIRAJAN K,4,5000000.0,2,1,1
S RAVEEN,2,5000000.0,2,1,1
YADNYESH ENTERPRISES NASHIK,3,5000000.0,3,1,1
Meghna Chada Marak,3,5000000.0,1,1,1
INDKAL,1,4999800.0,1,1,1
M S Sri L C R AND SONS,1,4997593.0,1,1,1
Bagalamukhi Enterprises Private Limited,10,4997500.0,5,1,1
MEHTA SURGICAL,1,4997000.0,1,1,1
Pwan Kumar,4,4996002.0,2,1,1
COOPERATIVE STORE,5,4993875.0,5,1,1
SHREYASWIFT INDIA INFRA PPRIVATE LIMITED,5,4992500.0,5,1,1
JANTA TRADERS,2,4992000.0,2,1,1
DASARI SADANANDAM,2,4989891.0,1,1,1
PANSHUL MULTITRADE PRIVATE LIMITED,1,4989860.0,1,1,1
Nachatra Construction,2,4986704.0,1,1,1
ASSISTANT ENGINEER WAZIRGANJ,20,4986688.0,20,1,1
AEON MEDICAL PVT LTD,1,4982000.0,1,1,1
MP STATE COOPERATIVE MARKETING FEDERATION LTD,20,4980980.0,10,1,1
MS SAURAV ENTERPRISES,5,4980190.0,5,1,1
ASSISTANT ENGINEER BHABHUA,10,4978356.0,6,1,1
MS MANMOHAN SINGH KSHATRI,10,4977560.0,2,1,1
RAUSHANI KUMARI,5,4976941.0,4,1,1
PARVATI CONSTRUCTION,1,4975000.0,1,1,1
ANI ENTERPRISES,1,4961000.0,1,1,1
G S Construction,14,4960127.0,14,1,1
MS APT CONSTRUCTIONS,3,4959857.0,3,1,1
ASST ENG BENIPATTI VIDHANSABHA,6,4958081.0,5,1,1
S BABU,1,4954902.0,1,1,1
VIVEK ENTERPRISES,134,4953578.0,67,1,1
Maruti Suzuki India Limited,9,4953104.0,9,3,4
CEO JANPAD PANCHAYAT MANDSAUR,31,4950000.0,22,1,1
KOUSIK DAS,2,4947386.0,1,1,1
Punyashila Automobiles,52,4944000.0,52,1,1
M Butchaiah and Company,1,4939780.0,1,1,1
P Praveen Kumar,5,4939127.0,5,1,1
SARASANI ANANTHA PADMA  REDDY,31,4936385.0,31,1,1
NASKAR BISWAS,2,4924873.0,1,1,1
ASHOK KUMAR YADAV,9,4924862.0,4,1,1
YEDAV CHANDRA SEKHAR,2,4924833.0,2,1,1
Bimal Hanse,1,4913740.0,1,1,1
SR CONTRACTORS,1,4910484.0,1,1,1
DB VEERRARAGHAVAN,1,4909657.0,1,1,1
M KAVITHA,1,4909207.0,1,1,1
C Narendra,13,4905992.0,13,1,1
BIDHANSABHA KSHETRA GOH SAHAYAK ABHIYANTA,20,4905246.0,18,1,1
SREE MURUGAN CONSTRUCTION,4,4897565.0,2,1,1
Teja singh and Sons,13,4892500.0,13,1,3
SRINIVASA ROWLO,15,4891917.0,10,1,1
ADR CONSTRUCCTION,4,4885015.0,2,1,1
USHA SHARMA,7,4883987.0,4,1,1
NABIN KUMAR SHAW,3,4879962.0,2,1,1
ARHAM CONSTRUCTION,10,4879417.0,7,1,1
RC CONSTRUCTION,4,4877596.0,4,1,2
DSA CONSTRUCTION,3,4872897.0,3,1,1
Swapan Debbarma,2,4860920.0,1,1,1
BURUGULA VINOD KUMAR,12,4853565.0,12,1,1
JANPAD PANCHAYT KHARGONE,16,4850000.0,6,1,1
JANAPAD PANCHAYAT BARWANI,15,4848535.0,11,1,1
Kanagaraj P,2,4841668.0,1,1,1
M MURTHY,2,4833356.0,1,1,1
VARUN ENTERPRISES,6,4829175.0,6,1,2
MAGIZH ENTERPRISES,24,4800000.0,24,1,1
APPU CONSTRUCTION,2,4798140.0,2,1,1
Aditya Ganeshrao Gawande27AWDPT5004E1ZQ,8,4795693.0,8,1,1
PRADEEP CHATURVEDI,5,4790453.0,2,1,1
SATENDRA KUMAR,8,4790156.0,5,1,1
SAVITRI DEVI,8,4781497.0,5,2,2
SUNIL DATTATRAY KUDALE,1,4776925.0,1,1,1
Amit Singh Dhillo,8,4751148.0,4,1,1
SURAJ CHANDRAKANT NALAWADE,5,4741850.0,3,1,1
Rgm Enterprises,2,4739506.0,1,1,1
SMT SUREMA DEVI,6,4738971.0,3,1,1
Royal traders,1,4725463.0,1,1,1
KSR CONSTRUCTIONS,1,4705207.0,1,1,1
CEO JANPAD PANCVHAYAT MOMAN BADODIYA,9,4700000.0,6,1,1
N RAMALINGAM,2,4698525.0,2,1,1
Nishant Gulab Rathod,5,4698396.0,5,1,1
GOLDEN ENGINEERING CORPORATION,8,4689994.0,8,1,1
JAGANNATH CONSTRUCTION,2,4688851.0,1,1,1
Rasapillai,6,4687460.0,6,1,1
Mithun Debbarma,2,4684120.0,1,1,1
ASST ENG AURAI V K LAEO WD 01 MUZ,6,4684108.0,6,1,1
KRISHNAPPA C S,1,4681278.0,1,1,1
Turaka Raja,4,4673345.0,3,1,1
SINGH TRADERS,7,4659584.0,7,1,1
Dvija Traders,10,4655400.0,10,1,1
A K Enterprise,29,4650000.0,10,1,1
KPL Equipments Pvt Ltd bhopal mp,18,4645735.0,18,1,2
GIRIJA SHANKAR DUBEY,7,4645424.0,5,1,1
SHRI BALAJI CONSTRUCTION,5,4630602.0,4,2,2
ASSISTANT ENGINEER BANKIPUR,6,4629806.0,6,1,1
NIKHIL ENTERPRISES,20,4619580.0,20,1,1
dev narayan panday,4,4617428.0,2,1,1
ADARSH KUMAR,12,4612662.0,12,1,1
Kulveer Singh,10,4612498.0,5,1,1
Expert Drillers,17,4600441.0,17,1,2
jp gogawa,12,4600000.0,7,1,1
KATHIRESAN THANGAVEL NADAR,11,4587055.0,11,1,1
MP STATE AGRO,32,4586593.0,21,1,2
SPR Infra,7,4585986.0,7,1,1
KSB SOLUTIONS,12,4585755.0,12,1,1
Varinder Kumar Sood,2,4583512.0,1,1,1
VISHWESHWARI ELECTRICALS,27,4577310.0,27,1,1
Derhasad Basumatary,3,4574819.0,3,1,1
AMN ENTERPRISES,8,4572262.0,8,1,2
MS SAUVYA ENTERPRISES,10,4554318.0,5,1,1
ASN Services Pvt Limited,15,4550205.0,15,1,3
MUHAMMED MA,2,4537516.0,2,1,1
Siddharth Construction and suppliers,10,4535086.0,3,1,1
SRI VENKATESHWARA CONSTRUCTIONS,3,4534643.0,3,1,2
KAJAL TRADERS,2,4520176.0,1,1,1
Managing Director APMSIDC,1,4515226.0,1,1,1
YOGENDRA SINGH,6,4502598.0,6,1,1
ALEMWABANG JAMIR,2,4500000.0,1,1,1
Bimal Auto Agency,5,4500000.0,5,1,1
LIPOKNUKSHI,2,4500000.0,1,1,1
Gravity infra solutions,2,4500000.0,2,1,1
IMSUYANGER LEMTUR,2,4500000.0,1,1,1
HARIDEV ENTERPRISES,6,4498645.0,6,1,1
BOSE CONSTRUCTION,11,4498576.0,11,1,1
MS SRI SIRI CONSTRUCTIONS,2,4497963.0,2,1,1
B M ENGINEERING AND CONSTRUCTION,3,4497303.0,3,1,1
MUKESH KUMAR BANJARE,18,4497012.0,9,1,1
Padmawati Mssm,2,4496585.0,2,1,1
A K JAISH ENTERPRISES,2,4496334.0,2,1,1
M RAJASEKHAR,9,4495932.0,9,1,1
VDH ENTERPRISES,10,4494783.0,10,1,1
AKSHIT ENTERPRISES,2,4492109.0,2,1,1
West Bengal Electronics Industry Development Corporation Ltd,40,4480000.0,40,1,1
APARAJOY RUDRA,6,4478628.0,6,1,1
MP STATE CO OPERATIVE MARKETING FEDERATION LTD SEHORE,7,4478274.0,7,1,1
digambar vitthal koradkar,4,4477692.0,4,1,1
SANLY INFRATECH PRIVATE LIMITED,4,4471165.0,4,1,1
RAMESH GUPTA,8,4462164.0,5,2,2
KAPIL KESHAVRAO AMBHORE,2,4458356.0,2,1,1
SAMARPAN CORPORATION,5,4449950.0,5,1,2
ASSISTANT ENGINEER NOKHA LAEO WD 02 BIKRAMGANJ ROHTAS,12,4419694.0,10,1,1
Uves Enterprises,55,4414371.0,30,1,2
SHASHIKUMAR,15,4413732.0,11,1,1
SREE KAMACHI INDUSTRIES,9,4411400.0,9,1,1
SUBRATA SAHA,6,4410180.0,6,1,1
J Justin Pratheep,3,4406644.0,3,1,1
Sree Kavi Enterprises,22,4400000.0,22,1,1
VINAYAGAM ENTERPRISES,4,4397876.0,4,1,1
Su Solartech Systems Pvt Ltd,17,4397064.0,17,1,3
SK SHUTTERS AND FABRICATORS,11,4396606.0,11,1,1
anurag urban tecinfra pvt ltd,2,4395727.0,2,1,1
SUBRATA HALDER,1,4381277.0,1,1,1
Sivajaganathan G,6,4375946.0,6,1,1
AR Enterprises,7,4375000.0,7,1,2
Sankara Rao Rayapudi,2,4373291.0,1,1,1
ABHISHEK KUMAR SINGH,1,4368000.0,1,1,1
N K CONSTRUCTIONS,5,4367482.0,4,1,2
DEEPAK BAG,14,4364900.0,8,1,1
PRATICK KUMAR GHOSH,1,4358180.0,1,1,1
Christo Construction,2,4343438.0,1,1,1
SHREE SHYAM ENTERPRISES,5,4337570.0,5,2,3
Prabh Kirpa Enterprises,9,4330559.0,9,1,1
Prasenjit Das,1,4316480.0,1,1,1
MODERN INDUSTRIES,3,4313641.0,1,1,1
PRAYAG ENTERPRISES,6,4310770.0,3,1,1
GANESH CONTRACT WORK,9,4304127.0,9,1,1
SUNIL KUMAR GIRI,3,4302922.0,3,1,1
BDO Rajgarh,20,4300000.0,20,1,1
MP STATE AGRO CHHATARPUR,29,4298641.0,18,1,1
M Perumal,2,4295219.0,2,1,1
POONAM TYAGI,10,4294930.0,5,1,1
Empire Computers,1,4290487.0,1,1,1
SSS CONSTRUCTION,8,4279741.0,4,1,1
MAA CONSTRUCTION SAIFUL ISLAM SARDAR,4,4276439.0,4,1,1
SANJEEV KUMAR,16,4273860.0,14,5,7
SANTRA ENTERPRISE,1,4271709.0,1,1,1
Pred Sagara,16,4271182.0,9,1,1
SIDDHESH GHANSHAM ADHIKARI,8,4267157.0,4,1,1
Subhasmita Sahoo,6,4256516.0,6,1,1
KUBERAN AND CO,1,4256261.0,1,1,1
NAV BHARATH CONSTRUCIONS,28,4252936.0,28,1,2
RB Enterprise,5,4244000.0,5,1,1
B S CONSTRUCTION COMPANY,7,4242387.0,3,1,1
Bristo Security System,4,4237898.0,3,1,2
MS RAGHUNATH THIKEDAR,16,4223944.0,9,1,1
S K ENTERPRISE,8,4222258.0,7,1,4
LUCKY CONSTRUCTION,2,4220542.0,2,1,2
CEO Sonkatch,9,4218300.0,8,1,1
Peoples Service Point,6,4218100.0,6,1,1
S N Enterprises,7,4217226.0,7,1,3
JVS  CONSTRUCTIONS,10,4214050.0,10,1,1
ABHAY NARAYAN YADAV,34,4210866.0,17,1,1
AEN O N M AVVNL,34,4198139.0,34,1,1
BANSHI DHAR PANDEY,4,4177318.0,2,1,1
Unicem Engineers,1,4175251.0,1,1,1
EXECUTIVE ENGINEER N R E P DEOGHAR MPLADS,26,4162500.0,25,1,1
The Shirdi Sai Cooperative multipurpose society,2,4160229.0,2,1,1
M S ENTERPRISE,10,4160026.0,10,1,2
Raja,4,4158413.0,3,2,2
THE SATHI COOPERATIVE LABOUR AND CONSTRUCTION SOCIETY LIMITED,9,4155864.0,9,1,1
Media Infotech,1,4150000.0,1,1,1
THE MP STATE AGRO IND DEV CORP LTD SHEOPUR,50,4145446.0,27,1,1
SUBH ENTERPRISES,4,4142490.0,2,1,1
MS SRV INTERNATIONAL,43,4139578.0,43,1,2
Manoj kumar singh,11,4135449.0,5,1,1
SRI J VENKATA GIRI DHARA RAO,10,4134354.0,10,1,1
JAYANTA KUMAR JENA,9,4132152.0,8,1,1
KATTUBADI SRINIVASULU,9,4126158.0,9,1,1
HUKAM SHREE,11,4119676.0,9,1,1
Jeet Enterprises,3,4117556.0,3,1,1
BDO Patta MPLAD LS,21,4100000.0,21,1,1
P Selvam,3,4098694.0,3,1,1
ALMAAN STEEL,18,4097196.0,18,1,1
SHREE HARI CORPORATION,10,4090000.0,10,1,1
SURESH CONSRUCTION,3,4085645.0,3,1,1
BAMMIDI RAMAKRISHNA,9,4082372.0,9,1,1
UTKARSH UNEEMPLOYED ENGINEERS SEVA CO-OP SOCIETY,6,4076315.0,6,1,1
MINTU SINGH,9,4071201.0,9,1,1
P S Rajendran Puduvettagudi,3,4051379.0,3,1,1
KEYA CONSTRUCTION,24,4044039.0,24,1,1
ADIIVE TECHNOLOGES PRIVATE LTD,2,4025218.0,2,1,1
ANKITA TRADERS,12,4019078.0,12,1,1
SG CONSTRUCTION,2,4016250.0,2,2,2
GANAPATI CONSTRUCTION,2,4013084.0,2,1,1
DAKSHIN HARYANA BIJLI VITRAN NIGAM,12,4012945.0,12,1,1
Vastu Shree Constructions,6,4001775.0,6,1,1
MIGOM KAMUM,2,4000000.0,2,1,1
Aakash Construction,1,4000000.0,1,1,1
PREETILA SUGATHAN,2,4000000.0,2,1,1
TANISHKA PRAKASHAN,1,4000000.0,1,1,1
Ms Anna Enterprises,5,4000000.0,5,1,1
FASTSPEED REALTORS PRIVATE LIMITED,1,4000000.0,1,1,1
Krishnamoorthi,1,3999840.0,1,1,1
DABHODA GRAM PANCHAYAT,10,3999572.0,10,1,1
G V CONSTRUCTIONS,2,3999201.0,2,1,1
NEHRU RAJA,6,3998704.0,6,1,1
FATHIMA CONSTRUCTIONS,2,3998675.0,1,1,1
GURUDATTA GAWANDI KAMGAR MAJOOR SAHAKARI SOCIETY LIMITED,2,3998305.0,2,1,1
SWATANTRA ENTERPRISES,2,3997981.0,1,1,1
M LALITHA,2,3997482.0,1,1,1
INIYA CONSTRUCTIONS,10,3996830.0,10,1,1
JAGADEESHWAR HANUMANDLA,20,3996782.0,20,1,1
Kishor Eknath GIte,4,3996300.0,4,1,1
ABL CONSTRUCTIONS,2,3996111.0,2,1,1
Om Construction,2,3994975.0,2,1,1
AGAMESWARI CO OPERATIVE LABOUR CONTRACT AND CONSTRUCTION SOCIETY LTD,1,3994199.0,1,1,1
MURUGAN A,3,3994172.0,3,1,1
Dipesh Biswas,2,3993165.0,1,1,1
C Nithyananthan,2,3993140.0,1,1,1
RAM MILAN,6,3991069.0,6,1,1
KUNISETTI SURIBABU,2,3988680.0,1,1,1
NISHU ENTERPRISES,8,3988191.0,4,1,1
PEDKAI ELECTRICALS,7,3988039.0,7,1,1
Sachin Nandram Karale,2,3986985.0,2,1,1
RAVI RANJAN,5,3982946.0,3,1,1
A G Sampath,2,3978227.0,2,1,1
VIJAYANAGARA NIRMITHI KENDRA,4,3975000.0,4,1,1
NANGI RAJESH KUMAR REDDY,14,3973159.0,8,1,1
Firose Khakhlari,21,3970879.0,18,1,1
Dambhe Construction Company at post dhoptwadi patoda dist Beed,4,3970483.0,4,1,1
Santosh Kumar Sahni,4,3958789.0,4,1,1
Ganni Surya Prabhakar Chowdary,2,3954016.0,2,1,1
KOMMURAJULA UPPALAIAH,10,3952516.0,10,1,1
simpi,9,3947487.0,9,1,1
Amol Malu Lambore,7,3945000.0,4,1,1
Shriyog Electricals,10,3936386.0,10,1,1
SUBRATA SOUND AND ELECTRICAL WORKS,3,3936277.0,3,1,1
Subhash Acharjee,2,3935030.0,1,1,1
KHEM CHAND,4,3926658.0,2,1,1
ASSISTANT ENGINEER PHULPARAS,4,3918383.0,4,1,1
SADIKUL ISLAM,28,3911796.0,28,1,1
GRAM PANCHAYAT KURWAH,20,3893900.0,2,1,1
PALDEN WANGCHUK BHUTIA,2,3890831.0,2,1,1
GOMODISH,11,3889539.0,11,1,1
AMICHANDBHAI PATEL GROUP SERVICES,5,3889251.0,5,1,2
SREE THIRUPATHI MARKETING,7,3885472.0,7,1,2
BISWARUP GHOSH,2,3881803.0,2,1,1
VIVEK KUMAR SINGH,9,3875389.0,5,2,3
AMM ENTERPRISES,11,3874198.0,11,1,3
ALLIED SURGICALS,1,3870000.0,1,1,1
sudhakar,4,3860469.0,4,1,1
HEMANTA DAS,24,3854167.0,11,1,1
siddheshwar enterprises,2,3846411.0,2,1,1
Venna Kasi Reddy,3,3844443.0,3,1,1
KOMU VIKRAM REDDY,8,3844416.0,8,1,1
PARAMESWARI,7,3834948.0,7,1,1
Soltech Global,1,3831541.0,1,1,1
Assistant Engineer Kumharar,6,3816375.0,6,1,1
KALIYAMMAL M,2,3800000.0,1,1,1
Avson Enterprise,6,3800000.0,6,1,1
PO DRDA SOLAN,11,3800000.0,11,1,1
DREAM CONSTRUCTION,5,3799911.0,5,1,1
ASSISTANT ENGINEER AC JAMUI LAEO WD 01 JAMUI,11,3794432.0,9,1,1
ASSISTANT ENGINEER KAHALGAON,3,3793986.0,3,1,1
OM SHAKTHI BOREWELLS,32,3788942.0,32,1,2
SUDHA DEVI,5,3784571.0,5,1,1
SWANAND CONSTRUCTION,6,3777655.0,3,1,1
HARENDRUMA INFRASTRUCTURE,4,3773574.0,4,1,1
AKHILENDRA SINGH CONTRACTOR and SUPPLIER,3,3757464.0,3,1,1
SKYPOWERSYSTEM,6,3750000.0,6,1,1
Sunil Namdev Chavhan,3,3750000.0,3,1,1
RURAL EDUCATION SOCIETY,1,3750000.0,1,1,1
MS P S TRADERS,1,3750000.0,1,1,1
gagan book supplier,3,3749775.0,2,1,2
SARASWATI SISHU SHIKSHA SAMITI RATLAM,2,3749466.0,2,1,1
Nutra Marketing,18,3747760.0,18,1,1
MANU KRISHI UDHYOG,13,3740000.0,13,1,2
Dipak Kumar Yadav,9,3737126.0,6,1,2
MK INFRA,8,3732435.0,6,1,1
J S ELECTRICALS,4,3724536.0,4,1,1
Automotive Manufacturers Pvt Ltd Secunderabad,1,3724186.0,1,1,1
RAJA CONSTRUCTION,3,3714591.0,3,1,2
MD LAL MOHAMMED,8,3714128.0,8,1,1
TARA MAA ENTERPRISE,5,3702812.0,4,1,3
SANIL AHMAD,4,3700755.0,3,1,1
K Vadivel,3,3699534.0,3,1,1
TRILOCHAN RAM YADAV,8,3697390.0,4,1,1
WEHEAR INNOVATIONS PRIVATE LIMITED,2,3696000.0,2,2,2
NARASIMHAMURTHY H,8,3694082.0,8,1,1
SHRI SAI CONSTRUCTION,7,3692922.0,5,1,1
SHRI RAM CONTRACTOR AND SONS,9,3691753.0,5,1,1
AKSHAT BUILDERS,7,3680590.0,4,1,1
Sardar Enterprises,71,3680193.0,17,1,1
GOTTIPATI MADHUSUDHANA RAO,1,3678283.0,1,1,1
AKULA RAJ KIRAN,9,3674138.0,9,1,1
JYOTHIRMAI INFRASTRUCTURES,4,3671367.0,4,1,2
Runaha,4,3670000.0,3,1,1
palanichamy,4,3666127.0,2,1,1
CIMECON ENTERPRISES,3,3661897.0,3,1,1
The Sumit Co Op LC Society,7,3657276.0,7,1,1
IMON CONTECH,10,3656999.0,10,1,1
M and N Motors Private Limited,1,3656800.0,1,1,1
CSE Construction Pvt Ltd,1,3655060.0,1,1,1
AVIADU ENERGY AND INFRA PRIVATE LIMITED,4,3654264.0,4,1,2
KKJ ENTERPRISE,10,3649472.0,6,1,1
GRAM PANCHAYAT GUDELIYA,9,3649000.0,7,1,1
ACCHELAL SINGH KUSHWAHA,3,3646044.0,3,1,1
VISHNU CARRIERS PRIVATE LIMITED,1,3632057.0,1,1,1
RAV INFRA,4,3628994.0,3,1,2
BDO Pattanakkad,2,3625465.0,2,1,1
SRI VENKATESWARA VADDERA COOLISANGAM,1,3624148.0,1,1,1
SHUVENDU SARKAR,5,3622563.0,3,1,1
RAJASEKAR,2,3622434.0,2,1,1
SELVAM B,2,3619316.0,2,1,1
National Construction Company,5,3619052.0,3,1,1
JMD Promoters,4,3614721.0,4,1,1
Arun Constructions,10,3605306.0,5,1,1
KAMAL KUMAR MODI,10,3600000.0,10,1,1
KAYON MODI,3,3600000.0,3,1,1
SAMARTH BROTHERS,5,3598320.0,5,1,1
A EN O AND M JVVNL BEHROR RURAL,1,3597559.0,1,1,1
Minislu Brahma,2,3596552.0,2,1,1
ASSISTANT ENGINEER GURUA,5,3592074.0,4,1,1
N K ENGINEERING,8,3590377.0,8,1,1
A K CONSTRUCTION,5,3589415.0,3,1,1
Pradhan Infraventures,8,3586182.0,4,1,1
EST CONSTRUCTION,8,3580972.0,8,1,1
R RAJENDRAN,2,3580000.0,2,1,1
Satyendra Borah,1,3574579.0,1,1,1
MADIHA TRADERS,6,3572000.0,4,1,1
Exajoule PVT LTD,86,3554130.0,86,1,2
V SELVARAJ,3,3550000.0,3,1,1
P KALICHARANREDDY,11,3549915.0,11,1,1
MS MOHAMMAD MIYA,5,3545362.0,5,1,1
ASSISTANT ENGINEER ASSEMBLY PARBATTA,3,3541161.0,3,1,1
Balaji Construction Co,1,3540798.0,1,1,1
ASSISTANT ENGINEER GOPALPUR,4,3536129.0,4,1,1
DEEPAK KUMAR SHARMA,3,3528574.0,3,1,1
Manoj Madhukar Waingankar,6,3526784.0,6,1,1
N KAMALAKAR REDDY,32,3523609.0,32,1,1
ASSISTANT ENGINEER LAEO WORKS DIVISION SAHARSA,5,3521756.0,5,1,1
ANIKET GAJANAN DHENGALE,4,3511002.0,4,1,1
MANOJ YADAV,6,3506772.0,3,1,1
KUNAL CONSTRUCTION,3,3502050.0,3,1,1
R ILAMURUGU,1,3500000.0,1,1,1
SAMAJ SEWA NYAS,1,3500000.0,1,1,1
NIRANJANNA ENTERPRISES,7,3500000.0,7,1,1
ZONE COMMISSIONER ZONE 02,3,3500000.0,3,1,1
VMP ASSOCIATES,2,3500000.0,2,1,1
S ILANCHIZHIAN,3,3498471.0,3,1,1
SHRI YASHWANTRAYA MAJUR SAHAKARI SANSTHA MARYADIT,4,3498057.0,4,1,1
gram panchayat badkadol,4,3498000.0,2,1,1
ALAM ENTERPRISE,2,3496958.0,1,1,1
GILLELLA VENKATESHWAR REDDY,7,3495746.0,7,1,1
MAGAN CONSTRUCTION CO,2,3494557.0,2,1,1
NAVEEN SULLI,7,3494373.0,7,1,1
PUNITH R,7,3491078.0,7,1,1
TALARI OBULESU,7,3488873.0,7,1,1
SHRI LAXMI CONSTRUCTION,4,3488115.0,3,1,1
Jagdeesh Prasad Chaudhry Contractor,5,3486310.0,2,1,1
SARAFATULLAH,5,3480784.0,3,1,1
ASSISTANT ENGINEER,5,3473959.0,5,1,1
ROYAL BRICKS AND CONSTRUCTION,12,3466251.0,6,1,1
RIFA ENTERPRISE,4,3462846.0,4,1,1
NARENDRA SOPANRAO THOKAL,4,3462426.0,4,1,1
MUNDRA AUTOMOBILES PRIVATE LIMITED,1,3460000.0,1,1,1
tushar satish rawale,4,3458279.0,4,1,1
MS RAMA CONSTRUCTION,10,3458158.0,6,1,1
DIKSHA ENTERPRISE,2,3457772.0,2,1,1
omparkash,8,3450740.0,6,1,2
Ms MD ENTERPRISE,9,3450000.0,9,1,1
STABIN NARZARY,4,3449241.0,3,1,2
SOM ENGINEERING ENTERPRISE,2,3447690.0,2,1,1
SAikrupa Construction,2,3446411.0,2,1,1
NUTAN KAMGAR SAHAKARI SANSTHA,2,3444899.0,2,1,1
VIKRANT ENGINEERING,7,3430000.0,7,1,1
ASST ENGINEER LAEO WD 1 BEGUSARI VSK BACHHWARA,4,3427000.0,4,1,1
AJAY CONSTRUCTION,19,3421828.0,19,1,1
SHRI VIJAY SINGH  SATNA,16,3405881.0,16,1,1
Sri Lakshmi Narasimha Enterprises,7,3401023.0,6,1,1
Bodanapu Malleswari,8,3399353.0,8,1,1
NAGAR PALIKA PARISHAD BARWANI,12,3399253.0,7,1,1
MS RAVI ASHOK KUNCHIKORVE,2,3397419.0,2,1,1
Nachatra Constuction,1,3393546.0,1,1,1
AVN CONSTRUCTIONS,1,3389297.0,1,1,1
DEBASIS PALUI,4,3387632.0,4,1,1
RM ENTERPRISE,6,3383917.0,6,2,2
MINATI KISAN,7,3383807.0,6,1,1
Agrawal Construction,2,3382473.0,2,1,1
MANAN CONSTRUCTION,3,3382413.0,3,1,1
Mr REDDEPPA T,10,3381367.0,7,1,1
R D CONTRACTOR AND SUPPLIER,4,3375377.0,2,1,1
BRINDAVANA CONSTRUCTIONS,2,3375000.0,2,1,1
UGTA SURAJ,34,3374746.0,34,1,1
vpr enterprises,9,3366899.0,9,1,1
K Gunasekar,4,3360484.0,2,1,1
GOKUL CHHETRI,6,3356262.0,6,1,1
VIGNESH N,2,3355617.0,2,1,1
JAY MAA DURGE TRADERS,8,3351593.0,4,1,1
ASSISTANT ENGINEER LAEO SHEIKHPURA,9,3351270.0,8,1,1
Block Development Office Kotkhai Lok Sabha,24,3350000.0,24,1,1
VELAN CONSTRUCTION,2,3347970.0,2,1,1
RISHIKESAVAN K,2,3345531.0,2,1,1
MUSAYYADA,2,3345068.0,2,1,1
THANGARASU,1,3345017.0,1,1,1
ASSISTANT ENGINEER KUSHESHWAR ASTHAN,4,3328269.0,4,1,1
SANJIT DAS,1,3326060.0,1,1,1
Karthick Prathap,4,3325105.0,3,1,1
janpad panchayat kasrawad,15,3317000.0,11,1,1
GV Industries,12,3311022.0,7,2,2
assistant engineer sasaram laeo wd 01,5,3310409.0,4,1,1
MS ND ENTERPRISE,12,3307024.0,9,1,1
Shri Bhagwat Bhakti Ashram Rampura Rewari,2,3300000.0,2,1,1
Milang Enterprises,4,3300000.0,4,1,1
BASKARAN A S,3,3299972.0,2,1,1
VIBINDAS,4,3299183.0,3,1,1
KR CONSTRUCTIONS,3,3298726.0,3,1,1
RAJ DINESH PANDIRKAR,2,3298634.0,2,1,1
Gram Panchayat Sarpanch sachiv,9,3298421.0,4,1,1
UNNATI CONSTRUCTION,13,3298281.0,7,2,2
NB HARDWARE STORE,7,3294919.0,7,1,1
KCR CONSTRUCTIONS KADAPA,5,3294496.0,5,1,1
Power Solutions,1,3290032.0,1,1,1
Ajay Subhashrao Ghavghave,5,3285640.0,5,1,1
RAHUL KUMAR CHATURVEDI,3,3281134.0,3,1,1
ACME CONSTRUCTION,1,3277725.0,1,1,1
SAHIL KUMAR JE,14,3275000.0,7,1,1
PAZHANIVELRAJAN GNANASURIYAN,2,3265740.0,2,1,1
assistant engineer sahpur,4,3264293.0,4,1,1
ARIKELA SRIKANTH,9,3263469.0,9,1,1
Biju S Pillai,3,3262126.0,3,1,1
R R Constructions,2,3250000.0,2,1,1
RAYCON COOPERATIVE LABOUR CONTRACTS CONSTRUCTION SOCEITY LTD,2,3247876.0,1,1,1
V P AZHAGAIYAN,1,3245416.0,1,1,1
MS NACHIYAR CONSTRUCTION,2,3244288.0,2,1,1
UPENDRA CHOUDHRY JE ZP LATEHAR,14,3242469.0,14,1,1
Rabindra Nath Singh,28,3242446.0,28,1,1
DEBABRATA ROY,3,3235216.0,3,1,1
VELMURUGAN S,3,3234068.0,3,1,1
GK CONSTRUCTION,10,3233127.0,6,1,2
HANUMAN BOREWELL AND EARTH WORKES,32,3221708.0,32,1,1
Sunshine Projects,5,3221189.0,5,1,1
CEO Bagli,12,3220000.0,9,1,1
Rupashree Patel JE,7,3218397.0,7,1,1
PUNJAB ENERGY DEVELOPMENT AGENCY,9,3217675.0,9,1,4
T AZHAGESAN,5,3216958.0,2,1,1
Dhiraj Baba Virkhare,1,3201581.0,1,1,1
SHIVAM PRABHA CONSTRUCTION,2,3200984.0,2,1,1
PRAVINDRA KUMAR,9,3200807.0,6,1,1
GRAM PANCHAYAT ICCHAPUR,4,3200000.0,3,1,1
SRINIVASA CONSTRUCTION,4,3200000.0,2,1,1
SHRIGANESH MAJOOR SAH SANTHA,4,3199472.0,3,1,1
NITIN KUMAR VERMA,4,3199198.0,3,1,1
ATCHUTA RAO REDDI,10,3198847.0,10,1,1
SHAIK SARDAR,2,3198357.0,1,1,1
Tottadi Manikanta,7,3197156.0,7,1,1
VASUDEVA NAIDU KOLLU,8,3197139.0,7,1,1
Ashwani Kumar,7,3195169.0,6,2,3
MOUROUGANE,1,3193926.0,1,1,1
JOSIDHAA DEVELOPER,2,3186368.0,2,1,1
PUBBI ELECTRICALS,14,3185332.0,13,1,2
Dean govt medical college shivpuri,2,3184764.0,1,1,1
assistant engg atri,3,3183737.0,3,1,1
PABITRA DAS,2,3180483.0,2,1,1
NEMAI KUNDU,3,3173287.0,3,1,1
AKASH DUTTA,1,3173020.0,1,1,1
RAJKUMAR TIWARI,1,3170432.0,1,1,1
BDO Rait,28,3170373.0,22,1,1
VIJAAY,1,3168745.0,1,1,1
RAJO MOTORS PRIVATE LIMMITED,1,3168600.0,1,1,1
The New Punjab Cooperative L C Society LTD,17,3165938.0,13,1,1
PENTASTAR POWERCON PRIVATE LIMITED,15,3165190.0,3,1,1
SVYP CONSTRUCTIONS,2,3159595.0,2,1,1
K M Technologies,4,3153935.0,4,1,3
Dhaka Stone Comapny,7,3152437.0,5,1,1
SOUTH ENTERPRISE,9,3151387.0,9,1,1
Block Development Officer Solan,11,3150000.0,11,1,1
SS Steel Industries Sirsa,18,3149996.0,18,1,1
AAHELI CONSTRUCTION,5,3148893.0,5,1,1
Nisarga Constructions,3,3147465.0,3,1,1
KANTU KUMAR,3,3145333.0,3,1,1
Delight Trading Company,7,3143664.0,7,1,2
SHREE ENTERPRISE,10,3141450.0,10,1,1
GANTA SHIVA KUMAR,5,3139364.0,5,1,1
RANA CONTRACTOR AND SUPPLIER,7,3132573.0,5,1,1
D R KUKADIA,1,3130066.0,1,1,1
UTTAM VENTURES,26,3127943.0,13,1,1
DARSH BUILDCON,4,3127298.0,4,1,1
ELANGO,4,3127237.0,2,1,1
HEADWHEEL SYSTEM and SERVICES PVT LTD,3,3125952.0,3,1,1
Navbharat Sahitya Mandir,17,3124831.0,17,1,2
KANNIAH,2,3120403.0,1,1,1
CEO JANPAD KHATEGAON,4,3120000.0,4,1,1
Singh Building Material,3,3115000.0,2,2,2
JAHARLAL DUTTA,1,3114925.0,1,1,1
ASSISTANT ENGINEER SIKTA,4,3111260.0,4,1,1
Amir Construction,1,3108723.0,1,1,1
GANGASARAM SRINIVAS REDDY,11,3108070.0,11,1,1
VASTUANANTA DESIGNS,14,3107685.0,14,1,1
Gopalakrishnan,2,3106320.0,2,1,1
SHREE BALAJI CONSTRUCTION,7,3103087.0,6,2,4
R M MP Agro Satna,13,3102393.0,13,1,1
SAROJ KANTA NAIK,8,3100000.0,8,1,1
Yograj Builders And Developers,5,3099289.0,5,1,1
assistant engineer sasaram,3,3099128.0,3,1,1
JJ LALA PROJECTS PRIVATE LIMITED,3,3098092.0,3,1,1
GRAM PANCHAYAT NAUDIYA,13,3097382.0,2,1,1
SUNEERA,9,3092654.0,9,1,2
MS JMS INFRA PRO JASH KAUSHIK,5,3092624.0,4,1,1
KALIMATA BUILDERS,2,3087958.0,1,1,1
Merino Infra Projects Private Ltd,1,3087396.0,1,1,1
Cosine Green Power,1,3086456.0,1,1,1
AYYAPPAN ENTERPRISES,1,3084454.0,1,1,1
MONDAL CONSTRUCTION,2,3084358.0,2,1,1
MOHAMMAD YASEEN,14,3083407.0,7,1,1
ANAND KUMAR,8,3079276.0,5,2,2
shri Ganpati Tiles Matti,95,3076371.0,33,1,2
RAMESH,21,3075640.0,21,2,5
BHARGAV CONTRACTORS,3,3069043.0,1,1,1
SREE VINYAGA CONSTRUCTIONS,6,3066658.0,6,1,1
K J SUPPLIERS,4,3057942.0,3,1,1
MD PUVVNL,13,3056500.0,13,1,2
Krishna Enterprises,17,3050000.0,17,1,1
T Bhanumathi,22,3041493.0,22,1,1
K AND B CONSTRUCTIONS,5,3038225.0,5,1,1
Sachin Kumar Garg,20,3036400.0,10,1,1
HANUMESH,13,3032023.0,7,1,1
SE O and M MPPKVVCL SIDHI,13,3030140.0,12,1,1
Keshav Enterprises,6,3027244.0,4,1,1
ASSISTANT ENGINEER AC SIKANDRA LAEO JAMUI,8,3021752.0,8,1,1
MPLADS Ex Engineer PHE Div HND,1,3008000.0,1,1,1
CHAKRABORTY CONSTRUCTION,10,3001205.0,10,1,1
MD HANIP KHAN,2,3000000.0,1,1,1
THANGACHAMY,1,3000000.0,1,1,1
Multiplex Technologies,3,3000000.0,3,1,1
P S AND CO,1,3000000.0,1,1,1
Ms RTS Enterprises,10,3000000.0,10,1,1
Brenish K Sangma,4,3000000.0,2,1,1
NAGSHWAR MAJOOR SAHKARI SANSTHA LTD,3,3000000.0,3,1,1
Zone 08,5,3000000.0,5,1,1
NMS ENGINEERS,1,3000000.0,1,1,1
Shailendra  Singh,4,3000000.0,2,1,1
Sree and Co,1,3000000.0,1,1,1
HI TECH TRONICS,1,3000000.0,1,1,1
SIDHARAT ENTERPRISE,4,2999986.0,4,1,1
MUDHAIDEVI MAJUR SAHKARI SANSTHA MARYADIT,3,2999976.0,3,1,1
Balaji Majur Sahkari sanstha maryadit,3,2999843.0,3,1,1
Parasuram Enterprises,2,2999680.0,2,1,2
R ANBARASU,2,2999231.0,2,1,1
Shriram majur sahkari sanstha maryadit,3,2999114.0,3,1,1
PANDURANG SITARAM BHALERAO,4,2998822.0,4,1,1
DR TRADING COMPANY,3,2998689.0,2,1,1
B Seetha Ramanjaneulu,2,2998485.0,1,1,1
KURUBA SESHAPPA,6,2998453.0,6,1,1
VIKASH GUPTA,6,2998331.0,3,1,1
Kasinathan,2,2998254.0,2,1,1
GRAM PANCHYAT DHORA,2,2998148.0,1,1,1
G VENKAT REDDY,6,2998078.0,6,1,1
MUTHUSELVAM K,1,2998071.0,1,1,1
SARAVANA ENGINEERING AND INFRATECH PRIVATE LIMITED,1,2998062.0,1,1,1
AMOL BADRINARAYAN KALASKAR,3,2998000.0,3,1,1
RENUKA CO OP LABOUR SOCIETY LIMITED,2,2997722.0,2,1,1
R Vasantha,3,2997692.0,3,1,1
YASHODA R,6,2997493.0,6,1,1
TUSHAR DNYANESHWAR JOMDE,3,2997168.0,3,1,1
PRESIDENT VILLAGE WORKS COMMITTEE ELLAPALLE,8,2997089.0,6,1,1
G Ilangumaran,3,2996726.0,3,1,1
Mauli Vighnaharta Construction Company,4,2996722.0,3,1,1
SRIHARI RAO AMARANENI,2,2996465.0,2,1,1
SHRI MUKUNDRAJ MAJOOR SAHAKARI SANSTHA,1,2995469.0,1,1,1
V GROUP,2,2995281.0,2,1,1
RSS Enterprise,1,2995200.0,1,1,1
AJINKYA YODDHA MAJOOR SAHAKARI SANSTHA M KAIJ,3,2993785.0,3,1,1
ASHOK MAJUR SAHAKARI SANSTHA LTD,3,2993734.0,3,1,1
Jayant Constructions,2,2993693.0,2,1,2
BATIGHAR MUKTITRADE PRIVATE LTD,2,2992758.0,2,1,1
MAGASWARGIYA KARUNA MAJOOR SAHAKARI,3,2991081.0,3,1,1
M KARUNAMOORTHY,2,2990997.0,2,1,1
KARUPPASAMY M,1,2989071.0,1,1,1
G R Construction,1,2989060.0,1,1,1
KARISHMA CONSTRUCTION,24,2988897.0,12,1,1
SNEH HYDRATECH ENGINEERING SOLUTION,2,2988500.0,2,1,1
Kshatriya Constructions,2,2986089.0,2,1,1
MIKTI NATH,3,2985624.0,2,1,1
KEERTHISHA S K,6,2985430.0,6,1,1
Xavier Prabhu,2,2985403.0,2,1,1
PRASAD JINKA,2,2984798.0,1,1,1
MRIYUNJOY TEWARI,2,2984448.0,2,1,1
Totaram Baba Mss Ltd,3,2983973.0,3,1,1
PREM SAI MAJUR SAHAKARI SANSTHA MARYADIT,3,2983846.0,3,1,1
mohini anil bhise,3,2981098.0,3,1,1
M L SAHU CONSTRUCTION,6,2979000.0,3,1,1
GANESAN VICTORIA,4,2978487.0,4,1,1
ARVIND KUMAR PASWAN,4,2977372.0,4,1,1
GRAMPANCHAYAT JALGAON GHAT TQ KANNAD,3,2976971.0,3,1,1
SYED YASEER ZAMA SYED ZAFAR ALI,3,2976606.0,3,1,1
Nallusamy,7,2976078.0,7,1,1
S R Enterprise,16,2974931.0,5,2,2
GopiKrishana Majoor Sahakari Sanstha Ruikheda,1,2974718.0,1,1,1
Dnyaneshwar Pandurang Sahane,3,2973150.0,3,1,1
DAS CONSTRUCTION,1,2972015.0,1,1,1
Singh Construction,5,2971921.0,1,1,1
ANIKET ANIL SHINDE,2,2970856.0,2,1,1
AKASH CONSTRUCTION,4,2970542.0,3,2,2
TARUN CONCRETE UDYOG,3,2969234.0,3,1,1
RAKESH KUMAR PASWAN,3,2967876.0,3,1,1
Varkala Venkat Reddy,1,2966883.0,1,1,1
PANKAJ NAMDEVRAO GAVHALE,3,2966036.0,3,1,1
YOGESH KUMAR YADAV,8,2964394.0,5,1,1
DYCONN ENTERPRISE,3,2964363.0,3,1,1
NILESH KISAN AVHAD,3,2964005.0,3,1,1
Chappidi Naresh,6,2961496.0,6,1,1
SANKET BHAUSAHEB VYAVAHARE,2,2958722.0,2,1,1
VSR ASSOCIATES,5,2958004.0,5,1,1
Ms Vikram Singh,60,2956780.0,40,1,1
Vysnavi Infra,3,2954787.0,3,1,1
NIVRUTTI RAGHUNATHRAO BOBDE,3,2952422.0,3,1,1
ZONE COMMISSIONER ZONE 01,7,2951163.0,6,1,1
BAJRANG ENTERPRISES,5,2950000.0,5,1,2
NETRA RANJAN MISHRA,15,2947130.0,15,1,1
Perugu Hari Priya,6,2946623.0,6,1,1
KISHOR RAGHO PATIL,1,2945320.0,1,1,1
Prem construction kabja,4,2944541.0,2,1,1
GAURAV CONTRACTOR,4,2944427.0,2,1,1
K K Construction,6,2944127.0,3,1,1
Niru Kataki Boruah,4,2943789.0,3,1,1
A M ENTERPRISE,4,2943085.0,2,2,2
MAIDUL KHAN,2,2942147.0,1,1,1
SHAHIR TRADING AND CONSTRUCTION COMPANY,7,2939206.0,4,1,1
KRISHNA KUMARI THEKEDAR,4,2936255.0,2,1,1
SHREE JEE ENTERPRISES,14,2935842.0,7,1,2
chamunda construction,6,2928751.0,6,1,1
ANIL BAKARAM CHOPADE,3,2924774.0,3,1,1
Seetha Remi Reddy,2,2924176.0,1,1,1
Galidevara Satya Narayana Murthy,6,2921628.0,6,1,1
REBIN JACOB,6,2920572.0,6,1,3
Gram Panchayat Aankia,3,2920000.0,2,1,1
Kalidoss S,1,2915760.0,1,1,1
C N ARUMUGAM,2,2914970.0,2,1,1
V K Dravid Prasad,6,2912437.0,6,1,1
JIBON KRISHNA PATRA,2,2911701.0,1,1,1
MS OM ENTERPRISES,4,2911217.0,4,1,1
jeeve constructions,1,2910947.0,1,1,1
PONNABOYANA SRINIVAS,4,2901934.0,4,1,1
RAMDEV CONSTRUCTION COMPANY,5,2899948.0,4,1,2
G S Associates,3,2899928.0,3,1,1
SUNIL KUMAR GHOSH,1,2899420.0,1,1,1
SARPANCH ISHAKPURA JUTH,6,2899000.0,6,1,1
MS SATYADEEP HEIGHTS,4,2897136.0,4,1,1
ROHIT PRAKASH PORJE,3,2888500.0,3,1,1
SARAVANAN S,1,2887769.0,1,1,1
ARATIK,1,2887200.0,1,1,1
A2S PROJECTS INDIA PVT LTD,7,2885348.0,7,1,1
G SOMARAJAN,1,2884733.0,1,1,1
BISHOK PATEL,12,2881000.0,10,1,1
ATIFICAL LIMBS MANUFACTURING CORPORATION OF INDIA,13,2875000.0,13,2,3
MOHD IMRAN MOHD USMAN,1,2872795.0,1,1,1
BEST ELECTRICALS,5,2865843.0,5,1,1
MPAGRO,30,2863950.0,15,1,1
PSK SANTOSH PATRO,10,2857126.0,8,1,1
MS GADAHARI ENTERPRISES,5,2852623.0,3,1,1
BIRAJ DIHINGIA,6,2852064.0,3,1,1
MA LAXMI ELECTRICAL ENGINEERING WORKS,19,2850000.0,19,1,1
ANUDEEP REDDY YARRAPU,6,2842095.0,6,1,1
Promark Techsolution pvt ltd,17,2840000.0,17,1,2
VENTURE SPECTACULAR,4,2837615.0,4,1,2
DINESH KUMAR DUBEY,9,2837385.0,4,1,1
BIDOLIWALA CONSTRUCTION COMPANY,1,2836162.0,1,1,1
Kundan Infracorp,1,2836026.0,1,1,1
MOHAMMED RAHEEMUDDIN,9,2835670.0,9,1,1
BIPIN BIHARI,5,2834702.0,4,1,1
SHYAMSUNDAR PAUL,3,2828285.0,1,1,1
JOSEPH P V,2,2827925.0,2,1,1
Aditya Construction,83,2827039.0,83,1,1
ROY CONSTRUCTION,10,2819772.0,10,1,1
MANBEER SINGH,13,2817500.0,10,1,1
PUTCHALAPALLI HARSHAVARDHAN,2,2815102.0,2,1,2
SHAIWON ENTERPRISE,21,2811424.0,9,1,1
THE KAUSHIK CO OP L AND C SOCITY PABNAWA,6,2809975.0,2,1,1
MK AND CO,2,2809437.0,1,1,1
BATRA CONSTRUCTION,3,2804080.0,3,1,1
Sri Bhagiratha Sagara Sangam,13,2802553.0,13,1,1
JAYAVANTI DEVI,20,2800104.0,8,1,1
Yajum Nirin,3,2800000.0,3,1,1
Mookambika Constructions,3,2800000.0,3,1,1
SARPANCH GRAM PANCHAYAT AMGAON,8,2800000.0,4,1,1
PRASHANTKUMAR N GAYKAWAD,7,2800000.0,7,1,1
Construction of road from narayan kalita house to sabin boro house,3,2800000.0,1,1,1
Block Development Office Chopal Lok Sabha,18,2800000.0,18,1,1
IIT road to Ghana Boro,2,2800000.0,1,1,1
MAHAKAAL ENTERPRISES,16,2799512.0,8,1,1
Ms Luxmi Enterprises,12,2797884.0,12,1,1
MS CHATTERJEE CONSTRUCTION,7,2796331.0,7,1,1
Ganesan K,2,2794857.0,2,1,1
SHRIKANT DATTATRAY GOLESAR,1,2788673.0,1,1,1
Rakesh Singh Contractor,1,2787699.0,1,1,1
MADAPATHI NAGARAJU,8,2787261.0,8,1,1
ESURI INFOTECH,2,2786000.0,2,1,1
ASSISTANT ENGINEER BAKHARI,4,2783762.0,2,1,1
Paramount construction PWD,3,2780527.0,1,1,1
SVSST INFRASTRUCTURE,8,2778328.0,8,1,1
R A KARMIKA,6,2775000.0,6,1,2
PROMOD KUMAR SINGH,1,2774787.0,1,1,1
JAI SHIV TRADERS,2,2773803.0,2,1,1
MS ANOOP PATEL,1,2771911.0,1,1,1
DURGA AGRO AGENCIES,28,2766895.0,27,1,1
SHIV ENTERPRISES,6,2766608.0,5,2,2
ms shakti traders,6,2763911.0,6,1,1
PRAKASH,5,2761764.0,5,4,4
SHYAMALENDU PANDA,5,2761537.0,5,1,1
SAHDEV AND SONS,6,2756197.0,3,1,1
KS AND CO Constructions,2,2755997.0,2,1,1
Mor Traders,4,2752538.0,4,1,1
DARWARI TRADERS,3,2752077.0,3,1,1
Bakul Construction,1,2748574.0,1,1,1
VARDHAN INFRA,1,2748536.0,1,1,1
CEO JANPAD PANCHAYAT KALAPIPAL,6,2746249.0,5,1,1
VC PHULDUNGSEI ZAMPUI,10,2740000.0,5,1,1
JAGANNATHA SWAIN,5,2736528.0,5,1,1
PURIFY AND COMPANY,3,2733308.0,3,1,2
We R,3,2733010.0,2,1,1
BABA NEEM KAROLI ENTERPRISES,12,2732206.0,6,1,1
ms mangal enterprises,1,2730402.0,1,1,1
AB Ventures,22,2729917.0,10,1,2
UDIPTA KUMAR BORAH,6,2729143.0,4,1,1
KALYAN ADHIKARI,3,2724777.0,3,1,1
RIYA SALES,7,2719250.0,7,1,1
SRI LAKSHMI VENKATESHWARA ENTERPRISES,2,2713998.0,2,1,1
HR ENTERPRSES,2,2713176.0,1,1,1
Suruthi Contractor,2,2712707.0,1,1,1
Gram Panchayat Semra,4,2710946.0,3,1,1
MAA VAISHNO CIVIL SERVICES,4,2709558.0,2,1,1
SAGAR CONSTRUCTION AND SUPPLIERS,1,2708831.0,1,1,1
P Krishna murthy,5,2707941.0,4,1,1
V V SAMBASIVA SRI KRISHNA,2,2702326.0,1,1,1
Dhwrwmsing Baro,4,2700000.0,4,1,1
JAYANTA GHOSH,2,2700000.0,2,1,1
MAHALAXMI ENTERPRISES,13,2699961.0,13,1,2
JUGAMI ISWARY,6,2699469.0,3,1,1
MANOJ GENERAL STORES,4,2699400.0,2,1,1
NEELA CONSTRUCTION,2,2699091.0,2,1,1
Talent Power Systems,9,2699046.0,9,1,1
Divya Enterprises,4,2696781.0,4,1,1
JIJAI MAJUR SAH SOCIETY,3,2695411.0,3,1,1
SAMPANGI NARESH,7,2694362.0,7,1,1
HARSHIT KUMAR RAJ,2,2692903.0,2,1,1
NEW GUPTA ELECTRIC WORKS,5,2691938.0,5,1,1
GAYATRI CONSTRUCTION PROP HARSHVARDHAN PRATIK,2,2690721.0,2,1,1
JUBRAJ SEN,1,2690539.0,1,1,1
RAMESHWAR CONSTRUCTION,7,2690033.0,7,1,1
MANIRUL HAQUE ANSARI,6,2688214.0,3,1,1
SHIVALAYA CONTRUCTION AND SUPPLIERS,1,2688000.0,1,1,1
MS ECOLEAF ENERGIES PRIVATE LIMITED,12,2686800.0,6,1,1
BASUDEB HAZRA,1,2685218.0,1,1,1
SANDEEP YADAV,4,2685113.0,3,1,1
SHUNMUGAVEL,1,2685106.0,1,1,1
BHUDEV CONSTRUCTION,2,2683443.0,2,1,1
SINGLA INDUSTRIES,10,2681550.0,9,1,4
Mastsyodari Majur Sahakari Sanstha Maryadit Ambad,3,2679080.0,3,1,1
MONDAL ENTERPRISE,5,2678195.0,5,1,2
Alyas ahmad mir,4,2677819.0,3,1,1
GLOBAL INFRATECH,2,2667078.0,2,1,1
C SIVAGANAPATHY SUBRAMANIAN AND CO,2,2666223.0,2,1,1
LG ARASU,4,2665177.0,4,1,1
PRATIK VINODRAO MANIKPURE,3,2664353.0,3,1,1
SRI MANIKANTA ENTERPRISES PRO,6,2663640.0,6,1,1
Mahadev Construction co,10,2658783.0,3,1,2
Sengottuvel A,2,2652365.0,2,1,1
NETWORLD TECHNOLOGIES,8,2647920.0,8,1,1
MANDAL ENTERPRISE,9,2646066.0,9,1,1
JITENDRA KUMAR,9,2645858.0,5,2,2
KALPAVRUKSHA ENTERPRISES,1,2645149.0,1,1,1
manoj kumar,6,2644017.0,6,1,1
MADHUBANI VIDHAN SABHA,6,2643392.0,5,1,1
Online Communication,6,2642621.0,6,1,1
BITS N BYTES,2,2639417.0,2,2,2
Boreddy Kameswara Reddy,7,2635684.0,7,1,1
MESSERS MAHI INFRA,2,2629070.0,1,1,1
A P R ENTERPRISES,3,2628898.0,3,1,2
Garg Constructions,15,2626909.0,11,1,1
BDO Kangra,20,2626796.0,13,1,1
HARSHIT GOEL,6,2624711.0,3,1,1
BHARATH KUMAR V,12,2624498.0,6,1,1
PRS BROTHERS,2,2621259.0,2,1,1
Yashodha motors pvt ltd,1,2620000.0,1,1,1
SUDHAGANI LAXMIKANTH,15,2618168.0,15,1,1
MAA ENTERPRISE,9,2617983.0,8,2,3
Mategama Vinod Reddy,10,2617296.0,10,1,1
SHYAM JI ENTERPRISES,2,2616071.0,2,1,1
SYED MOHAMMAD AHMAD,2,2612779.0,1,1,1
shree enterprises,4,2611334.0,4,1,1
KERALA STATE ELECTRONICS DEVELOPMENT CORPORATION LTD,14,2608783.0,14,1,2
Chief Medical Officer Kupwara,2,2606625.0,2,1,1
S A MANIRAJ,6,2606399.0,6,1,1
Tamil Nadu Medical Services Corporation Ltd,2,2605705.0,2,1,2
M THANGAVEL,2,2604635.0,2,1,1
BDO Surani,29,2603476.0,17,1,1
MS JDS ENTERPRISES,4,2602400.0,4,1,1
EXECUTIVE ENGINEER OPERATION  BOBBILI,7,2602271.0,7,1,1
PERUMAL RAJ CONTRACTOR,2,2600000.0,1,1,1
Construction of Road from Kakorpara Ghorapota  Maa Kali Mandir to Residence of Daroga Rabha at Cho,2,2600000.0,1,1,1
BDO MASHOBRA LOK SABHA,23,2600000.0,23,1,1
SANTOSH KUMAR TAMRKAR,4,2599997.0,2,1,1
V KALIESWARAN,3,2599894.0,3,1,1
SRI VINAYAKA ROCK DRILLS KURNOOL,13,2599818.0,13,1,1
RAMASAMY G,3,2599566.0,3,1,1
S MEYYAPPAN,4,2595568.0,4,1,1
Kamal Electricals,2,2595217.0,2,1,2
Gram Panchayat Pipaldagadi janpad Panchayat Dharmp,7,2593689.0,4,1,1
Junaid Rahim Shagoo,1,2592043.0,1,1,1
NAGARAJ,11,2591467.0,6,1,1
KSHITISH KUMAR PATEL,3,2590000.0,3,1,1
YELLA ASHOK,7,2585177.0,7,1,1
K PULLIAPPAN AND CO,2,2585000.0,2,1,1
kaushal Devidas Harpalani,3,2584076.0,3,1,1
JEEVAN KUMAR PERMANNUR,8,2582854.0,8,1,1
Aanvik Enterprises,5,2582767.0,4,1,1
BHM AND SONS CONSTRUCTIONS PRIVATE LIMITED,2,2582583.0,2,1,1
dhandapani and co,1,2581399.0,1,1,1
Jambuwant Labour Co Op Society Ltd Ambad,3,2580992.0,3,1,1
ABDUL KARIM,10,2580922.0,10,1,1
Shivin Construction and Co,8,2578400.0,8,1,1
SAI MOTORS,12,2577140.0,12,1,3
SANGEETA MAHARANA,6,2575061.0,5,1,1
SHALINI KUMARI,2,2574538.0,2,1,1
MS SURENDRA SINGH THEKEDAR,2,2574305.0,2,1,1
DUGGU MAHENDER RAKESH,3,2572448.0,3,1,1
SIVAKUMAR K,4,2569785.0,4,1,1
MAHATA ELECTRICAL AND ENGINEERING PRIVATE LIMITED,2,2568750.0,2,1,1
ALAGARSAMY P,1,2566137.0,1,1,1
MAHATMA FULE MAJOOR SAH SANTHA HASANAPUR PARDI,3,2562836.0,3,1,1
krishna nand mishra,6,2561580.0,3,1,1
Kumaresh Ghosh,3,2560811.0,2,1,1
Gopala Krishnan D,1,2560740.0,1,1,1
SAMRAT CONSTRUCTION,2,2559799.0,2,1,1
ROHTASH SINGH CONTRACTOR,6,2558384.0,3,1,1
EXECUTIVE ENGINEER OPERATION VIZIANAGARAM TOWN,6,2557501.0,6,1,1
MENKA YADAV,6,2552975.0,6,1,1
Gajula Sambasiva Rao,5,2552431.0,4,1,1
DHARAM DAS THEKEDAR,11,2550724.0,11,1,1
Superintendent of Police Koppal,1,2550000.0,1,1,1
Gram Panchayat Tarapur janpad Panchayat dharmpuri,9,2550000.0,5,1,1
Pushkar sahakari majoor sanstha maryadit,2,2548063.0,2,1,1
SHIVAM ENTERPRISES,15,2545896.0,13,2,2
DHOLEKHAM GROUP GRAM PANCHAYAT,9,2544987.0,9,1,1
S S Agriculture Industries,14,2540000.0,14,1,2
BDO Nalagarh MPLADS LOK SABHa,13,2540000.0,13,1,1
SINGH CONSTRUCTION,2,2539497.0,1,1,1
ROHIT KUMAR,5,2534689.0,5,2,3
SHARMA ASSOCIATES,5,2525248.0,4,1,1
BDO Baijnath MPLAD Lok Sabha,20,2522675.0,13,1,1
GIRDHARI KUNKAL,6,2519175.0,6,1,1
Sameer Enterprises,4,2518801.0,4,1,2
ELECTROMECH,2,2516468.0,2,1,1
S K CHATTERJEE ELECTRICALS PVT LTD,5,2510484.0,5,1,1
R S CONSTRUCTION,6,2504268.0,3,2,3
Satendra Enterprises,8,2501195.0,4,1,1
GAYAM SREENIVASULU,1,2500000.0,1,1,1
JAYADRATHA GIRI,5,2500000.0,5,1,1
RES SINGRAULI,3,2500000.0,2,1,1
GK ENTERPRISES,4,2500000.0,4,1,1
BABULA BEHERA,8,2500000.0,8,1,1
GRAM PANCHAYAT HINAUTI,1,2500000.0,1,1,1
DRDA MADURAI,1,2500000.0,1,1,1
JT Enterprise,1,2500000.0,1,1,1
LabX,1,2500000.0,1,1,1
Bhushan Ramdas Tulsavadekar,5,2500000.0,5,1,1
MS Smart Tech,3,2500000.0,3,1,1
Sabita Mallick,5,2500000.0,5,1,1
R M BUILDERS,2,2500000.0,1,1,1
V NATHAN,2,2500000.0,1,1,1
SEMRAKALA,2,2500000.0,1,1,1
GRAM PANCHAYAT TARAWALIKHURD,2,2500000.0,1,1,1
DASHMESH ENGG WORKS,8,2500000.0,8,1,3
Construction of Road from Thabalpara gaon path Madhav Rabha house to Ajit Rabha house at Lela gaon,2,2500000.0,1,1,1
EBIN SAM,2,2500000.0,1,1,1
Subansiri Traders Ziro,6,2500000.0,1,1,1
GUJARAT LOKSEVA CHARITABLE TRUST,5,2500000.0,5,1,1
PATEL INTER COLLEGE TENUA ASNAHARA BASTI,2,2500000.0,1,1,1
S S N SCIENCE ACADEMY,2,2500000.0,1,1,1
SASHIKALA ENTERPRISES,5,2500000.0,5,1,1
Construction of Road from Harimura Bazae to Bijay Hajong house at Patalpur,2,2500000.0,1,1,1
Const of Bye Lane No 1 Holly Home Senior Secondary School road,2,2500000.0,1,1,1
R K IMAGING,1,2500000.0,1,1,1
UMA ENTERPRISES,7,2500000.0,7,1,1
AAS ENTERPRISES,5,2500000.0,5,1,1
Late Jiyani Devi Harivansh Chaudhary Inter College Ghughasa Makdoompur Bankati Basti,2,2500000.0,1,1,1
Narasimman S,1,2500000.0,1,1,1
PRDEEPTA KUMAR PANDA,4,2500000.0,4,1,1
AKHIL BHARTIYA BISHNOI MAHASABHA,2,2499935.0,1,1,1
SRI BALAJI AND COMPANY,1,2499863.0,1,1,1
V Radhakrishnan,2,2499759.0,2,1,1
KAMARAJ AYYAVU,1,2499736.0,1,1,1
Venkat Perumal Subbiah,1,2499655.0,1,1,1
ANBUMANI KESAVAN,2,2499593.0,2,1,1
Tulunga Narzary,2,2499478.0,2,1,1
jahnavi prakashan,2,2499475.0,1,1,1
K MURUGANANTHAM,1,2499460.0,1,1,1
SAKADEVAN C,2,2499355.0,2,1,1
MAYUR GANPAT UBHE,3,2499255.0,3,1,1
Sureshkumar V,2,2499149.0,1,1,1
Sohan Shivaji Mote,2,2499000.0,2,1,1
ABHISHEK RAMESH PATIL,2,2499000.0,1,1,1
Rupesh Anant Durgavale,2,2499000.0,1,1,1
DHANYABOTI SORHIA,10,2498952.0,3,1,1
S M S ENTERPRISE,1,2498863.0,1,1,1
GP DHIRUTOLA,4,2498800.0,2,1,1
Ramkaran shushil kumar  construction company,2,2498759.0,1,1,1
HP ASSOCIATES,4,2498650.0,4,1,1
G KUMAR,3,2498597.0,3,1,1
KHAN TRADERS,3,2498365.0,2,1,1
Dharmendra Naik,8,2498291.0,8,1,1
MS ALOK CONSTRUCTION,5,2498241.0,3,1,1
VADLAKONDA SREENU,19,2498236.0,19,1,1
Jaya Lcs Ltd,1,2498104.0,1,1,1
Whitestar Infrastructure,1,2498104.0,1,1,1
MS ANSARI SHARIQ IQBAL AHMED,1,2498104.0,1,1,1
SAHYADRI SHRAMSAFALYA MAJOOR SAAKARI,1,2498103.0,1,1,1
GEETA CO OP LABOUR SOCIETY LTD,2,2498102.0,2,1,1
M S SOFIA ENTERPRISES,1,2498101.0,1,1,1
Shivneri Coop Labour Society ltd,2,2498101.0,2,1,1
FOR NETALI PROJECTS PRIVATE LIMITED,4,2497955.0,2,1,1
Saikrupa Enterprises,1,2497854.0,1,1,1
Jeeva S,1,2497826.0,1,1,1
PAWAN KUMAR SINGH,3,2497665.0,2,2,2
GRAM PANCHAYAT KOLUKHEDIKALAN,2,2497600.0,1,1,1
Kaveri Mazoor Sahakari Sanshan Maryadit,1,2497221.0,1,1,1
SANJOG EKNATH MANKAR,2,2496670.0,1,1,1
SARPANCH GRAM PANCHAYAT SENDURAS,10,2496216.0,6,1,1
SK INDADUL HOQUE,5,2495579.0,5,1,1
Lokesh C,1,2495309.0,1,1,1
DISTRICT EDUCATION OFFICER NEEMUCH,49,2494846.0,25,1,1
Gram Panchayat Bondakhunta,2,2494838.0,1,1,1
Ghanshyam Das Agrawal,10,2494720.0,5,1,1
ABHAY RAJ SINGH,2,2493857.0,1,1,1
Rekhapalli Veera Venkata Krishnarjunarao,5,2493640.0,5,1,1
NITHESH P,5,2493076.0,5,1,1
Chief MANAGER OFFICE MEGA PLANning LOcal Area MAndsaur,17,2493000.0,17,1,1
H N SHIVASHANKAR,1,2492907.0,1,1,1
Youth Service sand Sports Department,10,2492604.0,5,1,1
SHIVA CONSTRUCTIONS,3,2491865.0,3,2,2
A S SANKARAN,2,2491664.0,1,1,1
GAJANAN DEVAJI HATWAR,3,2491376.0,3,1,1
Ch Dnyaneshwar Majoor Sahakari Soc LDT,1,2490157.0,1,1,1
KAMAL SWROOP,2,2489504.0,1,1,1
awadh construction,2,2489400.0,1,1,1
karun  raj balaseety,5,2489194.0,5,1,1
TVR GROUPS,6,2488105.0,4,1,1
Umesh S,1,2487158.0,1,1,1
RUDRA INFRATECH,2,2486220.0,1,1,1
JJ ENTERPRISES,5,2485940.0,1,1,1
DUNABOYINA BABULU,5,2485492.0,5,1,1
Vijay Laxmi Rigs,9,2485145.0,9,1,1
SURESH KUMAR,8,2483601.0,5,2,3
M MADANKUMAR,2,2483152.0,2,1,1
Ravi Realcon Pvt Ltd,1,2482831.0,1,1,1
CR ASSOCIATES,1,2480752.0,1,1,1
Sai Brothers and Co,6,2480390.0,6,1,1
CCM ENTERPRISE,2,2479875.0,2,1,1
WAN ENTERPRISE,1,2479083.0,1,1,1
AK ASSOCIATES,4,2475488.0,4,1,1
Arjunsinh Deepak Atigre,2,2475320.0,2,1,1
Ms Sarla Enterpreneur,1,2473814.0,1,1,1
GRAM PANCHAYAT PANDOKHAR,4,2472266.0,2,1,1
VIJAHAN CONSTRUCTOIN,8,2471653.0,3,1,1
MAHALAXMI TRADING COMPANY,9,2470896.0,3,2,2
AWNISH KUMAR,2,2469433.0,2,1,1
DHARMENDRA KUMAR RAO,5,2466722.0,4,1,1
S Yogambal,2,2464758.0,1,1,1
kavya construction,4,2464011.0,3,1,1
MANDA RAJITHA,5,2464008.0,5,1,1
BIKASH KOLEY,4,2463223.0,4,1,1
JITENDRA SINGH RAJPUT,21,2463118.0,3,1,1
SUDIP BALA,1,2461876.0,1,1,1
Gram Panchayat Khalbujurg janpad Panchayat Dharmpuri District Dhar,2,2461567.0,1,1,1
DISHA ENTERPRISES,3,2461292.0,3,1,1
Kailas Majur STY Ghoyagaon,5,2459796.0,5,1,1
BAJRANG ENTERPRISES RAKESH SINGH,2,2458491.0,2,1,1
VIJAYARAM CONSTRUCTIONS,1,2458293.0,1,1,1
VICKRAM ENTERPRISES,4,2458162.0,4,1,1
MINI BANK LAMPS SARADA,16,2457300.0,9,1,1
OBEROI ELECTRICALS,3,2457146.0,3,1,2
SAGI CONSTRUCTIONS,1,2456342.0,1,1,1
MOPURI RAMBHUPAL,5,2456285.0,5,1,1
PRASAD PRAKASH KETKAR,2,2454195.0,1,1,1
Sushanta Patel,4,2453863.0,4,1,1
Five Star Solar and Aqua Contractor,4,2453240.0,4,1,1
EE PWD BLY,3,2451209.0,1,1,1
SRI SAI BALAJI CONSTRUCTIONS,1,2451095.0,1,1,1
Meenatchi Construction,2,2450340.0,2,1,1
PO DRDA Sirmaur,9,2450000.0,9,1,1
Samala Shiva Charan,7,2450000.0,7,1,1
BDO Kunihar,10,2450000.0,10,1,1
Ramachandran,4,2448620.0,4,1,2
DHANSHREE GANGARAM PATIL,1,2447691.0,1,1,1
neha creations,20,2447664.0,11,2,2
HI TECH ELECTRICALS,3,2445878.0,3,1,2
HASAN SEIKH,3,2444263.0,1,1,1
GP KHAIRA JP RAIPUR KARCHULIYAN,1,2444000.0,1,1,1
RAM LAKHAN CONTRACTOR AND SUPPLIER,3,2443509.0,1,1,1
Rajinder singh Randhawa,2,2440900.0,1,1,1
KothanyaConstruction,1,2439349.0,1,1,1
BDO Fatehpur,20,2436493.0,16,1,1
BDO BARANGA MP LAD AC,8,2436232.0,8,1,1
MOHD ASSIF,14,2432764.0,12,1,1
GP BHANAURA,2,2431773.0,1,1,1
SURESH R,2,2431347.0,2,1,1
Rajiv Kumar,13,2428060.0,5,1,1
SUKHVEER SINGH,6,2426966.0,3,1,2
PREM KUMAR H J,11,2426607.0,7,1,1
B DAKSHINESWARA REDDY,5,2425856.0,5,1,1
NIDHI KUMARI,3,2425424.0,3,1,1
GRAM PANCHAYAT SINGHORA,3,2422881.0,1,1,1
Sudesana Patra,10,2420569.0,10,1,1
RAM NARESH CONTRACTOR,3,2416702.0,1,1,1
Sudhir Kumar singh,3,2409442.0,3,1,1
E P SIVAKUMAR,2,2408520.0,2,1,1
Neelam Enterprises,8,2408423.0,4,1,1
SSR Enterprises,4,2403091.0,4,1,1
BDO SANGRAH,11,2400000.0,11,1,1
Malathy Chellapandiyan,2,2400000.0,2,1,1
Rani Motors,3,2400000.0,3,1,2
A S CONSTRUCTIONS,2,2400000.0,2,1,1
CC for Dabari Road,2,2400000.0,1,1,1
gram panchayat tendudol,2,2400000.0,1,1,1
BHAGAWATI ENTERPRISE,1,2400000.0,1,1,1
Construction of LT line for providing power supply to street lights,2,2400000.0,1,1,1
RVA CONSTRUCTION,4,2398959.0,4,1,1
MS RUDRAKSHA SALES,8,2398000.0,8,1,1
SURASANI PRAVEEN KUMAR,5,2397961.0,5,1,1
Samarth Infrastructure,1,2397497.0,1,1,1
Thangavelu,2,2397026.0,2,1,1
PRAVIN KUMAR ROY,3,2396479.0,3,1,1
Kradhi Mushahary,5,2396472.0,5,1,1
MD HASIBUL HOSSEN,3,2396039.0,2,1,1
Surya Teja Bore wells,15,2395822.0,15,1,1
MS AVDHESH KUMAR SINGH,4,2394938.0,2,1,1
vijaypal singh,6,2393267.0,6,1,1
Shrma Sports and Garments,5,2392741.0,5,1,2
ZAHEERUDDIN MOHAMMAD,7,2391636.0,7,1,1
SELVARAJ R,2,2391516.0,2,1,1
SHRI KRISHNA CON COM NITU YADAV,9,2391069.0,5,1,1
Suman Construction Company,1,2390636.0,1,1,1
HARSHA CONSTRUCTIONS,2,2390200.0,2,1,1
S S Traders,1,2389000.0,1,1,1
MS A K ENTERPRISE,14,2388218.0,9,1,1
ARCHITECTURAL ENGINEERING CONSTRUCTION COMPANY,1,2386402.0,1,1,1
SUNDHA MATA CONSTRUCTION,3,2384180.0,3,1,1
Ahmed Meera Mohiddin,1,2384027.0,1,1,1
KINJARAPU RAMESHBABU,2,2381030.0,2,1,1
ASSISTANT ENGINEER NDZP,2,2380420.0,2,1,1
BHANDARI AUTOMOBILES PVT LTD,3,2380389.0,3,1,2
GOTTUMUKKALA SURYA NARAYANA RAJU,5,2380388.0,5,1,1
SURESH KUMAR K,4,2380358.0,4,1,1
DHAMMAREDDY PRADEEP,7,2379524.0,7,1,1
R K AGENCIES,4,2376000.0,4,1,1
SAINIK SCHOOL AMETHI,1,2376000.0,1,1,1
SEKH BASIRUDDIN,4,2375833.0,4,1,1
VEENA ENTERPRISES,3,2375184.0,3,1,1
RAJA,3,2374326.0,3,1,1
RUPESH AND HAWA SINGH SALES,1,2373612.0,1,1,1
singh constructin,9,2371530.0,6,1,1
SRI ARUPADAI VELAVAN WATER SUPPLY,2,2370415.0,1,1,1
Guru Nanak Aluminium and Steel Works,14,2365066.0,9,1,1
Hensee Marketing axsi,10,2361650.0,10,1,1
HARSH VARDHAN SINGH SISODIA,2,2361432.0,1,1,1
JOGENDRA KUMAR BARIK,59,2360000.0,59,1,1
ALI CONSTRUCTION,4,2355423.0,3,2,2
PRABHAKARAN K,1,2353898.0,1,1,1
SARSWATI SHISHU MANDIR PADRA CHANAKYAPURI REWA,1,2350000.0,1,1,1
GIRIJA SANKAR PATI AE,9,2350000.0,9,1,1
KAMLESH CONSTRUCTION,1,2347190.0,1,1,1
The Chinder Sihag Co Op LC Society Ltd,3,2347178.0,3,1,1
JHANVI INTERNATIONAL,11,2347160.0,11,1,1
ASSISTANT ENGINEER GHOSI,7,2346370.0,7,1,1
SUNIL SABAVVA SANDRIMANI,9,2344543.0,5,1,1
SAKTHIVEL,2,2341725.0,2,1,1
Om Buildcon,2,2339357.0,1,1,1
OM NAMAH CONSTRUCTION,4,2337981.0,2,1,1
Modalavalasa Ramesh,1,2337814.0,1,1,1
Ms OM VINAY KUMAR SINGH,2,2337226.0,2,1,1
NARNARAYAN CERAMICS,2,2332800.0,2,1,1
DATTA AND CO,2,2329767.0,2,1,1
Sambathkumar construction,1,2323468.0,1,1,1
KANNADHASAN V,1,2321878.0,1,1,1
ASSISTANT ENGINEER PIRPAINTI,3,2321759.0,2,1,1
THE VK COOPERATIVE LABOUR AND CONSTRUCTION SOCIETY LIMITED,7,2321529.0,6,1,2
Makhan Singh Yadav,8,2319641.0,4,1,1
Manoja Kumar Sethi,24,2319050.0,24,1,1
NAGIREDDY CHANDRASEKHAR REDDY,2,2317490.0,2,1,1
KSK ENGINEERS,2,2317226.0,2,1,1
Jai mata di construction kelwara,3,2314429.0,1,1,1
Assistant Director Welfare of Differently Abled TG  Sr Citizens YSR Annamayya District,9,2313000.0,9,1,2
Ganpati Commucation Services,2,2308863.0,1,1,1
brother traders,16,2307778.0,16,1,2
BIKASH DUTTA,1,2305148.0,1,1,1
P AND T CONSTRUCTION,1,2304468.0,1,1,1
Lavi Agriculture Works,10,2300000.0,10,1,2
R BHARATHI,7,2299630.0,7,1,1
MAHA LAXMI ENTER PRISES,11,2299261.0,11,1,1
Sre MCM and Co,2,2299220.0,1,1,1
E SOLUTIONS,2,2298575.0,1,1,1
MS SUMOTI CONSTRUCTION,4,2297581.0,4,1,1
Ms Dheeru Traders,2,2297423.0,1,1,1
Nunemunthala Rangaiah,5,2296088.0,5,1,1
GRAM PANCHAYAT BHEDVAN,4,2295342.0,2,1,1
EE EDD III Azamgarh,4,2294836.0,4,1,1
BASAVARAJ GUMATIMATH,22,2294396.0,11,1,1
Garhwal Construction Company,4,2292358.0,4,1,1
SKT CONSTRUCTIONS,5,2291293.0,4,1,2
Sathi Venchers OPC Private LIMITED,2,2291201.0,2,1,1
Pankaj Roy,1,2288461.0,1,1,1
Rakesh N,2,2288265.0,1,1,1
AJAY KUMAR VERMA,2,2288101.0,2,1,1
PRAJEMA INDUSTRIES PRIVATE LIMITED,10,2288000.0,10,1,1
ALOK SHRIPATRAO PARDE,5,2287525.0,4,1,1
SAHAYAK ABHIYANTA BABUBARHI VIDHAN SABHA,5,2287497.0,5,1,1
VEERESH G,9,2286506.0,5,1,1
Gram Panchayat Gamdi Purv,8,2285300.0,7,1,1
G KRISHNA MOHAN NAIDU,6,2283972.0,6,1,1
MS Maa Kali Construction,5,2283166.0,5,1,1
SIDRA CONTRACTOR AND SUPPLIER,1,2282968.0,1,1,1
shree dharmaji adivasi society,2,2281167.0,2,1,1
PAPAIAH DAMPETLA,5,2279519.0,5,1,1
MOHAMMAD TAYYAB KHAN,2,2276910.0,1,1,1
RAM BHWAN YADAV,4,2276410.0,2,1,1
MUKHYA KARYAPALAN ADHIKARI JANPAD PANCHAYAT PONDI UPRODA,16,2276305.0,16,1,1
SHRI BALAJI ENTERPRISES,4,2273847.0,2,1,1
MOPURI MOHAN DURGA,5,2271509.0,5,1,1
SIYARAM CONSTRUTION AND GENERAL ORDER,3,2269885.0,2,1,1
SHIVAM CONSTRUCTION,6,2267753.0,6,1,1
VIJAYA VIKRAM CONSTRUCTIONS,2,2267093.0,1,1,1
KAUSHAL DEVIDAS HARPALANI,13,2265713.0,13,1,1
JAI INTERLOCK and BUILDING MATERIAL STORE,53,2263340.0,3,1,1
SRISHTY INFRA,4,2263279.0,2,1,1
PALLAPU VENKATESWARLU,4,2261575.0,4,1,1
SRINIVASA RAO YARLAGADDA,6,2260276.0,6,1,1
SANDHIYA CIVIL AND ELECTRICAL CONTRACTOR,8,2259494.0,4,1,1
Moby Mohanan,2,2256168.0,2,1,1
GRAM PANCHAYAT HALLOOR,6,2255612.0,3,1,1
ASSISTANT ENGINEER KARGAHAR,3,2255141.0,3,1,1
R K ENTERPRISE,5,2253184.0,5,1,2
MS H K CONSTRUCTION,4,2251575.0,2,1,1
Ms The Kurali Coop L C Society Ltd,2,2251279.0,1,1,1
N R INDUSTRIES,15,2250000.0,15,1,1
THALAVANIMUTHU,1,2250000.0,1,1,1
Village Council Kawnpui III,6,2250000.0,3,1,1
NATPAVI ASSOCIATESS,2,2249961.0,2,1,1
Siddhi Associates,4,2248544.0,3,1,1
GRAM PANCHAYAT KANDUL,3,2248338.0,2,1,1
R G SUPLLIER,32,2239984.0,16,1,1
TULUSHI ENGINEERING,7,2236726.0,7,1,1
PULIKESI M,2,2234555.0,2,1,1
MAA VAISHNO KRIPA,4,2233986.0,4,1,1
RAJESH CHAUHAN,3,2232355.0,3,1,1
SK CONSTRUCTION AND ENGINEERS,1,2232133.0,1,1,1
SUNIL KUMAR SINGH,2,2232119.0,2,1,1
Nandkishor Namdeorao Thote,1,2232096.0,1,1,1
M P STATE AGRO AND INDUSTRIES DEVELOPMENT CORP,18,2228968.0,14,1,1
Sri Balaji Electricals,2,2226471.0,2,1,1
RAVI M,1,2226061.0,1,1,1
CHANDRAKUMAR R,2,2225953.0,2,1,1
K N HARSHA,1,2220313.0,1,1,1
SAI KRIPA ENGINEERS ASSOCIATES SATNA,14,2220154.0,14,1,1
ABANI KUMAR MOHANTY,3,2218056.0,3,1,1
MR RAJESWARAN LOHIYADASAN,1,2214985.0,1,1,1
GURJEET SINGH,2,2213671.0,2,2,2
TRIVENI CONSTRUCTION,3,2212545.0,2,1,1
ANNADURAI E,1,2211213.0,1,1,1
Donakonda Gangarajam,7,2210851.0,7,1,1
CEO JP Pali sansad mad 18th,16,2209541.0,16,1,1
JOHN P A,2,2206553.0,1,1,1
STAR DEALERS,3,2203457.0,2,1,1
M A construction,1,2201356.0,1,1,1
Kurowa bhasa santi bazar,2,2200000.0,1,1,1
MODERN ENGINEERING WORKS,4,2200000.0,4,1,1
JRR Construction,2,2200000.0,2,1,1
Sanwariya Enterprises,3,2200000.0,1,1,1
A VIJAYAKUMAR,1,2200000.0,1,1,1
SRI NIRANJANI CONSTRUCTION,2,2200000.0,2,1,1
TEKLO BORO BASUMATARY,2,2199774.0,1,1,1
SANTOSH KUMAR GARG,3,2199496.0,2,1,1
Sri Elumalaiyan Enterprises,2,2198634.0,2,1,1
BDO DHARAMSHALA MPLADS,10,2198310.0,7,1,1
BHARDWAJ CONTRACTOR,7,2197532.0,4,1,1
Salim Constructions,2,2197303.0,2,1,1
Talibpur Pandori Cooperative labour and construction society ltd,7,2197259.0,3,1,1
Yuvraj Construction,2,2196405.0,2,1,1
GANGADURAI CONTRACTOR,3,2196347.0,2,1,1
Satya Ranjan Mishra JE,13,2196088.0,13,1,1
Pandan,1,2195668.0,1,1,1
SMS ENGINEERING AND TRANSPORT,1,2195066.0,1,1,1
J V Traders,2,2194939.0,2,1,1
Chilla Shivakumar,4,2194150.0,4,1,1
VIJAYAKUMAR CONSTRUCTION,2,2192169.0,2,1,1
DWIVIDI CONSTRUCTION AND SUPPLIER PRO HARE RAM DWIVEDI,3,2191968.0,3,1,1
JAIPUR VIDYUT VITRAN NIGAM LIMITED,1,2191248.0,1,1,1
Lalit Kumar Sharma Electric Contractor Contractor Sirsa,5,2190605.0,3,1,1
sri keshav ram patel,4,2186943.0,2,1,1
MA ANNAPURNA LIGHT AND SOUND SYSTEM,4,2182525.0,4,1,1
ASHISH KUMAR SINGH,4,2182475.0,2,1,1
SABNUR CONSTRUCTION,1,2181686.0,1,1,1
MANSIH KUMAR SINGH,4,2180383.0,2,1,1
JAY AMBE CONSTRUCTION,3,2179042.0,2,2,2
Ms Krishna Traders,3,2177781.0,3,1,1
ASSISTANT ENGG KHAJAULI VIDHAN SABHA,2,2176124.0,2,1,1
AVR TRADER,3,2175003.0,3,1,2
MS OM SAI INTERPRISES,8,2175000.0,3,1,1
TIRUPATI SUBBARAMI REDDY,9,2173188.0,9,1,1
RAJKUMAR KOLEY,2,2171766.0,2,1,1
Sri Venkateswara Vaddera Cooli Sangam,1,2168199.0,1,1,1
ASIT BISWAS,1,2168004.0,1,1,1
RAJESK KUMAR RAI,1,2164632.0,1,1,1
NANNE TRADERS,2,2164146.0,1,1,1
Narayan Contractor and supplier,6,2163611.0,3,1,1
Dhamras Infrastructure Private Limited,5,2162415.0,3,1,1
NET RAM MANI RAM ELECTRICAL CARPORATION,26,2160000.0,13,1,1
NaveenKumar Venkatesan,3,2159900.0,3,1,1
AMARJEET YADAV,7,2158228.0,4,1,1
UNITED FENCE SYSTEMS,2,2152251.0,2,1,1
POUDEL AND POUDEL ENTERPRISES,15,2152046.0,4,1,1
SOBIN SABU,1,2150279.0,1,1,1
Mahadev Enterprises,26,2150255.0,26,1,1
Gram Panchayat Khamhariya Baagri,6,2150000.0,4,1,1
K N ENTERPRISE,7,2149811.0,7,1,1
USP ENTERPRISE,1,2149375.0,1,1,1
MURUGAN P,2,2149244.0,2,1,2
Ganga Bharti Lebor CO OP Society Partur LTD Partur,3,2148583.0,3,1,1
BEERENDRA RANA,5,2145090.0,5,1,1
Online Solutions,10,2145000.0,10,1,1
VAIBHAV LAXMI PIPE,15,2139335.0,4,1,1
THE RAM CO OP AND CONST SOCIETY LTD KKR,7,2138132.0,6,1,1
J K D V PRASADA RAJU,3,2137740.0,3,1,1
BISWAJIT GHOSH,2,2135605.0,2,1,2
SREEJITA ENGINEERING,4,2132373.0,4,1,1
G Ravi,3,2131595.0,3,1,1
Yadav Tradersh Nagod,10,2130000.0,5,1,1
Exicutive Engineer PWD EM Division Nava Raipur,14,2128648.0,7,1,1
AVVNL GOTAN,15,2128174.0,15,1,1
SWAGATA DAS,3,2127651.0,2,1,1
CMO Nagar Parishad SATAI,2,2125000.0,1,1,1
TTP Enterprise,4,2123425.0,4,1,1
Lallan singh contractor,4,2122415.0,2,1,1
Pulivarthi Venkateswarlu,5,2117055.0,5,1,1
PAR EXCELLENCE IT SOLUTIONS,3,2116601.0,3,1,1
GURUSHARAN CONSTRUCTION,4,2114454.0,2,1,1
MS SHRI SIDH JI CONTRACTOR,4,2113845.0,2,1,1
PRABHAT CONSTRUCTION AND SUPPLER,2,2112996.0,1,1,1
Om fhoji construction and suppliers,8,2112933.0,3,1,1
The Golden Cooperative society ltd,6,2112233.0,6,1,1
BIMAL KUMAR DAS,3,2111478.0,1,1,1
SWAMINATHAN S,2,2109499.0,1,1,1
BADRI PRASAD,1,2107807.0,1,1,1
KALLOOR ELECTRONICS AND LIGHTING PVT LTD,10,2107431.0,10,1,2
SAHED CONSTRUCTION,2,2103644.0,1,1,1
CHAIRMAN NIRMITHI KENDRA AND DC KOPPAL,2,2100000.0,2,1,1
PRAFULLA KUMAR SAHU,3,2100000.0,3,1,1
Sahayog MKSS,1,2100000.0,1,1,1
Naresh Sharma BDO,6,2100000.0,6,1,1
SRI THAI AGENCIES,3,2100000.0,3,1,1
BDO NANKHARI LOK SABHA,5,2100000.0,5,1,1
ZAKHMI SCIENCE AND SPORTS GOODS,9,2100000.0,9,1,1
CEO JANPAD PANCHAYAT AGAR,6,2100000.0,4,1,1
Babachiya,2,2100000.0,2,1,1
MANNA ENTERPRISE,2,2099805.0,2,1,1
SHANIRANJAN KUMAR SINGH,2,2099463.0,2,1,1
AMIYA KUMAR ROY,3,2099202.0,3,1,1
SIRANJEEVI M,2,2099160.0,2,1,1
Jai Bholenath Majoor Sahakari Sanstha Maryadit,1,2098407.0,1,1,1
RABIUL HOQUE MOLLA,3,2098121.0,3,1,1
SK REJAUL KARIM,3,2097420.0,3,1,1
ZONE COMMISSIONER ZONE 07,5,2096883.0,5,1,1
Gram Panchayat Bamber,2,2096134.0,2,1,1
JUNIOR ENGINEER 2 DERABISH BLOCK,3,2095995.0,3,1,1
Ashoka Construction Coy,2,2095187.0,2,1,1
JAI SHIV SHAKTI CONSTRUCTION COMPANY,8,2094966.0,4,1,2
R K GUPTA,18,2093318.0,6,1,1
Medica Enterprises,1,2092800.0,1,1,1
S KRISHNAKANTH,12,2092404.0,12,1,1
U S GROUP,12,2091199.0,6,1,1
The Nominath Ji Co Op L and C Society,4,2089443.0,3,1,2
MAHADEV CONSTRUCTION COMPANY,2,2088986.0,2,1,2
MAA DURGA SALES CORPORATION,1,2088906.0,1,1,1
SEEMA TRADERS,2,2088226.0,1,1,1
EE EDD UPPCL Robertsganj,12,2088000.0,12,1,1
SAHAYAK ABHIYANTA AURANGABAD BIDHANSABHA KSHETRA,3,2078083.0,3,1,1
Kuncha Muralidhar Reddy,5,2076909.0,5,1,1
NIDHIN MATHEW,6,2072882.0,6,1,1
SAMBANA SRNINIVASA RAO,2,2072832.0,2,1,1
JAY BALA JI CONSTRUCTION,2,2072680.0,1,1,1
PRAMOD KUMAR,2,2072196.0,1,1,1
GNS CONSTRUCTION,2,2071890.0,2,1,1
Jay Cee Industries,13,2070900.0,13,1,2
PRATIKSHYA CONSTRUCTION,1,2069969.0,1,1,1
RAJ ENTERPRISE,6,2069548.0,5,1,3
MODERN CONSTRUCTION,2,2067873.0,2,1,2
Royal Infra Powar Corporation,7,2066236.0,4,1,1
MANOJ B R,10,2065673.0,5,1,1
NARENDRA CONSTRUCTION COMPANY,6,2065441.0,5,1,1
SAGISHETTY JAGAN,3,2063579.0,3,1,1
NAGESH J,2,2062173.0,2,1,1
Pantani Naresh Kumar,3,2061507.0,3,1,1
SPA LABOUR CONTRACT COOPERATIVE SOCIETY LTD,2,2060354.0,2,1,1
HARIOM CONSTRUCTION,1,2059561.0,1,1,1
ARIFUDDIN MOHAMMAD,6,2054758.0,6,1,1
EE EDD II SITAPUR,17,2051470.0,15,1,1
Thamilarasan,1,2051227.0,1,1,1
Vibhapar Juth Gram Panchayat,5,2050000.0,5,1,1
BDO Paonta Sahib,9,2050000.0,9,1,1
A ARUCHAMY,4,2050000.0,4,1,1
COMMISSIONER MUNICIPALI CORPORATION SANSA,9,2050000.0,9,1,1
SUNDARAMOORTHY P,3,2048021.0,2,1,1
C PADIKKASU,3,2044906.0,3,1,1
KRISHNA ENTERPRISES AND SUPPLIERS,4,2039271.0,3,1,1
SP ENTERPRISES,3,2039200.0,3,1,1
K   MOHAN REDDY,6,2037956.0,6,1,1
RAGHUVANSI ENTERPRISES,4,2036741.0,4,1,2
RSR CONSTRUCTIONS,2,2033693.0,2,1,1
Dilip Enterprise,5,2033513.0,4,1,1
JPN Bhattray,7,2030498.0,7,1,1
BDO Sulah,15,2030374.0,10,1,1
Ram Bhawan Yadav Contractor,1,2026060.0,1,1,1
GRAM PANCHAYAT GOPALPUR,12,2024227.0,8,3,4
District Nirmithi Kendra,3,2021321.0,3,1,1
CEO PATI,7,2020000.0,6,1,1
ELITE PULSE HEALTH CARE PRIVATE LIMITED,2,2019127.0,2,1,1
MRITYUNJOY KHANIKAR,29,2018953.0,11,1,1
MOHIT BUILDING CONSTRUCTIONS,1,2016972.0,1,1,1
MOHANRAJ AND CO,1,2014990.0,1,1,1
AWDHESH KUMAR PANDEY,2,2012887.0,2,1,1
DHIBIN E S,1,2010855.0,1,1,1
Anvar Sadique PC,5,2010144.0,5,1,1
T A S C Group Co op L and C Society Toba,4,2006373.0,3,1,1
NARAYAN MAHATO,21,2005000.0,20,1,1
Rahaman Enterprise,2,2003745.0,1,1,1
RK CONSTRUCTION,4,2002878.0,4,1,1
GAYATRI CONSTRUCTION GOTAND,3,2002192.0,2,1,1
Sabita Manjari Das,2,2000000.0,2,1,1
A M CONSTRUCTION,2,2000000.0,1,1,1
GRAM PANCHAYAT BADE DABHA,4,2000000.0,2,1,1
MS RAMSAKHI TRADERS,2,2000000.0,1,1,1
Saif Ali F Hamdule,2,2000000.0,2,1,1
gram panchayat darain,2,2000000.0,1,1,1
Bikash Narzary,2,2000000.0,1,1,1
MS B T CONSTRUCTION,1,2000000.0,1,1,1
Kandhasamy N,1,2000000.0,1,1,1
MS ARSANG ENTERPRISE,1,2000000.0,1,1,1
MR PANNALAL YADAV,2,2000000.0,2,1,1
Sri Periyandichiamman Constructions,1,2000000.0,1,1,1
SHYAM KUMAR SHUKLA,5,2000000.0,2,1,1
Narendran Builders,1,2000000.0,1,1,1
CHINMAYA KUMAR PRUSTY,3,2000000.0,2,1,1
JAYALAKSHMI BUILDERS,1,2000000.0,1,1,1
Shri Liyi Geyi,3,2000000.0,3,1,1
BDO Pachhad,29,2000000.0,29,1,1
SAHAYA THATHEYOUSH S,1,2000000.0,1,1,1
PSR Constraction,1,2000000.0,1,1,1
VASANTHARAM ENTERPRISES,10,2000000.0,10,1,1
Anshuman Panda,2,2000000.0,2,1,1
B S Associates,1,2000000.0,1,1,1
B R Enterprise,1,2000000.0,1,1,1
KR ENTERPRISES,4,2000000.0,4,1,1
P KUMAR,2,2000000.0,2,1,1
Lunkhoneh,2,2000000.0,1,1,1
INDHU ENTERPRISE,10,2000000.0,10,1,1
GRAM PANCHAYAT KACHNARIYA,2,2000000.0,1,1,1
Ujendra Udayrao Ingawale,2,2000000.0,2,1,1
Sunder Mohan Hembram,4,2000000.0,4,1,1
SHANDUKHAN,2,2000000.0,2,1,1
RANJIT KUMAR KHOSLA JE,8,2000000.0,7,1,1
Boni Tamen,1,2000000.0,1,1,1
Donald Rebe Enterprises,1,2000000.0,1,1,1
MS DC Enterprises,1,2000000.0,1,1,1
Don Bosco College,1,2000000.0,1,1,1
Maa Vaishno Shaikshik Evam Dharmarth Trust,2,2000000.0,1,1,1
DISTRICT NIRMITHI KENDRA,2,2000000.0,1,1,1
CEO JANPAD PANCHAYAT BADOD,4,2000000.0,2,1,1
Ramamoothy D,1,2000000.0,1,1,1
M S B N ENTERPRISES,3,2000000.0,3,1,1
Mama Miso,1,2000000.0,1,1,1
MHIP Branch Lengpui,6,2000000.0,3,1,1
T Vijayakumar,1,2000000.0,1,1,1
SHREYAS CONTRACTORS,2,2000000.0,2,1,1
MS Heaven Traders,2,2000000.0,1,1,1
MS ANAND ENTERPRISES,2,2000000.0,2,1,1
Amiya Ku Das,3,2000000.0,3,1,1
AXOM AUTOMOBILES PVT LTD,2,2000000.0,1,1,1
BRAHMANND EDUCATION ACADEMY INTER COLLAGE,2,2000000.0,1,1,1
Bronson Narzary,4,2000000.0,2,1,1
PANINDIA FABRICATOR,3,2000000.0,1,1,1
Village Council Hmunpui,4,2000000.0,2,1,1
NLECTRA,9,1999996.0,5,1,1
Chirayu Prakash Mungad,2,1999984.0,2,1,1
mustak khan,2,1999968.0,2,1,1
P MASANA PANDI,2,1999892.0,1,1,1
RLatha,1,1999836.0,1,1,1
Sangey Norbu Sermu,2,1999759.0,2,1,1
MS ASHOK ENTERPRISE,3,1999663.0,1,1,1
K Adhikesavan,5,1999650.0,5,1,1
TAGESWAR PEGU,8,1999627.0,2,1,1
RITESH KUMAR YADAV,4,1999542.0,2,1,1
Mithinga Swargiary,5,1999528.0,3,1,1
MS Dwithun Basumatary Enterprise,3,1999296.0,2,1,2
GOVINDA SHANTILAL UPADHYAY,1,1999127.0,1,1,1
MSMODAMAMBA CONSTRUCTIONS,2,1999047.0,2,1,1
Alongbar Daimary,1,1999000.0,1,1,1
GP Deori,4,1999000.0,2,1,1
SIR VISHVESHWARAYYA SUSHIKSHIT BEROJGARABHIYANTA SEVA,1,1999000.0,1,1,1
SHREE CHHANYATI BRAHMIN MAHASANGH,3,1998996.0,1,1,1
ORIENTAL CONSTRUCTION,2,1998954.0,1,1,1
RENUKA CONSTRUCTION,4,1998881.0,2,1,1
R S Construction,1,1998845.0,1,1,1
PINDI UMA LAKSHMANA KUMAR,4,1998834.0,4,1,1
Varalakshmi,1,1998754.0,1,1,1
KURVA SRINU,4,1998731.0,4,1,1
KKS CONTRACTOR,2,1998685.0,2,1,1
VSS Enterprises,2,1998672.0,2,1,1
VINIT GOVIND BHATIA,2,1998642.0,1,1,1
M Rajendran,1,1998601.0,1,1,1
MAHABUBOR RAHMAN,3,1998543.0,3,1,1
ZONE COMMISSIONER ZONE 10,3,1998532.0,3,1,1
Jai Hanuman Co Op Lcs Ltd,1,1998482.0,1,1,1
Sneha Majour Sahakari Sanstha Mayadit,1,1998481.0,1,1,1
Ashok Construction Co,1,1998481.0,1,1,1
Om Sakthi Majoor Sahakari Sanstha Maryadit,1,1998481.0,1,1,1
Gangotri majoor sahakari sanstha maryadidt,1,1998481.0,1,1,1
United aviation labour co operative society,1,1998480.0,1,1,1
Vinayaga Constructions and Earth Movers,1,1998477.0,1,1,1
S IMMANUVEL,2,1998443.0,2,1,1
SHOBHA SINGH,2,1998297.0,2,1,1
MADHAVA B,4,1998258.0,4,1,1
PALANIVEL,2,1998095.0,2,1,1
Abhay Shankar Kambali,1,1998083.0,1,1,1
Narayan Ramrao Tamanna,2,1998028.0,2,1,1
SRI BALAJI CONCERN,3,1998012.0,3,1,1
Nenavath Devi,10,1998003.0,10,1,1
Ramesh Yadav,2,1998000.0,2,1,1
shreyash bandhu patil,4,1998000.0,2,1,1
MAHALAXMI MAJUR SAHKARI SANSTHA,2,1997998.0,2,1,1
KEDARINATH PROJECTS,4,1997960.0,4,1,1
Ayesha Construction,3,1997919.0,3,1,1
Chevuru Janardhana Reddy,4,1997901.0,4,1,1
The Malad Cp Op Labour Society Ltd,1,1997775.0,1,1,1
NEW NASKAR ENTERPRISE,1,1997733.0,1,1,1
NILESH SHRIVANT WANKHADE,4,1997599.0,2,1,1
MODERN DECOR,2,1997560.0,2,1,1
SELVAM,1,1997509.0,1,1,1
RUPESH AND HAWASINGH SALES,2,1997401.0,2,1,1
Shree G Trading,4,1997165.0,4,1,1
POOMPANDI P,2,1996834.0,1,1,1
Sudem Basumatary,2,1996660.0,2,1,1
PAKITH BHUTIA,1,1996547.0,1,1,1
MAHADEV ENTERPRISES,14,1996529.0,8,2,2
Shrusha Enterprises,1,1996492.0,1,1,1
JONNA PRABAKAR RAO,4,1996218.0,4,1,1
Om Deepak  Deshmukh,2,1996000.0,2,1,1
DUGGASANI VIJAYAKUMARREDDY,4,1995862.0,4,1,1
ZIAD CONSTRUCTION,4,1995582.0,4,1,1
DURGA ENTERPRISE,12,1995414.0,7,1,2
GANESH MAJUR SAHAKARI SANSTHALTD LINGNOOR,2,1995413.0,2,1,1
Pankaj Majur Sahkari sanstha maryadit,2,1995405.0,2,1,1
Rajeswar,4,1995399.0,4,1,2
ABDUL LATHEEF,2,1995303.0,1,1,1
SAMARTHA ENTERPRISES,2,1995224.0,2,1,1
Sujit Gupta,3,1995110.0,3,1,1
TUIKUAL SOUTH LOCAL COUNCIL,3,1995000.0,2,1,1
PAL AND SONS,4,1994751.0,2,1,1
GOPALA KRISHNAN D,1,1994605.0,1,1,1
PAWAN CONSTRUCTION COMPANY,3,1994600.0,1,1,1
LOKESH C N,4,1994432.0,4,1,1
M M ASSOCIATES,1,1994281.0,1,1,1
Agarwal Enterprise,6,1994266.0,2,1,1
Jothiprakash V,4,1994219.0,4,1,1
Stellar Infra,2,1994099.0,2,1,1
MILAN SAHAKARI MAJUR SANSTHA MARYADIT SOLAPUR,2,1993976.0,2,1,1
MS hari om krishi farm Surat,3,1993819.0,2,1,1
Perfect Enterprise,4,1993770.0,4,1,1
KASHTKARI M K SAHA STY LTD,2,1993305.0,2,1,1
OM KALESHWAR TRADERS,4,1992949.0,2,1,1
Haneefa Construction,2,1992832.0,2,1,1
polimera chinna nagireddy,4,1992620.0,4,1,1
G CHANDRA SEKHAR,4,1992248.0,4,1,1
H H INFRASTRUCTURE,2,1991645.0,2,1,1
VISHWASAMRAT MAGASUARGIYA MAJOOR SAHAKARI SANSTHA MARYADIT,2,1991369.0,2,1,1
Baliram Uttamrao Puyad,2,1991335.0,2,1,1
SUDHIR SHIRISH DIVEKAR,2,1991061.0,2,1,1
SHAHIL CONSTRUCTION,1,1991060.0,1,1,1
SALGARE SUJIT MAHARUDRA,1,1991059.0,1,1,1
Ch Panchmukhi Maruti MSS Ltd,2,1990614.0,2,1,1
vividha vikas yojana grampanchyat mandavi,2,1990554.0,2,1,1
VCP Field Veng,2,1990000.0,1,1,1
Mittal Book Agency,188,1990000.0,94,1,1
KENNZ TECHNOLOGIES LLP,2,1989997.0,2,1,2
ANITA DEVI,5,1989634.0,4,2,4
RUKHMAI CONSTRUCTION PROP BAPU D SONAVANE,1,1989626.0,1,1,1
Sai Solar System,4,1989580.0,4,1,1
MAA PADMAWATI CONS,2,1989100.0,2,1,1
SIRIGADHE SAIVIKRAM,4,1989070.0,4,1,1
Diganta Barthakur,4,1988932.0,2,1,1
SANJAY GOUDA,8,1988043.0,4,1,1
SARPANCH GRAM SEVAK GRAMPANCHAYAT SHIRASGAON TQ KANNAD,2,1987717.0,2,1,1
GURUPRASAD CONSTRUCTION COMPANY,2,1987448.0,2,1,1
Y N Enterprises,1,1987000.0,1,1,1
A K Contractor,2,1986976.0,2,1,1
JAY SHREE KRUSHNA MAJUR KAMGAR SANSTHA,2,1986619.0,2,1,1
Vaibhav Pradip Jadhav,1,1986447.0,1,1,1
Karthikeya Constructions,1,1986240.0,1,1,1
MRS REKHA DEVI,3,1985953.0,1,1,1
Ms Saloni Enterprises,2,1985654.0,2,1,1
SINDHUJA CONSTRUCTION,3,1985488.0,2,1,1
Solar Power Enterprises,3,1985160.0,3,1,1
MAHADEVA K,8,1984353.0,4,1,1
ISHA ENTERPRISES PRO  POOJA KUMARI,2,1984076.0,2,1,1
MRUTYUNJAYA PAHI,4,1983962.0,4,1,1
R Venkatesan,3,1982984.0,2,1,1
VINDHYA SOLAR AND LIGHTING SOLUTIONS,2,1982860.0,2,1,1
KANDAKATLA MAHENDER,1,1982552.0,1,1,1
SHAIKH FARID SAMAD,1,1982519.0,1,1,1
GOMATHI CONSTRUCTIONS,2,1982443.0,2,1,1
ACHALPUR MAJOOR KAMGAR SAHAKARI SANSTHA,2,1982336.0,2,1,1
ANAND SHANKAR,2,1982088.0,2,1,1
Jai hind penting plumber road v building works majur,1,1981405.0,1,1,1
SOMESWAR NARZARY,2,1980000.0,1,1,1
SARANG BUILDING MATERIAL SUPPLIERS AND CONSTRUCTION,2,1979484.0,2,1,1
INFRAPOWER,2,1979387.0,2,1,1
BALACHANDRAN R,1,1979029.0,1,1,1
PUTALAI MAJOR SAHAKARI SANSTHA MARYAD NAVISHEMALI,2,1978912.0,2,1,1
Nitish Kumar,2,1978799.0,2,1,1
Gajanan Gangadharrao Barke,3,1978744.0,2,1,1
SARPANCH  GRAMSEVAK GRAMPANCHAYAT HIRADPURI TQ PAITHAN,3,1978714.0,3,1,1
VENKATA SEKHAR DERANGULA,4,1978418.0,4,1,1
MALUNJA BDK WADR MAJUR SAH SANSTHA MAR YADIT,4,1978250.0,4,1,1
NIMBUS ENTERPRISE,1,1977752.0,1,1,1
Shyn Construction,2,1977503.0,2,1,1
C Sathya Narayana,4,1977369.0,4,1,1
Thuvva Bhageeratha Reddy,4,1977126.0,4,1,1
Executive Engineer Panchayati Raj Rupnagar   Division Ropar,2,1976800.0,1,1,1
Yamuna Majur Sahakari Sanstha Ltd Sonak Pimpalgaon,2,1976464.0,2,1,1
A Star Industries,7,1976303.0,3,1,1
N ASHA,8,1976093.0,4,1,1
vishal ramdas nikam,2,1975824.0,2,1,1
Santkrupa Majur V Bandhkam Sahkari Sanstha Maryadit Vadgaon,2,1975742.0,2,1,1
Giridhar Digambar PatilDakore,1,1975637.0,1,1,1
RAMESHWAR DAYALAND BROTHERS,2,1975484.0,2,1,1
JOSEPH JOSE,3,1975243.0,3,1,1
RAVI KANT TRIPATHI,6,1975000.0,3,1,1
GRAM PANCHAYAT,4,1975000.0,3,3,3
ANIRUDDHA KISANRAO PATIL,2,1974466.0,2,1,1
S ANANDA NAIDU,4,1974437.0,4,1,1
NALLA KRISHNA CHAITANYA,4,1973727.0,4,1,1
PRIYA MAJUR SHAKARI SANSTHA MARYADIT JALNA,3,1973462.0,3,1,1
CHINTHAKUNTA MANIGOPALREDDY,3,1973377.0,3,1,1
Sri Amman Construction,2,1973111.0,1,1,1
SUHAS GULBRAO GOTMARE,2,1972748.0,2,1,1
KAMESHWAR PRASAD SINGH,2,1972298.0,2,1,1
Jay Shree Kherepati shiksha seva samiti,17,1971889.0,2,1,1
RAHUL ENTERPRISE AND CONSTRUCTION,5,1971290.0,5,1,1
VAIBHVI CONSTRUCTION AND SUPPLIERS,2,1971193.0,1,1,1
CHAITALI DNYANESHWAR SANGALE,2,1971070.0,2,1,1
Tara Prasad Pattanaik,3,1971000.0,2,1,1
JYOTI RANJAN BEHERA,2,1970958.0,2,1,1
Suvidha Majur Sahkari Sanstha maryadit,2,1970840.0,2,1,1
Kerala Electrical And Allied Engineering Company,12,1970822.0,12,1,3
Karuppusamy,3,1970495.0,2,1,2
B B Enterprises,1,1969876.0,1,1,1
YADUKUL SHIKSHA SEWA SAMITI,6,1968738.0,2,1,1
Sreenath Engg Sales And Service Pvt Ltd,1,1968400.0,1,1,1
MS KUNAL ELECTRICALS CONTRACTOR YAVATMAL,5,1968307.0,5,1,1
K S Construction,1,1967994.0,1,1,1
MS Ashutosh Electricals Yavatmal,5,1967839.0,5,1,1
NARSINGH KUMAR CONTRACTOR,28,1967532.0,28,1,1
Ace Motors Pvt Ltd Tirur,19,1967000.0,19,1,2
JYOTI CONSTRUCTION CO,2,1966399.0,2,1,1
Kaleshwar Majur Kamgar Sahkari Sanstha Kaleshwar,1,1966157.0,1,1,1
SUMIT DEEPAKRAO DESHMUKH,3,1965998.0,2,1,1
Patel Associates,1,1965693.0,1,1,1
N SANKAR,3,1965609.0,3,1,1
Jeyaraman S,2,1965471.0,2,1,1
EDISON K,1,1965000.0,1,1,1
Narsinga Srinivas,1,1964986.0,1,1,1
Krishan Lal Contractor,3,1964038.0,2,1,1
NITHIYAKUMARAN B,4,1963832.0,2,1,1
om fhoji construction,4,1963698.0,3,1,1
KUNAL KUMAR,2,1963648.0,2,1,1
GANGADHAR SIRIGADE,5,1963289.0,5,1,1
SORNAGANDHI,2,1962884.0,2,1,1
ABDUL HAMID,1,1961900.0,1,1,1
The Titoli Co Op L and C Society LTD,3,1961195.0,2,1,2
Barman Construction,2,1960000.0,1,1,1
G Ravichandran,2,1958741.0,2,1,1
BHARGAVA RAM ENTERPRISES,4,1958636.0,4,1,1
TIRUPATI MAJUR KAMGAR SAHAKARI SANSTHA MARY,3,1958148.0,2,1,1
Vinod Kumar,14,1956572.0,10,4,8
Lotus Medical  Systems,4,1956500.0,4,1,2
Dinesh Water Proofing,4,1956230.0,4,1,1
MPEB Dewas,7,1955974.0,4,1,1
The Narnound Adrash Coop l and C Society,3,1955040.0,3,1,3
Pravin W Kale,3,1952726.0,3,1,1
SAKLOO SAROJ,2,1952658.0,1,1,1
T C Iyyappan,1,1950000.0,1,1,1
MANIVEL AND CO,1,1950000.0,1,1,1
SONIA BAI MITTAL,4,1950000.0,4,1,1
Cantilever Engineers,2,1949850.0,2,1,1
SAO MANNROW CONSTRUCTIONS PRIVATE LIMITED,1,1947249.0,1,1,1
R T INFRATECH,3,1947181.0,3,1,1
Pallavi Anant Ghude,3,1946650.0,3,1,1
NAVAGAM GRAM PANCHAYAT,7,1945000.0,7,1,3
V KARUTHIRUMAN,1,1944524.0,1,1,1
Khutal Vibhag Mkss,4,1942730.0,4,1,1
Dayanand Suresh Savardekar,3,1940201.0,2,1,1
AADHI CONSTRUCTIONS,2,1939662.0,2,1,1
ASSISTANT ENGINEER  BAHADURPUR,5,1939437.0,3,1,1
MS PEETAMBARA CONSTRUCTION,6,1939366.0,3,1,1
DURGA DAS ROY,1,1938436.0,1,1,1
ehrar kha,2,1934688.0,1,1,1
SALIM A,4,1934373.0,4,1,1
PROJECT OFFICER HIMURJA KANGRA AT DHARAMSHALA,8,1930950.0,8,1,1
K SAJEEVAN,1,1929300.0,1,1,1
ESSAR CONSTRUCTIONS,1,1928872.0,1,1,1
MS KAWYA CONSTRUCTION,6,1927700.0,6,1,1
BEENA AND SONS,24,1927656.0,24,1,1
LUDHIANA SALES CORPORATION PRIVATE LIMITED,3,1925465.0,1,1,1
Farooq Ahmad Wani,1,1925000.0,1,1,1
ASSISTANT ENGINEER CHERIYABARIYARPUR,3,1920759.0,3,1,1
Samui Engineering and Construction,2,1920000.0,2,1,1
L VEERABHADRAIAH,11,1919084.0,11,1,1
T R CONSTRUCTION COMPANY,1,1918700.0,1,1,1
MS SUBRATA SAHA,1,1918541.0,1,1,1
Shayam Enterprises,2,1918535.0,2,1,1
B B Kishan,5,1918448.0,5,1,1
PARWAT SINGH CHOUHAN,2,1916904.0,1,1,1
ASSISTANT ENGINEER  JAGDISHPUR,2,1916576.0,2,1,1
Kailash Eknath Suryawanshi,2,1916114.0,2,1,1
Indrawati Kumari,3,1915257.0,2,1,1
BABLI DEVI,12,1913490.0,11,2,2
VINIT KUMAR,2,1912393.0,2,1,1
Pro lite India,1,1909527.0,1,1,1
Balveer Singh Rathore,1,1909136.0,1,1,1
Dhaka Brothers,2,1909081.0,1,1,1
VS INFRA,1,1908144.0,1,1,1
R B Enterprise,3,1906871.0,3,1,1
VASANTHAM ENTERPRISES,1,1906712.0,1,1,1
Shiv Shakti Construction,4,1904267.0,4,1,1
AKHILESH MOTORCYCLE PRIVATE LIMITED,2,1903615.0,2,1,1
Koduru Rajesh Reddy,2,1902099.0,2,1,1
SIVA BALAJI CONSTRUCTIONS,2,1900917.0,1,1,1
AMIYA GHARAMI,1,1900188.0,1,1,1
MANISHA CONSTRUCTION CO,5,1900025.0,3,1,1
VIGNESHWARAN,1,1900000.0,1,1,1
G P BASSA,3,1900000.0,2,1,1
Valki Raju,19,1900000.0,19,1,1
RAJENDRA BEHERA,3,1900000.0,3,1,1
SRK Construction,1,1900000.0,1,1,1
Khushal Chand,4,1900000.0,1,1,1
EDD SALON,1,1899960.0,1,1,1
Dattatray Damodar Niphade,2,1899888.0,2,1,1
PERUMAL SGC,4,1899134.0,4,1,1
TS SEKAR,1,1899126.0,1,1,1
PARKLANDS SOLAR PRIVATE LIMITED,19,1899000.0,19,1,1
Perumal Work Contractor,2,1898917.0,2,1,1
GANGA MATA CO OP LABOUR SOCIETY LIMITED,1,1898558.0,1,1,1
RAJ KUMAR SAGAR,6,1897545.0,6,1,1
Ms Surya Mssm,1,1897047.0,1,1,1
MOHAMMAD ZAHEED HUSSAIN,5,1897031.0,5,1,1
Mushtaq Ahmed,2,1897000.0,1,1,1
SHRI SHIV SHAKTI KRISHI YANTRA,23,1896432.0,12,1,1
MS RAM PRASAD JAISWAL,7,1896253.0,3,1,1
K RAJENDRAN,2,1895965.0,2,1,1
Harnoor Singh,28,1895595.0,15,1,1
shiv shakti construction and order supplier,1,1895080.0,1,1,1
Shubham Bhure,2,1892298.0,2,1,1
LAKSHMI B,1,1891649.0,1,1,1
NANDA CONSTRUCTIONS,2,1891570.0,1,1,1
GOKUL VASANT ILAG,2,1891082.0,2,1,1
Chairman Shramjivi Majoor Sahakari Sanstha Tuljapur,3,1890945.0,3,1,1
JIGMEE WANGCHUK LACHENPA,1,1890356.0,1,1,1
Shreeji Developers,3,1889707.0,3,1,1
Amalirani Sebasdiyan,2,1888976.0,2,1,1
Sweety Construction,1,1888785.0,1,1,1
KMR CONSTRUCTION,4,1888607.0,4,1,1
RAJESH KUMAR,9,1888419.0,7,4,4
Partap Singh enterprises,25,1888325.0,9,1,1
THE SAKSHAM CO OP LABOUR AND  CONSTRUCTION SOCIETY  LIMITED  SANKHOL,2,1887572.0,2,1,1
RAJ CONSTRUCTION COMPANY,3,1887075.0,2,1,1
GRAM PANCHAYAT MADDED,6,1886911.5,3,1,1
Vstone Infrastructure,2,1886571.0,2,1,1
NEW TODAWATA CONSTRUCTION,2,1883501.0,1,1,1
Pavan Construction company,3,1882853.0,2,1,1
NOONE RAJASHEKAR,14,1881890.0,14,1,1
KESHRI NANDAN SAINI,4,1880485.0,4,1,1
ASSISTANT ENGG HARLAKHI VIDHAN SABHA,2,1880303.0,2,1,1
SRI SRINIVASA ENTERPRISE,8,1878400.0,8,1,1
A V PANDU,10,1876700.0,5,1,1
Mr MAHANTA NARZARY,2,1875000.0,2,1,1
Gram Panchayat Mudra Jaruakheda,5,1875000.0,3,1,1
K V PRASANNA KUMAR,1,1875000.0,1,1,1
TEERTHRAJ VISHWANATH PATIL,2,1874000.0,2,1,1
SHRI GANESH MAJUR SAHAKARI SANSTHA MARYADIT,2,1873909.0,2,1,1
ZARA Enterprise,2,1872813.0,2,1,1
Incetekh Energy Solutions,2,1872785.0,2,1,2
Niran Hazarika,21,1872063.0,5,1,1
Rajesh Kumar S,2,1870560.0,2,1,1
BHATTACHARJEE AND COMPANY,1,1869878.0,1,1,1
Aslam Sekh,1,1868568.0,1,1,1
Kalpana Construction,1,1866320.0,1,1,1
Buddha Enterprises,1,1865906.0,1,1,1
GP DONDHARA,5,1864618.0,3,1,1
SEELAM ANIL,2,1863744.0,2,1,1
YASH CONSTRUCTION,2,1863191.0,1,1,1
JAGANNATH MUNDA,4,1862768.0,4,1,1
SRIKRISHNA ENTERPRISE,5,1862253.0,5,1,3
Balakumar R,1,1860394.0,1,1,1
sri balaji enterprises,3,1859873.0,3,1,1
JANARDHAN REDDY PALUGULLA,6,1859549.0,6,1,1
mohan yadav,3,1859431.0,3,1,1
Nava India Pathipagam,4,1858875.0,4,1,4
hariom interprizez,3,1858856.0,3,1,1
Versatile,3,1856795.0,3,1,1
ANIL KUMAR,6,1855848.0,5,4,4
guddi devi,4,1853315.0,4,1,2
Balaji Constructions,1,1850000.0,1,1,1
ADITYA VISHWAKARMA,1,1848595.0,1,1,1
DHANDAYUTHAPANI K,2,1847859.0,2,1,1
ENGINEERS VERTICAL SERVICES PVT LTD,1,1847790.0,1,1,1
SOHAM SATISHBHAI AMIN,2,1843349.0,2,1,1
The VTR Coop L and C society LTD,4,1842748.0,2,1,1
ABNINDRA KUMAR CONTRACTOR,2,1841998.0,1,1,1
MS TASMIN HARDWARE7896377621,11,1840000.0,7,1,1
RAJ KUMAR,11,1839799.0,8,3,4
THE SAIFALI CO OPERATIVE LABOUR AND CONSTRUCTION SOCIETY,9,1839580.0,6,1,1
A   ANIL KUMAR,6,1837866.0,6,1,1
SHARAFAT ULLA,2,1835579.0,1,1,1
ANBALAGAN D,1,1835013.0,1,1,1
MS ABHI CONTRACTOR  SUPPLIERS,4,1834738.0,2,1,1
RAATH AUTOMOTIVES PVT LTD,1,1833174.0,1,1,1
V THIRUMALAISAMY,1,1832032.0,1,1,1
jay prakash verma,4,1825229.0,4,1,1
MS JULI ENTERPRISES,7,1824425.0,3,1,1
JWALAMUKHI  JAGDAMBA MAJUR KAMGAR SAHAKARI SANSTHA,2,1824042.0,2,1,1
Bejawada Seenaiah,4,1822200.0,4,1,1
KANAKALA NAGESWARA RAO,2,1820043.0,1,1,1
GRAM PANCHAYAT CHHAPAR,6,1820000.0,6,2,2
Hisana Thasni KV,1,1818309.0,1,1,1
GRAM PANCHAYAT PAMGAL,4,1817954.0,2,1,1
Vmk Enterprises,1,1815802.0,1,1,1
Tapas Kumar Jena,2,1813741.0,2,1,1
JATINDRA ENGINEERING CO,6,1812047.0,6,1,1
PRADEEP KUMAR,3,1810514.0,2,2,2
K Ramakrishna Reddy,2,1808642.0,2,1,1
BDO AMMAPETTAI MPLADP,1,1807337.0,1,1,1
Association for Voluntary Blood Donors,1,1807115.0,1,1,1
PRABHUJI CONSTRUCTION,1,1806232.0,1,1,1
REETA SINGH,1,1803481.0,1,1,1
APSPDCL,9,1802431.0,9,1,1
PUSPANJALI MURMU,8,1801202.0,8,1,1
Rajeev Kumar Trivedi,1,1800000.0,1,1,1
AGARWALLA LIGHT HOUSE,5,1800000.0,5,1,1
V Lakshmipathi,1,1800000.0,1,1,1
SARPANCH SACHIV GRAM PANCHAYAT RANIPARTEWA,7,1800000.0,3,1,1
SKM INFRASTRUCTURES,1,1800000.0,1,1,1
TE YELLOW CITY BUILDERS,1,1800000.0,1,1,1
CC Deulguri,2,1800000.0,1,1,1
Bmr Ev Industries Pvt Ltd,20,1800000.0,20,1,3
JUNIOR ENGINEER BARGARH BLOCK,4,1800000.0,4,1,1
CC for Construction of Road at Naukuchi Nalgedera Khetri,2,1800000.0,1,1,1
GRAM PANCHAYAT DHANGAO,4,1800000.0,2,1,1
AKASH HAZARIKA,9,1800000.0,3,1,1
Gram Panchayat Faraspura janpad Panchayat Dharmpuri District Dhar,4,1800000.0,2,1,1
R S INDUSTRIES,8,1800000.0,8,1,1
Construction of road at Milijuli Path Bhaskar Nagar,2,1800000.0,1,1,1
PURUSHOTHAMAN M,1,1799989.0,1,1,1
PS ENTERPRISES,1,1799897.0,1,1,1
GRAM PANCHAYAT BARMANI,29,1799702.0,2,1,1
SUBRAMANI A,1,1799485.0,1,1,1
PALANISAMY R,1,1799478.0,1,1,1
SHAKTHI CONSTRUCTION,1,1799284.0,1,1,1
RASU T,2,1799191.0,2,1,1
CHANDRABHAGA CONSTRUCTIONS,2,1798858.0,2,1,1
KAPPALA JAGADEESH,3,1798822.0,3,1,1
Construction of RCC Ground floor and first floor,2,1798800.0,1,1,1
KUMARAN S,4,1798781.0,4,1,1
Utkasharsha Majoor Sahakaari Sanstha Maryadit,1,1798633.0,1,1,1
Shailendra Hindurao Umbarkar,1,1798633.0,1,1,1
PARSHURAM UDO COOP LABOUR SOCIETY LTD,1,1798633.0,1,1,1
SWASTIK SAHAKAR S M,1,1798633.0,1,1,1
Shyam co operative labour society ltd,1,1798633.0,1,1,1
INTELLO ENTERPRISE,3,1798500.0,3,1,1
THIRUMALAIYAN CONSTRUCTION,1,1798024.0,1,1,1
GP Kapartunga,4,1797981.0,2,1,1
SUBRAMANIYAN S,2,1797494.0,2,1,1
GR DEEPTHI GOKULAKRISHNAN CONSTRUCTION,2,1797107.0,2,1,1
DHIRAJ KUMAR,2,1797102.0,2,1,1
The Lavanya Co Operative Labour And Construction Society Limited,2,1796738.0,2,1,1
JS AND CO,3,1796453.0,3,1,1
new todawata construction,3,1796218.0,2,1,1
Bakka Reddy Srikanth Reddy,8,1795697.0,8,1,1
MAA KALI ENTERPRISE,1,1795363.0,1,1,1
JKV TRADERS,6,1795062.0,6,1,1
JAI BAJRANG CONSTRUCTION,4,1794495.0,2,1,1
SK ENTERPRISE,8,1794166.0,8,2,3
MAHESH BATTU,2,1793184.0,2,1,1
LUXMI BUILDERS,6,1792229.0,3,1,1
THE LOTUS ENTERPRISE,5,1791745.0,5,1,1
AMEY SUBHASH NINAWE,3,1791524.0,3,1,1
MANAB JYOTI BORUAH,19,1789615.0,9,1,1
Suryase Energy,1,1788750.0,1,1,1
MP STATE AGRO INDUSTRIES DEVELOMENT CORPORATION LTD,9,1788507.0,9,1,1
ANDAVAR BUILDERS,2,1787451.0,2,1,1
Ch Jijamata Mahila MSS Ltd,4,1787358.0,4,1,1
aashirwad builders and contracter,5,1787209.0,5,1,1
MAIKOTI AVINASH,13,1785603.0,13,1,1
PRAKHAND SHIKSHA PRASAR PADADHIKARI,1,1785510.0,1,1,1
MUNIN CHABUKDHORA,31,1783898.0,10,1,1
Nation Enterprises,2,1783800.0,2,1,1
SHIVRAM SILAVAT,8,1781868.0,1,1,1
RAHAMAN ENTERPRISE,5,1781682.0,2,1,2
RAJDHANI ENGINEERING,12,1780428.0,6,1,1
PARTH CONSTRUCTION,1,1777715.0,1,1,1
JOYTARA CONSTRUCTION,1,1776030.0,1,1,1
ANEESH K P,4,1774836.0,4,1,1
Vender Mesrs Patel devilal udhvaji surajgav,4,1773011.0,3,1,1
GURJAR ENTERPRIES,9,1771667.0,8,1,1
SAROJ KUMAR MOHANTY,4,1771520.0,4,1,1
SURESH CHAND,7,1771045.0,5,1,1
SMT DAULATA DEVI UCCHATAR MADHYAMIK VIDYALAY,1,1770000.0,1,1,1
KHANDEKAR ARAF AHAMMED,4,1767957.0,4,1,1
MR CONSTRUCTIONS,1,1767296.0,1,1,1
V K CONTRACTORS,6,1765852.0,6,1,2
KARTHIKEYAN M,3,1765820.0,3,1,1
THAKRE CONSTRUCTION,19,1765000.0,1,1,1
Shyn Construction Hosur,1,1758780.0,1,1,1
SHIVKUMAR SHIVHARE,8,1757224.0,2,1,1
SDO OP Division DHBVN Atela Kalan,7,1756500.0,7,1,1
G SUDHAKAR,1,1753337.0,1,1,1
JP ENTERPRISES,2,1751356.0,2,1,1
EAP LIFE STYLE PRODUCTS,1,1750500.0,1,1,1
SIDDHI VINAYAK CONSTRUCTION,3,1750294.0,3,1,1
VILLAGE COUNCIL ZAWLPUI,14,1750000.0,7,1,1
kadaiyachanwar,1,1750000.0,1,1,1
GRAM PANCHYAT Hirankhedi,1,1750000.0,1,1,1
pra infra projects,7,1750000.0,4,1,2
JE LAXMIPUR RAJANI KANTA PANIGRAHI,6,1750000.0,6,1,1
DEWALKHEDA,1,1750000.0,1,1,1
ANSHU KUMARI,2,1749993.0,2,1,1
J P CONTRACTOR,10,1749355.0,5,1,1
ARJUN VIJAYAN,1,1748919.0,1,1,1
Ms Sudheer Traders,1,1747830.0,1,1,1
BABY M M,6,1747353.0,6,1,1
sanjay singh yadav,2,1746820.0,1,1,1
Prabir Naiya,2,1746465.0,2,1,1
RAHUL SINGH OM CONSTRUCTION,4,1745780.0,3,1,1
GAURAV CONTRACTORS,2,1744600.0,2,1,1
Parth Ravindra Patil,2,1744437.0,2,1,1
SHRI GURU NANAK INTERLOCKING CEMENT TILE,19,1742687.0,11,1,3
Ashish Construction co,3,1742363.0,3,1,1
Index Electronics,10,1740502.0,10,1,2
Harish Kalita House to Krishna Roy,1,1740000.0,1,1,1
Himachal Electric Co,3,1739952.0,3,1,1
SRI RAM PROMOTERS,1,1737977.0,1,1,1
ANAMICA ENTERPRISE,3,1737819.0,3,1,1
Namdev Construction Company,2,1736875.0,1,1,1
aman interprises,4,1736539.0,4,1,2
Prakash L,3,1735365.0,3,1,1
MI CONSTRUCTION,4,1734330.0,3,1,1
The Khurana Cooperative Labour and Construction Society,4,1733565.0,4,1,1
Y G LAKSHMI DURGA,4,1731531.0,4,1,1
MILIND CHOUDHARY,2,1730100.0,2,1,1
GP PEEPLIYA,10,1730002.0,5,1,1
THE SAIN CO OPERATIVE MULTIPURPOSE SOCIETY,1,1729864.0,1,1,1
MRINAL KANTI AMAITY,5,1729648.0,5,1,1
UMESH CHANDRA MISHRA,3,1728356.0,2,1,1
Bheeman,4,1727838.0,4,1,1
A K CONTRACTORS,2,1727647.0,1,1,1
PAVAN YADAV,2,1727425.0,1,1,1
NIDHEESH GOPAL,2,1721505.0,2,1,1
SK CONSTRUCTIONS,2,1721334.0,2,1,1
RAJA V,2,1721270.0,1,1,1
M Saravanan,1,1720039.0,1,1,1
Department of Youth Empowerment and sports Dakshina Kannada,4,1720000.0,4,1,1
NARAYAN ENTERPRISES,2,1718362.0,2,1,1
TEHADKIYA ENTERPRISES,2,1717610.0,1,1,1
MsTRISHAKTI COVIL INDUSTRIES,4,1717469.0,3,1,1
AMAN ENTERPRISES,3,1717256.0,2,2,2
JOGINDER SINGH CONTRACTOR,5,1717221.0,4,1,1
SHARDA TIWARI CONSTRUION,6,1715306.0,3,1,1
bhikam katara,5,1712259.0,4,1,1
THE KHERI GULAM ALI COOP L AND C,2,1711027.0,2,1,2
Ravindra Singh,3,1709602.0,2,2,2
ASHAPURA INFRATECH,1,1709218.0,1,1,1
MS RANA VIKRAMADITYA SINGH CONSTRUCTION,4,1707038.0,2,1,1
PARAS ENTERPRISES,3,1706094.0,2,1,1
RADHE ENGINEERING AND CONSTRUCTION,2,1705689.0,2,1,1
JALADHARA TECHNOLOGIES,5,1704885.0,5,1,1
sharee ram constracution,4,1704625.0,2,1,1
jiban deka,13,1702738.0,11,1,1
Arvind Kumar Yadav,1,1702117.0,1,1,1
AMIT KUMAR YADAV CONTRACTOR  SUPPLIERS,1,1700352.0,1,1,1
MANOJ KUMAR SAHU,4,1700000.0,4,1,1
Sanathali Gram Panchayat,4,1700000.0,4,1,1
M Shilu Jamir,2,1700000.0,1,1,1
K THIAGARAJAN,2,1700000.0,1,1,1
S KATHIRVEL,1,1700000.0,1,1,1
Sathishkumar S V,1,1700000.0,1,1,1
SARAVANAKUMAR M,2,1700000.0,2,1,1
JUNIOR ENGINEER POTTANGI,7,1700000.0,7,1,1
KGR GROUPS,1,1700000.0,1,1,1
T DEENARANGAN,1,1700000.0,1,1,1
PAARI CONSTRUCTION,1,1700000.0,1,1,1
AKRAMUL HUSSAIN,2,1700000.0,1,1,1
TCB CONSTRUCTION,1,1700000.0,1,1,1
Numberdar enterprises,1,1700000.0,1,1,1
MAA DURGA CONSTRUCTION AND SUPPLIER,2,1699998.0,1,1,1
SUBBIAH S,2,1699680.0,2,1,1
JAGLAN CONSTRUCTION,3,1699647.0,3,1,2
M Rajkumar,5,1699524.0,5,1,1
Jayshree Automobiles India Private Limited,2,1699400.0,2,1,1
JANGAM SURYANARAYANA,4,1699389.0,4,1,1
Deeplaxmi construction Pro Dilip Rajebhau Kale,2,1699367.0,2,1,1
MSBoring Works,5,1699278.0,2,1,1
KAVINKUMAR R,2,1699167.0,1,1,1
TIRUPATI cONSTRUCTION,3,1699052.0,3,1,1
Packiaraj S,1,1698995.0,1,1,1
ROSHAN PANDURANG BODKE,2,1698852.0,2,1,1
Selvam,2,1698841.0,2,1,1
Binay Ranjan SAhoo,31,1698661.0,31,1,1
AM Construction,3,1698580.0,3,2,2
GRR ENTERPRISES,4,1698012.0,4,1,1
LOHIT SONOWAL,7,1697876.0,4,1,1
MS NS INFRA ENTERPRISES,1,1697470.0,1,1,1
AMBADAS MAROTRAO KADAM,2,1697444.0,2,1,1
Mani V,2,1696882.0,2,1,1
GARIB NAWAJ CONSTRUCTION,4,1696627.0,2,1,1
SARA TRADERS,4,1695859.0,2,1,1
BASHEER N,2,1693267.0,2,1,1
GRAM PANCHAYAT RAMPURA,9,1692899.0,7,2,2
BALAMURUGAN K,2,1692742.0,2,1,2
Kancheshwar Majur Sahakari Sanstha Maryadit,2,1692262.0,2,1,1
DEVANAND ALLAPURAM,2,1691280.0,2,1,1
VEERARAGAVAN  M,2,1691019.0,2,1,1
ABUL KALAM LASKAR,1,1690635.0,1,1,1
MS Satyam Enterprises,1,1690474.0,1,1,1
The Narender Cooperative Labour and Construction Society Limited,2,1690161.0,2,1,1
SANJEEVIYAR PATHIPPAGAM,3,1690000.0,2,1,1
D MOHAN REDDY,21,1689598.0,21,1,1
SELVI M,2,1689572.0,1,1,1
Nisar T P,4,1688480.0,4,1,1
R R ENTERPRISE,2,1688107.0,2,1,2
Ch Panchkeshwar Majur bandhkam sah sanstha,2,1687080.0,2,1,1
MS PARMENDRA SINGH CONSTRUCTION COMPANY,4,1686772.0,2,1,1
Rajendra Engineers,2,1685215.0,2,1,1
SANGANAGOUD BIRADAR,10,1685098.0,5,1,1
Executive Engineer,9,1684504.0,9,4,6
NALLA VITTAL,5,1683577.0,5,1,2
ARVIND SINGH,3,1683432.0,3,2,2
MAHADEV TRADING COMPANY,2,1682907.0,2,1,2
The Jai Baba Bhaiya Cooperative Labour and Construction,2,1681590.0,1,1,1
DIWAM ENTERPRISES,4,1677219.0,2,1,1
gram panchayat jaitpur,3,1676000.0,2,1,2
Rehovot Groups,1,1675272.0,1,1,1
EXECUTIVE ENGINEER RES DIVISION BALODABAZAR,5,1675264.0,4,1,1
HARI SHANKAR SINGH,2,1675086.0,2,1,1
Ajje Channappa,2,1675053.0,2,1,1
CEO JANPAD PANCHAYAT SITAMAU,14,1675000.0,11,1,1
GAYATHRI R,1,1674505.0,1,1,1
EE MPPKVVCL MANDSAUR   AE MPPKVVCL RATLAM,1,1672640.0,1,1,1
JAI MAHA KALI CONSTRUCTIONS,4,1672414.0,4,1,1
R SIVAKUMAR,1,1671465.0,1,1,1
C VIJAYAKUMAR WORKS CONTRACT,4,1671082.0,4,1,1
SHREE SHYAM CONSTRUCTION AND SUPPLIERS,2,1670701.0,2,1,1
Assistant Engineer BAC Ranka,1,1669000.0,1,1,1
Katakam Veereswararao,1,1664113.0,1,1,1
Pradeep Kumar V,1,1663901.0,1,1,1
RAMA SHAMYA CONT,3,1660694.0,3,1,1
GRAM PANCHAYAT DATINA,7,1659570.0,4,1,1
Pichilli Sankaraiah,4,1659199.0,4,1,1
Ms Anvi Construction,2,1658162.0,2,1,1
C YOSHVA,2,1656640.0,2,1,1
BHARATHI CONSTRUCTION,1,1655731.0,1,1,1
Marval Enterprise,6,1655376.0,6,1,1
ASSISTANT ENGINEER RAJNAGAR VIDHANSABHA,4,1655245.0,4,1,1
KAVITHA CS,2,1654840.0,2,1,1
DURAIPANDI,2,1654667.0,1,1,1
MCK  CONSTRUCTION,2,1653634.0,1,1,1
SAI SHARAN CONSTRUCTION CO,3,1653180.0,3,1,1
Duraivel VS,1,1652604.0,1,1,1
Selvakumar K,2,1652193.0,1,1,1
RAJU MARIYAPPAN,1,1652052.0,1,1,1
MITTAL PAVERS,6,1650995.0,5,1,1
Topstar Marak,8,1650000.0,4,1,1
JNS Enterprises,1,1650000.0,1,1,1
SURENDRAN,2,1649712.0,2,1,1
SHREE SHAYEE ASSOCIATES,1,1649648.0,1,1,1
M R Enterprise,12,1649316.0,3,2,2
JAYAPRAKASH R,2,1648926.0,1,1,1
MEENASEKARI N,1,1648838.0,1,1,1
S D ENTERPRISE,7,1648107.0,6,2,2
ARIHANT TRADERS,2,1647344.0,2,1,1
V U ASSOCIATES,1,1646598.0,1,1,1
THE CLASSIC INTERNATIONAL CO OP L AND C SOCIETY,3,1646156.0,2,1,1
adityavijaywaje,2,1646000.0,2,1,1
SM ADIL CONSTRUCTION,1,1645589.0,1,1,1
Bolli Srihari,1,1645255.0,1,1,1
VISWAS CARE,1,1644115.0,1,1,1
S R CONSTRUCTION,3,1642867.0,3,2,2
Matta Phani Bhushana Rao,1,1642866.0,1,1,1
S Sudalaimuthu,2,1641899.0,2,1,1
The AD Group Co Operative Labour and Construction Society L,1,1641554.0,1,1,1
UTPAL BORAH,12,1641162.0,2,1,2
PRATIK AJIT REDDY,2,1641036.0,2,1,1
JMD ASSOCIATE,3,1641012.0,3,1,1
K B ENTERPRISE,7,1640426.0,7,1,1
JANPAD PANCHAYAT THIKRI,9,1640000.0,7,1,1
RAJAN B,4,1638961.0,4,1,1
JAGUDAN GRAM PANCHAYAT,4,1638336.0,4,1,1
MIDHUN MATHEW,4,1636737.0,4,1,1
Nath Enterprises Osmanabad,1,1635063.0,1,1,1
TRIDENT MEDI CARE,1,1635000.0,1,1,1
GONE RAVI,3,1634532.0,3,1,1
SYSTECH,5,1634104.0,5,1,1
Thiyagarajan S,2,1630446.0,1,1,1
DIPANKAR DEY,2,1630138.0,1,1,1
SR ENTERPRISE,5,1629491.0,5,1,2
MEDIATECH,2,1628980.0,2,1,1
SARITA BEHERA,2,1624747.0,2,1,1
MS MAHALAKSHMI ENTERPRISE,5,1623442.0,5,1,1
ARK Construction,2,1620207.0,2,2,2
VIDHYA SINGH,2,1618491.0,1,1,1
KISHORE KUMAR BISEN,3,1618024.0,2,1,2
Maa Ramawati Construction,5,1616881.0,4,1,1
MS Sowmya Sri Constructions,2,1616101.0,2,1,1
KRISHNA CONSTRUCTION COMPANY,3,1615628.0,2,1,2
ASIR BARAN ROY,1,1615346.0,1,1,1
JAI MAA VAISNO INFRATECH PRO AMIT KUAMR GOYAL,1,1614959.0,1,1,1
Balaji Healthcare Technologies,1,1614000.0,1,1,1
SANTOSH Y KAPSIKAR,4,1613949.0,3,1,1
MAA VAISHNO CONSTRUCTION,2,1611693.0,1,1,1
Neeraj Electricals,2,1610136.0,2,1,2
MS AAROHI CONSTRUCTION,5,1609828.0,5,1,1
NEHA KUMARI,5,1609747.0,5,1,1
Suman Kumar,5,1609371.0,5,1,1
Kannan,1,1608982.0,1,1,1
SARPANCH SACHIV GRAM PANCHYAT PADRIYA,2,1608206.0,1,1,1
TRUE VISION INC,16,1607610.0,10,1,1
SRI VAISHNAVI CONSTRUCTIONS,3,1607348.0,3,1,1
ASHAPURA CONSTRUCTION,5,1607190.0,4,1,2
THE ROSA CO OP L AND C SOCIETY LTD,2,1606241.0,2,1,1
Sankalp Infra,5,1604499.0,5,1,1
MANI,5,1603654.0,5,2,3
RATAN KUMAR SAHA,1,1602957.0,1,1,1
ASSISTANT ENGINEER 1 PREETIMAYEE,2,1601634.0,2,1,1
ASGAR MOLLA,4,1600829.0,4,1,1
BDO pragpur,20,1600000.0,12,1,1
SANDHIYA and CO,1,1600000.0,1,1,1
GHULAM MURTAZA,2,1600000.0,1,1,1
DALJYOR UNEMPLOYED ENGINEERS COOPERATIVE,4,1600000.0,4,1,1
KHANJAN KUMAR SAIKIA,5,1600000.0,2,1,1
TELI SAMAJ SANGHTAN PANDURNA,3,1600000.0,2,1,1
Apun Ghar,10,1600000.0,8,1,1
ELECTRO STEEL ENTERPRISES,2,1600000.0,2,1,1
PURABI INDUSTRIES,8,1600000.0,4,1,1
SUDARSANAM CO,2,1600000.0,2,1,1
RPN CONSTRUCTIONS,1,1600000.0,1,1,1
VRL  supporters,1,1600000.0,1,1,1
NOMAL DHAKAL,8,1600000.0,2,1,1
G P Kitlana OSR,3,1600000.0,3,1,1
R M Engineering Works,2,1600000.0,1,1,1
Anburaja V,1,1600000.0,1,1,1
New Ramesh Fabrication,1,1600000.0,1,1,1
T SIVACHANDRAN,1,1599925.0,1,1,1
HARUN AL RASHID,3,1599908.0,3,1,1
ASHOK CONSTRUCTIONS,1,1599870.0,1,1,1
Raveendhra G,1,1599822.0,1,1,1
Shri Murugan Associates,2,1599786.0,2,1,1
MM CONSTRUCTIONS,3,1599780.0,3,1,2
MS ETIMA CONSTRUCTION,4,1599690.0,4,1,1
M THILLAI NATARAJAN,2,1599560.0,2,1,1
KAVITHA,4,1599536.0,2,1,1
ANBAZHAGAN,2,1599418.0,2,1,1
JOHNY JOSEPH,2,1599210.0,2,1,1
GEHLOT CONSTRUCTION COMPANY,4,1599046.0,2,1,1
PATEL CEMENT SUPPLIERS,1,1599024.0,1,1,1
SriRenukaConstruction,4,1598662.0,4,1,1
K RAJARAM AND CO,1,1598588.0,1,1,1
Anandha Construction,1,1598108.0,1,1,1
Kuldeep Kumar Kaushik,1,1597622.0,1,1,1
DASHMESH TILES,9,1597168.0,7,1,1
Balaji Construction Company,3,1597087.0,3,1,1
DURAI P,4,1596936.0,2,1,1
KARTHICK PRATHAP P,2,1596881.0,2,1,1
SANGAM CONSTRUCTION COMPANY,2,1596028.0,1,1,1
GBM ENGINEERING AND CONSTRUCTION,4,1595952.0,2,1,1
USG AUTOMOBILES PVT LTD,2,1595360.0,2,1,1
MRS THANGAMANI K,2,1594715.0,2,1,1
RAVENDRAN R P,2,1594551.0,2,1,1
S UDHAYAKUMAR,1,1594278.0,1,1,1
Mahalaxmi Mahila Podupu Sangam,4,1594000.0,4,1,1
RAKESH KUNJILAL ZADKHANDE,2,1593987.0,2,1,1
ANAND PAL,2,1593760.0,1,1,1
SANTHOSH P,1,1591546.0,1,1,1
MAA KALIKA CONSTRUCTION,5,1591191.0,5,1,1
GNK Constructions,1,1590265.0,1,1,1
MS SURAJ CONSTRUCTION,4,1589915.0,2,1,1
A Chandar Shekhar,21,1588869.0,21,1,1
KRISHAN KISHORE PARCHURU,2,1588212.0,2,1,1
MS Suresh Chauhan,2,1587636.0,1,1,1
V RAJASEKARAN,1,1587249.0,1,1,1
KRISHNA BORA,7,1586530.0,2,1,1
GRK CONSTRUCTION COMPANY,2,1585872.0,2,2,1
Madasamy C,1,1584908.0,1,1,1
EEEDD Najibabad,1,1584677.0,1,1,1
Jai shree bhawani infrastructure,4,1583836.0,4,1,1
Bhushan Suresh Taori,1,1583723.0,1,1,1
KRISHNA TRADERS,9,1582767.0,7,3,4
Manjunath Mallappa Kittur,4,1582011.0,4,1,1
GRAM PANCHAYAT BAGRODA,5,1580000.0,3,1,1
MAA SARADA CONSTRUCTION,1,1579974.0,1,1,1
RAJESH KUMAR S N,2,1579637.0,2,1,1
Parinathan,2,1579369.0,2,1,1
PROGRESSIVE CO OPERATIVE LABOUR CONTRACT AND CONSTRUCTION SOCIETY LIMITED,1,1579269.0,1,1,1
RAJAN  V,1,1578297.0,1,1,1
The Aaditya cooperative labour and consruction society,3,1577282.0,2,1,1
YUDHVIR CONTRACTOR,2,1573688.0,2,1,1
NEW SOLANKI CONSTUCTION,1,1572947.0,1,1,1
VINAY ENTERPRISES,6,1571922.0,5,1,2
Nanak Enterprises,7,1571580.0,7,1,1
Yerubandi Venkatarao,1,1568450.0,1,1,1
PRESIDENT VILLAGE LEVEL COMMITTEE ANANTHASAMUDRAM GP PULLAMPET M,4,1568165.0,4,1,1
MURUGESAN V,1,1567311.0,1,1,1
MS GKK INFRA AND  ASSOCIATES,1,1566133.0,1,1,1
MISRA BROTHERS CONSTRUCTION,3,1565194.0,3,1,1
Jai Maa Enterprises,1,1565000.0,1,1,1
PARASHURAM CHANDARAM BIRADAR,9,1564971.0,5,1,1
SUMANTI KULLU,3,1564622.0,3,1,1
TANVEER ABIDALI LASHKARI,5,1563750.0,5,1,1
SUSHANTA KUMAR BARAD,7,1562890.0,7,1,1
The WAHEGURU COOP L AND C SOCIETY LTD,3,1562145.0,2,1,1
Deepak Kumar,3,1560485.0,2,1,2
SANTOSH KUMAR MISHRA,1,1560151.0,1,1,1
IJAZ KHAN,2,1560000.0,2,1,1
Shirish Majoor sahakari sanstha maryadit,1,1559790.0,1,1,1
GANTHOLIYA ENTERPRISES,3,1559270.0,3,1,1
TATA  PASSENGER ELECTRIC MOBILITY LIMITED,1,1559025.0,1,1,1
BG ENTERPRISE,18,1558627.0,9,1,1
KVS NEXTGEN TRADERS,11,1558097.0,11,1,1
BHUPENDRA RAMANBHAI PATEL,6,1558000.0,6,1,1
SARO OVERSEAS PRIVATE LIMITED,7,1557710.0,7,1,1
KULDEEP CONSTRUCTION,1,1557350.0,1,1,1
Swastik Hardware,10,1556794.0,4,1,1
Sellapandiyan,2,1553164.0,2,1,1
DHBVN nathusari,1,1551711.0,1,1,1
AGRIMA TRADERS,5,1551161.0,5,1,1
RAJENDRA PRASAD B,2,1550852.0,2,1,1
DEBABRATA BISWAL,3,1550000.0,3,1,1
ZONE COMMISSIONER ZONE 06,3,1550000.0,3,1,1
BHUVALDI GRAM PANCHAYAT,4,1549963.0,4,1,1
Gangadaran,1,1549952.0,1,1,1
MP FUND LOK SABHA DEV BLOCK RAIT,13,1549607.0,11,1,1
PARAMESWARI V,2,1549596.0,2,1,1
Lali Gram Panchayat,5,1549543.0,5,1,1
GOKULASELVAN M,2,1549495.0,2,1,1
AMARESH JALAWADI,7,1549277.0,5,1,1
GP Naurangpur,4,1548805.0,2,1,1
R SARAVANAN,1,1548483.0,1,1,1
KONE ELEVATOR INDIA PRIVATE LIMITED,2,1548000.0,1,1,1
RAVI D,2,1547503.0,2,1,1
SITAPATI SETHI,17,1547434.0,17,1,1
Bhanu Constructions,1,1547161.0,1,1,1
The Brick Liners Co Operative Labour and Construction Society Ltd,6,1546053.0,6,1,1
Ranjit Jena,5,1546022.0,5,1,1
A P Dash,6,1543547.0,6,1,1
SK Trading Co,2,1542075.0,2,1,1
MADAPALA THIRUPATHI RAO,2,1540649.0,2,1,1
GHEESA RAM CONSTRUCTION COMPANY,4,1540296.0,4,1,1
Gangasaram Srinivas Reddy,4,1536202.0,4,1,1
HEMALKUMAR NAVINBHAI LAD,2,1535625.0,2,1,1
Keerthi Builders,2,1534917.0,2,1,1
Ms Luxmi Bricks Co Rakhi Khas,9,1534571.0,1,1,1
AAKRATI CONTRUCTION PROP VISHAL TRIWEDI,2,1532969.0,2,1,1
PAVAN KUMAR S J,10,1529419.0,5,1,1
EZHILAN H,1,1528659.0,1,1,1
MAKKA MALLESWARARAO,3,1528538.0,3,1,1
MS R D CONJSTRUCTION,1,1527129.0,1,1,1
ANILKUMAR N,2,1526820.0,2,1,2
EXECUTIVE ENGINEER ELECTRICITY DD 1 BASTI,2,1525896.0,2,1,1
Axis Tech,1,1525135.0,1,1,1
DEBCHARAN BASUMATARY,4,1525000.0,3,1,1
Sellappan A,1,1525000.0,1,1,1
AEN RURAL AVVNL KISHANGARH,2,1524810.0,2,1,1
Gram Panchayat Pewa,3,1524157.0,2,1,1
Tadellos Corporation,2,1523000.0,2,1,1
RAJIB SAIKIA,10,1522000.0,4,1,1
HHW CARE PRODUCTS I PVT LTD,1,1521000.0,1,1,1
ASSISTANT ENGINEER BAC NAMCHEYBONH,1,1520820.0,1,1,1
M SENTHILKUMAR,1,1519842.0,1,1,1
VADIHBOINA CHENCHU REDDY,4,1519767.0,4,1,1
ANILKUMAR S,3,1518474.0,3,1,1
MS LAXMI IRON TRADING CO,6,1518473.0,5,1,1
ETHAMUKKALA RAMBABU,1,1517960.0,1,1,1
ANSH CONSTRUCTION COMPANY,4,1517599.0,2,1,1
MANNARMANNAN P,3,1515723.0,3,1,1
KAPIL DEV SINGH,2,1512941.0,2,1,1
ARSENAL CONSTRUCTION,9,1511738.0,9,1,1
bornisha enterprise,3,1511337.0,3,1,1
RAHUL SINGH RATHORE,3,1510851.0,2,1,1
Bishnu Dutta,6,1509095.0,2,1,1
THE SHRI GANESH CO OP SOCIETY,2,1508164.0,2,1,2
HEMANTA KUMAR DEORI,2,1507892.0,1,1,1
SUMI CONSTRUCTION,4,1506493.0,4,1,1
RAMBHA DEVI,2,1506306.0,2,2,2
BAPULAL DAMOR,3,1506184.0,2,1,1
THE MAHESHWARI CO OP LC SOC LTD KKR,3,1504456.0,2,1,1
BKL CONSTRUCTIONS,5,1502062.0,5,1,1
SHRI HANUMAN CONSTRUCTION COMPANY,2,1501943.0,2,1,1
THANGAMANI S,1,1501451.0,1,1,1
Lalnunsiama,2,1500000.0,1,1,1
Nabam Tatum,1,1500000.0,1,1,1
BHASKAR BRAHMA,2,1500000.0,1,1,1
Muh Sherali Madina Mahaviddyalay,3,1500000.0,1,1,1
HOLA KOTAR GROUP GRAM PANCHAYAT,8,1500000.0,8,1,1
V Prathi constructions,1,1500000.0,1,1,1
V KRISHNAMOORTHY,1,1500000.0,1,1,1
TC LALTHANGZOVA,3,1500000.0,1,1,1
GRAM PANCHAYAT DEORI,4,1500000.0,2,2,2
Construction of Road from Sokakata to Moishkhuli Khamar Road Goalpara,2,1500000.0,1,1,1
T S Enterprises,1,1500000.0,1,1,1
Construction of road from Nabajeeban Sangha to Kailash Nagar Chowk Noonmat,2,1500000.0,1,1,1
Lalthangmawia,2,1500000.0,1,1,1
THUTAK NUNPUITU TEAM,2,1500000.0,1,1,1
TITLI ENTERPRISE,1,1500000.0,1,1,1
ZONE COMMISSIONER ZONE 04,2,1500000.0,2,1,1
R Kottishwarn,1,1500000.0,1,1,1
Gram Panchayat Umariya janpad Panchayat Dharmpuri,2,1500000.0,1,1,1
KERALA STATE RUBBER CO OPERATIVE LTD,1,1500000.0,1,1,1
Gram Panchayat Kurkunga 1,2,1500000.0,1,1,1
GP Dhanana I CPC,2,1500000.0,1,1,1
MANIAR VEHICLES PVT LTD,1,1500000.0,1,1,1
Arup Ray House to Purani HS,1,1500000.0,1,1,1
SARPANCH GRAM PANCHAYAT MAUHADIH GI,2,1500000.0,1,1,1
Executive officer,2,1500000.0,2,1,1
MS THONGDOK ASSOCIATES,1,1500000.0,1,1,1
T  R Enterprise,1,1500000.0,1,1,1
FUNKHA BASUMATARY,4,1500000.0,2,1,1
ADITYA SURYAKANT GHEVADE,1,1500000.0,1,1,1
GOKAVI SHIVAKUMAR,4,1500000.0,4,1,1
Gram Panchayat BAGWANYA,4,1500000.0,2,1,1
803105000071,2,1500000.0,1,1,1
Vishwvijay Bhagwan Rote,1,1500000.0,1,1,1
MOHD RAHIM AND CONSTRUCTIONS,9,1500000.0,9,1,1
RAJENDRAN G,1,1500000.0,1,1,1
THE NAYSHA COOPERATIVE LABOUR AND CONSTRUCTION SOCIETY LIMITED NARNAUL,1,1500000.0,1,1,1
ceo jp bhikangone,7,1500000.0,7,1,1
NAGARAJAN S,1,1500000.0,1,1,1
Jaban Gram Panchayat,3,1500000.0,3,1,1
Gram Panchayat Jokbahala,2,1500000.0,1,1,1
LALIT MOHAN MOHANTA,2,1500000.0,2,1,1
MUNCIPAL CORPORATION REWA,1,1500000.0,1,1,1
AKSHAY BHASKAR GAIKWAD,2,1500000.0,2,1,1
Tura Christian Hospital,2,1500000.0,1,1,1
RADHIKA ENGENIEERING COMPANY,1,1500000.0,1,1,1
BANTHIWADA GRAM PANCHAYAT,4,1500000.0,4,1,1
Sarpanch Gram Panchayat Piproud,2,1500000.0,1,1,1
TRIPTI ENTERPRISE,1,1500000.0,1,1,1
TKT ENTERPRISE,2,1500000.0,2,1,1
gram panchayat jamuniha,2,1500000.0,1,1,1
Kotra,2,1500000.0,1,1,1
MURUGAN ENTERPRISES,1,1500000.0,1,1,1
S Sudhagar,1,1500000.0,1,1,1
SARPANCH GRAM PANCHAYAT CHORBHATTI,4,1500000.0,2,1,1
J Lalvarlien Puruolte,1,1500000.0,1,1,1
Pranjit Gohain,2,1500000.0,1,1,1
Akshara Enterprises India Pvt Ltd,1,1500000.0,1,1,1
SARSWATI SHISHU MANDIR PANNA,2,1500000.0,1,1,1
G P NAWAGAON SALKA,5,1500000.0,4,1,1
Gram Panchayat Sarjapur janpad Panchayat Dharmpuri District Dhar,2,1500000.0,1,1,1
GRAM BHARTI DAMOH,5,1500000.0,5,1,1
MS SEEMA ENTERPRISES,1,1500000.0,1,1,1
RAMESH TK,1,1500000.0,1,1,1
RAMASAMY AND SONS,1,1500000.0,1,1,1
SENTHIL KUMAR P,1,1500000.0,1,1,1
Gram Panchayat Gujri janpad Panchayat Dharmpuri,6,1500000.0,3,1,1
Sarpanch Gram Panchayat Abidpura,2,1500000.0,2,1,1
RITVI CONSTRUCTIONS,2,1500000.0,1,1,1
Hrangawliana,2,1500000.0,1,1,1
SHRI HANUMAN INFRA,2,1500000.0,1,1,1
GRAM PANCHAYAT GHOTI,6,1500000.0,1,1,1
Alangaram E,1,1500000.0,1,1,1
KHRIEDILHOULIE THEUNUO,2,1500000.0,1,1,1
BAPUJI NAYAK,3,1500000.0,3,1,1
KMS Dawngkima,2,1500000.0,1,1,1
BIDARIK INSTITUTE OF LEARNING,2,1500000.0,1,1,1
Salem Veng Local Council,2,1500000.0,1,1,1
Raju S,1,1500000.0,1,1,1
Rhutik Anant Dhene,4,1500000.0,2,1,1
S RAJAKUMARI,1,1500000.0,1,1,1
Aklima Khatun,2,1500000.0,2,1,1
SRIDHAR K P,1,1500000.0,1,1,1
DAKTAR MURMU,3,1500000.0,3,1,1
MS TIRUK ENTRPRISES,1,1500000.0,1,1,1
Robert Khamkhanpau,2,1500000.0,1,1,1
Tadam Soki,1,1500000.0,1,1,1
Gram panchayat Teegaon,4,1500000.0,3,1,1
RAJU S KOMAR,6,1500000.0,3,1,1
BDO Shillai,8,1500000.0,8,1,1
C VANLALZAMA,2,1500000.0,1,1,1
CC GOPAL NAGAR SHIV MANDIR PATH,2,1500000.0,1,1,1
HRIDLOI BASUMATARY,2,1500000.0,1,1,1
GRAM PANCHAYAT BANJI,5,1500000.0,3,2,2
Shiv Construction,3,1500000.0,3,1,1
VC HMAR VENG,4,1500000.0,2,1,1
Ashish Soni,2,1500000.0,1,1,1
GRAM PANCHAYAT KATIRA,2,1500000.0,1,1,1
Jonathan Thangliana Care of BDO Thingsulthliah,2,1500000.0,1,1,1
Gram Panchayat Aamakoni,6,1500000.0,3,1,1
VAISHALI CONSTRUCTION CO,4,1499970.0,1,1,1
BOBBA LAKSHMI CHANDANA,3,1499960.0,3,1,1
GP NAGARI,2,1499921.0,1,1,1
ARUNACHALA CONSTRUCTION,1,1499919.0,1,1,1
GRAM PANCHAYAT BORI,3,1499902.0,2,2,2
Ch Shrikrupa Majur Co Op Society,1,1499900.0,1,1,1
MAA MANISHA ENTERPRISE,1,1499888.0,1,1,1
Ms ENS Enterprises,1,1499867.0,1,1,1
GRAM PANCHAYAT SONAJORI,2,1499853.0,1,1,1
Ganesan P,2,1499851.0,2,1,2
GP GIRARI,2,1499800.0,1,1,1
sudesh,1,1499800.0,1,1,1
ARAVINTHAN G,1,1499757.0,1,1,1
Ballavari Maheswar Reddy,1,1499728.0,1,1,1
SHOBANA S,1,1499661.0,1,1,1
PUNNIYAMOORTHY D,1,1499638.0,1,1,1
KAMARAJ S,2,1499620.0,1,1,1
Vishal Pandit Shinde,1,1499618.0,1,1,1
GP Chilhiyamar,2,1499600.0,1,1,1
P Annamalai,1,1499551.0,1,1,1
K ELUMALAI,1,1499550.0,1,1,1
Y VENKATESHWARLU,3,1499527.0,3,1,1
AVULA SRINIVASULU,3,1499508.0,3,1,1
Shivshankar Majoor Sahkari Sanstha Maryadit,1,1499500.0,1,1,1
suriyakumar S D,2,1499499.0,1,1,1
gram panchayat khundala,3,1499450.0,1,1,1
S V Tech Corporation,1,1499440.0,1,1,1
SHITAL V KURAPE,6,1499405.0,3,1,1
SUBRAMANIAN,1,1499401.0,1,1,1
GRAM PANCHYAT BAMHANI,19,1499350.0,1,1,1
M MALLIKARJUNA REDDY,1,1499346.0,1,1,1
GRAM PANCHAYAT BARGAON,6,1499337.0,3,1,1
RICHARD HARDSON K,1,1499336.0,1,1,1
Hiramba Narzary,1,1499312.0,1,1,1
GP Dhanpuri,2,1499191.0,1,1,1
GRAM PANCHAYAT BARADOLI,4,1499135.0,2,1,1
GRAM PANCHAYAT DURUGPALI,4,1499109.0,2,1,1
R Prabhu,2,1499087.0,2,1,1
GRAM PANCHAYAT GANEKERA,4,1499063.0,2,1,1
GNANASEKARAN G,1,1499012.0,1,1,1
Vijay Traders,6,1499004.0,3,1,1
JIYANSH ENTERPRISES,2,1498999.0,1,1,1
C SIVAKUMAR,1,1498968.0,1,1,1
Sanchu Maya Rai,1,1498966.0,1,1,1
Creative Construction,1,1498941.0,1,1,1
Saraswati Shishu Mandir Samiti Shahdol,3,1498900.0,2,1,1
RAJA A,2,1498878.0,2,1,1
LATUDA GRAM PANCHAYAT,3,1498877.0,3,1,1
AKREETI CONSTRUCTION,1,1498872.0,1,1,1
Jivdani Mata Majoor Sahakari Sanstha,1,1498862.0,1,1,1
Amina M S S M,1,1498862.0,1,1,1
SUDHIR BABU DHOTRE,1,1498862.0,1,1,1
kalpesh vasant vichare,1,1498862.0,1,1,1
nandanvn majoor sahakari sanstha maryadit,1,1498862.0,1,1,1
Shri Swami Samarth Majoor Sahakari Sanstha Maryadit,1,1498862.0,1,1,1
New Era Co Op Lcs Ltd,1,1498861.0,1,1,1
Gautam LCS Ltd,1,1498861.0,1,1,1
R VISHWANATH,3,1498820.0,3,1,1
MUSKAN KUMARI,1,1498817.0,1,1,1
RAJEEV KUMAR SINGH,2,1498753.0,2,1,1
GRAM PANCHAYAT LAKHRAM MULBHOOT,2,1498742.0,1,1,1
Gangadharan V K,1,1498694.0,1,1,1
MP AND CO,1,1498638.0,1,1,1
Narendra Constructions,3,1498591.0,3,1,1
E RAJESH,2,1498588.0,1,1,1
N ABDULSAMADU,2,1498582.0,2,1,1
GRAM PANCHAYAT MANDOTA,6,1498519.0,3,1,1
RAMPARA GRAM PANCHAYAT,3,1498453.0,3,1,1
SARSWATI VIDYA MANDIR INTER COLLEGE,1,1498436.0,1,1,1
Amarendra Narzary,1,1498397.0,1,1,1
Jarimari labour co op society ltd,1,1498335.0,1,1,1
GRAM PANCHAYAT GANDHI GRAM,30,1498315.0,1,1,1
SANIA CONSTRUCTION,2,1498283.0,1,1,1
TUKARAM HANAMANT DALAWAYI,6,1498242.0,3,1,1
MAHENDRA HARI PATIL,2,1498219.0,1,1,1
VEERBHADRA,3,1498030.0,3,1,1
Ms Deeparam Godara,1,1498011.0,1,1,1
vishal rajendra mande,2,1498000.0,1,1,1
SARPANCH GRAM PANCHAYAT BODSARA,4,1497808.0,2,1,2
Jamidar Narzary,2,1497801.0,2,1,1
Gram Panchayat Ghoghara,2,1497687.0,1,1,1
Gram Panchayat Rampura,1,1497657.0,1,1,1
JAKIR HOSSAIN,2,1497628.0,1,1,1
Krishna Corporation,3,1497600.0,3,1,1
ANIL KUMAR HEGDE P,3,1497567.0,3,1,1
Govind Sports,2,1497561.0,2,1,1
S P ELECTRICALS,2,1497491.0,2,1,1
SAMEER SHANKARAO PATIL,2,1497486.0,2,1,1
AM KUMARAN CONSTRUCTION,2,1497456.0,1,1,1
BALASUBRAMANIAM S,3,1497439.0,3,1,1
M BABURAJ,1,1497363.0,1,1,1
Ganesh Majoor Sahakari Sanstha Ltd,2,1497324.0,2,1,1
satyam balasaheb udage,1,1497230.0,1,1,1
ADVIK ENTERPRISES PRO RAHUL PRATAP,1,1497134.0,1,1,1
S R Arumugam,3,1497039.0,3,1,1
MAA ASHAPURA KIRANA AND MATERIAL SUPPLIERS,2,1496783.0,1,1,1
K M HARISH KUMAR,3,1496635.0,3,1,1
ANKUSH PRADIPRAO NACHONE,2,1496534.0,1,1,1
Abul Kalam Azad,2,1496447.0,2,1,1
MALLIKARJUN,6,1496329.0,3,1,1
The karma Co op L and C Society Ltd,14,1496254.0,7,1,1
OM SHREE SATYA SAI CONSTRUCTION,3,1496151.0,3,1,1
K TECH SYSTEMS,3,1496100.0,3,1,1
jagdamb industries,3,1496058.0,3,1,1
Navchetan Rural Devlopment Association,3,1495998.0,3,1,1
SADDAM HUSSAIN,7,1495969.0,4,2,2
GP PONDI SIDHAURA,2,1495940.0,1,1,1
MAA SWARUP LAXMI CONSTRUCTION COMPANY,3,1495786.0,1,1,1
GORANTLA RAJESH BABU,1,1495732.0,1,1,1
SAROJ TIWARI,1,1495644.0,1,1,1
NISHANTH CONSTRUCTIONS,4,1495494.0,4,1,1
PRAFUL ENTERPRISES,2,1495354.0,2,1,1
NALLATHAMBI S,5,1495055.0,5,1,1
MS DURGA CONSTRUCTION,5,1494893.0,3,1,1
PRADDEP  MANE,1,1494640.0,1,1,1
KUMAR RISHU RAJ INFRA PROJECT,2,1494568.0,1,1,1
Vinayak Agency,3,1494470.0,3,1,1
RAJESH K V,2,1494044.0,2,1,1
Sunil Shrimant Nadure,2,1494025.0,1,1,1
JITENDRA KUMAR  CONTRACTOR,2,1494000.0,2,1,1
SACHIN VISHWANATHRAO RAUT,1,1493920.0,1,1,1
SURAJKUMAR SARJERAO RASKAR,1,1493825.0,1,1,1
VATESHWAR MAJOOR AND BANDHKAM SAHAKARI SANSTHA,1,1493673.0,1,1,1
M ANJENAYA REDDY,3,1493662.0,3,1,1
GRAM PANCHAYAT KARYALAY TAKBID TQ NAIGAON,1,1493374.0,1,1,1
SHUBHAM CONSTRUCTION VAMASA,4,1492918.0,1,1,1
KABRA CONSTRUCTION,1,1492857.0,1,1,1
K P Srikantha Anekannambadi,6,1492817.0,3,1,1
GRAM PANCHAYAT KARYALAY RATOLI TQ NAIGAON,1,1492730.0,1,1,1
SAGAR ENTERPRISE,6,1492718.0,6,1,1
Bandaru Narasimha rao,3,1492660.0,3,1,1
GRAMPANCHAYAT PIMALGAON GANGDEO TQ PHULAMBRI,1,1492500.0,1,1,1
GRAMPANCHAYAT VIRAMGAON TQ PHULAMBRI,1,1492450.0,1,1,1
MAHALAXMI INFOSYS,4,1492417.0,4,1,1
Omkar Navnath Thorat,2,1492304.0,2,1,1
SHRI DATTA LABOUR KAMGAR SAHAKARI SANSTHA,1,1492290.0,1,1,1
SRIDHAR G BANNIKOPPA,6,1492114.0,3,1,1
SHREE KSHEMANKARI CONSTRUCTION,3,1492075.0,3,1,1
MARUTI ENTERPRISES,35,1492039.0,35,1,2
BIBI NASRIN,1,1492019.0,1,1,1
Gram Panchayat Kasola,1,1492000.0,1,1,1
BYRAREDDY V,6,1491665.0,3,1,1
DEEPAK PRASAD GUPTA,2,1491420.0,1,1,1
Shri Dwarika Computers,2,1490854.0,2,1,1
EXECUTIVE OFFICER MUNICIPAL COUNCIL NURPUR DISTT KANGRA HP 176202,5,1490578.0,4,1,1
Barakam Ravi Kumar Reddy,1,1490481.0,1,1,1
Bethlehem Vengthlang Local Council,2,1490000.0,1,1,1
Sarpanch Shree Grampanchayat Lavarpur,3,1490000.0,3,1,1
SHREE YOGESHWAR SAHAKARI MAJOOR BANDHKAM SANSTHA LTD,1,1489900.0,1,1,1
Swapnil Raghunath Thorat,1,1489610.0,1,1,1
SURANA ASSOCIATES,1,1489500.0,1,1,1
S SELVI,1,1489479.0,1,1,1
DHIRAJ RAJENDRA BULLE,1,1488757.0,1,1,1
SUBHASMITA BEHERA,10,1488383.0,10,1,1
ABHILASH BALKRUSHNA DARWATKAR,3,1488370.0,3,1,1
PRASHANTH M,3,1488200.0,3,1,1
NIRAJ KUMAR,1,1487959.0,1,1,1
GHOSH ELECTRIC,1,1487723.0,1,1,1
SUDHANSHU KUMAR,1,1487721.0,1,1,1
SARPANCH GRAMPANCHAYAT GONDHANKHEDA KAMKHEDA,1,1487715.0,1,1,1
Srinivas Reddy Boyella,1,1487270.0,1,1,1
Reddys Engineeering Contractors,3,1487226.0,3,1,2
gram panchayat ghogari tq hadgaon,1,1487075.0,1,1,1
ROHAN ANAND,1,1487023.0,1,1,1
SARPANCH GRAMSEVAK GRAMPANCHAYAT WAKAD TQ KANAND,1,1486882.0,1,1,1
KAARTHIKEYA INFRA PROJECTS,3,1486790.0,3,1,1
gram panchayat sapti tq hagaon,3,1486737.0,3,1,1
GRAM PANCHAYAT BHATIGAWANKHURD JP JAISINGHNAGAR,2,1486300.0,1,1,1
MPS CONSTRUCTION COMPANY,2,1486183.0,2,1,1
GOVIND SHRIRAM MUNGAL,1,1485959.0,1,1,1
RANA CONSTRUCTION COMPANY,1,1485912.0,1,1,1
GP GANDHWANI,10,1485795.0,5,1,1
RAVI MS,6,1485750.0,3,1,1
PRABHASH CHANDRA MISHRA,1,1485731.0,1,1,1
SATYENDRA SINGH,1,1485277.0,1,1,1
EURO CARE ENTERRISES,2,1484000.0,1,1,1
JANARDHAN S C,6,1483572.0,3,1,1
Y S CONSTRUCTION,2,1483342.0,2,1,2
ANKAJ TRADERS,2,1483253.0,1,1,1
KALIKURUCHI P,2,1483160.0,1,1,1
KASTHURI SHANMUGAM,1,1482790.0,1,1,1
PANDIAN V  Contractor,1,1482499.0,1,1,1
MALLAM ANJAIAH,3,1482098.0,3,1,1
POWER ENGINEERING WORKS,2,1481813.0,2,1,1
GRAM PANCHAYAT SUNDAIL,3,1481800.0,2,1,1
DIGAMBAR MAJUR SAHAKARI SANSTHA MARYADIT,2,1481620.0,2,1,1
SURAJ SHIVAJI SHINDE,3,1481367.0,3,1,1
jay khanderiya majur sahakari sanstha ltd,2,1481266.0,2,1,1
T D TILES,2,1481176.0,1,1,1
RAGHURAM HUME PIPES PVT LTD,1,1481092.0,1,1,1
SAILU PANDI MUKKULA,4,1480173.0,4,1,1
I Ammal,1,1480000.0,1,1,1
SAMBIT ENTERPRISES DOLPURA,2,1479233.0,1,1,1
Kothanda raman D,2,1479194.0,1,1,1
ATANU HALDER,2,1478970.0,2,1,1
gunapati phani kumar,3,1478325.0,3,1,1
MS G T CONSTRUCTION,1,1478229.0,1,1,1
MS Dawa Enterprises,1,1477491.0,1,1,1
MS LAXMAN GENA SO RAM RATAN GEN,8,1476541.0,1,1,1
RUBY SINGH,2,1476306.0,1,1,1
BHUSHAN KUMAR SAROJ,1,1475021.0,1,1,1
R N TRADING COMPANY,4,1474280.0,2,1,1
UMESH ANANTA NAYKAR,3,1473954.0,3,1,1
AMIT NAGORAO MULE,2,1473752.0,2,1,1
SAHAYAK ABHIYANTA KANTI VIDHANSABHA,1,1472889.0,1,1,1
TELEMADE,1,1472446.0,1,1,1
G DAYAKAR,4,1471549.0,4,1,1
ADAPA THAMMANNA NAIDU,3,1471175.0,3,1,1
GP PAPRAUDI,2,1471000.0,1,1,1
ARYAN BULDERS NAGAUR,2,1468369.0,1,1,1
J P CONSTRUCTION COMPANY,4,1467277.0,2,1,2
ASSISTANT ENGINEER BHAGALPUR,2,1466014.0,1,1,1
MAA DURGE AADI SHUBHANGAM CONSTRUCTION COMPANY,3,1465389.0,3,1,1
BDO Nagrota Surian,11,1465000.0,7,1,1
The Mahavir  Society,12,1464808.0,11,1,1
BALVEER SINGH NEGI,1,1464260.0,1,1,1
SHRI DEVKRUPA COMSTRUCTION COMPANY,2,1464070.0,2,1,1
MS PUSHPENDRA KUMAR RAI CONTRACTOR,2,1464026.0,1,1,1
yogesh suresh farde,1,1463967.0,1,1,1
Yarramasu Siva Rama Krishna,1,1463767.0,1,1,1
K VENKATA SHYLENDRA BABU,3,1463616.0,3,1,1
BISWAS CONSTRUCTION,1,1463573.0,1,1,1
MS RABIN CON,1,1463079.0,1,1,1
Sk Mosaraf Hossain,1,1463005.0,1,1,1
ARTI DEVI,1,1462770.0,1,1,1
The VLC Chairman Devarapalli Baski,3,1462151.0,3,1,1
CHAUTGI UMESHA,2,1460785.0,1,1,1
DHUPENDRA PRASAD,1,1458930.0,1,1,1
JAI MATA DI ADITYA CONSTRUCTION,4,1458917.0,2,1,1
Devid PROP OF GOOWILL FIRMS,3,1458346.0,3,1,1
JILHA VARSHIK YOJANA G P SATHAGAON,1,1457701.0,1,1,1
TANSI Engineering Works,1,1455576.0,1,1,1
Sandeep Saini,6,1454800.0,3,1,1
The Sandeep Co Op L and C Society,4,1453962.0,3,1,1
PRUTHVI BUILDERS,1,1453443.0,1,1,1
Gurpreet Singh,23,1452597.0,19,2,7
KAILASH SINGH,5,1451626.0,4,2,2
MS TRADERS,2,1451064.0,2,1,1
DIPEN CHHETRI,3,1450111.0,3,1,1
jp barwah,5,1450000.0,5,1,1
R Saravanan Contractor,1,1449247.0,1,1,1
SELVAKUMAR  R,2,1449048.0,2,1,1
The Arvy CoOp L and C Society LTD,4,1449013.0,2,1,1
Shri Ram Murti Construction,4,1448406.0,4,1,1
SACHIDANANDA MUKHERJEE,1,1448361.0,1,1,1
Gopinathan,2,1447656.0,2,1,1
EX EN EDD II GAURIGANJ,8,1447358.0,4,1,1
RAM BHAWAN YADAV,2,1446794.0,1,1,1
Abburi Srinivasa Rao,1,1446763.0,1,1,1
DIVYA ENTERPRISES,1,1445942.0,1,1,1
KANNAN,3,1444750.0,2,1,2
SANJIB MAJHI,5,1443577.0,3,1,1
Ms AMRIT LAL B K O,4,1443400.0,3,1,1
SUMI  CONSTRUCTION,5,1443305.0,5,1,1
MAHESH KUMAR,3,1442763.0,2,2,2
M APPADURAI,2,1441670.0,2,1,1
SHOBHA KANT MAHTO,1,1441024.0,1,1,1
VIPUL VIJAY CHAWARE,1,1441000.0,1,1,1
Ms Tanvi Enterprises,1,1440427.0,1,1,1
Jarnail Singh Govt Contractor,2,1440348.0,1,1,1
const of community hall at mulagaon shiv mandir,1,1440000.0,1,1,1
LUCIFER POWER SYSTEM,3,1439242.0,3,1,1
KAMIREDDY RAJA REDDY,3,1437614.0,3,1,1
SAI TRADERS,3,1437592.0,2,1,1
SIMON P M,3,1435541.0,3,1,1
SANVI CONSTRUCTION,2,1435195.0,1,1,1
Rahul Enterprises,1,1435102.0,1,1,1
SHRI DONGARI DEVI MAJUR SAHAKARI SANSTHA,1,1432750.0,1,1,1
Naresh Kumar,2,1432369.0,2,1,1
PANKAJ KUMAR SINGH,2,1432284.0,2,1,1
MA PRAMILA ENTERPRISE ASHOK DAS,1,1432241.0,1,1,1
TATA MOTORS LIMITED,1,1430000.0,1,1,1
MS GAUTAM TRADERS,2,1429876.0,1,1,1
Shri Dev Construction Company,3,1429616.0,3,1,1
AMIT ANIL MUDBAKHE,1,1426075.0,1,1,1
M K Construction company,1,1425950.0,1,1,1
Suresh,5,1424955.0,5,3,3
GRAM PANCHAYAT DUNGAR,5,1424900.0,5,1,1
CHANDR PRABHA DEVI,1,1424723.0,1,1,1
Y Hari babu,3,1424455.0,3,1,1
Deepak Trading,1,1424235.0,1,1,1
PAYAL BROTHERS,3,1424038.0,3,1,1
MOHIT PUBLICATIONS,17,1421660.0,16,1,3
Guntuka Suresh Babu,4,1420456.0,4,1,1
INAKONA SURYAPRAKASHARAO,1,1420283.0,1,1,1
SULTAN CONSTRUCTION,1,1420000.0,1,1,1
ASHISH CONSTRUCTION,4,1418941.0,2,1,2
MS RAJLAXMI ENTERPRISE,2,1418797.0,2,1,1
EXECUTIVE ENGINEER,105,1417269.0,105,2,3
SMIT MAJUR SAHAKARI SANSTHA MARYA RAJURA,1,1416321.0,1,1,1
ASSISTANT ENGINEER LAEO IMAMGANJ VIDHAN SABHA,2,1415771.0,2,1,1
RIDDHI ENTERPRISES,3,1415466.0,3,1,1
SAJIR A,1,1414366.0,1,1,1
MAHIPAL REDDY MALLEPALLY,15,1413934.0,15,1,1
SAGARIKA SWAIN,2,1412871.0,2,1,1
Sukhlipura Gram Panchayat,3,1411635.0,3,1,1
SAJI C,3,1411104.0,3,1,2
SAHARA INFRASTRUCTURES,2,1411024.0,1,1,1
Sahoo Construction,5,1410857.0,5,1,1
ajay kumar,4,1410666.0,3,1,1
MS SUSHIL CONSTRUCTOR,3,1410442.0,2,1,1
Sidhu and Company,13,1408232.0,3,1,1
EDD Jagdishpur,6,1407532.0,3,1,1
SAGAR CONSTRUCTION COMPANY,2,1407386.0,2,1,1
SETHU C,1,1406283.0,1,1,1
Fayaz Ahmad Dar,2,1405735.0,2,1,1
Srivatsavai Satya Lavan Varma,3,1405501.0,3,1,1
Shubhasis Roy,3,1405474.0,3,1,1
Onkar Dwivedi,2,1405173.0,2,1,1
GRAM PANCHYAT MANGLI,1,1404544.0,1,1,1
THE SHREE RAM COOPERATIVE LABOUR AND CONSTRUCTION SOCITY LIMITED DHAND,8,1404287.0,6,1,1
M Siva Krishna Reddy,3,1404282.0,3,1,1
D N RAMDAS,5,1403481.0,4,1,1
FARUK CONSTRUCTION,4,1402814.0,4,1,1
AAKANKSHA SINGH,2,1401046.0,2,1,1
Muhammed Rafeek KT,1,1400085.0,1,1,1
Gram Panchayat mudlachand,1,1400000.0,1,1,1
CEO janpad Kannod,5,1400000.0,4,1,1
VINAYA NAIK P,3,1400000.0,3,1,1
BDO Dehra Lok Sabha,20,1400000.0,19,1,1
Gram panchayat mengra naveen,1,1400000.0,1,1,1
IYAPPAN K,1,1400000.0,1,1,1
K F ENTERPRISE,6,1400000.0,6,1,1
Khatakhedi,1,1400000.0,1,1,1
YAZHI GROUP,2,1400000.0,2,1,1
CEO JANPAD PANCHAYAT GAROTH AND AAO,12,1400000.0,12,1,1
Sharp Systems,2,1400000.0,2,1,1
Gram Panchayat Lohdapani,2,1400000.0,1,1,1
Sun Enterprises,2,1400000.0,2,1,1
HEMANTA BEHERA,2,1400000.0,2,1,1
SUN ENGINEERING ENERGIES,2,1400000.0,2,1,1
PRIYANKA RAWAL,4,1400000.0,4,1,1
SARPANCH GRAM PANCHAYAT KASHIGARH,4,1400000.0,2,1,1
LAL BAHADUR SHASTRI SHIKSHAN SAMITI,1,1400000.0,1,1,1
SHYAM KANTA  GHOSH,1,1399957.0,1,1,1
SANDHIYA OTHISAMY,1,1399943.0,1,1,1
DHANDAPANI A,1,1399935.0,1,1,1
Sabha Fund Gram panchayat Bassa Raja ka Bagh,12,1399699.0,6,1,1
JAINULABDEEN N,1,1399651.0,1,1,1
k jaganathan,2,1399631.0,1,1,1
SUMAN PRADHAN,3,1399515.0,3,1,1
RAHAMAN CONSTRUCTION,1,1399456.0,1,1,1
NOUFAL P P,3,1399411.0,3,1,1
P SUDHAKAR REDDY,3,1399262.0,3,1,1
A SAHULHAMEED,1,1399260.0,1,1,1
S RAJAJI,5,1399114.0,5,1,1
Motiram Dattarao Bobade,2,1399029.0,2,1,1
SRI KUBERALAKSHMI CONSTRUCTION,1,1399020.0,1,1,1
POOGNANASIGNPRABU,2,1398996.0,2,1,1
RADHAKRISHNAN,1,1398880.0,1,1,1
LAKSHMINARAYAN MAJUR SAHKARI SANSTHA MARYADIT,1,1398856.0,1,1,1
MAIHER SHAKTI ENTERPRISES,2,1398772.0,2,1,1
ANSARI CONSTRUCTION,4,1398519.0,2,1,1
RANGAMATI ENGINEERS CO OPERATIVE SOCIETY LTD,2,1398389.0,2,1,1
RR ENGINEERING CONSTRUCTION,1,1398388.0,1,1,1
SATHEESH R,1,1398360.0,1,1,1
S Agoram,3,1398332.0,3,1,1
GUDISEVA NAGENDRAM,2,1398226.0,2,1,1
Bose,2,1398071.0,2,1,1
MUNGI NAVEEN REDDY,2,1397974.0,2,1,1
SAHEBJAN SHAIK,3,1397525.0,3,1,1
Shaik Shoyab Ahamed,3,1397146.0,3,1,1
AMOL SHANKAR HAMBRE,2,1397000.0,2,1,1
Srinivasa Reddy Karnati,3,1396912.0,3,1,1
TANIA ENTERPRISE,2,1396687.0,2,1,1
ELURI GOPALARAO,1,1396663.0,1,1,1
S R ENTERPRISE,5,1396133.0,5,1,2
shree Kanha Ji,4,1395117.0,2,1,1
SUN POWER TECNOLOGY AND ELECTICALS,4,1394850.0,4,1,1
MS BALVEER SINGH YADAV CONTRACTOR,2,1394694.0,1,1,1
GRAM PANCHYAT ADEGAON,1,1394658.0,1,1,1
MS MAHADEV CONSTRUCTION COMPANY,2,1394330.0,1,1,1
CEO JP KARTALA,6,1393974.0,6,1,1
SUNIL LAL S,5,1392964.0,5,1,1
ASHOK INFRAVENTURE,2,1392400.0,2,1,1
ANNASARAM KRUSHNA REDDY,7,1392232.0,7,1,1
GRAM PANCHAYAT SURPUR R,3,1392000.0,3,1,1
Sandeep Agarwal,2,1391810.0,1,1,1
NANDLAL,2,1390166.0,1,1,1
VIRAT MODY SOLAR SITY,2,1388582.0,2,1,1
KISHAN INFRASTRUCTURE,2,1387500.0,2,1,1
ARP MOTERS PVT LTD,1,1386900.0,1,1,1
N P CONSTRUCTION CO,1,1386188.0,1,1,1
SD TRADING COMPANY,27,1385998.0,9,1,1
Vaka Venkateswarulu,3,1385194.0,3,1,1
MS RAJENDRA KUMAR SINGH,2,1384603.0,1,1,1
SK RIYAJ AHMED,4,1384075.0,4,1,1
Meerai Electricals,3,1383775.0,3,1,1
BAHUBALI ASSOCIATES,4,1383762.0,2,1,1
MS S K CONSTRUCTION AND SUPPLIRE,2,1383000.0,2,1,1
Monson Issac,3,1382578.0,3,1,2
HONEST ENGINEERS,1,1382520.0,1,1,1
LUXMI IRON STORE,11,1381664.0,4,1,3
MURLIDHAR BUILDERS,2,1381006.0,2,1,1
Nawlesh Kumar Singh,2,1379999.0,2,1,1
RANJEET KUMAR,2,1379866.0,2,1,1
MS TIKAM CHAND KUMAWAT CONTRACTOR,3,1379805.0,3,1,1
Santhosh M D,1,1379405.0,1,1,1
Shri Suvishwa Electricals,3,1378582.0,3,1,1
Mehroliya Construction,3,1377083.0,2,1,1
CONSONA HEALTHCARE,1,1377000.0,1,1,1
Velamuri Pandu Ranga Reddy,4,1375340.0,4,1,1
ASHOK SINNANGAPPA DODAMANI,5,1375000.0,3,1,1
GRAM PANCHYAT JASRAJ SARPANCH,5,1375000.0,3,1,1
ANAND  KUMAR,1,1371604.0,1,1,1
MUINUDDIN CONTECTER,2,1370138.0,1,1,1
Sajad Ahmad WAni,3,1369100.0,3,1,1
Lalit Chauhan,2,1366497.0,1,1,1
PARTH AND ASSOCIATE,1,1366073.0,1,1,1
SREE BALAJI CONSTRUCTION,3,1365647.0,3,1,1
prasasak gram pamchayat ku,5,1365000.0,5,1,1
Rajiv Majur Sah So Ltd,2,1363940.0,2,1,1
MA NARMADA MATERIAL SUPPILIER,10,1362031.0,4,1,1
BANSAL TRADERS,2,1361278.0,2,1,2
The Uklana Mandi Coop Society,2,1360536.0,2,1,1
RASU,2,1360000.0,1,1,1
NARENDRA KUMAR CONTRACTOR,4,1359318.0,3,1,1
gram panchayat tipangarh,7,1359110.0,3,1,1
K Ravinder Civil Contractor,1,1358865.0,1,1,1
The Maharishi Markendeshwar C O L C Ltd,2,1358581.0,1,1,1
TATIPELLY GANGADHAR,4,1357036.0,4,1,1
URUMAIAH,1,1355091.0,1,1,1
Maa Bhadariya Rai Enterprises,2,1354825.0,1,1,1
SK ABDUL KHALEK,5,1353204.0,5,1,1
KOMMI SIDDULUNAIDU,3,1353181.0,3,1,1
FAME ENGINEERS CO OPERATIVE SOCIETY LTD,2,1352009.0,2,1,1
Sankholia Trading company Lachadsar,2,1351957.0,2,1,1
Sulata Baroi,1,1350689.0,1,1,1
KPCC ENTERPRISE,4,1350528.0,1,1,1
MD MANZAR ALAM,1,1350436.0,1,1,1
Manuj Kumar Telia,3,1350377.0,2,1,1
BS BUILDERS,1,1350000.0,1,1,1
LADOL GRAM PANCHAYAT,7,1350000.0,7,1,1
Arwariya,1,1350000.0,1,1,1
KAPRUPUR GRAMPANCHAYAT,5,1350000.0,5,1,1
SARPANCH GRAM PANCHAYAT PARSAHI,3,1350000.0,2,1,2
SONAIMUTHU,2,1350000.0,1,1,1
Gram Panchayat Chidoriya,1,1350000.0,1,1,1
Appadurai saminathan,1,1349747.0,1,1,1
Veeramuthu K,2,1349747.0,1,1,1
KKV Construction,1,1349680.0,1,1,1
VIJAYABALAN,1,1349643.0,1,1,1
BALAJI P,2,1349560.0,2,1,1
DINESH N,12,1349472.0,12,1,1
RAJENDRAN A,2,1349408.0,1,1,1
SUHANI ENTERPRISES,17,1349392.0,17,1,1
CHITHRA KARTHIKEYAN,1,1349348.0,1,1,1
KAMLESHKUMAR RAMANLAL NAIK,9,1349000.0,9,1,1
NEELAPPA G BADIGER,3,1348976.0,2,1,1
ASSIF ALI KAMAL BATCHA,2,1348514.0,2,1,1
RAJKUMAR BALASUBRAMANIYAN,1,1348469.0,1,1,1
Balakumar,1,1348370.0,1,1,1
Rajasekar Mathivanan,1,1348358.0,1,1,1
CHIKOTI SRUJANA,4,1348344.0,4,1,1
Saurabh Sanjay bakkam,3,1348000.0,2,1,1
Varinder Kumar Contractor,12,1347841.0,7,1,1
V SELLAPPAN,1,1347826.0,1,1,1
AATHINI ULTRATECH,2,1347131.0,1,1,1
INDUPURU ACHYUTHA SANKAR REDDY,1,1347077.0,1,1,1
Yashvi Traders,13,1347000.0,13,1,2
SRI JALADHARE BOREWELLS,13,1346723.0,7,1,1
NVM CONSTRUCTION,1,1346657.0,1,1,1
MUNIYASAMY J,1,1346004.0,1,1,1
Shanmuhanantham M,2,1345986.0,1,1,1
ANAND CONSTRUCTION,3,1345714.0,3,1,1
SWETA KUMARI,3,1344994.0,3,1,1
THE QADIAN MOHALLA AKALGARH CO OP L AND C SOCIETY LTD,3,1343998.0,3,1,1
RK TRADING AND CONSTRUCTION COMPANY,2,1343387.0,1,1,1
MEHAK ENTERPRISE,3,1341928.0,3,1,1
KONGARI PRABHU,2,1341759.0,2,1,1
MS B R ENTERPRISES,4,1340836.0,2,1,1
BHAGYADHAR SAHOO,1,1340703.0,1,1,1
KSS Enterprises,27,1339650.0,6,1,1
Patapalli Raghuramaiah,3,1339019.0,3,1,1
The Goyat Cooperative Labour and Construction Society Limited,4,1338013.0,4,1,2
HABEEBULLA S,3,1336681.0,1,1,1
GRAM PANCHAYAT TINDODI Block Bhairamgarh,2,1335488.0,1,1,1
The DSP Co Op Labour and Const Society LTD,1,1335315.0,1,1,1
YOHAN ENTERPRISES,2,1333989.0,1,1,1
SK KALU,2,1333808.0,2,1,1
MAGA BUILDERS,1,1333598.0,1,1,1
SOMNATH GUPTA,1,1333071.0,1,1,1
SAMRIDHA CONSTRUCTION,2,1332647.0,2,1,1
Managing Director HPSEDC,2,1332239.0,2,1,1
KERALA FINANCIAL CORPORATION,2,1331991.0,2,1,1
RAJPOOT RAJEEV KUMAR THAKUR SINGH,2,1330597.0,2,1,1
P AND J CONSTRUCTION,7,1330550.0,7,1,1
N Venkateswara Reddy,3,1330414.0,3,1,1
VIRBHAN SINGH GOVT CONTRACTOR,2,1329870.0,2,1,1
P SHANBAGAVALLI RAYAPURAM,2,1329811.0,1,1,1
R KUMAR,1,1328904.0,1,1,1
Waheguru steel shuttering store,17,1328882.0,6,1,1
MS Durga Trading Company,3,1328448.0,3,1,1
JP Construction Company,3,1327838.0,3,1,1
Jagdish Chandra Pahadiya,1,1327622.0,1,1,1
SHYAMALI ENTERPRISE,5,1327497.0,5,1,1
AASHDEEP ASSOCIATES,3,1326975.0,2,1,1
SHIV CONSTRUCTION,3,1326741.0,2,1,2
GRAM PANCHAYAT PAPASANI,6,1326597.0,6,1,1
MANI J,1,1325973.0,1,1,1
E.RATHIKA,1,1325933.0,1,1,1
NADIMUTHU K,1,1325463.0,1,1,1
Rakesh Kumar Dash,4,1325359.0,4,1,1
E MAX COMPUTER EDUCATION,2,1323600.0,2,1,1
DEBI PRASAD DAS,3,1321100.0,3,1,1
Veer Tajaji Construction Compancy,1,1320917.0,1,1,1
LAVETI SATISH KUMAR,5,1320145.0,5,1,1
RENGARAJU NATESAN,1,1319168.0,1,1,1
Arulselvi,1,1319009.0,1,1,1
CHETPALLY RAJESH,3,1318849.0,3,1,1
Indomite Venture,16,1318232.0,16,1,1
PUNAM RASHID KHAN,3,1318060.0,3,1,1
Sri Venkata Neha Infra,1,1317880.0,1,1,1
SHREJAL ASSOCIATE,2,1316791.0,2,1,1
MS MIR ENTERPRISE,5,1316247.0,5,1,1
UDAY KIRAN PROJECTS,2,1315056.0,2,1,1
GRAM PANCHAYAT NELASNAR,2,1314958.0,1,1,1
J G  AND CO SHASHANK J G,6,1312500.0,6,1,1
Paras Nath Yadav,1,1311151.0,1,1,1
AMIT PAN,2,1310247.0,2,1,1
PATLOLA RAMESHWAR REDDY,11,1310075.0,11,1,1
AFTAB MOHAMMEDIKRAM KHAN,1,1309655.0,1,1,1
Arun Kumar Contractor and Suppliers,3,1309581.0,2,1,1
Sanackiyaraman Ganesan,2,1309024.0,1,1,1
AKS CONSTRUCTIONS,2,1308423.0,1,1,1
MS CHOWDHURY CONSTRUCTION,1,1307006.0,1,1,1
THE KARGIL COOPERATIVE LABOUR AND CONSTRUCTION SOCIETY,4,1306574.0,3,1,1
SHARVESH AND COMPANIES,1,1306062.0,1,1,1
KESHI ENTERPRISES,3,1305686.0,3,1,1
A S BHUVANESHKUMAR,3,1305000.0,3,1,1
D Prashanth Kumar,1,1304726.0,1,1,1
HARISH CHAND MITTAL,2,1304129.0,2,1,1
GRAM PANCHAYAT HIRRI,2,1304000.0,1,1,1
G Mohanan Nair,1,1303959.0,1,1,1
The New Modern Coop Labour And Construction Society Ltd,10,1303921.0,6,1,1
Mohan Periyasamy,2,1303191.0,1,1,1
RPS Enterprises,2,1302750.0,1,1,1
BIKASH BORA,6,1302486.0,4,1,1
RAM CHANDAR YADAV,1,1302458.0,1,1,1
SHRI DEV INFRA,2,1301836.0,2,1,1
RJM ENTERPRISES,1,1300870.0,1,1,1
THEETHAPILLAI P,1,1300000.0,1,1,1
const of community hall near kathalguri ras field,2,1300000.0,1,1,1
BIKASH KUMAR ADHA,4,1300000.0,4,1,1
Matpho kolong,2,1300000.0,2,1,1
CC for Amiya Nagar Unnayan Samity Chandmari,2,1300000.0,1,1,1
EXECUTIVE OFFICER MUNICIPAL COUNCIL NURPUR,5,1300000.0,5,1,1
sarvodaya industries,3,1300000.0,3,1,1
Abdul Motleb,4,1300000.0,2,1,1
JUNIOR ENGINEER POTTANGI BLOCK 2,5,1300000.0,5,1,1
MARK ENTERPRISES,1,1300000.0,1,1,1
GP BERUA JP SILWANi,7,1300000.0,4,1,1
Bruce M Sangma,6,1300000.0,3,1,1
Maya soren,2,1300000.0,2,1,1
KRISHNAN GOPINATH,1,1300000.0,1,1,1
ANBARASU,1,1300000.0,1,1,1
PERUMAL MANIKANDAN,1,1300000.0,1,1,1
K Selvaraj,1,1299965.0,1,1,1
AJAYKUMAR K,2,1299520.0,2,1,1
Navodaya Contractors,1,1299518.0,1,1,1
GRAM PANCHAYAT BHUKBHUKI,4,1299517.0,2,1,1
INDIRA N,2,1299375.0,2,1,1
PONMURUGAN,1,1299260.0,1,1,1
mahendra kumar sharma,6,1299092.0,3,1,1
K BANUDOSS,1,1299068.0,1,1,1
SIBSANKAR CHOWDHURY,1,1299000.0,1,1,1
GODARA CONSTRUCTION COMPANY,1,1298892.0,1,1,1
ganapathi,1,1298804.0,1,1,1
Ms Bhole Brothers,1,1298693.0,1,1,1
SARDAR BUILDERS,4,1298502.0,4,1,1
DS ENTERPRISE,4,1298280.0,4,1,1
SRI KAMATCHI CONSTRUCTION,1,1297974.0,1,1,1
SARMILA CONSTRUCTION,1,1297940.0,1,1,1
MS SHRAVAN KUMAR YADAV,4,1297548.0,2,1,1
Jeyamani,1,1297509.0,1,1,1
Gram Panchayat Amjhera janpad Panchayat sardarpur,6,1297456.0,3,1,1
Ms Rajveer Singh Contractor,1,1297211.0,1,1,1
shaik abdul mazeed,3,1297059.0,3,1,1
V MURUGAN,2,1296737.0,2,1,1
S A ENTERPRISE,3,1296705.0,3,1,3
JOYCO ENTERPRISE,1,1296515.0,1,1,1
PRESIDENT VILLAGE LEVEL COMMITTEE VATHALUR GP,3,1296385.0,3,1,1
DILLIP UDDIN JE,7,1296080.0,7,1,1
KANNUSAMY AND CO,1,1296034.0,1,1,1
DHARI NAGARPALIKA,3,1296000.0,3,1,1
RAMAMOORTHY K S,1,1295996.0,1,1,1
SUBAM ENTERPRISES,1,1295616.0,1,1,1
SHIV SHAKTI CONSTRUCTION,1,1295592.0,1,1,1
Karne Vinod,3,1295000.0,3,1,1
PAVAN KUMARI DEVI,2,1294931.0,2,1,1
R MUTHUKUMAR,1,1294675.0,1,1,1
Ch Siddheshwar Majur Sahakari Sanstha Wadgaon S Tq Dist Dharashiv,3,1294153.0,3,1,1
KALICON ELECTRICS,1,1294059.0,1,1,1
Ganesh Samb Vharkat,1,1293928.0,1,1,1
MOHAN KUMAR H,5,1293462.0,3,1,1
SHRI PAL,4,1292876.0,2,1,1
C Selvakumar,1,1292276.0,1,1,1
J S INTERLOCK TILES,10,1292140.0,5,1,1
AMIT GOVT CONTRACTOR,1,1291801.0,1,1,1
NIRA DEVI,1,1291631.0,1,1,1
S MUTHUSAMY,1,1290943.0,1,1,1
SANDEEP S PANICKER,2,1290489.0,2,1,1
Sarpanch Sachiv Gram Panchayat Jaraundhi,4,1289216.0,2,1,1
GARRISON CONSTRUCTIONS,2,1288869.0,1,1,1
HARAPRASAD JENA,10,1288400.0,10,1,1
RAMESH CHANDRA JANI,9,1288351.0,9,1,1
PRATIBHA ENTERPRISES,2,1287766.0,2,1,1
SURESH KARSHANBHAI LOKHIL,1,1286828.0,1,1,1
V GOMATHI CIVIL CONTRACTOR,2,1286538.0,2,1,1
B K M CONSTRUCTIONS,3,1286232.0,3,1,1
P SUJITH REDDY,3,1286167.0,3,1,1
Umar Construction Birgaon,4,1284556.0,2,1,1
Beeru Enterprises,4,1284480.0,2,1,1
Abhishek kumar,1,1284440.0,1,1,1
United Pipe And Pavers,29,1282742.0,8,1,1
A N KANNAN,2,1281058.0,2,1,1
SHREE ENGINEERING CO,1,1279968.0,1,1,1
Pradeep Kumar Yadav,2,1279900.0,2,1,1
OFFICE OF THE ASSISTANT ENGINEER BAC PAKYONG,2,1278730.0,2,1,1
SK GOLAM NABI,1,1278120.0,1,1,1
JL ENTERPRISES,3,1278000.0,2,1,1
Avuthu Narayana Reddy,2,1277938.0,2,1,1
GOVIND ENTERPRISES,3,1276813.0,3,1,1
SK KUTUBUDDIN,1,1276614.0,1,1,1
AVINESH KUMAR OJHA,1,1276416.0,1,1,1
Guru Nanak Tiles,26,1275861.0,9,1,2
MASHOODKHAN J,2,1275086.0,2,1,1
Gram Panchayat Namrayanpurmmmmmmmmmmmmmmmmmmmmmmmmmmmmmmmmm,6,1275000.0,3,1,1
BAHULAYAN S,1,1274887.0,1,1,1
THREESHAKTHI ENTERPRISES,1,1274258.0,1,1,1
The Deep Cooperative Labour and Construction Society,1,1274037.0,1,1,1
Gurukripa Info System,4,1273273.0,1,1,1
JK Interlock,6,1273150.0,6,1,1
THE MANGAWAS COOPERATIVE LABOUR AND CONSTRUCTION SOCIETY LTD,2,1272464.0,2,1,1
arvind kumar singh,2,1269756.0,2,1,1
A T ELANGOVAN,1,1269637.0,1,1,1
SANMUGAM M K,2,1268887.0,1,1,1
RAGUL N,2,1268500.0,1,1,1
N ENTEPRISE,4,1265058.0,4,1,1
RAMA KANT,13,1263258.0,6,1,1
Sri dvaarakha tech,3,1262212.0,3,1,1
rajarshi chhtrapati sahuji siksha and jan jagran samiti,1,1260000.0,1,1,1
P S CONSTRUCTION,2,1259307.0,1,1,1
N S CONSTRUCTION COMPANY GAJUWAS,2,1258905.0,2,1,1
ABBAVARAM MALLIKARJUNA REDDY,15,1257780.0,15,1,1
BABA RAMDEV CONSTRUCTION CO,2,1257490.0,1,1,1
kamal construction,1,1256742.0,1,1,1
JIYA CONSTRUCTION,7,1255751.0,3,1,1
Shaji Andrews,2,1255555.0,2,1,1
OM ENTERPRISE,19,1254563.0,7,1,2
MAA TARA ENTERPRISE,2,1254450.0,2,1,2
JJ MOTORS,9,1251810.0,9,1,1
SRI BUILDERS,2,1250572.0,2,1,1
GP Chukan,1,1250000.0,1,1,1
GULLE MAHIPAL,3,1250000.0,3,1,1
JANPAD PANCHAYAT NIWALI,5,1250000.0,5,1,1
GARAM PANCHAYAT TUTA,3,1250000.0,2,1,1
GP RAFEEQUEGANJ S,2,1250000.0,1,1,1
SARPANCH GRAM PANCHYAT PANDAR,3,1250000.0,2,1,1
GP DEORI JAGIR JP SILWANI,2,1250000.0,1,1,1
BDO Dharampur Distt Solan,6,1250000.0,6,1,1
GRAM PANCHAYAT SEMARIYA,3,1250000.0,2,1,1
KHAND SHROT SAMANVAYAK SAMAGRA SIKSHA VIKASKHAND GEEDAM,1,1250000.0,1,1,1
Star Enterprises,2,1250000.0,2,1,1
GRAM PANCHAYAT CHICHPOL IGR VRIDDHAWASTHA,4,1250000.0,3,1,1
gram panchayat lammeta,5,1250000.0,3,1,1
C Lalawmpuia,2,1250000.0,1,1,1
RATHIKA B,1,1250000.0,1,1,1
CEO JANPAD PANCHAYAT SHUJALPUR,3,1250000.0,3,1,1
GP MOONDLAKHURD S,2,1250000.0,1,1,1
BHUVANESWARI,1,1250000.0,1,1,1
EE RES RAIPUR,1,1250000.0,1,1,1
GP Khanni Uparly,12,1250000.0,6,1,1
GRAM PANCHAYAT DEOGHAD,18,1249874.0,2,1,1
ISUZU MOTORS INDIA PRIVATE LIMITED,1,1249537.0,1,1,1
ROFIKUL ISLAM,2,1249449.0,1,1,1
ASSISTANT ENGINEER TEKARI,3,1248909.0,3,1,1
swastika construction co,4,1248886.0,1,1,1
Jibin Jacab,1,1248805.0,1,1,1
GP GIRSA,3,1248797.0,2,1,1
gram panchayat koilibeda,4,1248516.0,2,1,1
Gram Panchayat Dedala janpad Panchayat dhar district dhar,1,1248000.0,1,1,1
KADATHALA  SWAMY REDDY,4,1247862.0,4,1,1
BHEEMAPPA,3,1247565.0,3,1,1
AK Singh,1,1247500.0,1,1,1
RAKESH RAJU MAGAR,1,1247446.0,1,1,1
PALADI GRAM PANCHAYAT,3,1247000.0,3,1,1
MANHA CONSTRUCTION,3,1246135.0,3,1,1
GRAM PANCHAYAT DURUG,2,1245584.0,1,1,1
Rashtriya Majur Kamgar Sah Sanstha Telhara,4,1245568.0,2,1,1
BR TREDING COMPANY,4,1245375.0,1,1,1
Suryansh Associate,2,1244576.0,1,1,1
Y srinivas,1,1244434.0,1,1,1
Mohini borewell and construction company,2,1243773.0,2,1,1
BASANAGOUDA RUDRAGOUDA MALAGINAHALLI,4,1243119.0,3,1,1
Sardar  Belavalli colony ASK,5,1243102.0,3,1,1
PRABIN NATH,5,1242790.0,2,1,2
Patel Brothers,5,1242215.0,5,1,1
NILAVA GHOSHAL,1,1242015.0,1,1,1
IT PROFESSIONALS CO OPERATIVE SOCEITY,5,1241544.0,4,1,2
GRAM PANCHAYAT RAYAN,4,1241391.0,4,1,1
The Quality CO LC Society,2,1238945.0,1,1,1
JOY J S,1,1236975.0,1,1,1
DUDUUKUNTA NARESH REDDY,8,1235920.0,8,1,1
BENGAL CONSTRUCTION,1,1235774.0,1,1,1
GOVINDH CHOWHAN,4,1234854.0,4,1,1
Rana Electrical Works,1,1233496.0,1,1,1
POTHUGANTI SURENDER,5,1231998.0,5,1,1
THE RENUKA CO OP L AND C SOCIETY,1,1230450.0,1,1,1
IDRISH MANSOORI,3,1230394.0,3,1,1
Mahendra kumar Verna,6,1230349.0,3,1,1
AVK AND CO,1,1230000.0,1,1,1
C P Muralidharan,1,1229874.0,1,1,1
Anbarasan G,1,1229867.0,1,1,1
DHAMODHARAN M,1,1229625.0,1,1,1
BADRODDOZA SK,4,1228991.0,4,1,1
A K CONSTRUCTIONS,2,1228703.0,2,1,1
Mahesh Shahi son of Tej Bahadur Shahi,1,1227789.0,1,1,1
SBRS INFRASTRUCTURE,2,1227760.0,1,1,1
POOSINI PRAVEEN GOUD,1,1227612.0,1,1,1
ANIKET KUMAR SINGH,1,1227383.0,1,1,1
BISHT CONSTRUCTION,9,1226176.0,9,1,1
Gram Panchayat Korta,3,1224458.0,2,1,1
SUTRAPU RAJENDRA PRASAD,7,1224088.0,7,1,1
JYOTI SHARMA,7,1224000.0,7,1,1
P R B CONSTRUCTION COMPANY,2,1223877.0,1,1,1
Vijayaragavan J,2,1223466.0,2,1,1
vijaya kumar S,1,1223328.0,1,1,1
SAHYOG CONSTRUCTION,3,1223136.0,3,1,1
M SATYARAO AND CO,1,1222344.0,1,1,1
The Kartik Co op L and C Society Limited Kachrouli,1,1220933.0,1,1,1
EE EDD HARRAIYA,4,1220574.0,4,1,1
KOKKERA AJAY BABU,3,1220140.0,3,1,1
AJIT BHUYAN,1,1219249.0,1,1,1
Om Prakash Singh Yadav,3,1218883.0,2,1,1
Shree Sainath Construction,2,1218537.0,2,1,1
Raghav enterprises,2,1218232.0,1,1,1
ANSH ENTERPRISES,4,1218114.0,4,1,1
PRADEEPA S V,7,1218000.0,7,1,1
The Karian Co op Society Ltd,14,1215000.0,14,1,1
BIJEPI BAGH,4,1214499.0,4,1,1
Suyog Suresh Thakur,1,1213485.0,1,1,1
PRAGYAN PARIMITA MOHANTY,4,1212470.0,3,1,1
SANJAY KUMAR,3,1210992.0,3,2,3
Senior Account Officer Mppkvvcl Ujjain,1,1208921.0,1,1,1
Uday Khulal,3,1208890.0,3,1,1
RAMESH P M,1,1208255.0,1,1,1
SHARMA CONSTRUCTION,2,1208028.0,2,1,1
S M Enterprises,4,1207500.0,4,1,1
THE JAT MATA DI COOP L AND C SOCIETY LTD,2,1207368.0,1,1,1
MS DIVYANSH CONSTRUCTION PRO PRAMOD KUMAR SINGH,2,1207264.0,1,1,1
AKASH KUMAR,2,1206023.0,2,2,2
BINIT HAZARIKA,8,1204776.0,3,1,1
AMANDU KRUSHNA,5,1204555.0,5,1,1
D M Traders,1,1203802.0,1,1,1
D Sakthivel,2,1203689.0,2,1,1
SHAZIBUL HASSAN MOLLAH,3,1203675.0,2,1,1
DIVYANSH YADAV,1,1202495.0,1,1,1
Jayanta Kumar Parida,3,1201245.0,3,1,1
Shihori Grup Gram Panchayat,3,1200000.0,3,1,1
Lienmang Gangte,2,1200000.0,1,1,1
GRAM PANCHAYAT FATEHPUR JP BATIYAGAD,2,1200000.0,1,1,1
CHANDIRA RAMESH,1,1200000.0,1,1,1
Prathamesh Dilip Patil,1,1200000.0,1,1,1
BIDISHA STORE,5,1200000.0,4,1,1
GP SIMARIYAKHURD JP SILWANI,2,1200000.0,1,1,1
DAWHARU GOYARY,2,1200000.0,1,1,1
Sanjay Gandhi Hospital,1,1200000.0,1,1,1
gram panchayat gajadharpur,1,1200000.0,1,1,1
GRAM SABHA NAYA GOWN,2,1200000.0,1,1,1
CC For Construction of Boundary wall at Vidya Bharati Multipurpose Education Project at Hajongbari,1,1200000.0,1,1,1
Gopi Contractor,2,1200000.0,1,1,1
Construction of Natghar near Bhosamari,1,1200000.0,1,1,1
Akshata Ajit Khedekar,1,1200000.0,1,1,1
Abhishek Sanjay Patil Kasaba Tarale Tal Radhanagari,1,1200000.0,1,1,1
GRAM PANCHAYAT MAGARDHOKHARA,4,1200000.0,2,1,1
CC Construction of Community Hall near Bamunimaidam Sarbajanin Durga Mandir,1,1200000.0,1,1,1
CC for Piyali Phukan Nagar,2,1200000.0,1,1,1
Gram Panchayat Mehgaon janpad Panchayat Dharmpuri District Dhar,2,1200000.0,1,1,1
V K Palanisamy,1,1200000.0,1,1,1
Gram Panchayat Fatikhan Kewadiya,1,1200000.0,1,1,1
SRI SRI BHAGAWATI MANDIR COMMITTEE,1,1200000.0,1,1,1
Construction of Classroom at Dakhinpat Educational welfare Society,1,1200000.0,1,1,1
EMPI MEYA,1,1200000.0,1,1,1
Khawbung YMA,2,1200000.0,1,1,1
ELLAPPAN CONTRACTOR,1,1200000.0,1,1,1
P SARAVANAN,1,1200000.0,1,1,1
G Sathanantham,1,1200000.0,1,1,1
SRI THIRUMAL CONSTRUCTION,1,1200000.0,1,1,1
Gram Panchayat Murmunda,2,1200000.0,1,1,1
Ngurthantluangi,2,1200000.0,1,1,1
Construction for common sitting area at Dhunubhaga,2,1200000.0,1,1,1
CONST OF COMMUNITY HALL NEAR MAHARANI PUJA COMPLEX DEWANGAON,1,1200000.0,1,1,1
GP TULSIPAAR JP SILWANI,2,1200000.0,1,1,1
Nagpal Agro Industries,3,1200000.0,3,1,1
Gram panchayat Jarhadih,2,1199898.0,1,1,1
G P Mouhadhodha,2,1199865.0,1,1,1
DHARMENDRA KUMAR SAHU,4,1199777.0,4,1,1
SA CONSTRUCTIONS,2,1199667.0,2,1,1
LAXMIKANT ANIL SOMANI,1,1199641.0,1,1,1
KAMATCHI KANIYAPPAN,1,1199626.0,1,1,1
RENGAMALAI PERUMALTHEVAR,1,1199609.0,1,1,1
GP KHADKALI,2,1199609.0,2,1,1
Chandrabhan Singh Convent Schooll,1,1199595.0,1,1,1
LAKSHMANAN,2,1199575.0,2,1,1
MS HARSH ENTERPRISES,3,1199483.0,1,1,1
AKA CONSTRUCTION,2,1199476.0,2,1,1
SLR CONSTRUCTION MOHAN S,3,1199468.0,3,1,1
TULUNGA NARZARY,1,1199393.0,1,1,1
Balasubramani,2,1199370.0,2,1,1
M V UDYOG,1,1199369.0,1,1,1
GOMATHY,2,1199309.0,2,1,1
KALIYAMMAL MUTHUPANDI,1,1199254.0,1,1,1
UTSHA ENTERPRISE,4,1199212.0,4,1,1
JOYNATH GHOSHAL,1,1199154.0,1,1,1
NALAM RAVI TEJA CONTRACTOR,1,1199137.0,1,1,1
SK ASADUL,3,1199121.0,2,1,1
MARIRAJA N,1,1199097.0,1,1,1
SANJEEVI SC,1,1199072.0,1,1,1
Gram Panchayat Keshopur,1,1199068.0,1,1,1
P RAJAMANI,1,1199025.0,1,1,1
BDO Nagrota Bagwan,13,1199013.0,7,1,1
Assistant Engineer Agiaon,1,1198844.0,1,1,1
Gram Panchayat Berkheri Suvansh,4,1198777.0,2,1,1
RAMBEER SINGH,2,1198571.0,1,1,1
PRAKASH P,1,1198367.0,1,1,1
Daryapur Majoor Kamgar sahakari sanstha,2,1198341.0,1,1,1
VIJAYA S,2,1198300.0,2,1,1
SK INNOVATIONS,3,1197885.0,3,1,1
Sarpanch gram panchayat chitawaikala,2,1197216.0,1,1,1
KALIDASS,2,1197100.0,2,1,1
GRAM PANCHAYAT CHANDORI,2,1196975.0,2,1,1
JIGIRI MOUNIKA,1,1196788.0,1,1,1
SRSG ASSOCIATES,1,1196783.0,1,1,1
ESWARAN BUILDERS,1,1196753.0,1,1,1
P P CONSTRUCTION,1,1196563.0,1,1,1
KRISHNA CONSTRUCTION AND SUPPLIER,4,1196399.0,3,1,1
SK ASRAFUL AHMED,3,1196281.0,2,1,1
Arunachaleswarar Construction,1,1196125.0,1,1,1
FOR PRESIDENT VIJAY MAJOOR SAHAKARI SANSTHA,1,1195809.0,1,1,1
GA CONSTRUCTION PERALAM,1,1195787.0,1,1,1
Hukam Chand,2,1195454.0,1,1,1
RAJENDRA KUMAR YADAV,1,1195245.0,1,1,1
SAR AND SAC GRAM PANCHAYAT GORAKHPUR,4,1194082.0,2,1,1
RAJAGURU,1,1194033.0,1,1,1
JEROME LESLIN,2,1193976.0,2,1,1
K R Constructions,2,1193502.0,1,1,1
BRIENSHI SONOWAL,12,1193422.0,6,1,1
DHARA CONSTRUCTION,6,1193354.0,6,1,1
Sangram Ramdas Pawar,2,1192810.0,2,1,1
Ch Saptshrungi Mata Wadar MSS Ltd Akole,2,1192335.0,2,1,1
AKASH DHYANESWAR RATHOD,1,1192287.0,1,1,1
GP GUDRA,4,1192090.0,2,1,1
SARASWATI ENTERPRISE,4,1191547.0,4,1,1
GNANAPANDITHAN,1,1191491.0,1,1,1
AASHA SINGH OM CONSTRUCTION,4,1190760.0,4,1,1
PUNJAB CEMENT AND IRON STORE,23,1190315.0,3,1,1
THANGAVAL ELECTRICAL,3,1189353.0,3,1,1
ANANTH CONTRACTOR,1,1188885.0,1,1,1
GRAMPANCHAYAT LOHDONGRI,1,1188142.0,1,1,1
GP Dansara,4,1187825.0,2,1,1
GRAM PANCHAYAT TRAJ,4,1187623.0,4,1,1
AMARPURA,7,1187411.0,4,1,1
Shree Moraya Majur Sahakari Santha Maryadit Kotul,2,1187277.0,2,1,1
Ms Krishan Lal Contractor,28,1187150.0,9,1,1
RASU AGENCY,2,1186136.0,1,1,1
kamla prasad singh,2,1186130.0,1,1,1
SHREE GURU RAM DASS AUTO SALES,6,1182475.0,4,1,2
SHRI SANT GAJANAN MAHARAJ MAJUR SAHAKARI SANSTHA MARYA PACHGAON,1,1181239.0,1,1,1
ASSISTANT ENGINEER  KEOTI,2,1179516.0,2,1,1
Auto K Sales and Services LLP,12,1177254.0,12,1,1
JAGADEESHA Y B,6,1177048.0,4,1,1
GHANASHYAM ELECTRIC STORES,2,1176935.0,2,1,1
MS INDRANI POWER,1,1176892.0,1,1,1
MS SR CONSTRUCTION,2,1176106.0,1,1,1
GUPTA CONSTRUCTIONS AND CONSULTATIONS,3,1175945.0,3,1,1
PRED BELLARY,5,1175844.0,3,1,1
TIRUPATI BALAJI CONSTRUCTION COMPANY,2,1175398.0,1,1,1
JP zirniya,6,1175000.0,3,1,1
VISHU ELECTRICALS,2,1174248.0,2,1,2
MANIMARAN PERALI,1,1174038.0,1,1,1
VASANT KARIYAPPA PAMMAR,5,1173763.0,3,1,1
Mahatma Fule lcs markanda,2,1173428.0,2,1,1
GRAM PANCHAYAT SOKHADA,6,1173413.0,6,1,2
LAKHAN SINGH,4,1173389.0,3,1,1
Bath Interlock Tiles,7,1173172.0,7,1,1
SRINIVAS CHILLAMCHARLA,11,1172962.0,11,1,2
HARI NARAYANAN K,1,1172934.0,1,1,1
MOHIBUR RAHMAN,4,1171084.0,1,1,1
Samar Apsara Infratect,1,1170757.0,1,1,1
Barg Enterprises,5,1170572.0,5,1,1
Nanjibhai Devshibhai Makvana,2,1170209.0,2,1,1
Ms Venkat Satwik Constructions,1,1170176.0,1,1,1
KHANDAKAR HADIUZAMAM,3,1168935.0,3,1,1
Rouf Ahmad Shah,2,1167807.0,2,1,1
LASKAR CONSTRUCTION,3,1167463.0,3,1,1
SAURABH CONSTRUCTION AND TRADERS,1,1166759.0,1,1,1
THEPS COOPERATIVE SOCIETY,5,1164811.0,4,1,3
SHREE DHANLAXMI TILES UDHYOG,3,1163875.0,2,1,2
Aji K,3,1163662.0,3,1,1
Aanandha kamatchi Builders,1,1163556.0,1,1,1
SHIV TRADERS,2,1163014.0,1,1,1
podamekala manoj kumar,3,1162690.0,3,1,1
SEBASTHIYAR M,1,1162292.0,1,1,1
PK ENTERPRISE,1,1161486.0,1,1,1
Automotive Manufacturers Private Limited,1,1161485.0,1,1,1
PABITRA MOHAN LENKA TC,2,1161385.0,2,1,1
Venna Veera Venkata Satyanarayana,1,1160765.0,1,1,1
const of cc block road from Kathalguri PWD road to mohen ray house,2,1160000.0,1,1,1
Mohammed Ali M,1,1159895.0,1,1,1
Luxmi Iron Store,4,1159848.0,4,1,1
AVVNL KHINWSAR,8,1159218.0,8,1,1
shri sai baba construction,2,1158988.0,1,1,1
VALLI SARAVAN CONSTRUCTION,1,1158837.0,1,1,1
B K Appanna,5,1158750.0,5,1,1
KUCHIPUDI BANGARU BABU,1,1158273.0,1,1,1
CRDS CONSTRUCTION COMPANY,1,1158113.0,1,1,1
Shouckath C K,1,1157959.0,1,1,1
S K AND COMPANY,1,1157878.0,1,1,1
MOHANAN E G,1,1156605.0,1,1,1
BALAJI CONSTRUCTION COMPANY,2,1155581.0,1,1,1
Radha Construction Niwari,2,1153450.0,1,1,1
JAI SINGH,7,1152369.0,6,1,3
LOKNATH BORAH,14,1150000.0,6,1,1
Taluka Development Officer Mahudha MPLADS,6,1150000.0,6,1,1
GP fatehpur JP begamganj,2,1150000.0,1,1,1
gp Saleda,2,1150000.0,2,1,1
S Gopalakrishnan,2,1150000.0,2,1,1
Prafulla Kumar Panda,3,1150000.0,3,1,1
Wilkripson K Marak,5,1150000.0,3,1,1
gram panchayat,4,1150000.0,2,1,2
Hemanta Gogoi,12,1150000.0,5,1,1
C P Gopalakrishnan,1,1149993.0,1,1,1
ABDUL KADER,3,1149973.0,3,1,1
BDO Bhawarna,8,1149964.0,6,1,1
RAJESH KUMAR GHOSH,1,1149539.0,1,1,1
Yogesh Ashok Burdkar,1,1149003.0,1,1,1
MARIDURAI AND CO,1,1148264.0,1,1,1
Dutt Brother and Company,1,1147860.0,1,1,1
MAA MANASHA BUILDERS,1,1147122.0,1,1,1
RAI ENTERPRISE,2,1146322.0,2,1,1
SURENDRA BABU C,2,1145621.0,2,1,1
AASHA DEVI,6,1144997.0,5,1,1
SHRI GANESH INTERLOCK TILES AND BRICKS,6,1144511.0,4,1,1
Talwinder Singh,3,1143996.0,2,1,1
EDD tiloi,4,1141879.0,2,1,1
SURYA TRANSFORMER AND SWITCHGEARS,4,1140934.0,2,1,1
Sewa kaur Sons,24,1140770.0,15,1,1
S K Enterprises,4,1139579.0,4,3,3
NEETU INTERPRISES,2,1139367.0,2,1,1
Pratik Pravupada Parida,3,1138894.0,3,1,1
Ohm Pipes Pvt Ltd,2,1138164.0,2,1,1
MOURIN ENTERPRISE,2,1138091.0,2,1,1
LAXMI ENTERPRISE,3,1137601.0,3,1,2
SWAPAN ENTERPRISE,5,1137345.0,5,1,1
N K ENTERPRISES,5,1136150.0,1,1,1
MUNMUN ENTERPRISE,3,1136000.0,3,1,1
RAMMORE VERMA,6,1134768.0,3,1,1
Medisky Enterprises,1,1134560.0,1,1,1
ALLAMPALLI SURIBABU,2,1133219.0,2,1,1
M M SAJU,1,1133023.0,1,1,1
SANJAI TRADERS,2,1132140.0,2,1,1
ms RP CONSTRUCTION PRO VIJAY BAHADUR PANDEY,2,1130799.0,1,1,1
ALI P B,1,1129210.0,1,1,1
ABDUL MAJEED WANI,3,1127000.0,3,1,1
Sanjay Goel,1,1126111.0,1,1,1
MS SHIV SHAKTI ENTERPRISES,2,1125699.0,2,1,1
GRAM PANCHAYAT SENDRI MULBHOOT,1,1125000.0,1,1,1
Gram Panchayat Patna Devri,1,1125000.0,1,1,1
Kiran bharat kumar dave,1,1125000.0,1,1,1
Thanghuliana,1,1125000.0,1,1,1
BIJIT BRAHMA,1,1125000.0,1,1,1
Preident VC Aibawk,1,1125000.0,1,1,1
AVINASH HADIMANI,3,1125000.0,3,1,1
GRAM PANCHAYAT BORSI,3,1125000.0,2,2,2
RINGKHANG BASUMATARY,1,1125000.0,1,1,1
KASNAU TRADING COMPANY,1,1125000.0,1,1,1
Mualkawi VC,1,1125000.0,1,1,1
SAI CONSTRUCTION,2,1124235.0,2,2,2
PARTHA SARATHI BORAH,6,1124206.0,2,1,1
GADDAM SRINIVASA PRASAD,2,1123567.0,2,1,1
MAHESH CHANDRA,6,1123069.0,6,1,1
Gurudev labour and workers co operative socity limited,4,1123062.0,4,1,1
T A V SIVA PRASAD,1,1123023.0,1,1,1
Jai Mahakal Trders,3,1122623.0,3,1,1
Sri Vinayaka Constructions,2,1122373.0,2,1,1
Kansa Gram Panchayat,6,1121406.0,6,1,1
HAMAR BASTAR,1,1120000.0,1,1,1
Ramchandra Yadav,1,1116344.0,1,1,1
global devlopmant,3,1116107.0,2,1,1
SUDHAKARAN N,1,1116037.0,1,1,1
ANARUL ISLAM LASKAR,4,1115585.0,4,1,1
SHIV SHAKTI CONSTRUCTION PRO SMT INDU SINGH,2,1115325.0,1,1,1
IRFAN AHMED,2,1115239.0,2,1,1
SAMTA MAJOOR SAHKARI SANSTHA MARYA RAJURA,1,1113514.0,1,1,1
SANDIP BAIDYA,2,1113444.0,1,1,1
Chief Veternary Officer Haridwar,1,1112500.0,1,1,1
AASHDEEP CONSTRUCTION PROP ASHA TIWARI,2,1112418.0,2,1,1
RABIN SHOW,1,1110737.0,1,1,1
Suresh Contractor,3,1109362.0,3,1,1
SEENIMOHAMED M,1,1109072.0,1,1,1
Bajwa Interlock Tile Factory Building Material,10,1108724.0,6,1,1
MS SURENDRA MAURYA THIKEDAR,1,1105836.0,1,1,1
SHOBHARANI K,9,1103696.0,9,1,1
M G  CONSTRUCTION,7,1103417.0,7,1,1
The Om Swastik Co op L and C Society Ltd,2,1101287.0,2,1,1
Garg Builders and Suppliers,3,1101260.0,3,1,1
PRIYANKA KUMARI,1,1101083.0,1,1,1
RASHEED S A,1,1100546.0,1,1,1
CHIRASMITA BEHERA,3,1100000.0,3,1,1
Supreme Mobiles Pvt Ltd,1,1100000.0,1,1,1
Sarvesh Gajanan Chorge,2,1100000.0,2,1,1
SHREE KISHAN CHHATRAWAS SAMITI PANCHALA SIDDHA,3,1100000.0,1,1,1
K M Palanisamy and Co,1,1100000.0,1,1,1
GODAVARISH DEEP,2,1100000.0,2,1,1
Temsuzulu Jamir,1,1100000.0,1,1,1
Pipallag Gram Panchayat,3,1100000.0,3,1,1
NISHWANTH CONSTRUCTION,2,1100000.0,2,1,1
K Asoka Kumar Senapaty,2,1100000.0,2,1,1
SARMISTA PANDA,4,1100000.0,4,1,1
Sri Longki Bey,5,1100000.0,2,1,1
V DHAMODHARAN,1,1100000.0,1,1,1
TULSI MANAS PRATISHTHAN,2,1100000.0,1,1,1
BALAKRUSHNA JENA,2,1100000.0,2,1,1
United Engineers,1,1100000.0,1,1,1
JUNIOR ENGINEER BEGUNIAPADA BLOCK II,2,1100000.0,2,1,1
Sarv Kalyan Manch,1,1100000.0,1,1,1
GRAM PANCHAYAT ZAINABAD,1,1100000.0,1,1,1
VETRI ASSOCIATE,1,1100000.0,1,1,1
Digitech Electronic Systems Private Limited,1,1099975.0,1,1,1
S KANNAN,2,1099954.0,1,1,1
Royal builders,1,1099868.0,1,1,1
BANUPRIYA TRADERS,1,1099818.0,1,1,1
VSR CONSTRUCTIONS,1,1099773.0,1,1,1
LAL CHAND MEENA,2,1099760.0,1,1,1
VANTHAVALI GRAM PANCHAYAT,7,1099739.0,7,1,1
AQUA PURE LIFE,3,1099731.0,3,1,1
Sunil Kumar Contractor,1,1099708.0,1,1,1
BABU K,1,1099700.0,1,1,1
RENUKA DEVI R,1,1099641.0,1,1,1
SEKARAN VENGADESAN,1,1099556.0,1,1,1
R K CONSTRUCTIONS,1,1099545.0,1,1,1
BASKARAN PERUMAL,1,1099508.0,1,1,1
K SURESH,1,1099471.0,1,1,1
Om Construction Rohat,4,1099366.0,4,1,1
MA ENTERPRISES,1,1099235.0,1,1,1
NOOKA CHANDRAKANTH,4,1099064.0,4,1,1
Prabu M,1,1098900.0,1,1,1
MANOGARAN P,2,1098895.0,2,1,1
Satyanarayan soni,3,1098813.0,2,1,1
M RATHNA DEVI,2,1098728.0,1,1,1
SRI M R CONSTURCTION,2,1098485.0,2,1,1
MS VIDYAWATI ENTERPRISES,4,1098267.0,2,1,1
SURAJ ENTERPRISE,4,1098063.0,4,1,1
IMPRESSION,2,1098008.0,2,1,1
SIDDHI VINAYAK ENTERPRISES,5,1097746.0,2,1,1
UP State Cont and inrasture development corpotion ltd,7,1097560.0,7,1,1
SAHIDALI CONSTRUCTION,1,1097125.0,1,1,1
MS KARNI KRIPA CONSTRUCTION CO,2,1096972.0,1,1,1
MS Manzoor Builders,2,1096800.0,2,1,1
MOSALI RAJASHEKAR REDDY,3,1096638.0,3,1,1
CREATIVE PROJECTS,2,1096283.0,1,1,1
ISHWAR Steel Industries,11,1094254.0,5,1,1
SHIVA TRADERS,2,1092723.0,1,1,1
VIVEK HANS CONTRACTOR,1,1092422.0,1,1,1
PRAKHYATH RAJ SHETTY,4,1092265.0,4,1,1
NAGAR PARISHAD MEGHNAGAR,4,1092000.0,2,1,1
The Shiv Cooperative Labour and Construction Socity Limited,3,1091828.0,3,1,1
TRUPTI JITENDRA PAWAR,1,1091222.0,1,1,1
The Sukhmani Co Op LC Society Ltd,3,1090197.0,2,1,1
The Behlba Co OP L and C Society,1,1090000.0,1,1,1
N CONSTRUCTION,2,1089241.0,1,1,1
VISHWANATHA GOWDA B N,8,1088481.0,4,1,1
ZEEDAN ENTERPRISE MUSTAQUE AHAMED MOLLA,3,1088445.0,3,1,1
Surya Construction Company,1,1088303.0,1,1,1
Gram Panchayat Vasli janpad Panchayat gandhwani,3,1088024.0,2,1,1
AYYAN CONSTRUCTION,2,1087622.0,2,2,2
METHDAK MINLEI KONYAK,2,1087620.0,1,1,1
Ujjwal Enterprises,1,1087492.0,1,1,1
JUNA VADIYA,4,1087000.0,4,1,1
TARA MA ENTERPRISE,3,1086972.0,3,1,2
RAMASHISH SINGH,2,1086914.0,2,1,1
SHAHID SAINIK CONSTRUCITON COMPANY,2,1086906.0,1,1,1
Raghav Enterprises,1,1086898.0,1,1,1
SUNIL,8,1086811.0,8,2,4
ARNAB BANERJEE,1,1086670.0,1,1,1
MS PUNIT KUMAR DIXIT CONTRACTOR,2,1086353.0,1,1,1
shiv construction company,2,1085504.0,1,1,1
RK ENTERPRISES,12,1085269.0,6,1,1
SHRI MURUGA AGENCY,1,1085000.0,1,1,1
J PANDIYAN,1,1084752.0,1,1,1
NOUSHAD T V,5,1084671.0,5,1,1
VRS ENTERPRISES,2,1084551.0,2,2,2
Vivek Electricals,1,1082937.0,1,1,1
Haulaung OPC Private Limited,1,1082275.0,1,1,1
K L M CONSTRUCTIONS,1,1081625.0,1,1,1
Surinder Kumar Gupta,2,1081420.0,2,1,1
VIJAY SINGH,8,1081387.0,5,1,4
ASSISTANT ENGINEER NAYAGARH BLOCK,12,1080428.0,12,1,1
GRAM PANCHAYAT KALCHA DMFT,3,1080000.0,2,1,1
SIMHARAYULU BELLAMKONDA,3,1080000.0,3,1,1
Construction Of Rcc Natghar At Barpara Rajahuwa Kali Mandir,1,1080000.0,1,1,1
Jagu and Company,1,1079650.0,1,1,1
Parashuram singh yadav,3,1079453.0,2,1,1
P K Traders,1,1079183.0,1,1,1
BAJRANG CONSTRUCTION,4,1078459.0,4,1,1
JAI MAA VADIKHAND CONSTRUCTION AND BUILDING MATERIAL SUPPLIERS,4,1077983.0,3,1,1
PRINCE ENTERPRISES,5,1077000.0,3,1,2
The ARYA COOp L and C Society LTD,4,1076953.0,1,1,1
THE AGS COOPERATIVE LABOUR AND CONSTRUCTION SOCITY LTD,2,1076928.0,1,1,1
Tarun Singh,1,1076000.0,1,1,1
GOURI ENTERPRISE,3,1075861.0,3,1,2
ms V P CONSTRUCTION,2,1075174.0,1,1,1
Nitul Bora,3,1075104.0,2,1,1
KETHI KRISHNA REDDY,1,1074519.0,1,1,1
Nangal Electric Company,2,1074141.0,2,1,1
JUNIOR ENGINEER VII NAYAGARH BLOCK,9,1073910.0,8,1,1
SURABHI KUMARI,1,1073114.0,1,1,1
ANITA ENTERPRISE,1,1070681.0,1,1,1
Aggarwal Steel Traders Malout,7,1070541.0,5,1,1
S P Construction,2,1069910.0,1,1,1
Bilal Ahmad Dar,2,1069601.0,2,1,1
Give for Society,3,1069110.0,3,1,1
THE SHREE BALA JI COOP LABOUR AND CONSTRUCTIO SOCIETY,3,1068984.0,2,1,1
VEE ESS ENTERPRISES,3,1068711.0,1,1,1
RAJKUMAR DUARAH,12,1068380.0,5,1,1
RAJESH ROHITKUMAR CONTRACTOR,1,1066177.0,1,1,1
dudheshwar construction company,2,1066120.0,2,1,1
Pspcl West Sub Div Chheharta,6,1065675.0,6,1,1
S N ENTERPRISES,2,1063164.0,2,1,1
AJAY KUMAR AGARWAL,1,1062509.0,1,1,1
Priority Autoriders Private Ltd,9,1062253.0,9,1,1
Dhanlaxmi Bank,1,1062175.0,1,1,1
Sendhuran,2,1061534.0,2,1,1
Hanuman Prasad Vishkarma,2,1061522.0,2,1,1
PREMIER ENGINEERING WORKS,1,1061086.0,1,1,1
UPNEDA,1,1060000.0,1,1,1
C,2,1059898.0,2,2,2
Dinesh Rai,2,1059659.0,1,1,1
Assistant Engineer Water Resources Department,2,1059400.0,2,1,1
Santhiya,1,1059245.0,1,1,1
GAUTAM KUMAR GOGOI,13,1059233.0,5,1,1
Maa Manosha Enterprise,9,1059100.0,4,1,1
SUNIL KUMAR,7,1058216.0,7,4,4
SHREE SANKALP KRUPAMKSSM,2,1058131.0,2,1,1
Gram Panchayat Mohalai Navin,4,1058000.0,3,1,1
GURU KIRPA INT UDHYOG,2,1057787.0,2,1,1
KASANA CONSTRUCTIONS,3,1057669.0,3,1,1
TAPAN KUMAR DHAR,1,1057226.0,1,1,1
Vijay Dabas,1,1057116.0,1,1,1
YUVRAJ ELECTRICALS,1,1055975.0,1,1,1
SATHIYAMURTHY P,2,1055760.0,1,1,1
ALOK RANJAN CHOUDHURY,5,1055712.0,4,1,1
MS CHANDRA CONSTRUCTION AND SUPPLIERS,1,1054800.0,1,1,1
MANSUR ALI,1,1051352.0,1,1,1
Arnaz Hardware,10,1050660.0,3,1,1
GRAM PANCHAYAT BERI KHURD,1,1050000.0,1,1,1
tushar johari,2,1050000.0,2,1,1
GRAM PANCHAYAT TOLMA,1,1050000.0,1,1,1
GRAM PANCHAYAT KODEGAON RY,3,1050000.0,2,1,1
Amarabati Majhi Junior Engineer Lamtaput Block,3,1050000.0,3,1,1
H LALBUATSAIHA,2,1050000.0,2,1,1
Mangalgarh,2,1050000.0,2,1,1
nidanpur,1,1050000.0,1,1,1
Block Development Office Chopal Rajya Sabha,5,1050000.0,5,1,1
dungariya,1,1050000.0,1,1,1
ASHOK MAHATO,6,1050000.0,6,1,1
AMY HEALTHCARE SERVICES,2,1050000.0,1,1,1
Assistant EngineerII Ramanaguda block,3,1050000.0,3,1,1
JAY BAJARANG BALI BUILDING MATERIAL AND SUPPLIER PANNUGANJ,2,1050000.0,1,1,1
THOTA RAJU,3,1050000.0,3,1,1
TORCHIT ELECTRONICS PRIVATE LIMITED,1,1050000.0,1,1,1
SASI BUILDERS,2,1049844.0,2,1,1
DHARMARAJAN RAMAIAH,3,1049801.0,2,1,1
ARUNPRAVEEN,2,1049700.0,2,1,1
Mohir Uddin,3,1049658.0,3,1,1
LUTFOR RAHMAN,4,1049603.0,4,1,1
Sri Sakthi Enterprises,3,1049506.0,3,1,1
KUSUM DEVI,2,1049505.0,1,1,1
Shree Gukan Construction,2,1049054.0,2,1,2
NATIONAL ENTERPRISE,7,1048728.0,7,1,1
ABDUL MANNAN SHEIKH,3,1048650.0,3,1,1
VEERESH,3,1048500.0,3,1,2
suresh kumar yadav,2,1048343.0,1,1,1
THIRUMOORTHY CONSTRUCTION,3,1048270.0,3,1,1
Gyan Enterprises,1,1046824.0,1,1,1
INFODESIGN,1,1046611.0,1,1,1
RASHMI RANJAN DASH,6,1045286.0,6,1,1
Shiva Cement Store Kotdunna,25,1045118.0,9,1,2
BALAJI BUILDERS,2,1045081.0,1,1,1
SATYA VIJAY SINGH,2,1045023.0,2,1,1
HASIBAR RAHAMAN LAYEK,1,1044875.0,1,1,1
jvvnl indergarh,1,1044710.0,1,1,1
KANAKA RAJEEV GANDHI,3,1044497.0,3,1,1
MAA CONSTRUCTION AND SUPPLIERS,2,1044408.0,2,1,1
MS KRISHNA CONSTRUCTION,2,1044377.0,2,1,1
SUN RAY ENTERPRISE,2,1044200.0,2,1,1
SHREE GANESH TRADING,7,1043300.0,7,1,1
BLOCK DEVELOPMENT OFFICER,21,1042437.0,17,3,4
NAGARAJ PRAKASH PATTAR,6,1041748.0,3,1,1
J M CONSTRUCTIONS,2,1041417.0,2,1,1
RN CONSTRUCTION CO,2,1040975.0,1,1,1
Subham construction company,3,1040395.0,3,1,1
MAHABALAJI CONSTRUCTIONS,2,1040170.0,1,1,1
M KUMAR CONSTRUCTION COMPANY,1,1039905.0,1,1,1
TAMAL MONDAL,2,1038621.0,2,1,1
TIRUMALA CONSTRUCTIONS,2,1038081.0,1,1,1
DHRUV SINGH CONTRACTOR AND SUPPLIER,3,1037220.0,3,1,1
BIJAN CHANDRA SARKAR,7,1036978.0,3,1,1
M RAMESH REDDY,4,1036589.0,4,1,1
Shree Sarneshwar Construction,2,1036318.0,2,1,1
SHIBU K P,3,1036108.0,3,1,1
SATHYARAJAN K,1,1034953.0,1,1,1
CHANDRAN V C,1,1034903.0,1,1,1
Kuna Anjaneyulu,2,1034791.0,2,1,1
PRAVIN KUMAR,3,1033800.0,3,2,2
SURENDRA,8,1033733.0,7,2,5
PAMPAPATI H BELAGAL,5,1032626.0,4,1,1
AMIT ENTERPRISES,1,1031968.0,1,1,1
JEEVIKA TRADERS,12,1029997.0,3,1,1
ARVIND KUMAR,7,1029948.0,6,2,2
NOUSHAD M,1,1029779.0,1,1,1
G   SRINIVAS,3,1029672.0,3,1,1
MS CHOUDHARY UDHYOG,2,1029516.0,2,1,1
gram panchayt natwarnagar,1,1029243.0,1,1,1
Mukesh Kumar,4,1028781.0,4,3,4
SEEMA ENTERPRISES,2,1028716.0,2,1,1
YMA Upper Republic,1,1028557.0,1,1,1
Republic Vengthlang YMA,1,1028557.0,1,1,1
MS GRAM NIDHI GP NANDGAON,1,1027623.0,1,1,1
PRABHU CONSTRUCTION,2,1026402.0,1,1,1
The Himansh Cooperative L and C Society,1,1025577.0,1,1,1
Ms Durga Traders,8,1025000.0,8,1,1
Rais Uddin Ahmed,4,1023906.0,1,1,1
Badwar iron store,15,1023525.0,8,1,1
Surada Madhavi Sri,3,1023323.0,3,1,1
RAKESH PRASAD NISHHAD,1,1022814.0,1,1,1
RADHIKA CO OP L AND C SOCIETY LIMITED,4,1022488.0,4,1,1
THE KUNDU CO OP SOCIETY LTD,2,1021598.0,1,1,1
BRAJESH KUMAR SINGH,1,1020612.0,1,1,1
JAY KISHOR SINGH,1,1019974.0,1,1,1
Pawan Kumar Contractor,1,1019947.0,1,1,1
RAJAN NATANI,1,1019873.0,1,1,1
SHRASHTI CONSTRUCTION COMPANY,2,1019212.0,1,1,1
BRILLIANT MOTOR AGENCY LLP,10,1018000.0,10,1,1
Pritam Enterprise,2,1017500.0,2,1,1
R S BARWALA INFRASTRUCTURE,6,1017100.0,6,1,2
Joy Santoshi Enterprise,1,1016871.0,1,1,1
Tatla Departmental Store,9,1016850.0,3,1,1
The Rudar Siswal Co Op LC Society Ltd,4,1015454.0,2,1,1
MAHENDRA PRATAP YADAV,2,1014995.0,1,1,1
ROHIT INDUSTRIES,2,1013530.0,2,1,1
OWAIS SHOKIT,1,1013000.0,1,1,1
ELLAPPAN,2,1010704.0,1,1,1
A B CONSTRUCTION,6,1010438.0,6,1,1
Lakshmi Automotives India Pvt Ltd,1,1010000.0,1,1,1
PAVITHRASREE ENTERPRISES,1,1008088.0,1,1,1
The Mahakal Coop L and C Society ltd,4,1007182.0,4,1,2
KHAN ENTERPRISES,2,1006937.0,2,1,1
G K SPORTS,1,1005903.0,1,1,1
SHAHEED BABA DHARAM SINGH SEKHON TRADERS,20,1005250.0,3,1,1
S S ENTERPRISE,2,1005019.0,2,1,2
VIVEK BRICKS CENTRE BKO,6,1005000.0,1,1,1
SAHIL,1,1004664.0,1,1,1
LORA CONSTRUCTION COMPANY,2,1004308.0,1,1,1
KRUSHNA CHANDRA ACHARYA,5,1003454.0,5,1,1
Alpha Sports Centre,5,1003336.0,5,1,2
Abhishek Kumar,2,1003048.0,2,2,2
MA TARA CONSTRUCTION,2,1002764.0,2,1,2
LEELADHAR,3,1002126.0,3,2,2
Sandeep Cemment STore,18,1001820.0,5,1,1
LAVLESH KUMAR PANDEY,3,1001651.0,1,1,1
ASSISTANT ENGINEER BENIPUR,3,1001620.0,3,1,1
PAWAN KUMAR SHAM LAL,7,1001502.0,4,1,1
SHRI HARI CONSTRUCTION,2,1000795.0,1,1,1
Gram Panchayat Mahuri,1,1000442.0,1,1,1
GRAM PANCHAYAT BAKHAPUR,1,1000000.0,1,1,1
GRAM PANCHAYAT SAKALDA JANPAD PANCHAYAT UMARBAN,2,1000000.0,1,1,1
Gram Panchayat Eklara Buzurg janpad Panchayat Dharmpur,2,1000000.0,1,1,1
SARPANCH GRAM PANCHAYAT AKALSARA,2,1000000.0,1,1,1
GRAM PANCHAYAT SEELADEHI,5,1000000.0,1,1,1
S SYED SIRAJUDEEN,1,1000000.0,1,1,1
S THANIKASALAM,1,1000000.0,1,1,1
HANMANPURA GRAM PANCHAYAT,2,1000000.0,2,1,1
Sunilal Basumatary,2,1000000.0,1,1,1
G J Constructions,1,1000000.0,1,1,1
Gram Panchayat Dabpali,4,1000000.0,2,1,1
SAROJ KUMAR SETHY,2,1000000.0,2,1,1
Baba Ram Charan Verma Balika Poorva Madhyamik Vidyalay,2,1000000.0,1,1,1
MGNREGS Convergence Account,1,1000000.0,1,1,1
Pappathi,1,1000000.0,1,1,1
Panchavada Gram Panchayat,2,1000000.0,2,1,1
GRAM PANCHAYAT KALIBAVDI,2,1000000.0,1,1,1
GRAM PANCHAYAT KANDANARA,2,1000000.0,1,1,1
EE RWS AND S P DIVISION NANDYAL,4,1000000.0,2,1,1
GP KUNDIYAPADA,2,1000000.0,1,1,1
PASUNJ GRAM PANCHAYAT,3,1000000.0,3,1,1
GRAM PANCHAYAT PADAJHIR,1,1000000.0,1,1,1
Common Works IA,2,1000000.0,1,1,1
MURLI DHAR CONSTRUCTION,1,1000000.0,1,1,1
Indrajit Amrutrao Shinde,1,1000000.0,1,1,1
PHOOL MALI SAINI SEWA SANSTHAN,3,1000000.0,1,1,1
PGT College,1,1000000.0,1,1,1
Construction of Community Hall at Sarapara Village Bardamal,2,1000000.0,1,1,1
KHIJADIYA RADADIYA GRAM PANCHAYAT,3,1000000.0,3,1,1
C Ashok,1,1000000.0,1,1,1
N Yona Konya,1,1000000.0,1,1,1
PRAJWAL TUKARAM SHINDE,1,1000000.0,1,1,1
BABA BAIJNATH HS SCHOOL SARUPAHAN,2,1000000.0,1,1,1
Construction of Science Laboratory Building at Goalpara College,3,1000000.0,1,1,1
R Moorthi,2,1000000.0,2,1,1
GP Manali,2,1000000.0,1,1,1
REKHA ROSE DUKRU,2,1000000.0,1,1,1
ch gayatri mss ltd at bhildari tq kannad,1,1000000.0,1,1,1
anup narendra gunijan,1,1000000.0,1,1,1
Curlesha Koksi Sangma,2,1000000.0,1,1,1
RAJU SINGH,2,1000000.0,1,1,1
GRAM PANCHAYAT BADIPURA JP TENDUKHEDA,1,1000000.0,1,1,1
YADAV COMPUTER,2,1000000.0,1,1,1
L S Enterprise,2,1000000.0,1,1,1
JAY SHREE OM BANNA,2,1000000.0,1,1,1
HASLAT INFRASTRUCTURE,1,1000000.0,1,1,1
GRAM PANCHAYAT  KAPSDA,2,1000000.0,1,1,1
SHAILESH DEEPAK PARAMANE,1,1000000.0,1,1,1
SHAIKH AMER ANWAR,1,1000000.0,1,1,1
YMA Field Veng Branch,2,1000000.0,1,1,1
Kunal Yuvraj Rasal,1,1000000.0,1,1,1
GRAM PANCHAYAT AMLAWADBEEKA,2,1000000.0,1,1,1
GRAM PANCHAYAT SUKLA,5,1000000.0,1,1,1
SUHAS SHIVAJI CHAVAN,1,1000000.0,1,1,1
JOTIRLING MAJUR SAHA SANSTHA LTD SATARA,1,1000000.0,1,1,1
UPGRADATION OF COMMUNITY HALL NEAR MAA MANASHA MANDIR,2,1000000.0,1,1,1
Oinam Premjit Singh,2,1000000.0,1,1,1
GRAM PANCHAYAT BALDAKACHHAR,3,1000000.0,1,1,1
MS Midas Construction,1,1000000.0,1,1,1
SARPANCH SECRETARY GRAM PANCHAYAT RASULLABUZURG,2,1000000.0,1,1,1
GRAM PANCHAYAT SHAHJADPURA JP BATIYAGAD,2,1000000.0,1,1,1
GRAM PANCHAYAT MALPURA,1,1000000.0,1,1,1
Parthampura Khandi Gram Panchayat,2,1000000.0,2,1,1
GRAM PANCHAYAT JANJGIRA,2,1000000.0,1,1,1
GRAM PANCHAYAT JHALWANI,2,1000000.0,1,1,1
SARPANCH SECRETARY GRAM PANCHAYAT SHYAMATORI,2,1000000.0,1,1,1
Zome Commissioner Zone 09,1,1000000.0,1,1,1
NarSingh Maurya,2,1000000.0,1,1,1
Nallavelli Dhamodar Reddy,2,1000000.0,2,1,1
MS CONSTRUCTION OF RAISE PLATFORM AT KANCHANPUR PUB S,2,1000000.0,1,1,1
SAVADH MAHADEV DUDHAL,1,1000000.0,1,1,1
APURVA MAJOOR SH SANSTHA LTD RUICHHATISHI,1,1000000.0,1,1,1
Kegom Bole,2,1000000.0,2,1,1
JAY HANUMAN ENTERPRISES,1,1000000.0,1,1,1
M APPUSAMY,1,1000000.0,1,1,1
SHRI RAM AVTAR YADAV INTER COLLEGE GOIJI AZAMGARH,2,1000000.0,1,1,1
GRAM PANCHAYAT JUDAGA,2,1000000.0,1,1,1
Ms Ronik and Brothers,1,1000000.0,1,1,1
Matharu repairing Works,1,1000000.0,1,1,1
ADHYAKSH GRAMKOSH SFC HATNARA,3,1000000.0,1,1,1
Mhatma budh prathmik vidyalaya Musaila Khurd,3,1000000.0,1,1,1
AAMYRA TRADERS,3,1000000.0,2,1,2
DEBASISH SAHOO,1,1000000.0,1,1,1
K Chhalai,2,1000000.0,1,1,1
Awadh Bihari Bal Kalyan Samiti Saraswati Shishu Mandir,2,1000000.0,1,1,1
SINE DUKU RAJI,1,1000000.0,1,1,1
GP KHODRI,2,1000000.0,1,1,1
sarpanch gp haranbhata,2,1000000.0,1,1,1
GRAM PANCHAYAT BARELI,2,1000000.0,1,1,1
GRAM PANCHAYAT BAYKHEDA JANPAD PANCHAYAT UMARBAN,2,1000000.0,1,1,1
GRAM PANCHAYAT BHADANA,1,1000000.0,1,1,1
Vivek Vinod Pakhad,1,1000000.0,1,1,1
LEO TILES PVT LTD,2,1000000.0,2,1,1
MAK AND SONS Enterprises,2,1000000.0,1,1,1
Lalsiamthari,2,1000000.0,1,1,1
SANDHASAL,2,1000000.0,2,1,1
Janata Majur Sahakari Sanstha Maryadit Kupwad,1,1000000.0,1,1,1
DERIN NESAMANI,1,1000000.0,1,1,1
Gram Panchayat Dattigara janpad Panchayat badnawar,2,1000000.0,1,1,1
Mukthi Kiran Kumar,2,1000000.0,2,1,1
Manas Ranjan Das Kanungo,2,1000000.0,2,1,1
Gram Panchayat Bodhwada janpad Panchayat Tirla,2,1000000.0,1,1,1
Gram Panchayat Bharuwadihkala,2,1000000.0,1,1,1
GOPAL NAYAK,2,1000000.0,2,1,1
PIPLODADWARKADISH,2,1000000.0,1,1,1
Gram Panchayat Banora,1,1000000.0,1,1,1
Geyum Padu,1,1000000.0,1,1,1
Shailesh Udaysingh Bhosale,1,1000000.0,1,1,1
SARASWATI SHIKSHA MANDAL,2,1000000.0,1,1,1
KARNA GURUNATH MORE,1,1000000.0,1,1,1
Jayprakash Yadav,1,1000000.0,1,1,1
Jaybharat Majoor Sahakari Sanstha M Latur,1,1000000.0,1,1,1
SARASWATI SISHU MANDIR BHAIROGANJ SEONI,1,1000000.0,1,1,1
SILME K MARAK,2,1000000.0,1,1,1
MAA NARMADA CONSTRUCTION,2,1000000.0,1,1,1
DEEPAK RATHORE,2,1000000.0,1,1,1
SANADYA BRAHMAN SABHA AND SAMMITTE,2,1000000.0,1,1,1
KANSA NA GRAM PANCHAYAT,4,1000000.0,4,1,1
GIRIRAJ TRACTORS,1,1000000.0,1,1,1
IYAPPAN A G,1,1000000.0,1,1,1
POORVA ENGINEERS AND CONSULTANTS,4,1000000.0,2,1,1
GRAM PANCHAYAT MASIYARI,2,1000000.0,1,1,1
POHKSEH LOCAL COMMITTEE,1,1000000.0,1,1,1
GRAM PANCHAYAT MUJGAHAN,2,1000000.0,1,1,1
ECO COOLING SOLUTIONS,1,1000000.0,1,1,1
JIGNESHBHAI CHANDULAL CHAUHAN,1,1000000.0,1,1,1
ANANDA CHANDRA BEHERA,2,1000000.0,2,1,1
SWARGIYA CHHOTELAL FOOLMATI SEWA SAMITI,2,1000000.0,1,1,1
Gram Panchayat Gajnod  janpad Panchayat badnawar,2,1000000.0,1,1,1
SHRI BAJRANGDAS KUTI,1,1000000.0,1,1,1
GRAM PANCHAYAT GALHATHA JP BURHAR,2,1000000.0,1,1,1
GRAM PANCHAYAT GADA,4,1000000.0,4,1,2
gram panchayat Chicholibad,2,1000000.0,1,1,1
gram panchayat deharda sadak,2,1000000.0,1,1,1
gram panchayat ghiyar,2,1000000.0,1,1,1
MANGALARAM SUMALATHA,2,1000000.0,2,1,1
MS JE VI ATTABIRA BLOCK,4,1000000.0,3,1,1
GRAM PANCHYAT goratila,2,1000000.0,1,1,1
Gram Panchayat Maldi,3,1000000.0,1,1,1
SHRI BALAJI MAJUR SAHAKARI SANSTHA LTD,1,1000000.0,1,1,1
Gram Panchayat Dargaon,2,1000000.0,1,1,1
PRASANTA BEHERA,2,1000000.0,2,1,1
GRAM PANCHAYAT CHOPRA KHURD,2,1000000.0,1,1,1
R R KUDARI CIVIL CONTRACTOR,4,1000000.0,2,1,1
GP Lalpur East,2,1000000.0,1,1,1
GP LASUDIYABECHAR,2,1000000.0,1,1,1
const of cultural stage at pachania,2,1000000.0,1,1,1
const of boundary wall at kirtanpara high school,2,1000000.0,1,1,1
ANIL BASAWANI KHANNA,1,1000000.0,1,1,1
NISHA CONST PROP MACHINDRA M PUJARI,1,1000000.0,1,1,1
Ley7 PT Enterprise,2,1000000.0,2,1,1
MS JB ENTERPRISES,2,1000000.0,2,1,1
Bhaskar Jyoti Gogoi,1,1000000.0,1,1,1
Gram Panchayat Shergarh,2,1000000.0,1,1,1
RI WAR JAINTIA COLLEGE,2,1000000.0,2,1,1
SUYOG M S S LTD A NAGAR,1,1000000.0,1,1,1
GRAM PANCHYAT KURANDI,2,1000000.0,1,1,1
Gram Panchayat Piplya Kamin janpad Panchayat Dharmpur,2,1000000.0,1,1,1
MS MINONG ENTERPRISE,1,1000000.0,1,1,1
MS LAL PRATAP SINGH,6,1000000.0,1,1,1
IQRA EDUCATION AND WELFARE SOCITY,3,1000000.0,1,1,1
MS K P Enterprise,2,1000000.0,1,1,1
Gram Panchayat Khaira La,1,1000000.0,1,1,1
Ranjit Kumar Sahu,1,1000000.0,1,1,1
GP DEVLI,2,1000000.0,1,1,1
GP DEVIKHEDA,2,1000000.0,1,1,1
GP DEOGAWAN,2,1000000.0,1,1,1
GP DAGARDUA JP GANGEO REWA,1,1000000.0,1,1,1
SARPANCH SACHIV GRAM PANCHAYAT GORA,2,1000000.0,1,1,1
KPK construction,1,1000000.0,1,1,1
ADHYAKSH GRAMKOSH SFC DELANPUR,2,1000000.0,1,1,1
Gram panchayat Rewjha,2,1000000.0,1,1,1
ACUTE ENGINEERS AND CONTRACTORS OPC PRIVATE LIMITED,1,1000000.0,1,1,1
Josephine Sangriang,2,1000000.0,1,1,1
Gram Panchayat Anwarpur,2,1000000.0,1,1,1
MIZO UPA PAWL,2,1000000.0,1,1,1
The Nawanshahar janta coop L C Society LTD,2,1000000.0,1,1,1
P KANDASAMY ODC,1,1000000.0,1,1,1
ASST ENG  III,2,1000000.0,2,1,1
Village Employment Council Rengdil,2,1000000.0,1,1,1
ATHARUDDIN CONTRACTOR,1,1000000.0,1,1,1
SRI ANNAPURNA BUILDING MATERIAL SUPPILER,2,1000000.0,1,1,1
SAKTI SWARUP DAS,1,1000000.0,1,1,1
President pulgaon MKSSS Ltd Pulgaon,1,1000000.0,1,1,1
Pre Swawalambi Majoor Kamgar Sahakari Sanstha Murtizaour,1,1000000.0,1,1,1
M D Enterprise,1,1000000.0,1,1,1
SHRI SHYAM MILAN TRUST,1,1000000.0,1,1,1
GRAM PANCHAYAT MANDHOLI KALAN,1,1000000.0,1,1,1
Samagra Siksha Govt HSS Girls Gharghoda,1,1000000.0,1,1,1
Valavav Gram Panchayat,2,1000000.0,2,1,1
Abhijeet Anandrao Gaikwad,1,1000000.0,1,1,1
MS A S ENTERPRISES,2,1000000.0,2,1,1
Ige Boje,1,1000000.0,1,1,1
MRA Infra Venture Private Limited,2,1000000.0,1,1,1
CHUANA K SANGMA,2,1000000.0,1,1,1
Dhanora  Gram Panchayat,2,1000000.0,2,1,1
gram panchayat kachhaua,2,1000000.0,1,1,1
gram panchayat khiod,2,1000000.0,1,1,1
BALAJI CONSTRUCTION AND SUPPLIERS,2,1000000.0,1,1,1
Village Council Rengtekawn,2,1000000.0,1,1,1
SHREE SALASAR BALAJI DEVELOPERS AND CONSTRUCTION HARSHAL SETHIA,2,1000000.0,1,1,1
SHREE VISHWAKARMA INDUSTRIES,1,1000000.0,1,1,1
GRAM PANCHAYAT DODKI,2,1000000.0,1,1,1
TINUMANGYANG,1,1000000.0,1,1,1
AATHVIK CONSTRUCTION,1,1000000.0,1,1,1
Tura Christian Boys Sec School,2,1000000.0,1,1,1
Gram Panchayat Sontara,2,1000000.0,1,1,1
G Khekavi Zhimo,2,1000000.0,1,1,1
Gram Panchayat Maanpur,2,1000000.0,1,1,1
HARISH ARUN KALE,1,1000000.0,1,1,1
GRAM PANCHAYAT BHATSANA,1,1000000.0,1,1,1
H T Infosol,1,1000000.0,1,1,1
P VELUCHAMY,1,1000000.0,1,1,1
ULTRA MODERN GIRLS DEGREE COLLEGE MEHNAGER AZAMGARG,1,1000000.0,1,1,1
Gp surajgav,2,1000000.0,2,1,1
Gp atrar chh,2,1000000.0,1,1,1
Gp Sipawra,2,1000000.0,1,1,1
Shri Samarth Majur Sahakari Sanstha Maryadit,1,1000000.0,1,1,1
Shri Saikrupa Majur Sahakari Sanstha Ltd,1,1000000.0,1,1,1
Bendangla Yaden,1,1000000.0,1,1,1
Gram Panchayat Badrakha,2,1000000.0,1,1,1
sarpanch gram panchayat lakhali,2,1000000.0,1,1,1
sarpanch gram panchayat arsiya,2,1000000.0,1,1,1
ABHISHEK B K,4,1000000.0,2,1,1
GRAM PANCHAYAT PUTPURA,2,1000000.0,1,1,1
UDYATI CONTRUCTION,1,1000000.0,1,1,1
AMOKLUSHI TOUREST RENT FUND,2,1000000.0,1,1,1
Gram Panchayat Nagda janpad Panchayat badnawar,2,1000000.0,1,1,1
ADHYAKSH GRAMKOSH SFC MUNDADI,2,1000000.0,1,1,1
sdmc,6,1000000.0,2,1,1
The Sukhmani COOP L and C Society,2,1000000.0,1,1,1
GRAM PANCHAYAT BITKULI,2,1000000.0,1,1,1
GRAM PANCHAYAT BIGRI,2,1000000.0,2,1,1
santosh kumar prusty,2,1000000.0,2,1,1
Gram Panchayat Mahgod,4,1000000.0,2,1,1
MAHADEV ASSOCIATES,3,1000000.0,1,1,1
BINAD BASUMATARY,2,1000000.0,1,1,1
SARPANCH SACHIV GRAM PANCHAYAT BABROD,2,1000000.0,1,1,1
SARPANCH SACHIV GRAM PANCHAYAT BORAI,1,1000000.0,1,1,1
Ramgarhia Construction Works,1,1000000.0,1,1,1
Mota Bhadiya gram panchayt,2,1000000.0,2,1,1
Shaw Construction,1,1000000.0,1,1,1
Goalpara Science Lab Phase 2,3,1000000.0,1,1,1
VC Darlung,2,1000000.0,1,1,1
Ankodiya Gram Panchayat,2,1000000.0,2,1,1
VASANTHA B,3,1000000.0,3,1,1
BIBEKANANDA BARIK,1,1000000.0,1,1,1
SARPANCH GRAM PANCHAYAT DARGAON,2,1000000.0,1,1,1
GRAM PANCHAYAT ITARWA,2,1000000.0,2,1,1
SHRIMAN ABASAHEB MAZUR SAHKARI SOCIETY LTD MHAISAL,1,1000000.0,1,1,1
Ashwini Sanjeev Patil,1,1000000.0,1,1,1
GRAM PANCHAYAT LOBHI,1,1000000.0,1,1,1
SMT DHANPATI DEVI JAISWAL LAGHU MADHYMIK VIDYALAYA,2,1000000.0,1,1,1
Gram Panchayat Khirkhit,2,1000000.0,1,1,1
Gram Panchayat Kosmi,1,1000000.0,1,1,1
GRAM PANCHAYAT TECHNICAL ASSISTANT NANDAPUR BLOCK,3,1000000.0,3,1,1
GRAMPANCHAYAT WADALA,1,1000000.0,1,1,1
SHRI RAMPHER YADAV CHAUDHARY SHIKSHAN SANSTHAN UMV,2,1000000.0,1,1,1
SHRI RANJEET PANDIT INTER COLLEGE AARTHIK SAHAYARA KOSH,1,1000000.0,1,1,1
DHANALAKSHMI S,1,1000000.0,1,1,1
Philip Thapa,1,1000000.0,1,1,1
Payara Singh Rajinder Singh,5,1000000.0,5,1,3
VINAYAK ANANDRAV INGAVLE,1,1000000.0,1,1,1
SFC MULBHOOT MUNJ,4,1000000.0,2,1,1
SEWA BHARTI SAMITI,1,1000000.0,1,1,1
Development Block Kamrou at Tilordhar,3,1000000.0,3,1,1
ARUNA,1,1000000.0,1,1,1
Gram panchayat LAKHAGARH,2,1000000.0,2,1,1
MANI TRADERS,2,1000000.0,1,1,1
MANCH RANG MANCH,1,1000000.0,1,1,1
HEMANGINI PALBABU,2,1000000.0,2,1,1
MALVI JINGER MOCHI SAMAJ KALYAN SAMITI,2,1000000.0,1,1,1
ADHYAKSH GRAMKOSH SFC SIMLAWDA,3,1000000.0,1,1,1
SUMRA ENTERPRISES,2,1000000.0,1,1,1
GP BAMADADIH,2,1000000.0,1,1,1
GP BEEDPURA JP SANCHI,2,1000000.0,1,1,1
JVG ENTERPRISES,5,1000000.0,5,1,1
SARPANCH GRAM PANCHAYAT GANAUD,2,1000000.0,2,1,1
Sanjaybhai Mangubhai Patel,2,1000000.0,2,1,1
C DAWNGVELA,2,1000000.0,1,1,1
SARPANCH GRAM PANCHAYAT MASTURI,2,1000000.0,1,1,1
Executive Officer,1,1000000.0,1,1,1
Anand Suhas Pawar,1,1000000.0,1,1,1
Anagadh Gram Panchayat,2,1000000.0,2,1,1
MAHADEV PRASAD MEMORIAL SCHOOL SAMITI,2,1000000.0,1,1,1
GRAM PANCHAYAT KOHKA,2,1000000.0,1,1,1
SKP ENTERPRISE,1,1000000.0,1,1,1
PRASHANTH,2,1000000.0,2,1,1
JUNTIAR K MARAK,2,1000000.0,1,1,1
GP KANDAILA JP GANGEO,1,1000000.0,1,1,1
SARPANCH SHREE GRAMPANCHAYAT TARAPUR,4,1000000.0,4,1,1
D Parushuramulu,2,1000000.0,2,1,1
GP GULKHEDI S,2,1000000.0,1,1,1
GP GOPISUR SATKUNDA JP SANCHI,2,1000000.0,1,1,1
GP SEMARIYA JP REWA,1,1000000.0,1,1,1
MS ANAND ENTERPRISES KEWALI,4,1000000.0,1,1,1
Gram Panchyat Rupeta,2,1000000.0,1,1,1
Gram Panchyat Rohalkhurd,2,1000000.0,1,1,1
SUHANI CONSTRUCTION,2,1000000.0,2,1,1
Kirthvika Construction,1,1000000.0,1,1,1
Rojh construction company,1,1000000.0,1,1,1
Rishot Kshiar,2,1000000.0,1,1,1
GP CHHILPA,2,1000000.0,1,1,1
GP Changori,2,1000000.0,1,1,1
NEKNAM GRAM PANCHAYAT,2,1000000.0,2,1,1
NEERAJ DATTATRAY RANDIVE,1,1000000.0,1,1,1
Gram Panchayat Mondla janpad Panchayat Dharmpur,2,1000000.0,1,1,1
SARPANCH SACHIV GRAM PANCHAYT BAJRANGARH,2,1000000.0,1,1,1
SELVENDRAN,1,1000000.0,1,1,1
RATANPURASHI GRAM PANCHAYAT,2,1000000.0,2,1,1
CONST OF THREE NOS CANPOY BRIDGE WITH INSTALLATION OF ST EEL POST,1,1000000.0,1,1,1
Nikhil Prakash Nikam,1,1000000.0,1,1,1
Thandu Saidulu,2,1000000.0,2,1,1
Dashrath Gram Panchayat,2,1000000.0,2,1,1
GP TOBRIKHEDA,2,1000000.0,1,1,1
JASNATH CONSTRUCTION CO,2,1000000.0,1,1,1
Yeshwant Majoor Sahakari Sanstha Maryadit Pathrud Taluka Bhoom Dist Dharashiv,2,1000000.0,2,1,1
ARTI KALYAN AUTADE,1,1000000.0,1,1,1
Khokhar Gram Panchayat,2,1000000.0,2,1,1
GRAM KOSH NEGAI,2,1000000.0,1,1,1
Rahul Ashok Mhatre,1,1000000.0,1,1,1
SARPANCH SACHIV  GRAM PANCHAYAT PARATWADA,1,1000000.0,1,1,1
TANU ENTERPRISES,2,1000000.0,1,1,1
TANKARIYAPANTH,2,1000000.0,1,1,1
TAPABANTA SAHOO,2,1000000.0,2,1,1
CH ROSHAN PATRO,4,1000000.0,4,1,1
MS SHIVAM BUILDING MATERIAL,6,1000000.0,1,1,1
ARBAJ RAFIKAHAMAD INAMDAR,1,1000000.0,1,1,1
CL STG DEV EA FIL DAL STR MRM,2,1000000.0,1,1,1
CMO NAGAR PANCHAYAT HINDORIYA,1,1000000.0,1,1,1
UNICORN IT SERVICES,12,1000000.0,4,1,1
GP CHAUDIYAR JP REWA REWA,2,1000000.0,2,1,1
Supreme Electricals,1,999999.0,1,1,1
RAMESH SADASHIV HEGADI,2,999999.0,1,1,1
KULDEVI TRADERS,3,999998.0,1,1,1
Rajen Dihingia,4,999998.0,1,1,1
BAL VIKAS SEWA SAMITI KHASPUR,3,999998.0,1,1,1
GRAM PANCHAYAT DANIYAKHURDA,2,999998.0,1,1,1
SARAPACH SACHIV GRAM PANCHYAT,5,999997.0,1,1,1
JETHA RAM CONSTRUCTION COMPANY,2,999994.0,1,1,1
VASANTDADA PATIL MAJUR SAHAKARI SOCIETY LTD DHAVALESHWAR,1,999994.0,1,1,1
K VANARAJ,2,999990.0,1,1,1
MAALAXMI,9,999988.0,1,1,1
SHRI RAM KUMAR MOHONI DEVI ADARSH SHIKSHAN SANSTHAN,2,999987.0,1,1,1
Gram Panchayat Belai,2,999980.0,1,1,1
Shaik Tajuddin Ahmed,2,999980.0,2,1,1
MPLADS RS BDO BP,1,999979.0,1,1,1
PAKIRAPPA BHUMARATTI,4,999974.0,2,1,1
SHRI RAMESHWAR CONSTRUCTION,1,999967.0,1,1,1
SHREE CONSTRUCTION PROP SHIVRAJ GYANDEVRAO GUTTE,1,999965.0,1,1,1
ALL IN ONE CONSTRUCTION,1,999964.0,1,1,1
RAJESHWAR AGRO SALES,1,999956.0,1,1,1
UPPATHI VENKATESWARLU,2,999952.0,2,1,1
TRIVENI PRINTERS AND TECHNOLOGY,1,999950.0,1,1,1
Shree Venkateshwara Construction,1,999946.0,1,1,1
SARPANCH GRAM PANCHAYAT SONIYATATH,2,999941.0,1,1,1
RAJIV KAMAN,4,999938.0,2,1,1
SPD BUILDERS,1,999934.0,1,1,1
GRAM PANCHAYAT MOHERA,3,999933.0,1,1,1
GRAM PANCHAYT GUDHA BHAGWANDAS,2,999930.0,1,1,1
Reddy Suppliers,2,999930.0,2,1,1
suresh Enginering works,1,999929.0,1,1,1
B A HARISH,2,999928.0,2,1,1
DIHINGIA HARDWARE,4,999923.0,2,1,1
KALAPATI SURESH,2,999921.0,2,1,1
SARPANCH SACHIV GRAM PANCHAYAT UMARPOTI,5,999918.0,3,1,1
KURUVA RAMAKRISHNA,2,999918.0,2,1,1
MARUTHI AND CO,1,999912.0,1,1,1
G SIVAPRASATH,1,999907.0,1,1,1
Bavithira Builders,1,999902.0,1,1,1
B GNANAVEL CONTRACTOR,1,999900.0,1,1,1
YUVARAJ KUMAR SHETTY M,2,999900.0,2,1,1
GRAM PANCHAYAT KUSHIYARI,12,999900.0,1,1,1
GP KHAMRAUDH,2,999900.0,1,1,1
GP BAMHANI,2,999900.0,1,1,1
GRAM PANCHAYAT NISHALIYA,3,999900.0,3,1,1
Anunabh Corporation,2,999900.0,1,1,1
RAJENDRA PATEL SHIKSHAN SANSTHAN,2,999900.0,1,1,1
K YUVARAJ,1,999900.0,1,1,1
TECHDRIVE ENGINEERING PRIVATE LIMITED,1,999897.0,1,1,1
G P Bardula,2,999896.0,1,1,1
MAA TARA BUILDERS,2,999892.0,1,1,1
CHEJARLA BHASKAR REDDY,2,999880.0,2,1,1
Gram Panchayat Mandwi jp Manawar,2,999878.0,1,1,1
GRAM PANCHAYAT BELHADIH,2,999869.0,1,1,1
SHRI BABA RAMAPEER CONSTRUCTION AND SUPPLIER,2,999869.0,1,1,1
Mani S,1,999869.0,1,1,1
GRAM PANCHAYAT PATERAPALIKHURD,2,999856.0,1,1,1
TALUKA DEVELOPMENT OFFICER MATAR,4,999856.0,4,1,1
NARRAVULA ASMATH KUMAR,2,999854.0,2,1,1
A LAVANYA,1,999849.0,1,1,1
MAHADEV CO COMPANY,2,999844.0,1,1,1
Grampanchyt Shivankhed Kh,1,999843.0,1,1,1
NARBADA CONSTRUCTION COMPANY,1,999841.0,1,1,1
R S ENTERPRISE,2,999841.0,1,1,1
Kati kishore,1,999836.0,1,1,1
A Harish Kumar Reddy,2,999824.0,2,1,1
Nilesh Shivaji Kadam,1,999824.0,1,1,1
VIP CONSTRUCTION,2,999814.0,2,2,1
SAMBRET RAJ D,1,999809.0,1,1,1
GRAM PANCHAYAT KOPRA,2,999805.0,1,1,1
L P ASSOCIATES,4,999802.0,1,1,1
Om Sai Traders,2,999800.0,2,1,1
MANSAROVAR CONSTRUCTION COMPANY SANCHORE,1,999800.0,1,1,1
Ch Mauli Majur Sahkari Sanstha LTD Beed,1,999800.0,1,1,1
RDC ENTERPRISE,5,999798.0,1,1,1
GRAMPANCHAYAT PHONDAGHAT,1,999798.0,1,1,1
SANGAMESH PARAPPA GANI,4,999794.0,2,1,1
T NAGA BHARGAVA REDDY,2,999789.0,2,1,1
SAMBHAJI MADHUKAR KUMBHAR,1,999782.0,1,1,1
KALAIMAMANI,1,999780.0,1,1,1
SUBH LABH ENTERPRISES,1,999775.0,1,1,1
SARPANCH GRAM PANCHAYAT BAILACHUNA,2,999772.0,1,1,1
Pallavi harshal Darade,1,999768.0,1,1,1
obul reddy ganugapenta,2,999754.0,2,1,1
KALIKA M S S LTD SOLAPUR,1,999752.0,1,1,1
GRAM PANCHAYAT TARSINWA,2,999746.0,1,1,1
SARPANCH GRAM PANCHAYAT ASOUNDA,2,999744.0,1,1,1
GRAM PANCHAYAT MUNDIPAR,1,999743.0,1,1,1
D V VINOTH DAMU,1,999738.0,1,1,1
Srinivas Reddy Gadila,2,999734.0,2,1,1
GRAM PANCHAYAT SAHANPUR,2,999732.0,1,1,1
Tikitoriya Construction Govind Patel,2,999730.0,1,1,1
ABASANA GRAM PANCHAYAT,2,999723.0,2,1,1
SARPANCH SACHIV GRAM PANCHAYAT DHIMCHOLI,2,999722.0,1,1,1
Megha Construction Company,1,999720.0,1,1,1
Arun Gohain,3,999713.0,1,1,1
santosh sharadrao bende,1,999711.0,1,1,1
AMIT KUMAR SAI,2,999710.0,1,1,1
SARPANCH SACHIV GRAM PANCHAYAT BANDORA,2,999710.0,1,1,1
A S ENTERPRISE,1,999703.0,1,1,1
THULASI,1,999700.0,1,1,1
KIRUBAI CONSTRUCTION,1,999697.0,1,1,1
Ch Shri Bhaveswari MSS Ltd Uttur,1,999696.0,1,1,1
Sandeep Maruti Narhe,1,999694.0,1,1,1
PURANMAL AND COMPANY,2,999693.0,1,1,1
GRAMPANCHAYAT WAGADE,1,999686.0,1,1,1
OM MAJUR SAHAKARI SANSTHA MARYADIT KARADWADI,1,999677.0,1,1,1
GOVINDARAJU M,1,999677.0,1,1,1
SARPANCH GRAM PANCHAYAT NAWAGAON,5,999671.0,3,1,1
AJ CONSTRUCTION PROP ATUL J NAGAPURE,2,999670.0,1,1,1
ARUN RAMAPPA BEVOOR,4,999661.0,2,1,1
UMA CONSTRUCTIONS,1,999661.0,1,1,1
RAMASAMUDRAM MADIRASU VENKATA GIRI,1,999654.0,1,1,1
MITHUN KUMAR SONI,1,999650.0,1,1,1
Arun M,1,999642.0,1,1,1
GAYATHRI DEVI S,1,999639.0,1,1,1
BHARAT M S S M WADAPUR,1,999633.0,1,1,1
sarpanch sachiv gram panchayat Anda,2,999633.0,1,1,1
Nabajit Rajbonshi,2,999632.0,1,1,1
Ch Krantisinha Nanapatil MSS Ltd At Post Pothra Dist beed,1,999630.0,1,1,1
MURUGAN G,1,999628.0,1,1,1
VELUTHURLA BUJJI REDDY,2,999627.0,2,1,1
gram panvhyat madhota 2,3,999625.0,2,1,1
PANDIARAJAN,1,999621.0,1,1,1
N SARAVANAN,2,999611.0,2,1,1
R R CONSTRUCTION,2,999600.0,1,1,1
Ch Chatrapaty MSS LTD Dharwanta Tq georai Dist beed,1,999600.0,1,1,1
GRAM PANCHAYAT DURGAPALI,2,999600.0,1,1,1
M P R ASSOCIATES,2,999599.0,1,1,1
THANGARAJA S,1,999593.0,1,1,1
BHOJAJI BAVJI BUILDING MATERIALS SUPPLIERS,3,999589.0,2,1,1
SARPANCH SACHIV GP KUTELA,3,999581.0,2,1,1
BORAH ENTERPRISE,3,999573.0,2,1,1
BABA RAMDEV CONSTRUCTION,2,999568.0,2,1,1
SARPANCH GRAMPANCHAYAT RONAPAL,2,999563.0,1,1,1
JAI SANTOSHI MATA MSS LTD CHH SAMBHAJINAGAR,1,999563.0,1,1,1
SRI SWAMI DAYAL MEMORIAL PUBLIC SCHOOL,2,999563.0,1,1,1
SARPANCH SACHIV GRAM PANCHAYT CHHIPON,2,999555.0,1,1,1
SARVAN,2,999551.0,1,1,1
M P PUNIYA CONSTRUCTION COMPANY,2,999548.0,1,1,1
MOHAN RAM YADAV,2,999538.0,1,1,1
PRATHAP K,2,999532.0,2,1,1
B C Enterprises,3,999530.0,1,1,1
RAMLAL YADAV,2,999520.0,1,1,1
NAGESH,3,999513.0,2,1,2
MALLAPPA GURUPAD GALAGALI,4,999510.0,2,1,1
SARPANCH SACHIV GRAM PANCHAYT UMRI,2,999500.0,1,1,1
J AND D CONTRACTORS,1,999500.0,1,1,1
SATHI SAYYAD BABA MAJOOR SAH SAN MARY,1,999500.0,1,1,1
GRAM PANCHAYAT CHANDKHURI,2,999500.0,1,1,1
Gram panchayat Pabusar,2,999500.0,1,1,1
GRAM PANCHYAT BHALAPUR SGVY,2,999497.0,1,1,1
PERUMAL P,1,999494.0,1,1,1
S K REVADI CONSTRUCTION,4,999490.0,2,1,1
Sandeep Maj Kam Sah Sty Ltd,2,999484.0,2,1,1
SHRIKANT MOHANRAO BURANGE,1,999478.0,1,1,1
PUNARAM DOLEY,3,999476.0,1,1,1
SAKTHIVEL E,1,999474.0,1,1,1
BABASH A,1,999472.0,1,1,1
KATTA PRASANNA KUMAR,1,999468.0,1,1,1
SHIVKRUPA CONSTRUCTION PROP ADESH HANUMANT MUSTAPURE,1,999464.0,1,1,1
SHIVA SAI SC WELFARE ASSOCIATION,2,999457.0,2,1,1
PALASH ALAM,2,999445.0,2,1,1
GARIB NAWAJ SUSHIKSHIT BEROJGAR SEVA SAH,1,999444.0,1,1,1
SARPANCH SECRETARY GRAM PANCHAYAT LAHIDPUR,2,999442.0,1,1,1
MARNYA RINA,4,999439.0,1,1,1
PALLI KUMAR RAJA,2,999437.0,2,1,1
RAMESH G M,2,999423.0,2,1,1
MALLIKARJUN VIJAYKUMAR,4,999419.0,2,1,1
BHUMIKA BUILDING MATERIAL AND SUPPLIERS,1,999415.0,1,1,1
NIRMAL KUMAR TIRKEY,2,999414.0,1,1,1
PRIYESH GOUNDADKAR,4,999405.0,2,1,1
GRAM PANCHAYAT RASODA,2,999400.0,1,1,1
secretary grampanchyat karkheda,1,999400.0,1,1,1
Sathyanarayanan,2,999395.0,2,1,1
H Srihari,1,999390.0,1,1,1
Malaiarasan,1,999362.0,1,1,1
TAJ MAJUR KAMGAR SAHAKARI SANTHA AT BABHALI,1,999362.0,1,1,1
UDHAYA CONSTRUCTIONS,1,999362.0,1,1,1
VINAYAGHA CONSTRUCTIONS,1,999360.0,1,1,1
AMJAD ALI CONTRACTOR,2,999356.0,2,1,1
CHILIPI RAMANA REDDY,1,999351.0,1,1,1
SIRA RONGHANGPI,5,999347.0,1,1,1
GRAM PANCHAYAT KHICHRI,2,999345.0,1,1,1
SARPANCH AND SACHIV GRAM PANCHAYAT AHILDA,2,999342.0,1,1,1
ROSHU CONSTRUCTION,2,999342.0,1,1,1
THAKUR CONSTRUCTIONS,1,999340.0,1,1,1
Magasvargiya Suyash tantrik majoor sah santha,1,999338.0,1,1,1
ANBU PRABU A,1,999337.0,1,1,1
MANI A,2,999334.0,2,1,1
GRAM PANCHAYAT RUNIJA,2,999332.0,1,1,1
UGHROJ GRAM PANCHAYAT,2,999326.0,2,1,1
DEGAM GRAM PANCHAYAT,8,999320.0,8,1,1
GRAM PANCHAYAT BHAISAKHURI,2,999300.0,1,1,1
D S PRABHU,2,999300.0,2,1,1
ADYAKSH SACHIV JAL SAMITI DANORA,2,999300.0,1,1,1
Mss ASHAPURA CONSTRUCTION COMPANY SINER,1,999284.0,1,1,1
SHREE GEENGER SAMAJ PANCHAYAT SOCIETY KOTA GIRDHARI,3,999278.0,1,1,1
Chelladurai,1,999247.0,1,1,1
KHIJRIL KHOKAR,1,999241.0,1,1,1
Sharvari Shrikarishana Deshpande,1,999241.0,1,1,1
Andheri Wadari Labour Contract Sahakari,1,999240.0,1,1,1
Rahul Co Operative Labour Society Ltd,1,999240.0,1,1,1
Shahjad alimohd samiulla raeen,1,999240.0,1,1,1
Bharat Co Op Labour Society Limeted,1,999240.0,1,1,1
Chandrarup Majoor Sahakari Sanstha,1,999240.0,1,1,1
Dagad kamgar coop labour society ltd,1,999240.0,1,1,1
MS SHRI AMBIKA MATA,1,999240.0,1,1,1
GRAM PANCHAYAT Chhipon,2,999229.0,1,1,1
SUJANGADH GRAM PANCHAYAT,2,999217.0,2,1,1
CH GAJANAN MSS LTD,1,999205.0,1,1,1
BHAIRAVNATH MAJUR SAH SAN KOLAMBI,1,999203.0,1,1,1
Sarpanch Gram Panchayat   LONIKALA,2,999200.0,1,1,1
SURAJ ASHOK SONWANE,1,999197.0,1,1,1
Udhayam Murugaiyan Construction,1,999193.0,1,1,1
TAMBOLI MOSIDDHIK,1,999189.0,1,1,1
PALAK ENTERPRISES,3,999187.0,1,1,1
KIRAN GOWDA,2,999182.0,2,1,1
JS Infrastructure,2,999179.0,2,1,1
P BUCHANNA,2,999150.0,2,1,1
SRI RAMA INFRA PROJECTS,1,999146.0,1,1,1
SHRI SIDDHI VINAYAK CONSTRUCTION COMPANY,3,999144.0,1,1,1
K Cement House,3,999136.0,1,1,1
GRAM PANCHAYAT UPANI,2,999127.0,1,1,1
V R CONSTRUCTIONSAND DEVELOPERS,1,999121.0,1,1,1
JAI SHREE SHYAM CONTRACTOR,2,999108.0,1,1,1
BUILDGOOD COUNSTRUCTION AND DOVELOPMENT,2,999104.0,1,1,1
Gram panchayat Singhanpur,2,999100.0,1,1,1
GRAM PANCHAYAT BIJARABHATHA,2,999100.0,1,1,1
SARPANCH GRAM PANCHYAT KIROL,2,999095.0,1,1,1
Thachinamoorthy,1,999052.0,1,1,1
SANTHOSH KUMAR SANGAPPA,2,999030.0,2,1,1
BHUKYA LAKSHMI,2,999017.0,2,1,1
GRAM PANCHAYAT DINDOURI CHI,3,999012.0,2,1,1
VEERAMANI S,1,999011.0,1,1,1
GRAM PANCHAYAT TARATARA MATU,2,999009.0,1,1,1
SARPANCH SACHIV GRAM PANCHAYAT KORDA,2,999003.0,1,1,1
SUSHANT DINKAR PATIL,1,999000.0,1,1,1
AKSHAY VILAS KALMAKAR,1,999000.0,1,1,1
ANAND MAJUR SAHKARI SANSTHA LTD BHIMNAGAR KOREGAON,1,999000.0,1,1,1
GRAM PANCHAYAT NAWAPARA,2,999000.0,1,1,1
PARAG SUNIL GAUD,1,999000.0,1,1,1
SDMC GOVT SCHOOL DESHWAL,2,999000.0,1,1,1
CH JAWAHAR M S S LTD CHH SAMBHAJINAGAR,1,999000.0,1,1,1
GRAM PANCHAYAT TARADEHI JP TENDUKHEDA,2,999000.0,1,1,1
BABU RAGHUNATH JI M MAHA VIDYALAY,2,999000.0,1,1,1
GRAM PANCHAYAT LOHARINDIPA,2,999000.0,1,1,1
RIDDHI VILAS PATIL,2,999000.0,1,1,1
SHASHANK PRAMOD LINGRAS,1,999000.0,1,1,1
NINAD VIKHALE,1,999000.0,1,1,1
YELGATTE NAMDEV TUKARAM,1,999000.0,1,1,1
ANIRUDDHA ARVIND MAHADIK,1,999000.0,1,1,1
OMKAR MAHESH KULKARNI,1,999000.0,1,1,1
DIPESH SUDHIR PARAB,1,999000.0,1,1,1
BALAMURUGAN S,1,998999.0,1,1,1
DURGA CONSTRUCTION COMPANY,2,998998.0,1,1,1
NARVA SRINIVAS,10,998998.0,10,1,1
ABHAY KUMAR MISHRA JE ZILA PARISHAD LATEHAR,4,998996.0,4,1,1
GRAM PANCHAYAT KOLIHADEORI,4,998994.0,2,1,1
L D TRADERS,1,998988.0,1,1,1
SUBRAMANIYAN G,1,998986.0,1,1,1
GRAM PANCHAYAT JAMDI,2,998977.0,1,1,1
T PAPATHI,1,998970.0,1,1,1
SARPANCH GRAM PANCHYAT Kikirmeta,2,998960.0,1,1,1
SURIYA CONSTRUCTION,1,998956.0,1,1,1
Gram Panchayat Lohari janpad Panchayat Nisarpur,2,998943.0,1,1,1
Manoj Murlidhar Gujar,1,998933.0,1,1,1
AMBIKA MAJOOR SAHAKARI SANSTHA MARYADIT,1,998925.0,1,1,1
GRAM PANCHAYAT SHAHWAJPUR,2,998910.0,1,1,1
RAJRATH ENTERPRISE,2,998908.0,1,1,1
Anbusundaraprimalam R,1,998908.0,1,1,1
Divya Construction Company,2,998900.0,1,1,1
Janta Majoor Sahakari Sanstha Maryadit Patoda,1,998898.0,1,1,1
Chacha Bhatija Contractor Sangod,2,998893.0,1,1,1
RAJYA VITTYA AAYOG GRAM PANCHAYAT KOHKADEVER,12,998891.0,1,1,1
AVIJIT DAS,1,998890.0,1,1,1
SRI MAHALAKSHMI BLUE METALS AND CONSTRUC TIONS,1,998871.0,1,1,1
MANISH TILES,2,998844.0,1,1,1
Guruvuthai R,1,998818.0,1,1,1
GRAM PANCHAYAT RUPAPALI,2,998800.0,1,1,1
SHREE NIMBESHWAR CONSTRUCTION COMPANY,2,998786.0,1,1,1
RICHARD A,1,998784.0,1,1,1
MANAVALAN S,1,998783.0,1,1,1
GRAM PANCHAYAT BODESRA,2,998778.0,1,1,1
TUSHAR SUBHASHRAO THAKARE,1,998775.0,1,1,1
MALAICHAMY P,2,998765.0,1,1,1
INDIAN CONSTRUCTION COMPANY,2,998749.0,1,1,1
R N CONSTRUCTION,1,998741.0,1,1,1
NAVA NAGNA GRAM PANCHAYAT,2,998722.0,2,1,1
Grampanchayat kharola,1,998705.0,1,1,1
Mohan,1,998694.0,1,1,1
SHREE AMAJ MAA TRADING COMPANY AND BUILDING MATERIAL SUPPLIERS,1,998676.0,1,1,1
SUSANTA METYA,1,998671.0,1,1,1
MANI M,1,998668.0,1,1,1
GRAM PANCHAYAT PARSULI,2,998636.0,1,1,1
Thanmaya Constructions,1,998628.0,1,1,1
Gram panchayat Devra,2,998600.0,1,1,1
Nalla Srinivasa Rao,2,998593.0,2,1,1
PRESIDENT VILLAGE LEVEL COMMITTEE ANANTHAIAHGARIPALLI GP,2,998585.0,2,1,1
T Rajalingaiah,2,998578.0,2,1,1
KARTHIKA M,1,998525.0,1,1,1
Sakthivel A,1,998508.0,1,1,1
SOPAN VITTHALRAO ZADE,1,998507.0,1,1,1
GP Chhulha,2,998500.0,1,1,1
LAXMI CONSTRUCTION COMPANY,1,998499.0,1,1,1
GANESH CONSTRUCTION CO,1,998496.0,1,1,1
Debabrata Roy,1,998477.0,1,1,1
MADHAV CONSTRUCTION COMPANY,1,998475.0,1,1,1
HAPA GRAM PANCHAYAT,2,998463.0,2,1,1
RAMKUMAR M,2,998448.0,1,1,1
GRAM PANCHAYAT MOHTARA,2,998442.0,1,1,1
SAJITHABANU,2,998438.0,2,1,1
AJITH KUMAR SHETTY,2,998425.0,2,1,2
RAJESHWARI R,1,998423.0,1,1,1
CHIKKARAJU D,2,998420.0,2,1,1
Mushtaq Ahamed,2,998417.0,2,1,1
Vejandla Ekambareswara Rao,4,998414.0,2,1,1
NEMIRAJU,8,998400.0,4,1,1
JP Lendhara,2,998398.0,1,1,1
Ms B B Construction,1,998344.0,1,1,1
Bhagwan Sahay Yadav,1,998344.0,1,1,1
GRAM PANCHAYAT AAMKHEDASUKHA,2,998328.0,1,1,1
SOHAIL KHAN ENTERPRISE,1,998312.0,1,1,1
kapoor constrution company,1,998307.0,1,1,1
JP CONSTRUCTION,9,998305.0,1,1,1
GUMMA SYAMASUNDARARAO,1,998300.0,1,1,1
GRAM PANCHAYAT CHANDI,2,998300.0,1,1,1
Gram Panchayat Ankot,3,998296.0,3,1,1
KESHAVAMURTHY,2,998296.0,2,1,1
CHAUDHARY CONSTRUCTION CO,1,998292.0,1,1,1
GRAM PANCHAYAT BHATHA,12,998286.0,2,1,1
CHOPRA ENTERPRISE,2,998279.0,1,1,1
KALAIYARASAN,1,998267.0,1,1,1
SARPANCH SACHIV GRAM PANCHAYT DHURDHURU,2,998267.0,1,1,1
K Sreenivasa reddy and co,1,998255.0,1,1,1
VIJAYALAKSHMI KAMASANI,2,998252.0,2,1,1
DHANRAJ MAJUR SAHKARI SANSTHA MARYADIT KHADKI DEOLA TQ WADWANI DIST BEED,1,998215.0,1,1,1
RANJIT CHOUDHURY,2,998207.0,1,1,1
BHUSHAN PRADIPRAO DESHMUKH,2,998197.0,1,1,1
Krishnashetti,2,998179.0,2,1,1
Ponnusamy,1,998177.0,1,1,1
P Venkatarmi Reddy,2,998164.0,2,1,1
Ch Priyadarshani Majur Sahakari Sanstha Maryadit Ratoli,2,998115.0,2,1,1
AAthavan construction,2,998112.0,1,1,1
S VELPANDI,1,998111.0,1,1,1
B CHANDRA OBUL REDDY,1,998110.0,1,1,1
SAWIN ENTERPRISE,1,998070.0,1,1,1
UPADHYAY TRADERS,2,998067.0,1,1,1
SHANKAR LAL ENTERPRISES,1,998064.0,1,1,1
P RAMADASS,1,998047.0,1,1,1
SUNDAR LAL CONTRACTOR MOONPUR,2,998015.0,1,1,1
MAA VINDHYAWASNI CONSTRUCTION,2,998012.0,1,1,1
K N CONSTRUCTION COMPANY,2,998005.0,2,1,1
GRAM PANCHAYAT SANKARI,2,998005.0,1,1,1
ANIL KUMAR JAISWAL,2,998004.0,1,1,1
GRAM PANCHAYAT KARYALAYA BERALI BK,1,998000.0,1,1,1
Mandar Sunil Mestry,2,998000.0,2,1,1
SARPANCH GRAM PANCHAYAT PIPERSATTI,2,998000.0,1,1,1
ROHIT BHARAT SAWANT,1,998000.0,1,1,1
shramsaphalya majur bandhkam sah soc ltd dolhare,1,998000.0,1,1,1
GP DHANIYA KHEDI JP SANCHI,2,998000.0,1,1,1
Gram Panchayat Bardi,2,998000.0,1,1,1
GRAM PANCHAYAT MALIYA HATINA,2,997978.0,2,1,1
gram panchyat jhadel,2,997937.0,1,1,1
JAMUNA MEHER ENTERPRISES,2,997920.0,1,1,1
SARPANCH SACHIV GRAM PANCHAYAT DHUDER,2,997901.0,1,1,1
DALBEER SINGH,1,997800.0,1,1,1
A JOHNROBERTSON,1,997784.0,1,1,1
Siva Health Care,2,997760.0,2,1,1
VISHAL CONSTRUCTION COMPANY,1,997732.0,1,1,1
KALIDAS RAMASAMY,1,997723.0,1,1,1
GRAM PANCHAYAT JANGDA,2,997712.0,1,1,1
RAJESH DNYANOBA NEVHAL,1,997697.0,1,1,1
GRAM PANCHYAT CHHATAN SGVY,4,997675.0,2,1,1
SIMHADRI AYYAPPA,2,997646.0,2,1,1
SURESH CONSTRUCTION COMPANY,2,997627.0,1,1,1
Gram Panchayat Songarh janpad Panchayat sardarpur,2,997622.0,1,1,1
RANI A,3,997610.0,3,1,1
K C Enterprises,4,997605.0,2,1,1
YAMANAPPA R MADAR,4,997605.0,2,1,1
SHYLAJA K,2,997546.0,2,1,1
CHANDRASHEKAR T N,1,997516.0,1,1,1
MANTHAN MORESHWAR JADHAV,2,997507.0,2,1,1
TAKDE RAMESH,4,997479.0,3,1,1
Asit Pradhan,2,997473.0,1,1,1
Mir Rafikul Islam,2,997453.0,1,1,1
SNEHA MAJUR KAMGAR CO OP SOCIETY LTD,1,997448.0,1,1,1
A R CONSTRUCTION,2,997444.0,1,1,1
SHRI GANAPATI MAJUR SAHAKARI SOCIETY LTD ALAKUD S,1,997373.0,1,1,1
GRAM PANCHAYAT BORTOLA,1,997334.0,1,1,1
AJAYKUMAR A,2,997309.0,2,1,1
Rourwtwn Basumatary,1,997303.0,1,1,1
SARALADEVI WORK CONTRACTS,2,997269.0,1,1,1
Shiveshwar Majoor Sahakari Sanstha Maryadit Javkheda Thombre,1,997186.0,1,1,1
Ch Balaji Majur Sahkari Sanstha Limited Kathwada,1,997184.0,1,1,1
SHIVAKUMAR B PUJAR,4,997179.0,2,1,1
KUMAR D,1,997138.0,1,1,1
Pungale Kailas Dattatray,1,997136.0,1,1,1
KASI P,2,997114.0,2,1,1
gram panchayat badagaon,2,997056.0,1,1,1
Pappu Kumar Yadav,1,997050.0,1,1,1
MANASENDRA SARKAR,1,997002.0,1,1,1
MATOSHRI MAJUR SAH SANSTHA MARYADIT,1,997000.0,1,1,1
DHIVYA K,1,996993.0,1,1,1
Digamber singh negi,2,996988.0,1,1,1
GRAM PANCHAYAT BHAGOHAR,6,996950.0,1,1,1
ESLAVATH SUNDER,2,996920.0,2,1,1
E RAMA CHANDRAIAH,1,996907.0,1,1,1
MUNDAN BROTHERS,2,996905.0,1,1,1
Kiran shashikant Gaikwad,1,996904.0,1,1,1
SUDIPTA SAHOO,2,996904.0,2,1,1
VST GLOBAL STEELS PRIVATE LIMITED,2,996872.0,2,2,1
Swami Narayan Construction,4,996866.0,2,1,1
SHRI GAJANAN MAJOOR VA BANDHKAM SAHKARI SANSTHA MARYADIT MHALSAKORE,1,996836.0,1,1,1
AZEEM CONSTRUCTION COMPANY,3,996828.0,3,1,1
BHARGAV SUMANTRAI PATEL,2,996755.0,2,1,1
Vangal Seetharami Reddy,2,996670.0,2,1,1
Moreshwar mss Ltd Rajur,1,996665.0,1,1,1
Sirigiri Adinarayana,2,996660.0,2,1,1
S SIVAKUMAR,1,996610.0,1,1,1
T SURESH KUMAR,2,996565.0,2,1,1
RAM REDDY KASALA,2,996549.0,2,1,1
PARAMADEVAN,1,996496.0,1,1,1
ANUJ KUMAR CHANDAN,3,996439.0,3,1,1
PANKAJ TULSHIRAM NAIK,1,996428.0,1,1,1
EE RURAL ENGINEERING SERVICE DN 2 RAMANUJGANJ,2,996392.0,1,1,1
R C ENTERPRISES,2,996345.0,1,1,1
Venkatrao Narsingrao Madpelliwar,1,996314.0,1,1,1
Gram Panchayat Budhi Barod,2,996291.0,1,1,1
SAGI VEERA VENKATA SATYA SAIBABA VARMA,2,996279.0,2,1,1
Jayanti Electric Co,1,996278.0,1,1,1
SAT LIGHT AND POWER,2,996240.0,2,1,1
ESLAVATH RAMESH,2,996235.0,2,1,1
JAI MAA DURGA,2,996232.0,1,1,1
RAMYA D,8,996162.0,4,1,1
B RAVI,1,996127.0,1,1,1
priyamitra MSS  ltd jalna,1,996088.0,1,1,1
VALLURU SURESH,2,996072.0,2,1,1
GRAM PANCHAYAT BARHALI TQ MUKHED,1,996000.0,1,1,1
ADITYA PRAKASH PATIL,1,996000.0,1,1,1
KHIMALIYA GRAM PANCHAYAT,2,995994.0,2,1,1
INF RAJ,2,995926.0,2,1,1
Gram Panchayat Jori Khurd,1,995899.0,1,1,1
SHRI GANESH BANDHKAM MAJUR SAHAKARI SANSTHA CHANDRAPUR,1,995892.0,1,1,1
MEERA ASSOCIATES,1,995875.0,1,1,1
MS JAI DURGA TRADERS,1,995872.0,1,1,1
Omkar Suresh Bhagwat,1,995843.0,1,1,1
Anisetty Nageswar Rao,2,995811.0,2,1,1
SURESH K R,1,995809.0,1,1,1
GRAM PANCHAYAT KRUSHNUR TQ NAIGAON,1,995786.0,1,1,1
KRISHNA BLOCK AND CONSTRUCTION DEGANA,2,995750.0,1,1,1
Buddha Singh,4,995678.0,4,1,1
Ch Pandurang MSSL Sundarwadi,1,995670.0,1,1,1
SAMRUDDHI MAJOOR SAHAKARI SANSTHA MARYADIT NASHIK,1,995650.0,1,1,1
Jay Gajanan Majur Sahakari Sanstha LTD,1,995639.0,1,1,1
GRAM PANCHAYAT ZARI,1,995623.0,1,1,1
FOR SEVA CONSTRUCTION,1,995588.0,1,1,1
SUMIT SADASHIV GORE,1,995586.0,1,1,1
SHIV DULARE GUPTA,2,995560.0,1,1,1
N S Construction,2,995543.0,2,1,1
Shiva construction co,1,995531.0,1,1,1
Indhira construction,2,995484.0,2,1,1
KHAIRE SHAILESH BABAN,1,995482.0,1,1,1
Chetak Mss ltd Borgaon bu,1,995470.0,1,1,1
YOGESHWARI MAJOOR SAHAKARI SANSTHA LIMITED MANGWADGAON,1,995447.0,1,1,1
Bodige Swamy,3,995434.0,3,1,1
Jai Hanuman MSSL Lonarwadi,1,995416.0,1,1,1
GRAM PANCHAYAT SUJLEGOAN TQ NAIGAON,1,995385.0,1,1,1
KUMBEPHAL SAHAKARI MAJUR SANSTHA MARYADIT KUMBEPHAL,1,995370.0,1,1,1
Shivrani School Prabandhan Smiti,9,995361.55,1,1,1
Digvijay Uttamrao Mohite,1,995310.0,1,1,1
UPENDER GUGULOTH,1,995272.0,1,1,1
Shrikant Majoor Sahakari Sanstha Maryadit Sonwala,1,995269.0,1,1,1
Anusaya Mahila MSS,1,995260.0,1,1,1
S VENKATESH,1,995211.0,1,1,1
JIJAI MAJOOR SAHAKARI SANSTHA LTD,1,995204.0,1,1,1
GURU CONSTRUCTIONS,2,995142.0,2,1,1
RAMESH N,1,995139.0,1,1,1
SARVESH SURYAKANT FOKANE,1,995092.0,1,1,1
Gram Panchayat Haldharu,2,995061.0,2,1,1
Bhushan Gautam Patil,1,995057.0,1,1,1
Gram Panchayat Udaypur,2,995000.0,1,1,1
Sarpanch Sachiv Gram Panchayat Devalkho,2,995000.0,1,1,1
AYAN MAHAVEER GOWADIYA,2,994972.0,1,1,1
VEER TEJA,1,994954.0,1,1,1
GP Kapisda B,4,994954.0,2,1,1
GRAMPANCHAYAT GADHE JALGAON TQ AURANGABAD,1,994942.0,1,1,1
GRAM PANCHAYAT KARYALAY SAYAL BHADRA,1,994928.0,1,1,1
CS Builders,1,994902.0,1,1,1
gram panchayat gadi barod,2,994899.0,1,1,1
SUMANT CONSTRUCTION,1,994891.0,1,1,1
SANGRAMPUR,5,994853.0,2,1,1
Rushikesh Bharat Gund,1,994800.0,1,1,1
SYED KARIMULLA,2,994778.0,2,1,1
GRAM PANCHAYAT DARRI,2,994683.0,1,1,1
Ram Dnyanadev Bhalerao,1,994661.0,1,1,1
PARAG BALIRAM SHIRSATH,1,994543.0,1,1,1
Pradeep Constructions,1,994502.0,1,1,1
Ms Jai Girraj Ji Construction,1,994474.0,1,1,1
Gavisiddappa,4,994426.0,2,1,1
GP TEMBHI,1,994395.0,1,1,1
GRAM PANCHAYAT KARYALAYA WADI BK NANDED,1,994388.0,1,1,1
M S ENTERPRISES,2,994318.0,1,1,1
Mallareddy Vutukuru,1,994273.0,1,1,1
RUBI M S S LTD,2,994220.0,2,1,1
Jyotsnarani Pradhan,1,994184.0,1,1,1
TUKAI GHADAI MAJUR SAH SANATHA LTD,2,994181.0,2,1,1
DEEPAK TOMAR,3,994139.0,3,1,1
SHIVAIAH NIRALAGI HIREMATH,4,994132.0,2,1,1
TAYAB KHAN CONTRACTOR,1,994104.0,1,1,1
SWAPNIL WASUDEO BHAKTE,1,994082.0,1,1,1
SAGAR NIVRUTTI KHUTWAD,1,994056.0,1,1,1
ASIF ALI,1,994000.0,1,1,1
NITIN DNYANDEV RADE,1,993957.0,1,1,1
Pratik Arun Satkar,1,993920.0,1,1,1
KONGANAPALLI RAVI SANKAR BABU,2,993872.0,2,1,1
OTTO BOCK HEALTHCARE INDIA PVT LTD,1,993825.0,1,1,1
SHIV CONSTRUCTICN KATSOORA,4,993645.0,2,1,1
Manoj Guniyal,1,993587.0,1,1,1
CH KESARIYAJI MSS LTD VAIJAPUR,1,993562.0,1,1,1
HASDA,4,993549.0,2,1,1
A K ENTERPRISES PROP ABHISHEK KUMAR,1,993542.0,1,1,1
Abhilash V,1,993461.0,1,1,1
SARASWATI MAJOOR SAHAKARI SANSTHA LTD,1,993417.0,1,1,1
CHAIRMAN MAHALAXMI MAJUR SAHKARI SANSTHA LTD WANEWADI TAL BARSHI,1,993405.0,1,1,1
HARIPRASAD K,2,993388.0,2,1,1
GRAMPANCHYAT SONEGHAT,1,993385.0,1,1,1
Ganga Majoor Kamgar Sahakari Sanstha Marya Biloshi,1,993381.0,1,1,1
SHUBHAM SUSHIL SHAHA,1,993369.0,1,1,1
ALLURU SRINATH REDDY,2,993282.0,2,1,1
KOTESHVAR RAO SANKRANTI,5,993245.0,5,1,1
SAHAYAK ABHIYANTA RAFIGANJ BIDHANSHABHA KSHETRA,2,993239.0,1,1,1
NURUL ABSAR,1,993182.0,1,1,1
Ms Aman Cement Store,23,993160.0,8,1,1
MOHIT EKANATH SHINDE,1,993126.0,1,1,1
SAISRADHA MAJUR SAHA SANSTHA MARYADIT ALKUTI,1,993116.0,1,1,1
VIJAYKUMAR HANAMAPPA MADAR,4,993089.0,2,1,1
Gram Panchayat Bhalpara,2,992981.0,2,1,1
L M ENTERPRISE,6,992931.0,6,1,1
ASAD SAYEED KHAN,1,992900.0,1,1,1
VISHAL SUBHASH BAGUL,1,992892.0,1,1,1
narendra and company,2,992885.0,1,1,1
GRAM PANCHAYAT GHODEZARI,1,992865.0,1,1,1
Vytal Srinivasa Chowdary,1,992839.0,1,1,1
Grampanchayat Karyalay Mangrul Tq Chh Sambhajinagar,1,992819.0,1,1,1
KANDE SRINIVASULU,1,992801.0,1,1,1
SHRI MAHALAXMI MAJUR SAHAKARI SANSTHA LTD LAXMIWADI,1,992771.0,1,1,1
Kadiyala Gopala Krishna,2,992699.0,2,1,1
Mahesh singh,3,992675.0,2,1,1
JATIN V PATIL,1,992657.0,1,1,1
RAJ KUMAR BHAGAT,1,992646.0,1,1,1
Vikas Shankarao Gore,1,992631.0,1,1,1
HARSHAL ANANTA SAMBARE,1,992591.0,1,1,1
shubham ullewad,1,992531.0,1,1,1
Akash Rajendra Kharode,1,992500.0,1,1,1
BHUPENDRASINGH BALWATSINGH BINDRA,1,992464.0,1,1,1
gram panchayat chinchgavan,1,992440.0,1,1,1
GURUNATHAN,2,992411.0,1,1,1
KAILAS BABU,2,992325.0,2,1,1
SARPANCH GRAM PANCHAYAT ADAMPUR TQ BILOLI,1,992255.0,1,1,1
BHERUNATH CONTRACTOR AND TRADERS,2,992123.0,2,1,1
TRIMURTI MAJUR BANDHKAM SAHAKARI SANSTHA,1,992018.0,1,1,1
SPORTS ORBIT EVENTS,1,992000.0,1,1,1
Jyohti Constructions,1,991965.0,1,1,1
GRAM PANCHAYAT KARYALAYA JAWALA DE LOHA,1,991949.0,1,1,1
VIKI VITHALRAO BHADE,1,991944.0,1,1,1
SARPANCH SACHIV GRAM PANCHYAT DAYALPUR,2,991930.0,1,1,1
RUSHIKESH SHIVAJI IGHE,1,991830.0,1,1,1
SRI LAKSHMI NARASIMHA ENTERPRISES,2,991810.0,2,1,1
PAVAN CHARANDAS CHAPLE,1,991750.0,1,1,1
THE PATHARVAT LABOUR CONTRACT COOPERTIVE SOCIETY,1,991691.0,1,1,1
SHUBHAM VILASRAO CHAVHAN,1,991576.0,1,1,1
PRASUN CHANDA,3,991565.0,1,1,1
BASAVARAJ,4,991522.0,2,1,2
SARPANCH GRAM PANCHAYAT SASHA,2,991511.0,1,1,1
GANESH MADHUKAR MORE,1,991449.0,1,1,1
CHANDRASHEKHAR K KATNUR,4,991407.0,2,1,1
SILU RANI NAIK,1,991382.0,1,1,1
ONKAR MAJUR SAHKARI SANSTHA MYDT JALNA,1,991254.0,1,1,1
VIKRAM RAJENDRA YAMGAR,1,991237.0,1,1,1
DK Jaiswal,2,991136.0,2,1,1
DHEERAJ KUMAR GIRI,1,991111.0,1,1,1
VASEDI JUTH GRAM PANCHAYAT,2,990925.0,2,1,1
amilal katki,2,990863.0,2,1,1
GRAM PANCHAYAT KARYALAYA NAVRANGPURA KANDHAR NANDED,1,990848.0,1,1,1
gunmala construction,1,990833.0,1,1,1
Nagaraj Gosal,2,990673.0,2,1,1
Renuka Mata MSS Salegaon Ner,1,990568.0,1,1,1
Manjunath S Pawar,2,990566.0,2,1,1
Gramsevk Gramnidhi G K MokHandi tq Umri,1,990463.0,1,1,1
Indrayani Majur Sahakari Sanstha Maryadit,1,990415.0,1,1,1
P Haribabu Reddy,2,990300.0,2,1,1
THE RR COOPERATIVE LABOUR AND CONSTRUCTION,3,990271.0,3,1,1
Vividh Vikas Yojana G P Ashti Tq Hadgaon,2,990163.0,2,1,1
ASHISH DEVRAO MASNE,1,990124.0,1,1,1
BAYAN CONSTRUCTION,4,990120.0,2,1,1
SANJIV CONSTRUCTION,2,990069.0,2,1,1
GRAM NIDHI GRAMPANCHAYAT MUBARAKPUR,1,990018.0,1,1,1
NARAYANPUR,3,990001.0,2,1,1
AMRIT KALASH,1,990000.0,1,1,1
NAGESWAR DAS,1,990000.0,1,1,1
VC Kanghmun,2,990000.0,1,1,1
NILIMA MOHANTY,2,990000.0,1,1,1
Aarti Enterprises,1,990000.0,1,1,1
ABBULA MALLA GOUD,2,989999.0,2,1,1
Sar Schiv Silwati rampur,2,989971.0,1,1,1
TINKAJ ENTERPRISES Prop Tinkaj Kumar Singh,1,989945.0,1,1,1
RINKESH KUMAR,1,989873.0,1,1,1
MANOJ KUMAR PASWAN,1,989857.0,1,1,1
Ummed Enterprises,2,989854.0,2,1,1
R PRAKASH ELECTRICAL AND ENGINEERS NASIK,1,989844.0,1,1,1
Dhiraj Ananta Ghodvinde,1,989838.0,1,1,1
Sarpanch Secretary Gram Panchayat Badrikheda,2,989836.0,1,1,1
HIVRA M S S LTD CHHATRAPATI SAMBHAJINAGAR,1,989809.0,1,1,1
VEDANT ENTERPRISES PROP RANJEET KUMAR,1,989751.0,1,1,1
Atmanand Mss ltd Avana,1,989553.0,1,1,1
BHANWAR LAL GURJAR,2,989511.0,2,1,1
RAWAN,2,989506.0,1,1,1
DINKAR SOPAN JAGTAP,1,989500.0,1,1,1
NEW SAGAR MAJOOR VA BHANDHKAM SAHAKARI SANSTHA MARYADIT,1,989500.0,1,1,1
DK ENTERPRISES,2,989459.0,1,1,1
AJING Enterprise,1,989426.0,1,1,1
SATENDRA SINGH,1,989418.0,1,1,1
MR K DHARANI PRAKASH,2,989383.0,2,1,1
Gram Panchayat Koulinja,4,989360.0,2,1,1
SUDHAKAR S,4,989354.0,2,1,1
RAJU DOLEY,8,989328.0,2,1,1
sar schiv patan,2,989305.0,1,1,1
Dinesh Kumar,1,989200.0,1,1,1
GRAMNIDHI GRAMPANCHAYAT KAUTHAL,1,989166.0,1,1,1
Prince kumar,1,989098.0,1,1,1
yashraj kashinath pashte,1,989052.0,1,1,1
J M CONSTRUCTION AND SUPPLIERS,2,989024.0,1,1,1
RAIKHEDI,6,989000.0,2,1,1
AKSHAY MAJOOR SAHAKARI SANSTHA MARYADIT,1,989000.0,1,1,1
SONALI RAJARAM KAPADI,1,989000.0,1,1,1
TRAMBAKRAJ KRUPA MAJUR BANDHAKAM SAH SANSTHA MARYA PIMPALAJ,1,989000.0,1,1,1
SHRAMIK MAJOOR BANDHKAM SAHAKARI SANSTHA MARYA,1,989000.0,1,1,1
Kantamsetti Ayyappa Swamy,2,988999.0,2,1,1
MAJI ENTERPRISE,2,988961.0,2,1,1
Grampanchayat Karyalay Vilegaon Tq Deoni,1,988936.0,1,1,1
SRI VINAYAKA CONSTRUCTIONS,1,988795.0,1,1,1
AHMED ENTERPRISE,8,988746.0,3,2,2
MANIKANT KUMAR,1,988705.0,1,1,1
GRAMPANCHAYAT PATHARDI,1,988642.0,1,1,1
OM MAJUR SAHAKARI SANSTHA LTD,1,988619.0,1,1,1
GRAM PANCHYAT NAWAGOAN TE SGVY,4,988524.0,2,1,1
KAARTHIKEYAN S,2,988441.0,2,1,1
V2 VENTURES,2,988433.0,2,1,1
T Sai Sumanth Reddy,3,988402.0,3,1,1
DIPTIMAYEE PRADHAN,2,988365.0,2,1,1
AHSHAN CONSTRUCTION AND SUPPLIERS,2,988259.0,1,1,1
C Navaneethakrishnan,1,988213.0,1,1,1
CHETAN RAJENDRA DHANMEHER,1,988204.0,1,1,1
MAAHENDAR CONSTRUCTION COMPANY,2,988188.0,1,1,1
Sagar Kashinath Dalvi,1,988107.0,1,1,1
Bommarati Sai Krishna,1,988075.0,1,1,1
SANTOSH SHAMRAO INGALE,2,988046.0,1,1,1
Sanjay Tarachand Jadhav,1,988035.0,1,1,1
SUJAY SUNIL AROTE,1,988000.0,1,1,1
RAHUL WAGH,1,988000.0,1,1,1
JAI MAA CONSTRACTION AND SUPPLIERS,1,987865.0,1,1,1
VIDYUT VITRAN KHAND BALDIRAI,1,987802.0,1,1,1
PRATIK MANGESH KAJALE,1,987716.0,1,1,1
GRAMNIDHI GRAMPANCHAYAT WARUD,1,987710.0,1,1,1
SHRISHAIL BUDDAPPA HONNAKORE,4,987699.0,2,1,1
GRAM PACNHAYAT PINJAR,2,987685.0,1,1,1
Asha Traders Prop Sunita Jaiswal,1,987675.0,1,1,1
SHRI GAJANAN MAJUR SAHKARI SANSTHA LTD SOLAPUR,1,987578.0,1,1,1
SAMANYA FUND G P PIWANDAL,2,987554.0,1,1,1
NARENDRA SOPAN THOKAL,1,987534.0,1,1,1
GRAMPANCHAYAT RUSTAMABAD,2,987502.0,1,1,1
GENERAL FUND GRAM PANCHAYAT SAVARKHED,2,987461.0,1,1,1
MBM PROJECTS AND SERVICES PRIVATE LIMITED,2,987412.0,2,1,1
SHABARI CONSTRUCTIONS,2,987115.0,2,1,1
Kollati Veera Swamy Naidu,2,987072.0,2,1,1
SEC DPC AND S E O AND M MPPKVVCL PANNA,1,987066.0,1,1,1
SARPANCHA SACHIV G P KARALA BK,1,987005.0,1,1,1
JAYESH SHAHAJI GHUGE,1,986993.0,1,1,1
DHARAM TRADERS,2,986989.0,2,1,1
Khaiser,1,986981.0,1,1,1
GRAM PANCHAYAT GHOTA,1,986977.0,1,1,1
GP KHERDA BK STHANIK VIKAS NIDHI,1,986945.0,1,1,1
PHUTELA COMPUTER KINGDOM,1,986944.0,1,1,1
AAVANI ENTERPRISES,1,986935.0,1,1,1
DINESH RAMBHAU CHORE,1,986906.0,1,1,1
GRAM PANCHAYAT JALALABAD GEN FUND,1,986905.0,1,1,1
K SRINIVASULU,2,986851.0,2,1,2
SARAPANCH GRAM PANCHAYAT DONDEKALA,2,986792.0,1,1,1
SARPANCH GRAM PANCHAYAT WADGAON,1,986743.0,1,1,1
SRI RAJ PASWAN,1,986616.0,1,1,1
SHREE NIWAS FURNITURE,35,986616.0,1,1,1
Ch Deepali MSS Ltd,1,986613.0,1,1,1
GP KOPRA JA,1,986561.0,1,1,1
SAMANYA NIDHI SAR SACHIV GP KANHERI SARA,1,986385.0,1,1,1
ASSISTANT ENGINEER SAHEBPURKAMAL,1,986375.0,1,1,1
Gram Panchayat Sirapalli Tq Himayatnagar,1,986317.0,1,1,1
GYALCHEN TAMANG,2,986299.0,2,1,1
sanaya construction company,2,986163.0,1,1,1
SAGAR RAJARAM MATALE,1,986000.0,1,1,1
MANOJ BALKRISHNA SONAVANE,1,986000.0,1,1,1
SEC GR PAN TALEGAON BK,1,985973.0,1,1,1
GRAM PANCHAYAT KARYALAYA LIMBGAON,1,985937.0,1,1,1
SHUBHAM GHANSHYAM YENURKAR,1,985923.0,1,1,1
GRAM PANCHAYAT GAMADI,4,985900.0,4,1,1
RUSHABH RAMESH JAGTAP,1,985879.0,1,1,1
BHARATH CONSTRUCTION,2,985853.0,2,1,1
Gram Panchayat Dorli tq Bhokar,1,985780.0,1,1,1
SHRI BALAJI MAJUR VA BANDHKAM SAHAKARI SANSTHA,1,985764.0,1,1,1
Gram Panchayat Mouhapali,4,985713.0,2,1,1
GRAM PANCHAYAT BHENDIMAHAL,2,985659.0,1,1,1
RAKESH KUMAR SINGH,1,985540.0,1,1,1
Manas Ramesh Desale,2,985312.0,2,1,1
THE JD CONSTRUCTION CO OP L AND C SOCIETY LTD,2,985257.0,1,1,1
MS DORMOM ENTERPRISES,2,985228.0,1,1,1
Aditya Santosh Deshmukh,2,985076.0,2,1,1
Susila Muthuraman,1,985068.0,1,1,1
BOSS ENTERPRISES,26,984932.0,26,1,1
GRAM PANCHYAT KONDRUNJ,1,984900.0,1,1,1
Atul Ashok Kadam,1,984726.0,1,1,1
GRAMPANCHAYAT KOTHA  SARPANCH SACHIV,1,984714.0,1,1,1
SARPANCH GRAM PANCHAYAT DURPA,2,984661.0,1,1,1
SARPANCH SACHIV GRAM BHATKULI RENU,1,984594.0,1,1,1
UP NEDA,1,984518.0,1,1,1
Suraj Nandkumar Mogre,1,984512.0,1,1,1
DEVILAL MODPATEL,2,984429.0,1,1,1
GRAM PANCHAYAT DHANORA GEN FUND JOIN,1,984417.0,1,1,1
SIYARAM CLOTH STORE,3,984150.0,1,1,1
Kushal Konch,2,983975.0,1,1,1
balajie infrastructurre,1,983943.0,1,1,1
RAJ KUMAR SHARMA,2,983939.0,2,1,1
RAMESH PRASAD MISHRA,1,983914.0,1,1,1
Haroon Ahmad Zargar,6,983894.0,6,1,1
KRISHNA BRICKS,1,983854.0,1,1,1
PINKI KRISHI UDYAMI SEVA KENDRA  PROP PINKI KUMARI,1,983675.0,1,1,1
Krishna Traders,3,983583.0,2,2,2
VIRPAR GRAM PANCHAYAT,2,983461.0,2,1,2
jeetendra singh,1,983446.0,1,1,1
RUBY ENTERPRISE,1,983304.0,1,1,1
Gram panchayat parabhavai,1,983250.0,1,1,1
M Venkaiah Naidu,2,982823.0,2,1,1
gram panchayat Netanar 1,2,982809.0,1,1,1
GRAM PANCHAYAT HATKONGERA,2,982742.0,1,1,1
MR LAXMAN RAJAIAH,1,982534.0,1,1,1
GRAMPANCHAYAT KARYALAY LAKHPURI,1,982424.0,1,1,1
Akansha Construction,1,982398.0,1,1,1
K RAMESH NAIDU,3,982380.0,3,1,1
Yenakandla Chinna Ramanjaneyulu,2,982168.0,2,1,1
THE BAJRUR CO OP L C SOCITEY LTD,2,982000.0,1,1,1
Kedarnath Basvant Manurkar Kolhapur,1,981834.0,1,1,1
BPA CONSTRUCTION,1,981780.0,1,1,1
VLWC President Thimmasamudram,2,981744.0,2,1,1
SARPANCH GRAMSEVAK GRAMPANCHAYAT REL TQ KANNAD,1,981269.0,1,1,1
grampanchayat chanakapur,1,981253.0,1,1,1
PRAVIN GANESHRAO PARANDE,1,980871.0,1,1,1
SENAPATI VENKATA PRASAD,2,980626.0,2,1,1
KUKATI KAILASAM,2,980616.0,2,1,1
SAMIR BANERJEE,1,980414.0,1,1,1
MAHENDAR CONSTRUCTION COMPANY,2,980408.0,1,1,1
JAYAPRAKASHAN THOTHAN,1,980140.0,1,1,1
ROOP NARAYAN SAINI,2,980087.0,2,1,1
YMA Sub Headquarters Hnahthial,2,980000.0,1,1,1
YELSHETTIAPPAGOUDA,4,980000.0,2,1,1
Zohmingliana Care Of Tuithiang Local Council,2,980000.0,1,1,1
KUMARAVEL G,1,980000.0,1,1,1
MUP Vaivakawn,2,980000.0,1,1,1
vaibhav m k sah soc lenad,1,979651.0,1,1,1
COMPUTER HOUSE,5,979636.0,5,1,1
The S and R Group Cooperative Labour And Construction Society Limited Kaithal,2,979629.0,2,1,1
NATVARGADH GRAM PANCHAYAT SVABHANDOL,2,979541.0,2,1,1
RAJU GANANPATI ZIPARE,2,979230.0,1,1,1
AVINASH TATYASAHEB KHAMGAL,1,979222.0,1,1,1
Shivraj Vidut Mazur V Badhkam Sanstha Ma,1,979000.0,1,1,1
PITLA SRINIVAS,3,978956.0,3,1,1
The Devi Luxmi Co Operative Labour and Construction Society Limited,2,978948.0,2,1,1
RAVI CONSTRUCTION ASHOK KUMAR SONKAR,1,978928.0,1,1,1
SHAKKARAVARTHY SUMATHI,1,978693.0,1,1,1
GANESH SOMNATH AVHAD,1,978000.0,1,1,1
RKM ELECTRICALS,2,977964.0,1,1,1
MS Gouri Bidyut Construction,1,977734.0,1,1,1
DATTA MAJUR KAMGAR SAHKARI SANSTHA LINGI,1,977605.0,1,1,1
M SRINIVASAN,1,977593.0,1,1,1
Chittiboina Padmavathi,2,977295.0,2,1,1
A Cube Enterprise,1,977041.0,1,1,1
Government ENT Hospital,3,977000.0,3,1,1
SECRETARY G.P. NAYGAON,1,976825.0,1,1,1
KHAN BUILDERS,2,976734.0,2,1,1
MA SARODA ENTERPRISE,2,976364.0,1,1,1
GRAM PANCHAYAT KANZARA 14TH  FINANCE COMMISSION,1,976283.0,1,1,1
Swaroop Bhauso More,2,976199.0,2,1,1
Maal Construction Company,1,976185.0,1,1,1
JJ SOLAR LIMITED,1,976000.0,1,1,1
BAHANAGA BLOCK JUNIOR ENGINEER IV,9,976000.0,9,1,1
BALAJI CONSTRUCTION,4,975944.0,2,1,1
Executive Engineer Rural Engineering Service Division Mahasamund,2,975476.0,1,1,1
SHREE  KRISHNA INFRASTRUCTURE,1,975470.0,1,1,1
S DILIP KUMAR REDDY,2,975046.0,2,1,1
GRAMIN VIKAS EVAM JANSEVA SANSTHAN,1,975000.0,1,1,1
GP BAWADIYACHOR IC,2,975000.0,1,1,1
GRAM PANCHAYAT AMBHETA,3,975000.0,3,1,1
Gram Panchayat Mangaladevi,1,974999.0,1,1,1
MS KUSUM CONSTRUCTION COMPANY,4,974969.0,1,1,1
GRAMIN PANI PURWATHA,1,974910.0,1,1,1
SHAMSUDHEEN MP,1,974894.0,1,1,1
ASST ENGINEER II BASANTA BEHERA,3,974890.0,3,1,1
NOVA SPORTS AND FITNESS,2,974877.0,2,1,2
walunje shubham dhondiram,1,974667.0,1,1,1
Om Enterprises,1,974340.0,1,1,1
GRAM PANCHAYAT SHELGAON CHATRI TQ NAIGAON,1,973968.0,1,1,1
pushpa majoor k s sty,1,973886.0,1,1,1
SHIVARI MAJOOR SAHAKARI SANSTHA MARYADIT OROS,1,973750.0,1,1,1
Aadhar Mss ltd Dhoksal,1,973654.0,1,1,1
Devidas Keshav Vishe,1,973636.0,1,1,1
AINISH CONSTRUCTIONS PRIVATE LIMITED,3,973578.0,3,1,1
SAJEEDHUSSAIN I SHAIKH,2,973505.0,1,1,1
SHIVCHARAN SHRIRAM RATHOD,1,973361.0,1,1,1
Dinesh kumar,2,973266.0,1,1,1
SAMARTH ENTERPRISES,3,973155.0,3,1,1
AK TRADERS AND COMPANY,1,972926.0,1,1,1
PM ADARSHGRAM YOJNA G P SAMSHERPUR,1,972751.0,1,1,1
Chintapalli Durga Raghunath,2,972649.0,2,1,1
GRAMPANCHAYAT WADGSAON MENDHE TAJNAPUR,1,972537.0,1,1,1
MS GAJENDRA SINGH CONTRACTOR,2,972321.0,1,1,1
PRAVEENA YENNAPUSALA,2,972281.0,2,1,1
KOTTALA RAMI REDDY,2,972267.0,2,1,1
GRAM PANCHAYAT DURGWADA,1,972077.0,1,1,1
R Rajasekhar,1,971970.0,1,1,1
Kuna Balakrishna,2,971735.0,2,1,1
UNTADI GRAM PANCHAYAT,2,971507.0,2,1,1
Tilak Raj,2,971500.0,2,1,1
RANGDAS SWAMI M S S LTD POKHARI,1,971493.0,1,1,1
SARPANCH SACHIV G P DANAPUR SAMAYNA FUND,1,971247.0,1,1,1
Om Sree Raghavendra Borewells,4,971172.0,4,1,1
Bhawani construction Company dhani boraj,1,971089.0,1,1,1
GRAMPANCHAYAT S F GADEGAON,1,970977.0,1,1,1
GRAMPANCHAYAT LAMKANI,1,970928.0,1,1,1
ABHISHEK KUMAR,2,970870.0,1,1,1
GRAMPANCHAYAT S F NIMBHA,1,970750.0,1,1,1
Bandita Nayak JE,2,970659.0,1,1,1
PRATIBHA M S S LTD,1,970505.0,1,1,1
ABDUL MAJEED,3,970500.0,3,1,1
Dipak Mahadeorao Padolkar,1,970479.0,1,1,1
KAKAR ASSOCIATES,3,970249.0,3,1,2
C A SAIDALAVI,1,970000.0,1,1,1
Raja Rajeswari Constructions,2,969795.0,2,1,1
Dhirendra C Patel,5,969742.0,5,1,1
The Sharda co op l and c society ltd,1,968937.0,1,1,1
SANDEEP ARJUN PATIL,2,968831.0,1,1,1
syed Jameel,1,968576.0,1,1,1
DHANOLAXMI ENTERPRISES,1,968474.0,1,1,1
SHRI SHYAM CONTRACTOR,2,968337.0,1,1,1
Malewadi MSS Ltd Malewadi Tal Pathardi,1,968030.0,1,1,1
Drukgyal Lepcha AE,1,967875.0,1,1,1
vishal vilas gholap,2,967470.0,2,1,1
K NIRMALA,2,967401.0,2,1,1
MS MANVI ENTERPRISES,1,967200.0,1,1,1
BOLLU MURALI,2,967082.0,2,1,1
GROUP GRAM PANCHAYAT PATWAN,2,967000.0,2,1,1
Prem Enterprises,2,966966.0,2,1,1
Palash Premchand Musale,1,966539.0,1,1,1
SHREE GANESH CONSTRUCTION,2,966133.0,1,1,1
Assistant Engineer,2,966057.0,2,2,2
SHUBHAM VIJAYRAO GADBAIL,1,966044.0,1,1,1
R Premkumar,1,965991.0,1,1,1
SARPANCH GRAM PANCHAYAT DEMAR,4,965921.0,2,1,1
Revansidha majur sahakari sanstha,1,965905.0,1,1,1
DE OP TSNPDCL KNR,4,965533.0,4,1,1
NDHRITI ENTERPRISE,3,965384.0,3,1,1
RK ENTERPRISE,8,964973.0,2,1,1
Sai Ram Infra,2,964857.0,2,1,1
THE BADAMI COOP LC SOCIETY LTD,2,964803.0,1,1,1
LAL SINGH JALAL,1,964470.0,1,1,1
M UDAY KIRAN GOUD,2,964407.0,2,1,1
WALMIK VISHWANATH PAWAR,1,964272.0,1,1,1
VISHAL KUMAR SHARMA,6,964181.0,3,1,1
BHAVESH KUMAR,1,963929.0,1,1,1
HEMRAJ GURJAR,2,963817.0,2,1,1
MADINA PRADEEP,2,963673.0,2,1,1
Ansari Electricals,1,963514.0,1,1,1
Satish Kumar Contractor,2,963481.0,2,1,1
P P MUSTHAFA,1,963352.0,1,1,1
Gram Panchayat Gangarbada,3,963238.0,2,1,1
jvvnl talera,1,962545.0,1,1,1
ADHVIKA MAJUR SAHKARI SANSTH MARYA MEHENDURI,2,962300.0,2,1,1
Momaji Company,2,962236.0,1,1,1
Royal Coop L and C Society,2,962209.0,1,1,1
ADAPALA SRIDHAR REDDY,2,961985.0,2,1,1
SARPANCH SACHIV KODAR,8,961823.0,5,1,1
GOVERDHAN ENTERPRISES,2,961823.0,1,1,1
MS North East Information Technology,1,961762.0,1,1,1
Sudarshan TilesIndustries,22,961119.0,4,1,1
PAWAN ANANTU JARIYE,1,961000.0,1,1,1
SRS CO,1,960819.0,1,1,1
Mrs Rashu Sharma Wo Akshay Kumar Ro Haldnu Thopal Batote Tehsil Batote District Ramban Contractor,6,960800.0,6,1,1
S S ENTERPRISES,4,960310.0,3,1,1
TUMMALA SRINIVASA RAO,1,960056.0,1,1,1
GRAM PANCHAYAT MASANIYAKALA,2,960000.0,1,1,1
THE GHAGGAR COP L C SOCIETY LTD ROPAR R,2,959535.0,1,1,1
PAWAN KUMAR JAIN,1,959500.0,1,1,1
M CHENCHI REDDY,2,959252.0,2,1,1
Naresh Kumar Gupta,1,959236.0,1,1,1
MITASMITA MAHAPATRA,7,958875.0,7,1,1
B SRIDHAR,2,958870.0,2,1,1
S ANILKUMAR,1,958811.0,1,1,1
LAKSHMI NARASIMHA SWAMY CONSTRUCTION,1,958745.0,1,1,1
CRYSTAL GROUP OF CONSTRUCTION,15,958670.0,6,1,1
THE BHARAT LABOUR AND CONSTRUCTION SOCIETY LTD PUNDRI,2,958150.0,1,1,1
RANJIT KUMAR BALABANTARAY,3,957821.0,2,1,1
AM ASSOCIATES,1,957766.0,1,1,1
Tenzing Tshering Sherpa,1,957317.0,1,1,1
ARDHVIKA TRADING COMPANY,3,957077.0,3,1,1
NARAYAN SINGH DEVENDA,2,957063.0,1,1,1
PRASANT KUMAR SAHOO,3,956453.0,3,1,1
Sai Manjula Agencies,3,956424.0,3,1,1
RABIN DUTTA,3,955973.0,3,1,1
RAM PUKAR SINGH,1,955822.0,1,1,1
JITENDRA FOUJLAL MANE,1,955761.0,1,1,1
Padavala Gram Panchayat,2,955465.0,2,1,1
SHREE BARAH KHAMBA STONES,1,955260.0,1,1,1
aashi construction and supplier,1,954936.0,1,1,1
LAKSHY ENTERPRISES,1,954701.0,1,1,1
renuka enterprise,4,954670.0,4,1,1
Mokirala Madhu Vamshi krishna,3,954384.0,2,1,1
DAMA SIVA BABU,2,954140.0,2,1,1
AALYA CONSTRUCTION,2,953898.0,1,1,1
V K CONSTRUCTION,3,953643.0,2,1,1
THE NAKKI CO OP LC SOCIETY LTD,2,953382.0,1,1,1
LEO FORSE LED LIGHTS,1,953186.0,1,1,1
KUSANTINI PING JE,3,953151.0,3,1,1
MANORANJAN BEHERA JE,2,953136.0,2,1,1
GRAM PANCHAYAT BAMANPUR,2,953118.0,1,1,1
SHRI HINGLAJ ENTERPRISES,3,953040.0,2,1,1
R S Enterprise,1,952681.0,1,1,1
THE YASHIKA CO,2,952036.0,2,1,1
SAHEB KHA HAMID KHAN,1,952000.0,1,1,1
puran singh,8,951700.0,8,2,2
VARSHA MAJOOR SAH SANTHA AMRAVATI,1,951150.0,1,1,1
S  KARUNANITHI,2,950810.0,2,1,1
SHIVANAND JANARDHAN NAGRE,1,950247.0,1,1,1
Gunjeshwar Upadhayay Kanya Intermediate collage samiti,2,950000.0,1,1,1
Navakhijadiya Gramapanchayat,3,950000.0,3,1,1
SHRI LALITHAMBIGAI CONSTRUCTION,1,950000.0,1,1,1
MUKESH KUMAR BEHERA,1,950000.0,1,1,1
KHAN ENTERPRISE,4,950000.0,4,1,1
NIRANJAN PANDA,2,950000.0,1,1,1
Shihora juth gram panchayat,2,950000.0,2,1,1
MDFA,2,950000.0,1,1,1
JP INTERMEDIATE COLLEGE,2,950000.0,1,1,1
Jashpur Gram Panchayat,3,950000.0,3,1,1
SARPANCH GRAM PANCHAYAT KODAPAR,2,950000.0,1,1,1
Block Development Office Narkanda Lok Sabha,4,950000.0,4,1,1
ANITA SENAPATI,1,950000.0,1,1,1
GRAM PANCHAYAT HARDI,4,949800.0,3,1,2
Rajakumar,2,949797.0,2,1,1
P D Construction,2,949777.0,2,1,1
MURUGAIYAN K,1,949723.0,1,1,1
Triveni bal Vikash shikshan Sansthan,2,949708.0,1,1,1
Aadirudhan Construction,1,949670.0,1,1,1
Manimuthu,1,949670.0,1,1,1
KHURSID AHMED,2,949601.0,2,1,1
R MESHACK,2,949545.0,2,1,1
SASTHA ELECTRICAL WORKS,2,949524.0,2,1,1
PONNIAMMAN ENTERPRISES,2,949494.0,2,1,1
GRAM PANCHAYAT NANDIDA,3,949471.0,3,1,1
RENGAMMAL,1,949258.0,1,1,1
GRAM PANCHAYAT GODAHI,16,949226.0,2,1,1
MD BENAJEER AJMAL ANSARI JE NREP LATEHAR,4,949175.0,4,1,1
MS USHOSREE CONSTRUCTION,2,949000.0,1,1,1
jai maa bhawani construction,3,948923.0,3,1,1
NARESH AVALA,2,948775.0,2,1,1
Mayur Ankush Ghorpade,1,948550.0,1,1,1
BANUMATHI RAMANATHAN,3,948142.0,1,1,1
vikash construction  and suppliers,1,948137.0,1,1,1
Karthick G,2,948083.0,1,1,1
MEDO JAL AND SWACHATA SAMITI,1,948000.0,1,1,1
SAGAR BHASKAR KOLHE,1,948000.0,1,1,1
SIVANESH T,1,947982.0,1,1,1
Kundu Brothers Co Op L and C Society,1,947837.0,1,1,1
SHREE BALAJI ENTERPRISES,12,946874.0,12,2,3
Swastika Rai Sharma,2,946359.0,2,1,1
Hareram Construction And Materail Supplier,5,946320.0,4,1,1
SKN Construction Company,2,946253.0,2,1,1
THE HARSIT COOPERATIVE LABOUR AND CONSTR,2,945264.0,1,1,1
SALLEPALLE VENKATA RAMI REDDY,2,944962.0,2,1,1
Marimuthu,2,944896.0,1,1,1
Devarajan S,1,944811.0,1,1,1
WEST BENGAL MEDICAL SERVICES CORPORATION LIMITED,3,944266.0,2,1,1
SEBASTIAN V C,1,944224.0,1,1,1
RADHE KRISHNA CONSTRUCTION JALORE,1,944199.0,1,1,1
Gram Panchayat Dharchana,1,944126.0,1,1,1
TAPAS MONDAL,1,943935.0,1,1,1
Sapan Kharga,2,943928.0,2,1,1
Shubham Ramdas Zade,1,943737.0,1,1,1
JAIN RAJ,1,943191.0,1,1,1
M MAHAKUMAR,1,943078.0,1,1,1
NALLASAMY M,1,942991.0,1,1,1
PRADEEPA P,2,942865.0,1,1,1
H V PRAKASH REDDY,3,942792.0,3,1,1
Oorkavala Chakravarthy,1,942706.0,1,1,1
Debendra Prasad Mohapatra,6,942598.0,6,1,1
Shri Arjun Gurung,1,942409.0,1,1,1
Raunak Enter Prises,1,941914.0,1,1,1
KAMALAKANTA BASKEY,4,941880.0,3,1,1
SANDIP SAMPATRAO SHINGADE,1,941831.0,1,1,1
Sarpanh gram panchyat ilmidi,2,941640.0,1,1,1
Gram Panchayat Takhlakhurd,5,941337.0,1,1,1
MANIMUTHU A,1,941244.0,1,1,1
JALLI VENKATA ANIL KUMAR,1,941162.0,1,1,1
AMIYA KUMAR PANDA,4,940842.0,4,1,1
AVIK SARKAR,1,940830.0,1,1,1
Gram Panchayat bhanpur,3,940461.0,3,1,1
Pankaj Saikia,2,940219.0,1,1,1
GRAM PANCHAYAT TARDA MULBHOOT,4,940000.0,2,1,1
M C Shimla Lok Sabha,4,940000.0,4,1,1
Bhagwan Baba Mss Ltd Manepuri,1,939770.0,1,1,1
RAKESH YADAV SON OF MAHANGU YADAV,1,939599.0,1,1,1
Bluecon India,2,939204.0,2,1,1
Simla Cool Makers,2,939132.0,2,1,1
RAKESH KUMAR,7,938752.0,6,3,5
CEO Janpad Panchayat Sendhwa,2,938440.0,2,1,1
ATHARVA NURSING AND PARAMEDICAL COLLEGE,1,938055.0,1,1,1
MAROJU SILPA,3,937851.0,3,1,1
SHRIDHARA AMIN,2,937699.0,2,1,1
TUSHAR DNYANDEO RASAL,1,936871.0,1,1,1
Dyamanna Basappa Waddar,7,936447.0,4,1,1
SAMPATTI MEMORIAL GRAMIN VIKAS TRUST,2,936445.0,2,1,1
POWER TOOLS AND ENGINEERING,2,936444.0,2,1,1
S Uday Kumar,2,936277.0,2,1,1
SELVI SONAI,1,936274.0,1,1,1
R BAGYALAKSHMI,2,936013.0,1,1,1
TAWARI CONSTRUCTION,1,934714.0,1,1,1
SPYVISION SOLUTIONS AND TECHNOLOGY PVT LTD,1,934620.0,1,1,1
BAJRANG CONSTRUCTION COMPANY KUKUNWALI,1,934151.0,1,1,1
THE BABA MUKHRAM DAS CO OPERATIVE L AND C SOCIETY LIMITED UMRAWAT,1,934071.0,1,1,1
gurudev construction,4,933989.0,2,1,1
THE BABA SITARAM CO OP L AND C SOCIETY,1,933487.0,1,1,1
Harikrishnan Constructions,1,933000.0,1,1,1
Rakesh Kumar Contractor,2,931939.0,1,1,1
HARSHIT MATERIYAL SUPPLIER,10,931100.0,2,1,1
Keshab Chandra Beherdalei,1,931000.0,1,1,1
P KANNAN,1,930818.0,1,1,1
PIYUSH ELECTRICALS,2,930488.0,2,1,1
M P Constructions,2,930000.0,2,1,1
BISWA JIT GOGOI,14,929835.0,7,1,1
Nenawath Ravinder,2,929242.0,2,1,1
VIJAYBHAI ATTARDE,1,929038.0,1,1,1
TEJASHRI VITTHAL PATIL,1,928874.0,1,1,1
SHRI SHYAM CONSTRUCTION,2,928675.0,2,1,1
LAKSHMI INDUSTRIES,1,928530.0,1,1,1
K M C ENTERPRISE,3,928403.0,3,1,1
THE KHEHRA CO OP LC SOCIETY LTD,2,928352.0,2,1,1
JOHNSON JOSE,3,928165.0,3,1,1
T ASHOK KUMAR,1,927899.0,1,1,1
Shri Radhey Enterprises,1,927890.0,1,1,1
RAHMAT AND COMPANY,1,927621.0,1,1,1
BRAHMAPUTRA ENTERPRISE,8,926905.0,3,1,1
Rajeev Kumar singh,2,926588.0,1,1,1
Dnyneshwar Ramji Bhanderkar,1,926097.0,1,1,1
N S CONTRACTOR,1,925835.0,1,1,1
RAGHVEER SINGH JANGID CONTRCTOR,3,925600.0,3,1,1
SHIV SHAKTI TRADERS,3,925565.0,3,3,3
Yelma Kalyan Reddy,2,925027.0,2,1,1
RAJU SHARMA,12,925000.0,12,1,1
AVICHAL TRADERS,1,925000.0,1,1,1
POSANPALLY ESHWAR REDDY,1,924920.0,1,1,1
SAJID K A,2,924898.0,2,1,1
GRAM PANCHAYAT NOGAMA,3,924742.0,3,1,2
SAMAY SACHIN KASLIWAL,1,924462.0,1,1,1
TARASAVA JUTH GRAM PANCHAYAT,2,924000.0,2,1,1
RAHUL SANTOSH BACHHAV,1,923569.0,1,1,1
DEWAN FOURWHEELS PVT LTD,1,923300.0,1,1,1
MAA VINDHYAWASINI CONSTRUCTION,1,922406.0,1,1,1
RAHUL VISHWANATH AAGE,1,922260.0,1,1,1
The Maa Shakumbhari CoOp L and C Society LTD,2,920827.0,1,1,1
M Anand,3,920492.0,3,1,1
TEJ SINGH CONTRACTOR,2,920482.0,2,1,1
A S Enterprises,4,920147.0,3,1,1
Rajan Varghese,3,920083.0,3,1,1
CREATIVE DESIGN,1,919806.0,1,1,1
Gram Panchayat Nadiya,1,919550.0,1,1,1
Laxmanrao Dhobale Majur Sahakari Sanstha Ltd,1,919303.0,1,1,1
HARADHAN ENTERPRISE,3,919239.0,3,1,1
SANDEEP SHARMA,2,918954.0,2,1,2
JHALANI MOTORS,1,918890.0,1,1,1
RAJIV SINGH,1,918040.0,1,1,1
shree pitra krpa,2,917947.0,1,1,1
ARVIND SINGH CONTRACTOR,1,917450.0,1,1,1
JIJO VARGHESE,3,917387.0,3,1,1
The Kaushal CoOp L and C Society LTD,2,915822.0,1,1,1
mukesh kumar meena,1,915700.0,1,1,1
SANJAY KUMAR SINGH,1,915536.0,1,1,1
RISHU CONSTRUCTION,1,915507.0,1,1,1
P BHOGILAL PVT LTD,1,915000.0,1,1,1
BASEEL LATHEEF NK,1,914967.0,1,1,1
Harshal Agencies,1,914736.0,1,1,1
MS MAA RANCHI CONSTRUCTION,2,914492.0,2,1,1
JAGANNATH PATRA,1,914346.0,1,1,1
DARAVATH KISHAN,2,914117.0,2,1,1
DREAMFRAME ENTERPRISE PRIVATE LIMITED,1,913788.0,1,1,1
SANGRAM KESHARI PARIDA,4,912000.0,4,1,1
The Nai Abadi Co Op L and C Society Ltd,1,911592.0,1,1,1
Kartik Enterprises,1,911540.0,1,1,1
VNS ENTERPRISE,3,910960.0,3,1,1
GRAM PANCHAYAT BADAJUNGERA,2,910800.0,1,1,1
Atharva Enterprises,2,910603.0,1,1,1
Ms Siang Youth Enterprises,1,910000.0,1,1,1
Jeewan Motors Pvt Ltd,1,910000.0,1,1,1
Ganpati Tiles Matti,29,910000.0,15,1,1
Guru Constructions,5,909785.0,5,1,1
SHIV STEEL CONTRACTOR,2,909108.0,2,1,1
ANANTA TRACTORS,1,908000.0,1,1,1
Giri Construction,2,907822.0,2,1,1
REETUMONI SATOLA PHUKON,14,907665.0,10,1,1
Roy Mathew,3,907510.0,3,1,1
SASIDHARAN NAIR K K,2,907080.0,2,1,1
MOGA STONE SUPPLIERS,1,906795.0,1,1,1
UNNATI CONSTRUCTIONS,2,906753.0,1,1,1
RANGPUR GRAM PANCHAYAT,4,906282.0,4,1,3
GIRISH CHAND YADAV,1,906273.0,1,1,1
SAYED HASAN,4,906185.0,3,1,1
ABU DARDA MULLICK,1,905516.0,1,1,1
Avuthu Vinod Reddy,1,905074.0,1,1,1
T M ENTERPRISE,2,905054.0,2,1,1
Vibha Electricals,2,905037.0,2,1,1
MATHUKUTTY G,1,904595.0,1,1,1
SWAROOP TRADING COMPANY,3,904417.0,1,1,1
Ritesh Traders,2,903625.0,1,1,1
AMARJEET CONTRACTOR,2,902921.0,2,1,1
Prabhat Changmai,14,902523.0,5,1,1
ALAN UTHUPPAN,1,902377.0,1,1,1
D Kamalakannan,2,901726.0,1,1,1
Chawla Enterprises,11,901696.0,3,1,1
Aggarwal Builders,1,901450.0,1,1,1
G parandhamaiah,1,901138.0,1,1,1
JASWANT SINGH AND BROTHERS CONSTRUCTION,1,901125.0,1,1,1
CHINDAM MOHAN,1,900660.0,1,1,1
ALEMKABA,2,900000.0,1,1,1
PVD 1 AMBULANCE FCL BPHC BAGMARA RPHC,1,900000.0,1,1,1
Pallab Jyoti Nath,6,900000.0,2,1,1
SHIVAM SOURAV NAIK,2,900000.0,2,1,1
GRAM PANCHAYAT BHALOD,2,900000.0,2,1,1
SARASWATI SHISHU MANDIR HINDORIYA,3,900000.0,2,1,1
Acadamic hight the childrane academy,2,900000.0,1,1,1
GRAM PANCHAYAT KANTI,2,900000.0,2,1,1
CC Construction of Community cultural Actives at Ajoli Yova Silpi Sangha at Ganesh Nagar,1,900000.0,1,1,1
KARSAD GRAM PANCHAYAT,4,900000.0,4,1,1
Mukund Madhav Bhishm Prathmik Vidyalaya Ishakpur,1,900000.0,1,1,1
GRAM PANCHAYAT BHANDARPURI,3,900000.0,2,1,1
sarpanchgram panchayat gadiya,2,900000.0,1,1,1
Dhanapal,2,900000.0,2,1,1
Guru Prasad Podh,2,900000.0,2,1,1
GRAM PANCHAYAT RAHAD,2,900000.0,2,1,1
JANPAD PANCHAYAT PANSEMAL,3,900000.0,3,1,1
MILON DAS,1,900000.0,1,1,1
R PALANISAMY,1,900000.0,1,1,1
AMBULANCE FCL BPHC CHANDAMAM MANDIA LAC,1,900000.0,1,1,1
Gandrathi Malathi,1,900000.0,1,1,1
AMBETHA GROUP GRAM PANCHAYAT,2,900000.0,2,1,1
JORAJINA MUVADA GRAM PANCHAYAT,2,900000.0,2,1,1
ThiruMurugaConstruction,3,900000.0,3,1,1
Const of building for community cultural actives at Jyotinagar near Maa Manasha Mandir,1,900000.0,1,1,1
GP ROLAGAON A,3,900000.0,2,1,1
AQUA SOLUTIONS,9,900000.0,9,1,1
MOTA VASNA GRAM PANCHAYAT,2,900000.0,2,1,1
Providing 1  Ambulance Facilities for in Simlitola Char Primary Health Center,1,900000.0,1,1,1
Gram Bharti Shiksha Samiti,2,900000.0,1,1,1
CONST OF CULTURAL STAGE INFORNT OF COSMOS CLUB,2,900000.0,1,1,1
BIBHUTI BHUSAN BEHERA,1,900000.0,1,1,1
BIJULI BASUMATARY,1,900000.0,1,1,1
CHENDHUR MURUGAN ENTERPRISES,1,900000.0,1,1,1
R B MAKER,1,900000.0,1,1,1
CONST OF FENCING FOR THE PRESERVATION OF NAYACHARA BEEL AT NAYACHORA PH I,1,900000.0,1,1,1
New Super Kitchen Appliances,2,900000.0,2,1,1
CONST OF COMMUNITY HALL 3RD PHASE NEAR,1,900000.0,1,1,1
Leepak Samal,1,900000.0,1,1,1
Block Develpoment Office Kupvi Lok Sabha,6,900000.0,6,1,1
SAR AND SAC GRAM PANCHAYAT PANDRIPANI,2,900000.0,1,1,1
ANITA NAIK,3,900000.0,1,1,1
providing one ambulance,1,900000.0,1,1,1
GREGORYN M MARAK,2,900000.0,1,1,1
SARPANCH GRAM PANCHAYAT BORDA,3,900000.0,2,1,1
Executive Engineer  Electrical Division  Pallom,2,900000.0,2,1,1
Gram Panchayat Doh,2,900000.0,1,1,1
JAGAT BANDHU MEHER,4,900000.0,4,1,1
Providing One Ambulance Facilities for BPHCs in Jaleswar Model Hospital,1,900000.0,1,1,1
Construction of Athletic track at Kharghuli Rajohuwa Khelpothar,1,900000.0,1,1,1
Real Security And Services,1,900000.0,1,1,1
GP LILGAWAN JP GAIRATGANJ,4,900000.0,2,1,1
Kasara Gram Panchayat,2,900000.0,2,1,1
Construction of boundary wall and Community hall at Jyotinagar Kali Mandir Prangon unayan,1,900000.0,1,1,1
Gram Panchayat Banabakoda,2,900000.0,1,1,1
Construction of stage at Community Centr,2,900000.0,1,1,1
Manjushree Plastics Private Limited,1,899999.0,1,1,1
C Sreenivasulu,2,899998.0,2,1,1
GRAM PANCHAYAT NAYKA,6,899990.0,6,1,1
EKSAL GRAM PANCHAYAT,3,899982.0,3,1,1
SAJI K,2,899973.0,2,1,1
KHADVAVDI GRAM PANCHAYAT,2,899969.0,2,1,1
GRAM PANCHAYAT KOHKA MO,8,899925.0,4,1,1
GHOSH CONSTRUCTION,2,899794.0,2,1,1
BHAUMIK CONSTRUCTION,1,899780.0,1,1,1
SUNDARRAJ,1,899731.0,1,1,1
Gram Panchayat Borigaon,2,899717.0,1,1,1
V Krishnamoorthi,1,899711.0,1,1,1
Mou Enterprise,1,899700.0,1,1,1
ANANDHI RAJASEKARAN,2,899550.0,1,1,1
GAUTAM HANSE,14,899426.0,7,1,1
M SURESHKUMAR,1,899406.0,1,1,1
GRAM PANCHAYAT PADRIYA,1,899400.0,1,1,1
GRAM PANCHAYAT LENDRA,2,899400.0,1,1,1
RAVALIYAVADAR GRAM PANCHAYAT,2,899364.0,2,1,1
ASSISTANT ENGINEER AC CHAKAI,2,899354.0,2,1,1
THIRUMURUGAN R,1,899348.0,1,1,1
GRAM PANCHAYAT HALDARWA,2,899290.0,2,1,1
B LEELARANI,2,899212.0,2,1,1
ALUGONDA MANIPAL REDDY,2,899196.0,2,1,1
SARPANCH GRAMPANCHAYAT ANCHALE TANDA,1,899164.0,1,1,1
Aen CSD 1 JDVVNL SGNR,1,899090.0,1,1,1
A GURIVI REDDY,2,899023.0,2,1,1
PRASANNA KUMAR B P,4,898990.0,2,1,1
GP Naughata,2,898971.0,1,1,1
GRAM PANCHAYAT GHAGHRA J P PENDRA,4,898959.0,2,1,1
J K R CONSTRUCTION,1,898954.0,1,1,1
GUNASEKAR K,1,898835.0,1,1,1
Lakshmi L,1,898813.0,1,1,1
GP KOKODI,2,898745.0,1,1,1
Rekha Rani,2,898700.0,1,1,1
Abdul Noufal T,2,898646.0,2,1,1
NOORDEEN,1,898544.0,1,1,1
SATHYA ASSOCIATE,1,898541.0,1,1,1
SANDESHWAR MAJOOR SAHKARI SANSTHA,1,898526.0,1,1,1
P Asharaf,1,898401.0,1,1,1
SARPANCH SACHIV GRAM PANCHAYAT NAWAPARA,6,898302.0,3,1,1
APRAJITA CONSTRUCTION,1,898254.0,1,1,1
kasana  Construction Co,1,898092.0,1,1,1
KAKARLAPUDI SRINIVASA RAJU,1,898049.0,1,1,1
SAGAR TILES AND SANITARY,6,898031.0,2,1,1
JSS CONSTRUCTIONS,2,898005.0,2,1,1
SOHAN LAL ROAT,2,897948.0,1,1,1
GADUPURINARASIMHULU JADADEESWARANAIDU,2,897840.0,2,1,1
KARTIKEY CONSTRUCTION,2,897832.0,2,1,1
Sar Et Ingti,1,897763.0,1,1,1
DUNAVADA GRAM PANCHAYAT,3,897701.0,3,1,1
GP SONABEDA,2,897695.0,1,1,1
ARUNKUMAR R,1,897485.0,1,1,1
KODITHYALA PADMAJA,2,897472.0,2,1,1
gram panchayat sikari mahka,4,897455.0,2,1,1
V DEVARAJ,1,897223.0,1,1,1
SHIVARAJ BHIMAPPA BISANALLI,1,896943.0,1,1,1
HOSSAIN CONSTRUCTION,2,896793.0,2,1,2
Yog Pratap Construction,1,896632.0,1,1,1
MOTA ANAKDIA GRAM PANCHAYAT,2,896200.0,2,1,1
RAVICHANDRAN A,1,896198.0,1,1,1
MATOSHREE MAJOOR SAHAKARI SANSTHA LIMITED,1,896192.0,1,1,1
Molbio Diagnostics Private Limited,1,896000.0,1,1,1
MANOJ MAHALI,5,895966.0,1,1,1
sharma contractor,2,895806.0,2,1,1
Mahamaya Enterprises,1,895788.0,1,1,1
ARYAN PAINTS AND SANITARY,2,895686.0,2,1,1
SHRINIVAS S MAVINAKAI CONTRACTOR,2,895398.0,2,1,1
MS Bul Bul Enterprise,2,895389.0,2,1,1
MGNRGS Convergence Account,3,895385.0,3,1,1
PAJVALI GRAM PANCHAYAT,2,895109.0,2,1,1
TAMBURU SRINIVAS,2,895000.0,2,1,1
SARAPANCH SHREE GRAMPANCHAYAT MOTIPURA,2,895000.0,2,1,1
S R V ENTERPRISES,1,894547.0,1,1,1
ALTI SRINIVASA RAO,3,894531.0,3,1,1
VIKRANT RAJENDRA INGOLE,1,894209.0,1,1,1
CHALLA ESWARA RAO,1,894098.0,1,1,1
KOLA RAMJI,2,894004.0,2,1,1
NITESH PRADHAN,1,894000.0,1,1,1
MD Infotech,1,893676.0,1,1,1
Hooda Contractor and Traders,5,893674.0,4,1,1
OM TRADING,1,893652.0,1,1,1
Boyilla Venkateswarlu Reddy,2,893574.0,2,1,1
KHARAD GRAM PANCHAYAT,2,893515.0,2,1,1
SHREE LODAI JUTH GRAM PANCHAYAT,2,893247.0,2,1,1
PEER ZADA MUNEER AHMAD SHAH,1,893000.0,1,1,1
Gram Panchayat Bharuhi,9,892914.0,1,1,1
YOGENDRA PRASAD,1,892361.0,1,1,1
BHIMAPPA LANKESH BANDIVADDAR,4,892248.0,2,1,1
The kaithal Bhanu Cooperative Labour and Construction Society Limited Kaithal,1,891708.0,1,1,1
GRAM PANCHAYAT KOTTUR,2,891086.0,1,1,1
SANKET ASHOKRAO BOKE,1,891074.0,1,1,1
HIMANTA GOGOI,2,889890.0,1,1,1
BALACHANDAR,2,889810.0,2,1,1
NIBEDITA PRADHAN,2,889789.0,2,1,1
PAYAL CONSTRACTION,2,889534.0,1,1,1
DUDESHWAR ENTERPRISES,2,889530.0,2,1,1
SIDDESWARA R,3,889425.0,2,1,1
MS Sarvajeet Singh,2,889132.0,2,1,1
M ENTERPRISE,3,888872.0,3,2,2
Omkareshwar Construction PRO DNYANOBA DHONDIRAM DHAS,1,888729.0,1,1,1
SRINIVAS REDDY KUPPIREDDY,7,888039.0,7,1,1
NAVAINDIA PUBLICATIONS,1,888000.0,1,1,1
TS AND STATIONARY,1,887900.0,1,1,1
CHANDAN  KUMAR,1,887829.0,1,1,1
kalpesh harishchandra pawar,3,887820.0,3,1,1
EE EDD TANDA AMBEDKAR NAGAR,4,887778.0,4,1,1
SHREE KSHEMAKRI CONSTROCTION,2,887568.0,2,1,1
RATHNAKUMARAN C K,1,887339.0,1,1,1
P D ENTERPRISE,2,887268.0,2,1,2
CHUMKI SAHA SARKAR,1,887155.0,1,1,1
bachchu singh,2,886952.0,2,1,1
BAI LINGANNA,2,886110.0,2,1,1
Assistant Engineer Rajpur,3,885978.0,3,1,1
AKHANDALAMANI ENTERPRISES,2,885895.0,2,1,1
SARANGAM GUNNAIAH,2,885331.0,2,1,1
CHOUDHARY BHILDERS,2,885185.0,2,1,1
Tirth Agro industries,3,885000.0,3,1,1
MULE RAMAMOHAN REDDY,2,884976.0,2,1,1
MONIKA CONSTRUCTION,2,884890.0,2,1,1
KASIF KHAN PATHAN,1,884556.0,1,1,1
BHAGCHAND CONSTRUCTION COMPANY,1,884544.0,1,1,1
Inixy Power Solution Pvt Ltd,2,884330.0,2,1,2
Boya Sreenivasulu,1,884235.0,1,1,1
Yellanki Sai Ram,5,884107.0,5,1,1
Pragati M K S M Ltd,4,884092.0,4,1,1
BHARAT ENGINEERING WORKS,1,883749.0,1,1,1
H K Shankar,2,883719.0,2,1,1
PRANABA PRAKASHA SAHU,11,883200.0,11,1,1
Bidyut Bharali,12,883111.0,6,1,1
KISHAN BOLCK COMPANY,1,883049.0,1,1,1
AEN O and M JDVVNL PINDWARA,3,883016.0,3,1,1
KING COMPUTERS AND PHOTO COPY,9,882750.0,5,1,1
EDD Urban Roorkee,1,881417.0,1,1,1
SARPANCH GRAM PANCHAYAT SAKRELIKLA,2,881196.0,1,1,1
Ajit Mss Jalna,1,880849.0,1,1,1
S BHASKAR RAO,2,880032.0,2,1,1
Ms JP Construction Company,2,879947.0,2,1,1
RADHAKRISHNAN B,1,879671.0,1,1,1
Khushi Enterprises,2,879657.0,2,1,1
DAVID CONSTRUCTION COMPANY,1,879026.0,1,1,1
RADIANCE ELECTRICALS,1,878646.0,1,1,1
SAMRIDDHI ELECTRO AND CO,1,878611.0,1,1,1
PARTHA SARATHI PATRA,1,877761.0,1,1,1
GIMMY PAULOSE,1,877632.0,1,1,1
Ruhi Construction,2,876504.0,1,1,1
UMA CONSTRUCTION,3,876500.0,3,1,1
TIPPANNA HALAGATTI,3,875000.0,2,1,1
Gram Panchayat Kathoda Fazalpur,3,875000.0,2,1,1
Gram Panchayat Hirankheda,3,875000.0,2,1,1
Gram Panchayat Airan Mirjapur,3,875000.0,2,1,1
Gram Panchayat Aamet,3,875000.0,2,1,1
KRIDL BHUSIRI ACCOUNT,2,875000.0,2,1,2
Jorawar Singh and Sons,2,874775.0,1,1,1
M JANARDHAN REDDY,7,874610.0,7,1,1
MEMBER SECY OB AND OC WWB BBSR,408,874609.0,397,1,12
MS SAFI CONSTRUCTION,2,874574.0,1,1,1
Gram Panchayat Nivodiya,3,874400.0,2,1,1
BUDDHADEB DATTA,1,874208.0,1,1,1
Gram Panchayat Ausankhedi,3,874131.0,2,1,1
MS RADHA CONSTRUCTION,1,873554.0,1,1,1
Surinder Cement Store,8,873338.0,3,1,1
GRAM PANCHAYAT GARABAND KHURD,3,872044.0,2,1,1
MOHD ASLAM,2,872000.0,1,1,1
Bharat Sahu,3,871983.0,2,1,1
Chahat Enterprises,16,871746.0,9,1,1
Anil Electric Works,3,871536.0,3,1,1
Shahul Hameed K,1,871101.0,1,1,1
The Gabi Nagar Co Op LC Society Ltd,2,871014.0,1,1,1
Gold Enterprises,4,870731.0,4,1,1
PROJECTEE COMPANY,1,870486.0,1,1,1
JASPAL TRADING CO,26,870416.0,7,1,1
P HANUMANTHAPPA,3,870178.0,2,1,1
SHANKRAPPA HANUMANTAPPA NAYAK,3,870000.0,2,1,1
House Technologoes,2,870000.0,2,1,1
THE NILGIRIS DISTRICT CONSUMERS CO OP WHOLESALE STORES LTD,3,870000.0,3,1,1
REVANASIDDAPPAHANAVAL SRUJAN ENTERPRISES,3,870000.0,2,1,1
AEN Ranpur,2,870000.0,2,1,1
ashutosh enterprises,2,869798.0,2,1,1
SANDIP BALU THOMBARE,1,869664.0,1,1,1
N ANANDHAKUMAR,1,869618.0,1,1,1
SUMIT GHOSH,1,869502.0,1,1,1
MANOB DUTTA,8,869070.0,4,1,1
PRABIN KUMAR NAIK,2,868375.0,1,1,1
SHAJU P DEVASSY,1,867957.0,1,1,1
Abhimanyu Sahoo,2,867784.0,2,1,1
sidhu enterprises,21,867293.0,2,1,1
SHAHU AGRO SALES,3,867090.0,2,1,1
MS SHRIDEVI ASSOCIATS PROP DEEPAK PATIL,3,867043.0,2,1,1
Ms Jyoti Construction and Suppliers,1,866782.0,1,1,1
KASHINATH BASANNA METRI,3,866150.0,2,1,1
RAMAN ENTERPRISES,5,865000.0,3,1,1
RM MEENAKSHI SUNDARAM,2,864987.0,2,1,1
Vikas Majur Sahakari Sanstha Maryadit Malkapur,1,864936.0,1,1,1
AJAY KUMAR BEHERA,3,864395.0,3,1,1
PADMAVATI CONSTRUCTION,1,863998.0,1,1,1
GH SCAFFOLDERS,12,863592.0,8,1,1
ASSSISTANT ENGINEER GDZP II,1,863585.0,1,1,1
SHREE KRISHNA CONTRACTOR AND SUPPLIER,1,863406.0,1,1,1
MS GOLDEN NURSARY,3,862802.0,3,1,1
gram panchayat hatnoor,1,862006.0,1,1,1
GP CHHATODI,2,861826.0,1,1,1
Puspanjali Murmu,3,861300.0,3,1,1
jai maa construction and material suppliers,2,860937.0,1,1,1
AKASH AGENCY,2,860882.0,2,1,1
MITALIN DHAL,3,860725.0,3,1,1
CHANDU LAL MEENA,1,860616.0,1,1,1
BAVALIYA NATHUBHAI VAGHABHAI,6,860028.0,3,1,1
RUPAK KUMAR PATEL,3,859996.0,2,1,1
Sachdeva Tarding Company,17,859731.0,5,1,1
BHAVYA CONSTRUCTION CO,1,859393.0,1,1,1
EXECUTIVE ENGINEER OP DIVISION NO 1 DHBVN,3,859366.0,3,1,1
BAJRANGI TRADING COMPANY,1,859040.0,1,1,1
B P AND SONS,1,858881.0,1,1,1
A S Enterprises Dhuri,3,858482.0,3,1,1
RADHAKRISHNAN K,1,858206.0,1,1,1
MANDAVA SWAMULU,1,857776.0,1,1,1
SDO S U S D No 2 Bhiwani,5,857490.0,5,1,1
BDS CONTRACTORS,1,857441.0,1,1,1
Deep Star Construction Company,1,857273.0,1,1,1
LOPAMUDRA,1,857067.0,1,1,1
RAMSHUBH BUILDING MATERIAL,1,856344.0,1,1,1
K K ENTERPRISES,1,856320.0,1,1,1
RAMASAMY BALASUBRAMANIAN,1,856162.0,1,1,1
Samridhi Traders,4,856036.0,2,1,1
Gram Panchayat Khedi,2,856000.0,1,1,1
H M SATANI,1,855959.0,1,1,1
Punjab Tubbewall,9,855900.0,1,1,1
GRAM PANCHAYAT LIMTARA,3,855317.0,2,1,1
LAKSHMI GANAPATHI CONSTRUCTIONS,1,855284.0,1,1,1
VIJAY RAMESHRAO BELAGE,1,855259.0,1,1,1
bhagwan singh,3,855135.0,3,1,2
GILL RO SYSTEMS,4,854900.0,4,1,1
Baljeet Singh,3,854666.0,3,1,1
Shree Ram Traders,2,854341.0,1,1,1
BHASWATI ENTERPRISE,2,854048.0,2,1,1
GOUR SUNDAR ROY,1,853639.0,1,1,1
New Malwa Pipe Industries,19,852996.0,3,1,2
N J Enterprises,2,852788.0,2,1,1
GANGA CONSTRUCTION,2,852457.0,2,1,1
SK Enterprises,2,852368.0,2,1,1
Binod Chetry,7,852284.0,1,1,1
Suresh Babu K S,1,852256.0,1,1,1
Ganga Enterprises Prop Priyesh Kothari,1,852227.0,1,1,1
MUTHUKRISHNAN D,1,851483.0,1,1,1
MUDDANGULA RAMA KRISHNA,2,851467.0,2,1,1
PRESIDENT VILLAGE COMMITTEE,2,851345.0,2,1,1
TANDRA TRADERS,3,851316.0,3,1,1
VAIBHAV ENTERPRISES,1,850358.0,1,1,1
R K ENTERPRISES,2,850000.0,1,1,1
TINGAK ABOH,2,850000.0,2,1,1
DHUNDHWAL ENTERPRISES BARMER,1,850000.0,1,1,1
Gram Panchayat Rahej,3,850000.0,3,1,1
GP BEDAR,2,850000.0,1,1,1
Gram Pancchayat Nawapara T,2,850000.0,2,1,1
AE SUNITA MAHARA NANDAPUR 3,3,850000.0,3,1,1
LATHISH,2,850000.0,2,1,1
Sridhar Ram Tripathi,2,850000.0,1,1,1
SVS ENTERPRISES,2,850000.0,2,1,1
SHYAMANTA GOGOI,13,850000.0,4,1,1
Angun Enterpise,2,850000.0,1,1,1
GREEN VALLEY CONSTRUCTION COMPANY,1,850000.0,1,1,1
District Disabled and senior citizen welfare officer koppal,5,850000.0,5,1,1
Sarpach gram panchyat murkinar,2,850000.0,1,1,1
SECRETARY KERALA STATE BOOKMARK,5,850000.0,5,1,3
Jamidara Trading Company,2,849956.0,1,1,1
GRAM PANCHAYAT RANGMATIYA,2,849900.0,1,1,1
Tapan Jana,1,849874.0,1,1,1
ADAIKKAN V,1,849864.0,1,1,1
SARPANCH OF KERAGHAREYA,3,849798.0,2,1,1
OM laxmi construction company,2,849649.0,1,1,1
KETI KRISHNA REDDY,2,849599.0,2,1,1
J B S Construction,2,849520.0,2,1,1
Gram Panchayat Nalpawand,2,849485.0,1,1,1
VENUS COMPUTECH,5,849358.0,5,1,1
SASTHI NANDAN,1,849349.0,1,1,1
A VIGNESHWARAN,1,849228.0,1,1,1
S THIRUNAVUKKARASU,1,849100.0,1,1,1
Sunil Roy,2,849076.0,2,1,1
HELP LINE MULTIPURPOSE ENTERPRISE,5,849048.0,3,1,1
BABLU PRAMANIK,2,848928.0,2,1,1
SARPANCH SACHIV GRAM PANCHAYAT VINAYAKPUR,4,848535.0,2,1,1
MS BASANG TRADERS,1,848348.0,1,1,1
Alexander C,1,848331.0,1,1,1
GRAM PANCHAYAT GAGLA DEVELOPMENT BLOCK MEHLA,8,848328.0,4,1,1
LIZA ENTERPRISE,2,848308.0,1,1,1
KALAWATI DEVI,5,848241.0,3,2,2
BR CONTRACTING COMPANY,2,848230.0,2,1,1
AVS and Construction,2,847646.0,2,1,1
SIVACHANDRAN,1,847547.0,1,1,1
Shiv Driller and Allied Traders,2,847509.0,2,1,1
D R ENGINEERING SERVICES,1,847241.0,1,1,1
SRUTI ENTERPRISE,2,847080.0,2,1,1
Shamsudheen K,4,846962.0,4,1,1
Santhoshkumar P,1,845883.0,1,1,1
SELVA VARGEESE SOOSAIMICHEAL,1,845299.0,1,1,1
HIRAL CONSTRUCTION,5,845210.0,5,1,1
Eda Harsha vardhan reddy,1,844562.0,1,1,1
R D MAURYA,1,844098.0,1,1,1
RANAWAT CONSTRUCTION,3,843705.0,1,1,1
Singla Iron Store,7,842942.0,2,1,1
CHELUVARAJU D,2,842853.0,2,1,1
MAA DURGA TRADERS,1,842520.0,1,1,1
MOHD ANIS MOHD SHAFI,1,842346.0,1,1,1
HADOTI POKRA MAHAJAN SAMAJ,1,842160.0,1,1,1
Shri Balaji Construction Co,1,841500.0,1,1,1
Gill Electric and Hardware,2,841458.0,2,1,1
KHUSI ENTERPRISE,2,840307.0,2,1,2
P Venkata Siva Reddy,1,840230.0,1,1,1
MANDIRA ENTERPRISE,5,840000.0,4,1,1
palasvada gram panchayat,2,840000.0,2,1,1
HARISH KUMAR TIWARI,1,839774.0,1,1,1
Punjab Tubewell Store,3,839623.0,3,1,1
Punam Das,6,839250.0,3,1,1
BLUESTONE INFRATECH,1,838978.0,1,1,1
MALATI CONSTRUCTION PROP SOMA GHOSH,3,838142.0,3,1,1
R RAVICHANDIRAN,1,838090.0,1,1,1
VISHNU CONSTRUCTION,1,837890.0,1,1,1
Shubh labh trading company,1,837830.0,1,1,1
BHADRIA CONSTRUCTION,2,837036.0,2,1,1
GAJENDRA SINGH,4,836914.0,2,1,1
HARI CONSTRUCTION,2,836909.0,2,2,2
VIJAYAN S,2,836714.0,2,1,1
Mohit Construction And Building Material,2,836131.0,2,1,1
Hemlata Enterprise,1,835958.0,1,1,1
NEMINATH ELECTRICALS,4,835874.0,4,1,1
G B SASIKUMAR,1,835061.0,1,1,1
Minpong Hallang,2,835000.0,1,1,1
BITUL SAIKIA,10,834750.0,5,1,1
C G John,1,834739.0,1,1,1
Yesudhas M,1,833903.0,1,1,1
SURYA ENTERPRISE,3,833200.0,3,1,1
THE ADITYA CO OP SOCIETY,4,831491.0,4,1,1
MS Prem Buliding Material,4,831241.0,3,1,2
LIPIKA ENTERPRISE,2,830882.0,1,1,1
Malluri Sreelakshmi,2,830875.0,2,1,1
AK ENTERPRISES,2,830554.0,1,1,1
Gouru Karthik,5,829961.0,5,1,1
PHURBA SHERPA,1,829907.0,1,1,1
The Jainish Cooperative Labour and Construction Society Limited,2,829748.0,2,1,2
MS PREM  CHANDRA,3,829242.0,3,1,1
Bhandari Automobiles Pvt Ltd,1,829212.0,1,1,1
M BRABAKARAN,1,829016.0,1,1,1
JE SALIPUR DILLIP KUMAR ROUL,2,828101.0,1,1,1
RD INDUSTRIES,22,827341.0,8,1,1
AYAAN ENTERPRISE,1,827035.0,1,1,1
JOBIN GEORGE,1,826340.0,1,1,1
HARJEET SINGH,10,825849.0,7,1,2
K Jaganmohan,3,825662.0,3,1,1
SOURAV SARKAR,1,825080.0,1,1,1
CHHODVANI JUTH GRAM PANCHYAT,3,825000.0,3,1,1
Ajit singh contractor,2,824920.0,2,1,1
GRAM PANCHAYAT APRUJI,7,824267.0,7,1,1
swarna construction and suppliers,1,823872.0,1,1,1
M S Satish construction,5,823848.0,5,1,1
MS HAZRA COSTRUCTION,3,822609.0,3,1,1
GILL BUILDING MATERIAL,11,821986.0,3,1,1
Manojkumar M R,1,821564.0,1,1,1
VISHAL CONSTRUCTION,2,821117.0,2,1,1
MALOTHU SARITHA,1,821087.0,1,1,1
PRASENJIT GHOSH,2,820335.0,2,1,1
Bandaru satyanarayana,1,820164.0,1,1,1
DASHMESH TILE FAACTORY,3,820000.0,3,1,1
P R V ENTERPRISES,4,820000.0,4,1,1
The Balaji Cooperative LC Society Ltd,2,819371.0,2,1,1
Dashmesh Spun Pipe Factory,19,819295.0,2,1,1
INFOMIDAS,1,818730.0,1,1,1
Ms Poonam Construction Company,2,818684.0,2,1,1
Edd 2nd Jaunpur,2,818400.0,2,1,1
CHOUDHARY CONSTRUCTION,2,818217.0,2,1,1
KRISHNADI RAMESH,4,817983.0,4,1,1
Progressive Automobiles private limited,2,817934.0,2,1,1
KISHAN SINGH,4,816345.0,3,2,3
Pradip Saha,2,813051.0,1,1,1
ANIL KUMAR SINGH,1,812494.0,1,1,1
THE SAMRATHAL CO OP LC SOCIETY,2,812325.0,1,1,1
Ravidas M,1,811809.0,1,1,1
The Bankat LandC soceity ltd,1,811729.0,1,1,1
Adharshila Potteries,3,811415.0,3,1,1
JNANENDRA DOLEY,10,811408.0,4,1,1
SHREE SHYAM CONSTRUCTION COMPANY,1,811235.0,1,1,1
NIRANJAN SARKAR,2,810696.0,2,1,1
V MUTHAIAH,1,810690.0,1,1,1
LIMMADA KRISHNA RAO,2,810071.0,2,1,1
INDIAN RED CROSS SOCIETY REWA,2,810000.0,2,1,2
ARUN KUMAR MONDAL,1,809095.0,1,1,1
United Electrical Industries LTD,4,808915.0,4,1,2
JAGANATH PRADHAN,3,808219.0,3,1,1
krishna enterprises,1,807710.0,1,1,1
ADRASH TRADING COMPANY,2,806920.0,1,1,1
Mohd Asimuddin,2,806267.0,2,1,1
JINU A,2,805326.0,2,1,1
AAYUSH BUILDWELL,1,805247.0,1,1,1
MILAN KUMAR NAIK,2,803833.0,2,1,1
MOPURI SRINIVASA RAO,2,803310.0,2,1,1
NEETA SINDHI,1,803269.0,1,1,1
Green Hill Trader,1,802778.0,1,1,1
Sunildath J,1,801650.0,1,1,1
THE BOORA CO OP LC SOCIETY,1,801548.0,1,1,1
ADHUNIK TRADERS,1,801524.0,1,1,1
Gram Panchayat Khamhi,4,801483.0,2,1,1
Alex Thomas,2,801228.0,2,1,1
ASHIM BALI,1,800912.0,1,1,1
MS GUDIYA CONSTRUCTION,1,800125.0,1,1,1
Guru Nanak Tiles Factory,5,800020.0,5,1,1
SUBHASMITA SAHU,4,800000.0,4,1,1
UCHARPI GRAM PANCHAYAT,2,800000.0,2,1,1
Gram Panchayat Jamadi,2,800000.0,2,1,1
Gram Panchayat Jetapur janpad Panchayat Dharmpuri District Dhar,2,800000.0,1,1,1
JYOTIRMAYEE SAHOO,2,800000.0,1,1,1
GRAM PANCHAYAT RAKADIH,2,800000.0,1,1,1
PANCH PARMEHSWAR GRAM PANCHAYAT NIMANIYA,2,800000.0,1,1,1
GP DADHWA JP RAIPUR KARCHULIYAN REWA,1,800000.0,1,1,1
JPM ENTERPRISES,1,800000.0,1,1,1
Gram Panchayat Hathnawar janpad Panchayat Dharmpuri District Dhar,3,800000.0,2,1,1
BDO BHARMOUR MPLADS,3,800000.0,3,1,1
GRAM PANCHAYAT KHERI MOTLA,1,800000.0,1,1,1
BRAHMAGURU CONSTRUCTION,1,800000.0,1,1,1
ESSKAY ENTERPRISES DELHI,8,800000.0,8,1,1
GP SIMRAI,2,800000.0,1,1,1
GRAM PANCHAYAT RATANPUR,5,800000.0,4,2,2
SAHEB PRADHAN,3,800000.0,3,1,1
GP NOGAON,1,800000.0,1,1,1
GP MEHTOUL,4,800000.0,2,1,1
MS BRK ENTERPRISE,2,800000.0,1,1,1
NARMADA SWAIN,2,800000.0,1,1,1
SAKHVANIYA GROUP PANCHAYAT,2,800000.0,2,1,1
SHREE GOREWALI JUTH GRAM PANCHAYAT,2,800000.0,2,1,1
SANTOSH KUMAR MUND,3,800000.0,3,1,1
GANESH HARDWARE,2,800000.0,1,1,1
GITASHREE BEHERA,2,800000.0,2,1,1
GITANJALI PUJARI,3,800000.0,3,1,1
GP Nasogi,2,800000.0,2,1,1
BKID0009100,2,800000.0,1,1,1
LALAVADAR GRAMAPANCHAYAT,2,800000.0,2,1,1
DEHRI,2,800000.0,1,1,1
JAI SHREE OM BANNA,2,800000.0,1,1,1
YOGA CONSTRUCTION,2,800000.0,1,1,1
GRAM PANCHAYAT KHANDORA,1,800000.0,1,1,1
BUKOLI GRAM PANCHAYAT,2,800000.0,2,1,1
SDSCO NURPUR,2,800000.0,2,1,1
MS T P Enterprise,1,800000.0,1,1,1
GP KHITARPAL,2,800000.0,1,1,1
GRAM PANCHAYAT JAMPANI,4,800000.0,2,1,1
RAJIB SINGH,3,800000.0,3,1,1
RAJYA PARIVARTIT YOJNA GP KUTESARNAGOI,4,800000.0,3,1,1
SARPANCH GRAM PANCHAYAT RAIPURA,2,800000.0,1,1,1
GP BHOLDIYA,2,800000.0,1,1,1
Gram Panchayat Barwala Rajiya,1,800000.0,1,1,1
Margam Mahender,2,800000.0,2,1,1
MONPUR GRAM PANCHAYAT,2,800000.0,2,1,1
RANDHIYA GRAM PANCHAYAT,2,800000.0,2,1,1
GP IKLOD,2,800000.0,1,1,1
Dharusan Gram Panchayat,2,800000.0,2,1,1
GRAM PANCHAYAT SUNEDA,2,800000.0,1,1,1
JUNIOR ENGINEER SADAR BLOCK8144091085,1,800000.0,1,1,1
KONDH GRAM PANCHAYAT,2,800000.0,2,1,1
ASSISTANT ENGINEER PANCHAYAT SAMITI POTTANGI,3,800000.0,3,1,1
SHYAM KUMAR HEMBROM,10,800000.0,10,1,1
Mahalaxmi Construction and Building Material,1,800000.0,1,1,1
Deb Kumar Sports,1,800000.0,1,1,1
CHIDA ORAM,1,800000.0,1,1,1
SARPANCH GRAM PANCHAYAT JHEET,4,800000.0,2,1,1
G Durairaj,16,800000.0,16,1,2
SARPANCH GRAM PANCHAYAT GUCHKULIYA,2,800000.0,1,1,1
SARPANCH GRAM PANCHAYAT GHIVARA,2,800000.0,1,1,1
B SUNDAR,1,800000.0,1,1,1
SARPANCH GRAM PANCHAYAT GALGALADIH,2,800000.0,1,1,1
Construction of Sanitary Toilets and Portion of Boundary Wall,2,800000.0,1,1,1
MS NP ENTERPRISES,1,800000.0,1,1,1
Unicare Academy,32,800000.0,32,1,1
Medical Superintendent CSS Scheme GGH Khammam,1,800000.0,1,1,1
PRASAD SHANTARAM DARADE,1,800000.0,1,1,1
Neighrims Staff Association,1,800000.0,1,1,1
GP RNAWAD,2,800000.0,1,1,1
GP SARANGPUR,2,800000.0,1,1,1
CHITTARANJAN PATRA,2,800000.0,1,1,1
GP BANSKHEDI,2,800000.0,1,1,1
S N ENTERPRISE,2,800000.0,1,1,1
GRAM PANCHAYAT TORLA,2,800000.0,1,1,1
YANGA HANE,2,800000.0,2,1,1
YASHIKABA,1,800000.0,1,1,1
SARPANCH GRAM PANCHYAT PAHANDA A,4,800000.0,2,1,1
SARPANCH SCHIV GRAM PANCHAYAT LAHRAUNI,2,800000.0,1,1,1
ARADHANA BULDGING MATERIAL,3,800000.0,1,1,1
RAJPAR ASARANI JUTH GRAM PANCH,2,800000.0,2,1,1
GORKHI GRAM PANCHAYAT SWABHNDOL,2,800000.0,2,1,1
GRAM PANCHYAT BJAAMGAON,2,800000.0,1,1,1
SARPANCH AND SACHIV GRAM PANCHAYAT SENDRIMUNDA,2,800000.0,1,1,1
DT ENTERPRISE,2,800000.0,1,1,1
Jangba Enterprise,2,800000.0,1,1,1
KASWAN NIRMAN COMPANY,2,800000.0,2,1,1
nava rajpipla,2,800000.0,2,1,1
RAJ TRADING,3,800000.0,2,1,1
GRAM PANCHAYAT DUAR,1,800000.0,1,1,1
Avadhut Gundu Halave,1,800000.0,1,1,1
Gram Panchyat Nagjhiri,2,800000.0,1,1,1
gp parwati baroda,2,800000.0,1,1,1
Gram Panchayat Sankota  janpad Panchayat Dharmpuri District Dhar,2,800000.0,1,1,1
SASMITA NAYAK,3,800000.0,3,1,1
JATADHARI BHOI,1,800000.0,1,1,1
SNEHAL PARSOTTAMBHAI THAKKAR,3,800000.0,3,1,1
SOUMYA RANJAN SAHOO,1,800000.0,1,1,1
SARPANCH GRAM PANCHAYAT BATHENA,2,800000.0,2,1,1
David Lalengzauva,2,800000.0,1,1,1
SARPANCH GRAM PANCHAYAT BHOTHIYA,2,800000.0,1,1,1
GRAM PANCHAYAT BARDAND,2,800000.0,1,1,1
Jesingpur Group Gram Panchayat,4,800000.0,4,1,1
sarpanch sachiv gram panchayat sulauni,2,800000.0,1,1,1
NIAMTRE SAPHAI,2,800000.0,1,1,1
VAMSHI KRISHNA PUSHPALA,2,800000.0,2,1,1
VALIA GRAM PANCHAYAT,2,800000.0,2,1,1
Lalthlamuana Care of ramhlun Sports Complex Local Council,2,800000.0,1,1,1
RAVIYANA GRAM PANCHAYAT,2,800000.0,2,1,2
VIKASH KUMAR SINHA,2,800000.0,1,1,1
RAGHUNATHJI MATERIAL SUPPLIERS,1,800000.0,1,1,1
GP MUNDLI,2,800000.0,1,1,1
dolatgung,2,800000.0,1,1,1
Sarpch And Sachiv Gram Panchayat MATHA,2,800000.0,1,1,1
GP LADPURA,2,800000.0,1,1,1
SALIKRAM TRADERS,1,800000.0,1,1,1
SAILENDU KUMAR BAL,1,800000.0,1,1,1
NAGAR PARISHAD THIKARI,2,800000.0,1,1,1
NAGAR PARISHAD ANJAD,4,800000.0,3,1,1
PURAN CHOUDHARY CONSTRUCTION COMPANY,2,799998.0,1,1,1
Drishti Construction Company,2,799997.0,2,1,1
GRAM PANCHAYAT SONEKHARI,1,799992.0,1,1,1
S  Q TECHNOLOGIES,3,799990.0,3,1,1
GRAM PANCHAYAT GANDHAR,2,799970.0,2,1,1
SURENDRA GUPTA,2,799968.0,1,1,1
GP Kateli,2,799958.0,1,1,1
Shyam Enterprises,1,799935.0,1,1,1
GP SYAMPUR,2,799931.0,1,1,1
PAULRAJ,1,799918.0,1,1,1
Gram Panchayat Bami,2,799900.0,1,1,1
INDRANIL CHAUDHURI,2,799898.0,2,1,1
SELVAKUMAR,1,799864.0,1,1,1
Nazrul Enterprise,1,799834.0,1,1,1
SATHIYA AND CO,1,799833.0,1,1,1
THANGAVEL BALAJI,1,799812.0,1,1,1
markfed,3,799790.0,2,1,1
Yogesh Kumar Mangla,1,799785.0,1,1,1
EVEREST CONSTRUCTION,1,799755.0,1,1,1
GP Andola,2,799753.0,1,1,1
MS AB CONSTRUCTION,1,799750.0,1,1,1
SRILA CONSTRUCTION,4,799743.0,4,1,1
SIVANANTHAM,1,799736.0,1,1,1
SWAMI VIVEKANANDMAJUR SAHAKARI SANSTHA MARYA KERVADE TARF MANGAON,1,799728.0,1,1,1
USHA K,1,799714.0,1,1,1
CHAUDHARY CONTRACTOR,2,799714.0,1,1,1
GANGUN GRAM PANCHAYAT,2,799710.0,2,1,2
ARIKRISHNAN K,1,799706.0,1,1,1
Sunil Shrawan Kumar,1,799700.0,1,1,1
Durairaj jayakumar Co,1,799695.0,1,1,1
Senthil C,2,799693.0,2,1,1
SUBRAMANI V,1,799688.0,1,1,1
KANAGARAJ S,1,799685.0,1,1,1
Himalya Boring Company,3,799679.0,3,1,2
Krishnamoorthy,1,799676.0,1,1,1
S Valarmathi,2,799666.0,2,1,1
Elumalayan Construction,2,799590.0,2,1,1
SARPANCH GRAM PANCHAYAT LAWSRA,2,799562.0,1,1,1
KANDASAMY  V,1,799556.0,1,1,1
MALJINJAVA GRAM PANCHAYAT,2,799542.0,2,1,1
SARPANCH SACHIV GRAM PAN SALHEGHORI,2,799538.0,1,1,1
ALAGU V,1,799537.0,1,1,1
SAKTHIVEL K,1,799527.0,1,1,1
G Dakshinamoorthy,2,799511.0,2,1,1
DHIGARALA CONSTRUCTION COMPANY,1,799490.0,1,1,1
TAJING TAMUT,2,799432.0,1,1,1
PRANAV JEE ENTERPRISES,1,799426.0,1,1,1
ALAM CONSTRUCTION,1,799405.0,1,1,1
GRAM PANCHAYAT BICHHIYA,2,799400.0,1,1,1
AADHAVAN CONSTRUCTION,3,799392.0,3,1,1
SKV CONTRACTOR,1,799304.0,1,1,1
DHANANJAY KUMAR,1,799289.0,1,1,1
MegaaStarConstructions,3,799253.0,3,1,1
DEEBA CONTRACTOR,1,799222.0,1,1,1
NARALI GRAM PANCHAYAT,2,799182.0,2,1,1
RATU MONI SARMAH,6,799140.0,2,1,1
THIRUPPATHI CONSTRUCTION,1,799123.0,1,1,1
GRAM PANCHAYAT AKHOL,5,799108.0,5,1,1
R Goppammal,1,799094.0,1,1,1
Sankra Gram Panchayat,2,799004.0,2,1,1
SARPANCH SACHIV GRAM PANCHAYAT KHIRKHIRI,2,799000.0,1,1,1
DATTATRAYA ASHOK SHELAR,1,799000.0,1,1,1
JAYAKUMAR E,1,799000.0,1,1,1
GP Parsada Chhote,2,798959.0,1,1,1
Supriya Ashok Bhosale,1,798957.0,1,1,1
POONKODI G,2,798936.0,2,1,1
SUNIL KUMAR SUMAN,1,798883.0,1,1,1
MASUM CONSTRUCTION,3,798869.0,3,1,1
SEKH ALIF HOSSAIN,1,798863.0,1,1,1
VIBHUTI SECURITY SOLUTIONS,1,798801.0,1,1,1
Renuka Devi Majur Co Oprative Society Limited,1,798769.0,1,1,1
SAKSHATH SHETTY,2,798745.0,2,1,1
ABDULLA AZEEZ,1,798721.0,1,1,1
Riya Enterprises,2,798600.0,2,1,1
Das Enterprise,3,798536.0,2,2,2
Narayanasamy,1,798521.0,1,1,1
GRAM PANCHAYAT UMARBANKHURD JANPAD PANCHAYAT UMARBAN,2,798489.0,1,1,1
K C SEETHARAMAPPA,4,798429.0,2,1,1
VAMSI ENTERPRISES,1,798355.0,1,1,1
Kornepati Ashok Kumar,3,798314.0,2,1,1
NARASIMHA MURTHY ANANTHA,2,798262.0,2,1,1
K K MANGLIYA CONSTRUCTION COMPANY,2,798251.0,1,1,1
Shiv Shakti Iron and Cement Store,12,798123.0,6,1,1
DEV ENTERPRISES,2,798050.0,2,1,1
SHREE SANWARIYA CONSTRUCTION,3,798000.0,2,1,1
J KUMAR,4,797999.0,4,1,1
HIND ENTERPRISE,1,797934.0,1,1,1
BINAY KUMAR RAY,1,797881.0,1,1,1
SEIKH MIRAJ,1,797819.0,1,1,1
M W ENTERPRISE,2,797812.0,2,1,1
SHIV SHANKAR SINHA,1,797774.0,1,1,1
TAVITI NAIDU REDDY,2,797669.0,2,1,1
KRISHNA SUPPLIERS,1,797604.0,1,1,1
M Venkata Subbaiah,4,797598.0,4,1,1
MASUD ENTERPRISE,4,797576.0,4,1,2
Venkatesh Majoor Sahakari Sanstha Ltd,1,797573.0,1,1,1
DILLIP KUMAR BEHERA,5,797565.0,5,1,1
MS JUNIOR ENGINEER LAMTAPUT BLOCK SUNIL KUMAR MAHAPATRA,3,797405.0,3,1,1
THOKALA BALA KISHAN,2,797374.0,2,1,1
NAVA GRAM PANCHAYAT,2,797351.0,2,1,2
B DAS CONSTRUCTION,1,797343.0,1,1,1
THAKUR AMRENDRA KUMAR SINGH,1,797038.0,1,1,1
ELEEN AND CO,1,796993.0,1,1,1
GRAM PANCHAYAT KUDRI J P PENDRA,3,796908.0,2,1,1
THE SHYAM KRIPA CO  OP L C SOCIETY LTD,2,796905.0,2,1,1
S K CONTRACTOR,4,796827.0,3,1,1
GIRIJA TRADING COMPANY,1,796819.0,1,1,1
G RAMESH,4,796704.0,4,1,1
N H ENTERPRISES,1,796612.0,1,1,1
Shree Bhomiyaji Interprises,5,796523.0,1,1,1
SANJOG BHUWANLAL NARWARE,1,796440.0,1,1,1
AADISHAKTI CONSTRUCTION,1,796385.0,1,1,1
NAVNEET TRADERS,2,796260.0,2,1,1
KUBER PRASAD,1,796239.0,1,1,1
B J CONSTRUCTION,1,796071.0,1,1,1
SARPANCH KUMBHARFALIYA GRAM PANCHAYAT,3,796000.0,3,1,1
SARPANCH SACHIV GRAM PANCHAYAT KATHILA,2,796000.0,1,1,1
N NALLATHAMBI,2,795811.0,2,1,1
RAMARECHI GRAM PANCHAYAT,2,795417.0,2,1,1
Sri Ramalingeshwara Enterprises,2,795380.0,2,1,1
SHYAM KISHOR TIWARI,1,795297.0,1,1,1
SIDHNATH MAJUR SAHA SANSTHA S,1,795187.0,1,1,1
gempro india enterprises,1,795104.0,1,1,1
ACD Baramulla,2,795000.0,2,1,1
ARUMUGAM,1,794721.0,1,1,1
LOKVIKAS MAJOOR SAH SANT LTD,2,794715.0,1,1,1
JOY GURUDEB BUILDERS,1,794612.0,1,1,1
INNOMATICS INFO PRIVATE LIMITED,2,794476.0,1,1,1
C RAVI CHANDRAN,4,794473.0,2,1,1
ETHAYAVANAN D,2,794472.0,2,1,1
MANSHITH CONSTRUCTIONS PRIVATE LIMITTED,2,794382.0,2,1,1
Rajkumar contractor,1,794244.0,1,1,1
VENKATESAN M,1,794188.0,1,1,1
A P ENTERPRISE prop PARESH KUMAR PARUA,2,794186.0,2,1,1
Bhimashankar Majur Sahkari Sanstha Maryadit,1,794104.0,1,1,1
JOYTIRMAYA ENTERPRISES,5,794011.0,5,1,1
GRAM PANCHAYAT ANIDA,2,794000.0,2,1,1
DEVARAJU JANATHA COLONY HNP,4,793989.0,2,1,1
BHARAT CONSTRUCTIONS,3,793908.0,2,1,1
GOVIND ELECTRICALS,1,793850.0,1,1,1
NAZAR P M,1,793606.0,1,1,1
GANAPATHY,2,793381.0,2,1,1
ANAYAT ALI,1,792982.0,1,1,1
Choudhary Associates,1,792929.0,1,1,1
Mallik Enterprise,2,792776.0,2,1,1
S P ENTERPRISE,2,792583.0,2,1,1
KR INFRA,4,792400.0,4,1,1
Minakhi Mishra,1,791644.0,1,1,1
PRIYAM PRITY,1,791216.0,1,1,1
TODA GRAM PANCHAYAT,2,791141.0,2,1,1
Nagaraju Pandiri,3,791057.0,3,1,1
H K CONSTRUCTION,1,791007.0,1,1,1
DURGA PRASAD CONSTRACTION,1,790981.0,1,1,1
GRAM PANCHAYAT MARALA NAGRAMA,7,790265.0,7,1,1
SAIL ENTERPRISE,2,790082.0,2,1,1
GOTHAVA GRAM PANCHAYAT,5,790000.0,5,1,1
SHRI GURU JAMBHESHWAR CONSTRUCTION COMPANY,2,789974.0,1,1,1
PONNAR SANKAR CONSTRUCTIONS,1,789935.0,1,1,1
Seema Aggarwal,17,789500.0,10,1,1
SONU CO OP LABOUR AND CONST SOCIETY LTD,2,789416.0,1,1,1
JAMVALI GRAM PANCHAYAT,2,789363.0,2,1,2
GRAM PANCHAYATChanga,2,789021.0,2,1,1
ELECT DIV II AZM EXP AC CNO 24 ETD II,1,788982.0,1,1,1
RAGHUKUL CONSTRUCTION,1,788712.0,1,1,1
guru nanak iron store,21,787823.0,5,1,1
M S PATIL CIVIL CONTRACTOR,2,787787.0,1,1,1
AZHAR KHAN,1,787513.0,1,1,1
MAA MANSA ENTERPRISES,1,787473.0,1,1,1
BDO Saidpur,4,787389.0,2,1,1
DEV KRIPA TRADERS,1,787360.0,1,1,1
Karan Contractor,8,787152.0,6,1,1
K R CONSTRUCTIONS,1,787001.0,1,1,1
K Tabreez Khan,1,786851.0,1,1,1
AKSHAI MATHEWS,1,786787.0,1,1,1
KIRAN,5,786397.0,4,3,3
MG CONSTRUCTION,1,786391.0,1,1,1
MEHERIN ENTERPRISE,1,785717.0,1,1,1
CHANDRA KUMAR AICH,1,785222.0,1,1,1
VAIBHAV ENTERPRISES ROOPAM RAI,2,785054.0,2,1,1
MEHTA RAMESHKUMAR GOUTAMLAL,1,785000.0,1,1,1
SHRI RAMDEV CONSTRUCTION,4,784437.0,1,1,1
PRESIDENT VILLAGE LEVEL COMMITTEE,3,784218.0,3,1,1
UNITED CONSTRUCTION,4,784199.0,4,1,2
Disha Enterprises,1,784170.0,1,1,1
UP NEDA PROJECT BASTI,51,783564.0,51,1,1
KHEDA BROTHERS,1,783179.0,1,1,1
AKANSHA ASSOCIATES,2,782930.0,2,1,1
D GANESAN ALANGADU,1,782044.0,1,1,1
BANDI SIVARAM REDDY,2,781973.0,2,1,1
Baba Farid Tile Factory,18,781812.0,3,1,1
MS MK BUILDERS,1,781670.0,1,1,1
BRINDHA,1,781543.0,1,1,1
MOHAMED RIYAS,2,781162.0,2,1,1
ASHOK KUMAR SAMAL,5,780759.0,3,1,1
RAMNIWAS ENTERPRISES,1,780641.0,1,1,1
S Antony Amala Unida TUFF CONSTRUCTION,1,780424.0,1,1,1
GP LAHDARA,2,780000.0,2,1,1
DEEPA SURGICAL,4,780000.0,1,1,1
Sham Electrical Engineering Works,2,779938.0,1,1,1
shree shyam interlock tile,1,779848.0,1,1,1
AANKLAVDI GRAM PANCHAYAT,4,779740.0,4,1,1
PORWAL AGENCIES,1,779617.0,1,1,1
GRAM PANCHAYAT BAMHANI,2,779522.0,2,2,2
MS AD PROJECT,1,779188.0,1,1,1
SIDHU TRADERS,4,779050.0,4,1,1
Gouranga Ch Sitha,4,778838.0,4,1,1
RADHA GOBIBDA PARIDA,2,778339.0,2,1,1
AJAY KUMAR,8,778232.0,6,4,6
SOORAJ P R,1,777313.0,1,1,1
Aravelly Surender Rao,2,777225.0,2,1,1
Saajuan Gupta,1,777000.0,1,1,1
RAJASEKAR V,1,776809.0,1,1,1
Sri Ragavendra Bore wells,11,776773.0,11,1,1
VRM CONTRACTOR,1,776610.0,1,1,1
Rajaram,1,776557.0,1,1,1
Ajantha Construction,1,775820.0,1,1,1
SHRI GANPATI BUILDTECH,6,775192.0,3,1,1
PREET STEEL WORKS,4,775129.0,2,1,1
KS AND CO,1,775000.0,1,1,1
Shri Neelambika Constructions,1,774983.0,1,1,1
Rakesh kumar Contractor,1,774300.0,1,1,1
NORDEN LEPCHA,2,774198.0,2,1,1
Gogaji Construction Company,3,774019.0,1,1,1
Executive Engineer Operation APEPDCL Peddapuram,1,773000.0,1,1,1
KARNIAL SINGH AND SONS,2,772623.0,2,1,1
S S SOLAR SOLUTION,2,772572.0,2,1,1
AVADH KAARYA SOLUTIONS,1,771655.0,1,1,1
SHARANAKUMAR,3,771515.0,2,1,1
Hemanta Bhattarai,2,770655.0,1,1,1
B G ENTERPRISE,2,770639.0,2,1,1
DHRUBA JYOTI BARUAH,4,770030.0,4,1,1
BHANDU GRAM PANCHAYAT,4,770000.0,4,1,1
AZEEZ,2,769372.0,2,1,1
JE BDO ATTABIRA PUSPALATA BEHERA,2,769295.0,2,1,1
NATH ENTERPRISE,6,769144.0,1,1,1
EXECUTIVE ENGINEER 11KV AND LT NETWORK SAHIBABAD,1,768660.0,1,1,1
EE HPPWD PALAMPUR,5,768266.0,5,1,1
SRI VRR CIVIL CONTRACTORS,1,768221.0,1,1,1
MS CHAHAT TRADERS,2,766407.0,2,1,1
STARCARE MARKETING AND SERVICES,1,766390.0,1,1,1
rakib construction,1,765456.0,1,1,1
THE RAHAN COOPERATIVE LABOUR AND CONSTRUCTION SOCIETY LIMITED,6,765201.0,3,1,1
D R CONSTRUCTION,2,765117.0,2,1,1
G J TRADING COMPANY,2,765102.0,1,1,1
SK FARIJUL,3,764715.0,3,1,1
SNIGDHA SAHOO,2,764600.0,1,1,1
The Jai Shree Ram Cooperative labour and Construction society ltd,1,764148.0,1,1,1
BIBHU RANJAN NAYAK,1,764080.0,1,1,1
R Chinnadurai,1,763916.0,1,1,1
Punam Blocks and Construction,1,763558.0,1,1,1
KISSAN TRADERS,3,763549.0,1,1,1
BADRODDAJA MONDAL,2,763443.0,2,1,1
Udaya Technologies Pvt Ltd,2,763366.0,2,1,1
MS K GHOSH AND CO,2,763284.0,2,1,1
SKYTECH INFRASTRUCTURE,1,763102.0,1,1,1
TAJ MOHAMMED KAYAMKHANI,2,762872.0,2,1,1
K Kesavulu,4,762632.0,4,1,1
BOPARAI ENTERPRISES,3,761510.0,3,1,1
Choudhary Suppliers,2,761451.0,2,1,1
SHREE VINAYAK ENTERPRISES,2,761062.0,2,1,1
ABBASALI SHAHUSSAIN KOGANOLE,2,760777.0,1,1,1
PREET AND COMPANY,1,760500.0,1,1,1
THE TANYA CO OPERATIVE CONSTRUCTION SOCIETY LIMITED,2,760318.0,1,1,1
UMTA GRAM PANCHAYAT,2,760000.0,2,1,1
D COMPANY,2,759613.0,2,1,1
CHARBHUJA ENTERPRISES,2,759488.0,2,1,1
Jitendra Agarwal,1,759429.0,1,1,1
Dhanaula Pump Store,25,758837.0,13,1,1
MAHENDRA KUMAR SINGH,1,758622.0,1,1,1
Bhullar Cement Store,2,758340.0,2,1,1
NEPTUNE ENTERPRISE,5,758317.0,1,1,1
Golden Enterprises,1,758307.0,1,1,1
SL Enterprise,4,758022.0,4,1,1
JAGANNATH ENTERPRISE,4,757965.0,1,1,1
Ravichandran S,1,756835.0,1,1,1
Dey Construction,2,756796.0,2,1,1
SHRI KABIR CONSTRUCTION,1,756780.0,1,1,1
MICHAEL RONGPI,2,756521.0,1,1,1
Raunak Construction,1,756097.0,1,1,1
UDGIRI RAVI KUMAR,4,756052.0,4,1,1
SARPANCH SHREE GRAM PANCHAYAT SATEM,3,756000.0,3,1,1
JOY MAA TARA ENTERPRISE,2,755927.0,2,1,1
SHRI MAHARANA DEVELOPERS,1,754717.0,1,1,1
BLUENEST SERVICES,1,754628.0,1,1,1
RS TRADERS,6,754360.0,6,1,1
MILAP SINGH,2,754124.0,1,1,1
ATANU KUMAR PAIRA,1,753562.0,1,1,1
OISHI MULTI SERVICES,2,753310.0,2,1,1
BAMPALLY GANGA REDDY,2,752989.0,2,1,1
NAGARJUNA TANAVARAPU,1,752971.0,1,1,1
BHUWANLAL RAHANGDALE,4,752925.0,1,1,1
RAMLAL GURJAR,3,752397.0,2,1,1
Rajendar Pandey Contractor,2,751901.0,1,1,1
SHAJU T,1,751764.0,1,1,1
MS VAISHNAVI TRADERS,2,751306.0,2,1,1
SHRI PANDURANG HARI MAJOOR VA BANDHKAM SAH SSANSTHA,1,751178.0,1,1,1
MAHAVIRINDUSTRIESDHURI,3,750667.0,3,1,2
SUBHANKAR PAIKARAY,4,750647.0,4,1,1
SONDHIYA CONSTRUCTIONS RAJU SONDHIYA,1,750294.0,1,1,1
SANDHYA RANI ENTERPRISE,2,750278.0,2,1,1
SHREE RANA BAI CONSTRUCTION,3,750050.0,1,1,1
GRAM PANCHAYAT CHHINDA,2,750000.0,2,1,1
GRAM PANCHAYAT BHAVARPUR,1,750000.0,1,1,1
GRAM PANCHAYAT BATRA,4,750000.0,4,1,1
VC MIPUI THAWHLAWM,2,750000.0,1,1,1
GRAM PANCHAYAT DATRENGA,1,750000.0,1,1,1
VAVADI GROUP GRAM PANCHAYAT,2,750000.0,2,1,1
Rocky Kylla,3,750000.0,3,1,1
Rishanstar Umsong,2,750000.0,1,1,1
GANGADAS BANTU,2,750000.0,2,1,1
Samagra Vikas Yojana Gram Panchayat Manpur,1,750000.0,1,1,1
VELACHHA GRAM PANCHAYAT,2,750000.0,2,1,1
SARPANCH GRAM PANCHAYAT TILAI,1,750000.0,1,1,1
VC New W phaileng,6,750000.0,3,1,1
Shri HITESH DAS,1,750000.0,1,1,1
VR MURUGAN,1,750000.0,1,1,1
GRAM PANCHAYAT MADIYAPAR,1,750000.0,1,1,1
Somanath Bacheli,3,750000.0,3,1,1
Sohan and sons,5,750000.0,5,1,1
GRAM PANCHAYAT MANJHIPUR,3,750000.0,2,1,1
GOKULA CHANDRA NAYAK,2,750000.0,2,1,1
KAMALPUR GRAM PANCHAYAT,2,750000.0,2,1,2
NAGAR PANCHAYAT KESHKAL,2,750000.0,2,1,1
RAMAKRISHNA YADAV,2,750000.0,2,1,1
SARPANCH OF TIWARTA,1,750000.0,1,1,1
DEEPAK RAJU KAREMMANAVAR,1,750000.0,1,1,1
BASAVARAJU,2,750000.0,2,1,1
SHARANAPPA,2,750000.0,2,1,1
Boundary Wall of Nath Chatrabash,1,750000.0,1,1,1
ASSAM ENTERPRISE,1,750000.0,1,1,1
H T SUBHAS,1,750000.0,1,1,1
SARPANCHSHRI BRAHMANVADA GRAM PANCHAYAT,3,750000.0,3,1,1
GP PIPLAD,1,750000.0,1,1,1
APPANNA MALLAPPA YALLURE,1,750000.0,1,1,1
Gram Panchayat Nartea,1,750000.0,1,1,1
Gram Panchayt Kachnar,1,750000.0,1,1,1
Gram Panchayat Naogon,1,750000.0,1,1,1
Gram Panchayat Sundrel J P Dharmpuri Dhar,2,750000.0,2,1,1
GRAM PANCHAYAT NAVAKHEDA,1,750000.0,1,1,1
MAHARSHI ARVIN BAL KALYAN SAMITI,1,750000.0,1,1,1
Satveer Construction Compny,1,750000.0,1,1,1
GRAM PANCHAYAT BANSAJHAL,1,750000.0,1,1,1
SKMBIC DILDARNAGAR,1,750000.0,1,1,1
gram panchayat dholar,1,750000.0,1,1,1
GRAM PANCHAYAT BASOHARA,1,750000.0,1,1,1
Leitan Ramthar Local Council,2,750000.0,1,1,1
YUVARAJA,2,750000.0,2,1,1
Fermanus Syiemiong,1,750000.0,1,1,1
GRAM PANCHAYAT BANSANKARA,1,750000.0,1,1,1
RAJASHEKARAIAH N,1,750000.0,1,1,1
MAHIC GHAZIPUR,1,750000.0,1,1,1
Vikram Vishwas Patil,1,750000.0,1,1,1
Om Shiv chaklan Construction Company,1,750000.0,1,1,1
Samagra Vikas Yojana Gram Panchayat Bhuneshwarpur,1,750000.0,1,1,1
SAHYOG MAJUR ANE KAMGARO NI SAHKARI MANDALI LIMITE,2,750000.0,2,1,1
Khareda Gram Panchayat,2,750000.0,2,1,1
Gram Panchayat Karpawand,3,750000.0,3,1,1
SEIN RAIJ BATAW,2,750000.0,1,1,1
gram panchayat shrikot,1,750000.0,1,1,1
RAMOS GRAM PANCHAYAT,2,750000.0,2,1,1
BANSIYA,2,750000.0,1,1,1
ARADHYA VISHNU BAPAT,1,750000.0,1,1,1
UMRALA GRAM PANCHAYAT,2,750000.0,2,1,2
ANJALU BASUMATARY,2,750000.0,2,1,1
Gram Panchayat Sujanpur,1,750000.0,1,1,1
Block Development Office Chhohara Lok Sabha,6,750000.0,6,1,1
Bhuvan Enterprises,1,750000.0,1,1,1
Mayur Narayan Lale,1,750000.0,1,1,1
Gram Panchaya Paunsari,1,750000.0,1,1,1
GRAM PANCHAYAT HATHBAND,1,750000.0,1,1,1
PANCHAYAT BARIGAWAN NO 02,4,750000.0,1,1,1
Community Hall near Narsing Akhra,1,750000.0,1,1,1
GRAM PANCHAYAT TOURENGA,1,750000.0,1,1,1
S P RAKESH GUPTA,2,750000.0,2,1,1
SWAMI VIVEKANAND INTERMEDIATE COLLEGE,1,750000.0,1,1,1
JITENDRA DAS,2,750000.0,2,1,1
Lalthanzuala,1,750000.0,1,1,1
A   RUKMINI,4,750000.0,2,1,1
Community Hall Rani Gaidinliu,1,750000.0,1,1,1
Shramik Kalyan majur sahakari sanstha ltd,1,750000.0,1,1,1
Gram Panchayat Guraiya,2,750000.0,1,1,1
Devidas Sambhaji chavan,1,750000.0,1,1,1
GP TARADAND,1,750000.0,1,1,1
KLESTAR SYIEM,4,750000.0,3,1,1
HIMUDA,3,750000.0,2,1,1
GP CHHATARPURA,1,750000.0,1,1,1
MATAJI HARDWARE AND TILES,1,749999.0,1,1,1
SATHEESH CONSTRUCTION,1,749986.0,1,1,1
HARSADPUR GRAM PANCHAYAT,2,749984.0,2,1,1
SHIV SHAKTI CEMENT AND STEEL,10,749960.0,1,1,1
GRAM PANCHAYAT KHOHIR,1,749945.0,1,1,1
GRAM PANCHAYAT NANDOURA,8,749875.0,1,1,1
GRAM PANCHAYAT KHAIRA,8,749798.0,2,1,1
SHISHU SADAN NICHLAUL,1,749794.0,1,1,1
SARSWATI VIDYA MANDIR PARTAWAL,1,749794.0,1,1,1
Manikandan A,1,749788.0,1,1,1
DHAKA MATERIAL SUPPLIERS,1,749784.0,1,1,1
KADVAR GRAM PANCHAYAT,2,749703.0,2,1,1
NARPAT RAM,1,749694.0,1,1,1
ajmconstructions,1,749622.0,1,1,1
RAJESH M,1,749595.0,1,1,1
SARITHA S,1,749592.0,1,1,1
MA TARA ENTERPRISE,2,749590.0,1,1,1
GRAM PANCHAYAT SANDHANA,2,749563.0,2,1,1
BASPA GRAM PANCHAYAT,2,749550.0,2,1,1
MIttak Concrete Industry,6,749485.0,6,1,1
SVB Builders,1,749456.0,1,1,1
TECHNIQUE CONSTRUCTION,2,749446.0,2,1,1
Pizimit Lepcha,3,749363.0,3,1,1
MS KAMALESH MONDAL,1,749345.0,1,1,1
Narayanasamy S,1,749294.0,1,1,1
D S AKBAL CIVIL CONSTRUCTION,1,749247.0,1,1,1
GP Junas,4,749200.0,3,1,1
SEKH NASIRUDDIN,2,749173.0,2,1,1
MS SUNIL YADAV,1,749037.0,1,1,1
GRAM PANCHAYAT UNCHVANIA,2,749035.0,2,1,1
Shubham Bhau Jagtap,2,749000.0,1,1,1
KALIDASAN,1,748994.0,1,1,1
PANCHIRI VENKATESHAM,3,748892.0,2,1,1
NISATHKHAN H,2,748886.0,2,1,1
Samantpura Gram Panchayat,2,748804.0,2,1,1
SUROJ T,1,748786.0,1,1,1
DROUPADI ENTERPRISE,2,748733.0,2,1,1
GRAM PANCHAYAT AMRAPURGIR,2,748604.0,2,1,1
MOHAMMAD FAYAZUDDIN,2,748500.0,2,1,1
Abhishek Rathod,2,748458.0,2,1,1
BASER MATERIAL SUPPLIERS TALORA,1,748431.0,1,1,1
NAGARANI,1,748353.0,1,1,1
BHASKAR CONSTRUCTION SERVICES,3,748269.0,2,1,1
SANTOSH GOURSHETTY,2,748250.0,2,1,1
GARMPANCHAYAT BHUNGALIYA,3,748115.0,3,1,1
GRAM PANCHAYAT SARI,3,748100.0,2,1,1
Ch Rama Krishna,2,748061.0,2,1,1
Suraj Balasaheb Khapare,1,748000.0,1,1,1
Mr Dhan singh,3,747975.0,3,1,1
Shree kapura mandali,2,747900.0,2,1,1
SP CONSTRUCTION CO,2,747873.0,1,1,1
MOHENDRA KALITA,4,747811.0,4,1,1
DECORUM FURNITURES  INTERIORS,3,747724.0,3,1,1
GRAM PANCHAYAT RALIYATI,3,747538.0,3,1,1
SIPRA ART,3,747417.0,3,1,1
NEERAJ GOVT CONTRACTOR,1,747371.0,1,1,1
VAISHAK,2,747250.0,2,1,1
ST ENTERPRISE,2,746920.0,2,1,1
SONIPUR GRAM PANCHAYAT New,2,746597.0,2,1,1
The Karam Singh Co op Ltd,3,746334.0,1,1,1
Rajesh Ghanshyam Girhepunje,2,746143.0,2,1,1
NEHA JAIN,2,745798.0,1,1,1
Krushna Ramdas Surve,1,745795.0,1,1,1
ABDULLAH ELECTRICALS,1,745480.0,1,1,1
R S Chindi Contractor,2,745130.0,2,1,1
AJAYA KUMAR BEHERA,1,745067.0,1,1,1
khandarkar yash kashinath,1,745000.0,1,1,1
GOPAL RANJAN ENTERPRISES,2,744855.0,1,1,1
SATAPAR GRAM PANCHAYAT,2,744763.0,2,1,2
Ms Aditi Construction and suppliers,2,744580.0,2,1,1
ROYAL COLLECTION,1,744568.0,1,1,1
Moticharan Patel,3,744450.0,2,1,1
HARISH KUMAR G,6,744410.0,3,1,1
SILAWAT CONSTURATION COMPANY GAGRANA,3,744375.0,1,1,1
VEEKAY INDUSTRIES,1,744259.0,1,1,1
GEMPRO INDIA ENTERPRISES,1,744147.0,1,1,1
THE FRIENDS GULIANA COOP L AND C SOC LTD,4,744116.0,4,1,1
SAHU TRADERS,7,743530.0,1,1,1
PRESIDENT VILLAGE LEVEL WORKS COMMITTEE RANGASAMUDRAM GP PORUMAMILLA M,2,743511.0,2,1,1
Pandith Sai kiran,3,743428.0,3,1,1
SRI BABA VISHWANATH ENTERPRISES,1,742959.0,1,1,1
CHITRADA VIJAYA,2,742710.0,2,1,1
NAGOUR,3,742500.0,1,1,1
SABIR ALI,1,742205.0,1,1,1
GRAM PANCHAYAT KHANGELA,3,742105.0,3,1,1
PS Contractor,1,741708.0,1,1,1
Gram Panchyat Runkheda,2,741449.0,1,1,1
YENDETI HARI KRISHNA,2,740668.0,2,1,1
Madan Lal Sham Lal,3,740596.0,3,1,1
M Rajanarsaiah,4,740308.0,4,1,1
GOPAL MINZ,3,740189.0,3,1,1
THE GANGA CO OPERATIVE LABOUR AND CONSTRUCTION SOCIETY,1,740058.0,1,1,1
CHOWDHARY ZULKAR NAIN,1,740000.0,1,1,1
ODE GRAM PANCHAYAT,2,739815.0,2,1,1
AMAR SHUKLA,2,739754.0,1,1,1
SHASWAT CONSTRUCTION,1,739624.0,1,1,1
veer teja construction company,1,739605.0,1,1,1
SAHARAN CONSTRUCTION COMPANY,2,739509.0,1,1,1
Shree Krishna Enterprise,1,739370.0,1,1,1
gram panchayat jamodikala,1,739201.0,1,1,1
D K ASSOCIATES,2,738742.0,2,1,1
Tilby Joseph,1,737973.0,1,1,1
Indroi Gram Panchayat,2,737747.0,2,1,1
REENA BAGH,2,737473.0,2,1,1
RAVICHANDRA V,3,737366.0,2,1,2
ARJUN CONSTRUCTION GHAGHARA,2,737146.0,1,1,1
SANJAY MANDAL,1,736317.0,1,1,1
The Lehragaga Co op L and C Society Ltd,2,735118.0,2,1,1
RAJESHBHAI R  PRAJAPATI,2,735060.0,2,1,1
GRAM PANCHAYAT SINGARPUR JANGAL,3,735000.0,2,1,1
RAMDEV TRANDING COMPANY SANCHORE,4,734750.0,1,1,1
PRATAP CONSTRUCTION AND SUPPLIERS,1,734609.0,1,1,1
KHUSHI CONSTRUCTION COMPANY,2,734282.0,1,1,1
PRESIDENT HWC THELLAGUNDLAPALLI,2,733587.0,2,1,1
V ANIL KUMAR,1,733521.0,1,1,1
MS JHARNA ENTERPRISE,4,732572.0,4,1,1
EDD Dumariyaganj,2,732400.0,2,1,1
THE JAI MAHAVIR COOPER LABOUR AND CONST SOCIETY LTD,2,732353.0,1,1,1
SRI RAJALAKSHMI ENTERPRISES,2,732100.0,2,1,1
MS LOVELY ENTERPRISES,17,731980.0,6,1,1
S LASKAR ASMA ENTERPRISE,2,731759.0,2,1,1
A Ramamoorthy,2,731459.0,2,1,1
ARJUN KUMAR SINGH,3,731409.0,1,1,1
MS NPR AND COMPANY,1,731167.0,1,1,1
RAMESH CONSTRUCTION,1,730885.0,1,1,1
TK CONSTRUCTION,1,730422.0,1,1,1
BABA HARIDAS TRADERS,2,730401.0,1,1,1
HARSH ENTERPRISES,10,730220.0,10,1,3
Tripura School Sports Board,1,730129.0,1,1,1
SKY SPEECH HEARING CARE,1,730000.0,1,1,1
BHIMARAYA YAMANAPPA,1,730000.0,1,1,1
SALUN VANTO GRAM PANCHAYAT,5,729708.0,5,1,1
Techoy Motors India Pvt Ltd,1,729626.0,1,1,1
OJASH CONSTRUCTION,1,729437.0,1,1,1
Ms Gopesh International Contractor,1,729357.0,1,1,1
GP KARAJGAON PANI PURAVATHA,1,729332.0,1,1,1
GRAM PANCHAYAT JEVRA N,2,729000.0,1,1,1
OMKAR CHAND,5,729000.0,5,1,1
Poonia Construction,1,728989.0,1,1,1
GRAM PANCHAYAT MAKKHANPUR,2,728988.0,1,1,1
ASHOK KUMAR PRADHAN,1,728758.0,1,1,1
Muthyala Sai Teja,2,726910.0,2,1,1
CHRISTHUDAS,2,726571.0,2,1,1
RK AND COMPANY,1,726266.0,1,1,1
ANOOP KUMAR SINGH SACHIN CONSTRUCTION,2,726000.0,1,1,1
TARUN CONSTRUCTION SUPPLIERS,2,725719.0,1,1,1
Lalu P R,1,725701.0,1,1,1
SHIVANI SOLAR SYSTEM,1,725693.0,1,1,1
YUMI ENTERPRISES,4,725000.0,3,1,1
GRAM PANCHAYAT KHAPARWADA,3,725000.0,3,1,1
SHRISHAIL SANAGAPPA HUGAR,3,724983.0,2,1,1
PREDEEP KUMAR,1,724103.0,1,1,1
Kang Brothers,4,724040.0,4,1,1
Bawa Interlock Tiles,12,723900.0,4,1,1
Khedapati builder,3,723828.0,1,1,1
JAI CONSTRUCTION COMPANY,3,723675.0,3,1,1
SINGLA BUILDING MATERIAL STORE,21,723280.0,6,1,1
MUNEER,1,722680.0,1,1,1
JDVVNL,4,720949.0,4,1,1
SHARATH S G,3,720776.0,2,1,1
DUMPALA SIVA KUMAR RAO,1,720412.0,1,1,1
LAXMI TRADERS,4,720152.0,4,1,1
GP PURWA CHH,1,720000.0,1,1,1
Construction of link road at Mikir Kachari Road at Deulguri,1,720000.0,1,1,1
Construction of Stage at Japorigog Janajati Yubak Sangha,1,720000.0,1,1,1
garm panchayat laloni,1,720000.0,1,1,1
Const Of Community Hall Near Choukihali Ras Field,1,720000.0,1,1,1
GRAM PANCHAYAT Amod,5,720000.0,5,1,1
Gram Panchayat Saleha,1,720000.0,1,1,1
Gram Panchayat Jhirniya,1,720000.0,1,1,1
RAJESH GHOSH,1,719965.0,1,1,1
Suraj construction,1,719689.0,1,1,1
Kuber Industries,6,719603.0,3,1,1
ABDULRAZACK T K,2,719463.0,2,1,1
Baba Narayan Construction,2,719104.0,1,1,1
KOHINOOR ENTERPRISE,2,718142.0,2,1,1
SATHAR C M,1,718082.0,1,1,1
Prahlad khatik,1,717967.0,1,1,1
ANADI JALAPATHI REDDY,3,717838.0,3,1,1
Biju K Varghese,1,717530.0,1,1,1
Janki Parshad Govt Contractor,8,717333.0,5,1,1
SURINDER SHARMA,6,717000.0,6,1,1
SUDHEESH A V,3,716161.0,3,1,1
PRADEEP CONSTRUCTION COMPANY,1,716024.0,1,1,1
Prabhav Gupta,1,715451.0,1,1,1
Shazia Kosser,1,715000.0,1,1,1
MS Sanjay Construction Kharak Bainsi Meham,17,714929.0,1,1,1
LIPI MOHAPATRA,3,714487.0,3,1,1
Arjun civil works,2,714285.0,2,1,1
VINS Infra Projects,1,714250.0,1,1,1
SULAGNA PRADHAN,2,714121.0,2,1,1
Mangal Bey,3,714048.0,1,1,1
SHRI VALLABH CONSTRUCTION,1,712994.0,1,1,1
SINGHU MURMU,3,712977.0,3,1,1
MAHENDRA AGARWALA,1,712817.0,1,1,1
JUNIOR ENGG I,2,712721.0,2,1,1
LALRINCHHANI,1,712500.0,1,1,1
OMASSERY LABOUR CONTRACT CO OPARATIVE SOCIETY,2,712253.0,2,1,1
Mathrubhumi printing and Publishing Co Ltd,6,711746.0,6,1,2
gram panchayat bharritola,2,711655.0,1,1,1
SHWET BARANI,1,710846.0,1,1,1
DHARMENDRA KUMAR CHAUDHARY CONTRACTOR,1,710714.0,1,1,1
BLACKROCK INFRASTUCTURE,1,710095.0,1,1,1
NEW ZEBRA CONSTRUCTIONS CO,1,710000.0,1,1,1
S S and CO,1,709850.0,1,1,1
SARDAR INTERLOCK TILES,8,709693.0,6,1,3
Ranglar Private Limited,18,708990.0,2,1,1
GRUP GRAM PANCHAYAT DHEDIYA,3,708770.0,3,1,1
SHAHIN ENTERPRISE,1,708547.0,1,1,1
MURTAZA HUSSAIN DAR,1,708500.0,1,1,1
jp bhagwanpura,4,708000.0,4,1,1
EXECUTIVE ENGINEER ELECTRICITY DISTRIBUTION DIVISION 2nd,2,707400.0,2,1,1
Biju Francis,1,707220.0,1,1,1
GOPI M,3,707070.0,2,2,2
RAJA ENTERPRISE,3,707056.0,2,2,2
ram narayan enterprises,2,706961.0,2,1,1
The Tarkanwali Beniwal Cooperative labour and Construction Society Limited,1,706164.0,1,1,1
SAMARENDRA BEHERA,4,706129.0,3,1,1
SASHI BHUSAN SAHOO,1,705645.0,1,1,1
SOMAR BORUAH,1,703672.0,1,1,1
GAZI RAHAMAN,1,703360.0,1,1,1
JAGDAMBA ENTERPRISES,4,702762.0,2,1,1
TGREDCO,1,701440.0,1,1,1
R K Enterprises,2,700571.0,2,1,1
Balashan Syiem,2,700000.0,1,1,1
Mahendra Khandei,1,700000.0,1,1,1
Malkari,1,700000.0,1,1,1
GRAM PANCHAYAT SIMROL SHU,2,700000.0,1,1,1
GRAM PANCHAYAT GHIRGHOL,3,700000.0,2,1,1
GP GHORAN,6,700000.0,3,1,1
JUNIOR ENGINEER GOP BHABANI SANKAR POTHAL,3,700000.0,3,1,1
HARANIYAV GRAM PANCHAYAT,2,700000.0,2,1,1
JUNIOR ENGINEER 4 BARGARH BLOCK S TIRKEY,2,700000.0,2,1,1
SSKT ENTERPRISES,1,700000.0,1,1,1
SHRI RAM GAUSHALA EVAM PARYAVARAN SAMVARDHAN KENDRA HATTA,1,700000.0,1,1,1
DHOLAVANI GRAM PANCHAYAT,2,700000.0,2,1,1
GP Dunkhrigahar,3,700000.0,2,1,1
YMA Ramhlun North,2,700000.0,1,1,1
RAMITA DEVI,3,700000.0,1,1,1
GRAM PANCHAYAT LINJIR,2,700000.0,1,1,1
SOCIAL AND ECONOMIC LIFE DEVELOPMENT DISTRICT KHATARSHNONG,3,700000.0,1,1,1
GRAM PANCHAYAT NIGHAVI,1,700000.0,1,1,1
Gram Panchayat Sindhoda,1,700000.0,1,1,1
GRAM PANCHAYAT NANDOURKHURD,2,700000.0,1,1,1
Gram Panchayat Semrahat,2,700000.0,1,1,1
VARATHAN A,1,700000.0,1,1,1
GP SHANSHA,1,700000.0,1,1,1
GRAMPANCHAYAT KHAIRI DIWAN,1,700000.0,1,1,1
CC for Bhetapara Boundary wall,3,700000.0,1,1,1
ys construction pro pintu sawla,2,700000.0,2,1,1
Sarpanch Shri Sampa,2,700000.0,2,1,1
Brahman Parishad berasia,1,700000.0,1,1,1
Jitpur GROUP GRAM PANCHAYAT,2,700000.0,2,1,1
VIRPUR GRAM PANCHAYAT,2,700000.0,2,1,1
SHREE ZINKADI JUTH GRAM PANCHAYAT,2,700000.0,2,1,1
SHRIAWADHSHARANTIWARISMARAKPUBLICSCHOOL,3,700000.0,1,1,1
Gram Panchayat SURAJPURA,1,700000.0,1,1,1
THWAI SYIEM SOCIETY MOOPALA,2,700000.0,1,1,1
GP Kholadi,1,700000.0,1,1,1
Gp Kalesar,2,700000.0,1,1,1
RAJESH VELU,1,700000.0,1,1,1
GRAM PANCHAYAT ATRAGAON,2,700000.0,1,1,1
Gp Panbihar,2,700000.0,1,1,1
JUNIOR ENGINEER CHANDRAPUR TWO,3,700000.0,3,1,1
GP CHUNARI JP TEOTHER,1,700000.0,1,1,1
Shree Madhapar Junavas Gram Panchayat,2,700000.0,2,1,1
Aakoli Thakor Vas Gram Panchayat,2,700000.0,2,1,1
GRAM PANCHAYAT HATHGADA,1,700000.0,1,1,1
Banalari World Cars Showroom,1,700000.0,1,1,1
GRAM PANCHAYT BHAMA,4,700000.0,2,1,1
Nagarajan,1,700000.0,1,1,1
Eatneni Ramesh,2,700000.0,2,1,1
ATHKHOL GRUP GRAM PANCHAYAT,2,700000.0,2,1,1
Changa Grup Gram Panchayat,2,700000.0,2,1,1
Prasant Kumar Behera,1,700000.0,1,1,1
Gp Bhilkhedha,4,700000.0,2,1,1
Temsuwati,1,700000.0,1,1,1
MOYAD NATHAJI GRAM PANCHAYAT,2,700000.0,2,1,1
MAHESH SHIKSHA PARISHAD,2,700000.0,1,1,1
GRAM PANCHYAT PRSODA,2,700000.0,1,1,1
APPALA BHUMANNA,2,700000.0,2,1,1
KULRIA INT UDHYOG,1,700000.0,1,1,1
Bikram Keshari Samal,2,700000.0,2,1,1
PRAKASH KUMAR NAYAK,2,700000.0,1,1,1
Biran,1,700000.0,1,1,1
GP KATHBADODA,2,700000.0,1,1,1
GRAM PANCHAYAT PATAN IGR VRIDDHAWASTHA PENSION,2,700000.0,1,1,1
KOTAVAD GRAM PANCHAYAT,2,700000.0,2,1,1
AMBAVADI GROUP GRAM PANCHAYAT,2,700000.0,2,1,1
gram panchayat bital,2,700000.0,1,1,1
gram panchayat chandershekharpur,1,700000.0,1,1,1
GP JHADISARA,3,700000.0,2,1,1
GP Sarol,2,700000.0,1,1,1
Bharti Samaj,1,700000.0,1,1,1
Ms BSL Enterprises,1,700000.0,1,1,1
Chendurlites,2,700000.0,2,1,1
Gram Panchayat Korsar Kothar,2,700000.0,1,1,1
gram panchayat tumbdibod,6,700000.0,3,1,1
JOYNAL ABEDIN,1,700000.0,1,1,1
PADMASRI ELECTRICAL AND ENGG,2,700000.0,2,1,1
GP Chikani,3,700000.0,2,1,1
PANUGANTI SATHISH,2,700000.0,2,1,1
GRAM PANCHAYAT PAHUNI,1,700000.0,1,1,1
GP KANDO BHATNOL,6,700000.0,3,1,1
GOPALAKRISHNAN,1,700000.0,1,1,1
KRUTIBAS NAYAK,2,700000.0,2,1,1
GRAM PANCHAYAT MALIDA,1,700000.0,1,1,1
Boundary wall of Niramay HC,2,700000.0,1,1,1
ARBINGSTONE SHYLLA,2,700000.0,1,1,1
CHASVAD GRAM PANCHAYAT,2,700000.0,2,1,1
Gram panchayat narayanpur,3,700000.0,2,1,2
SCHOOL WELFARE FUND GOVT HIGH SCHOOL MAQ,3,700000.0,1,1,1
ADARSH BAL SHIKSHAN SAMITI,2,700000.0,1,1,1
ADVALA GURUVAIAH,2,700000.0,2,1,1
SLB CONTRACTOR,1,700000.0,1,1,1
SK STEEL FABRICATORS,2,700000.0,2,1,1
GRAM PANCHAYAT BARKHERA DURGADAS JP PATHARIYA,1,700000.0,1,1,1
DORBAR IAW MUKSOW MOWKAIAW,2,700000.0,1,1,1
GRAN PANCHAYAT KORAMBHI,1,700000.0,1,1,1
ANSH BUILDING MATERIAL,3,700000.0,1,1,1
RM PERIYAIAH,1,700000.0,1,1,1
GRAM PANCHAYAT BOIRDEEH,2,700000.0,1,1,1
Mand Electrical Works,3,700000.0,3,1,1
Gram panchayat Chamari,2,700000.0,1,1,1
SARPANCH GRAM PANCHAYAT DHAMANI,2,700000.0,1,1,1
SARPANCH GRAM PANCHAYAT DOMA,2,700000.0,1,1,1
Dhakad Samaj,1,700000.0,1,1,1
Gram Panchayat Basiya Bhoti,5,700000.0,4,1,1
UMRA GRAM PANCHAYAT,2,700000.0,2,1,1
Deeptimayee Bhatalabhadra,1,700000.0,1,1,1
SHANKAR G S,1,700000.0,1,1,1
KHODLA GRAM PANCHAYAT,2,700000.0,2,1,1
Sarpanch Golwada Group Gram Panchayat,2,700000.0,2,1,1
Sangram Keshari Behera,1,700000.0,1,1,1
Sarpanch Gram Panchayat Lebada,2,700000.0,1,1,1
RIDIP DUTTA,10,699999.0,4,1,1
NIMATA KUMAR BHOI,4,699999.0,4,1,1
GRAM PANCHAYAT NANDELI,3,699988.0,2,2,2
BIJOY KRISHNA SUPPLIERS,2,699988.0,2,1,1
Karthikselvan Traders,1,699960.0,1,1,1
SHANTANU VASUDEVRAO NAVGHARE,1,699957.0,1,1,1
PUSHPA K,2,699940.0,2,1,1
S kumar construction company,1,699939.0,1,1,1
Surendran,1,699936.0,1,1,1
Shri Madhav Khanduji Deoke,1,699930.0,1,1,1
DWIJESH ELECTRICALS NANDED,1,699923.0,1,1,1
ASSISTANT ENGINEER SULTANGANJ,1,699916.0,1,1,1
GRAM PANCHAYAT DEROL,2,699902.0,2,1,2
NITIN VISHNU SURWASE,1,699900.0,1,1,1
Neeraj Contractor Co Bhir,1,699887.0,1,1,1
Gram panchayat  Khadki,1,699871.0,1,1,1
GRAM PANCHAYT LENGWARA,2,699862.0,1,1,1
Shivchandra Kumar Pandit,1,699856.0,1,1,1
Anil Construction,1,699841.0,1,1,1
THIMMAREDDY BANGARU,2,699827.0,1,1,1
ADHIVEL THEMMAVUR,1,699818.0,1,1,1
AKASH VIJAY KARALE,1,699809.0,1,1,1
GRAM PANCHAYAT BAHORANBHEDI,2,699800.0,1,1,1
Mageshwari,2,699790.0,1,1,1
K NARAYANA CONTRACTOR,1,699787.0,1,1,1
KELTRON,2,699779.0,2,1,2
RT Enterprise,6,699778.0,2,1,1
SAJI K KOYA,1,699744.0,1,1,1
ANVI CONSTRUCTION,2,699739.0,1,1,1
Bathmasingh Selva Meeran,1,699728.0,1,1,1
GRAM PANCHAYAT GAGRA,2,699727.0,1,1,1
AVANI CONSTRUCTION COMPANY,1,699714.0,1,1,1
KARUPPAIAH T,1,699704.0,1,1,1
GRAM PANCHAYAT DHONGAITOLA,2,699700.0,1,1,1
Rainbow Developers,1,699698.0,1,1,1
ALEX MATHEW,2,699684.0,2,1,1
GRAM PANCHAYAT SILLI,4,699681.0,2,1,1
SRINIVAS KG,3,699670.0,2,1,1
RAJASEKARAN C,3,699660.0,3,1,1
DIGITAL AUDIO VIDEO SOLUTIONS,1,699650.0,1,1,1
VM TRADERS,1,699648.0,1,1,1
AMS Constructions,1,699641.0,1,1,1
J K SRINIVASAN,1,699608.0,1,1,1
SABIBUR ENTERPRISE,2,699602.0,2,1,1
SHRI GURU BANKATSWAMI MSS NEKNUR,1,699600.0,1,1,1
SADUM NAGARAJA,2,699600.0,2,1,1
Kuppan M,1,699580.0,1,1,1
GAURAV SUNIL MORE,1,699551.0,1,1,1
R VIGNESH,1,699546.0,1,1,1
T Krishnamoorthi Emerald,1,699519.0,1,1,1
R PADMAVATHY,1,699517.0,1,1,1
Satyajeet Sanjay Patil,1,699511.0,1,1,1
GRAM PANCHAYATDharmaj,3,699500.0,3,1,1
SARAVANAMURUGAN M,1,699477.0,1,1,1
Sri Aladikaruppu Agencies,1,699470.0,1,1,1
NANDURI GRAM PANCHAYAT,2,699425.0,2,1,1
MALLIK CONSTRUCTION,1,699420.0,1,1,1
SABNAM CONSTRUCTION,1,699410.0,1,1,1
GRAM PANCHAYT TILAI,3,699383.0,1,1,1
Gram Panvjayat Sumredi,2,699333.0,1,1,1
SAHARA ENTERPRISE,2,699312.0,1,1,1
RAM BABU SINGH,1,699269.0,1,1,1
AARAV ENTERPRISES,1,699269.0,1,1,1
MS PRAKASH CONSTRUCTION CO,1,699267.0,1,1,1
MS NILIMA ENTERPRISE,1,699259.0,1,1,1
NAGARAJAN,1,699258.0,1,1,1
Bingi suresh,1,699246.0,1,1,1
GRAM PANCHAYAT ITKHEDA,1,699241.0,1,1,1
E Kamaraj,1,699196.0,1,1,1
GRAM PANCHAYAT KANCHRI,2,699186.0,1,1,1
CH JAIKISAN MAJUR SAHAKARI SANTSHA LTD IRLE,1,699164.0,1,1,1
D BABU,2,699161.0,1,1,1
RAM CONSTRUCTION,1,699124.0,1,1,1
GRAM PANCHAYAT SARANDI,1,699113.0,1,1,1
EHIKA Groups,1,699038.0,1,1,1
Deepak Bhausaheb Deshmukh,1,699000.0,1,1,1
KIRAN ANIL BHAGAT,2,699000.0,1,1,1
Akash Shivaji Avhad,1,699000.0,1,1,1
SINDHEKAR RAGHAVENDER,2,698836.0,2,1,1
READY ELECTRICAL,1,698800.0,1,1,1
SARPANCH GRAM PANCHAYAT KUTRA,2,698700.0,1,1,1
SARPANCH GRAM PANCHAYAT  MUTANPAL,2,698680.0,1,1,1
KHABIR ALI,1,698629.0,1,1,1
md khobiar rahaman enterprise,1,698617.0,1,1,1
SANTOSH KUMAR SINGH,4,698575.0,2,2,2
VIKASH CONSTRUCTION,2,698569.0,1,1,1
DIVINE BULDERS,1,698521.0,1,1,1
T Soundarapandiyan,1,698521.0,1,1,1
Ranju Devi Jain,4,698519.0,1,1,1
GRAM PANCHAYAT KOYLARI,3,698490.0,2,1,1
GRAM PANCHAYAT JAMAKUDO,1,698488.0,1,1,1
Kavit Bhardwaj,1,698484.0,1,1,1
BHAVYA CONSTRUCTION COMPANY,2,698415.0,1,1,1
VIJI GOVINDARAJ,1,698401.0,1,1,1
SHARDA CONSTRUCTIONS,2,698400.0,2,1,1
tak construction,2,698374.0,2,1,1
BHODAR GRAM PANCHAYAT,2,698300.0,2,1,1
GRAM PANCHAYAT CHIKHALPUTI,2,698262.0,1,1,1
Thankamony R,1,698247.0,1,1,1
N R Construction,2,698211.0,2,1,1
MESVAN GRAM PANCHAYAT,2,698199.0,2,1,1
MANVI TRADERS,2,698116.0,1,1,1
GRAM PANCHAYAT KARAD,2,698045.0,1,1,1
gram panchayt ghupsal ku,2,697959.0,1,1,1
NITUL BARUAH,5,697950.0,1,1,1
BALAJI MAZUR SAHAKARI SANSTHA LTD FATTEPUR,1,697913.0,1,1,1
SAGAR K C,3,697875.0,3,1,1
GRAM PANCHAYAT SAMANYA FUND,1,697787.0,1,1,1
Versatile Enterprises,1,697697.0,1,1,1
Thangal Kunju A,1,697635.0,1,1,1
MAHALAXMI TRADERS,1,697631.0,1,1,1
RAGHAV CONSTRUCTION,1,697616.0,1,1,1
GRAM PANCHAYAT KANHALGAON,1,697459.0,1,1,1
MARUTI CONSTRUCTION,1,697438.0,1,1,1
GRAM PANCHAYAT PAHUNGAON,1,697398.0,1,1,1
SAMANYA NIDHI GRAMPANCHAYAT GUNTHARA,1,697396.0,1,1,1
GRAM PANCHAYAT DAUTOLA,2,697213.0,1,1,1
Bhavesh Ajay Kuthe,1,697088.0,1,1,1
sudarshan sushikshit Bekar Majur Sahakari Sanstha Ma Barmgaon,1,696992.0,1,1,1
GRAM PANCHAYAT GOLEGOAN TQ NAIGAON,1,696912.0,1,1,1
GRAM PANCHAYAT DAREGAON TQ NAIGAON,1,696870.0,1,1,1
ADARSH TRADERS MAJHAULI,8,696840.0,1,1,1
Sai Datta Majoor Sahakari Sanstha Ltd Bhatambri,1,696803.0,1,1,1
GRAM PANCHAYAT GONDMOHADI,1,696799.0,1,1,1
GRAM PANCHAYAT KOKALEGOAN TQ NAIGAON,1,696785.0,1,1,1
Anusayadevi Majoor Sahakari Sanstha Maryadit,1,696742.0,1,1,1
DORA GRAM PANCHAYAT,2,696543.0,2,1,1
J J ENTERPRISES,1,696487.0,1,1,1
chairman siddeshwar Majur Sah Sanstha Wadgaon S,1,696292.0,1,1,1
MANTU ENTERPRISES,1,696266.0,1,1,1
Gajanan Majur Sahakari Sanstha Soyanjana,1,696205.0,1,1,1
Dnyaneshwar  Shinde,1,695987.0,1,1,1
Rohini Majur Saha Sanstha Limited Khuntewadi,1,695930.0,1,1,1
GRAM PANCHAYAT KARYALAY HANGARGA TQ NAIGAON,1,695903.0,1,1,1
Sangwan Electricals,1,695894.0,1,1,1
BS CONCRETE INDUSTRY,3,695750.0,2,1,1
MUHAMMAD IMTIYAZ KHAN,2,695660.0,1,1,1
K R Ramachandrappa,2,695413.0,2,1,1
GRAM PANCHAYAT KHAIRI BE,1,695359.0,1,1,1
Saikat Dey,1,695198.0,1,1,1
Ch Sankalp Majur Society Pohegaon,1,695177.0,1,1,1
M Ashok Kumar,1,695085.0,1,1,1
GRAM PANCHAYAT KADAVIYA,2,695000.0,2,1,1
GRAM PANCHAYAT KHOKARLA,1,694967.0,1,1,1
SATHIYANATHAN,1,694892.0,1,1,1
Sagar Mansing Salunkhe,1,694830.0,1,1,1
GP SHELU KHURD,1,694759.0,1,1,1
MS SHRI RAM CONSTRUCTION SUPPLIER,4,694671.0,2,1,1
GAURAV GAJANAN INGALE,1,694648.0,1,1,1
Ch Bhoom Taluka Majur Sahakari Santha M Washi Tq Washi Dist Dharashiv,1,694535.0,1,1,1
KAHLOW TRADERS,3,694402.0,3,1,1
Maruti Enterprices,1,694390.0,1,1,1
Shiva Keshava Constructions and Industries,1,694363.0,1,1,1
IMRAN GULABKHA PATHAN,1,694100.0,1,1,1
Khaja Garib nawaz Majoor Co Op Soc Ltd,1,694100.0,1,1,1
Ch Ingonda Majur Sahakari Sanstha M Ingonda Tq Paranda Dist Dharashiv,1,693895.0,1,1,1
MS BALUSUPATI CONSTRUCTIONS,1,693648.0,1,1,1
MULTI PURPOSE TRADE CENTRE,4,693600.0,4,1,1
Vijay Kumar,2,693400.0,2,1,2
jaswanth S P,4,693346.0,2,1,1
GRAM PANCHAYAT TILKHAIRI,2,693300.0,1,1,1
Swapnil Santosh Jadhav,1,693280.0,1,1,1
Shibu Abraham,1,693086.0,1,1,1
Nomo Enterprises,2,692980.0,1,1,1
MAA GAYATRI ENTERPRISES,2,692902.0,1,1,1
KUCHADI GRAM PANCHYAT,2,692839.0,2,1,1
MITTAL MOTORS,5,692645.0,5,1,1
SOLERGY SOLUTIONS,4,692640.0,3,1,2
ANAND PRAVIN WARUDKAR,1,692605.0,1,1,1
vishwakarma majoor sahakari sanstha mary,1,692500.0,1,1,1
DILLIP KUMAR ROUT,3,692424.0,3,1,1
BRAHMANANDA SAHOO,1,692305.0,1,1,1
PATAN MAHABOOB BASHA,2,692271.0,2,1,1
SARPANCH GRAMSVEAK GRAMPANCHAYAT KADEGAON,1,692232.0,1,1,1
Shiv Shankar Building Material Supplier,6,692099.0,3,1,1
N B ENTERPRISE,1,692087.0,1,1,1
VADLAKONDA PARAMESH,4,692032.0,4,1,1
R G ELECTRONICS,3,691971.0,3,1,1
SANWARIYA BUILDING AND MATERIAL SUPPLIERS,2,691872.0,2,1,1
GRAMPANCHAYAT KARYALAYA SANGUCHIWADI,1,691689.0,1,1,1
ABHIJIT SUBHASH RATHOD,1,691383.0,1,1,1
Rajesh P,1,690821.0,1,1,1
As Group,1,690122.0,1,1,1
Shivkripa Construction,2,690000.0,2,1,1
MS DUTTA CONSTRUCTION,3,689473.0,3,1,1
DEVAKUMARI D,2,689459.0,2,1,1
M Siva Sankar Prasad,3,689395.0,3,1,1
PENAKA CONSTRUCTION,1,689280.0,1,1,1
KS KUNDAN INFRA PRIVATE LIMITED,1,688661.0,1,1,1
Rajarshi Dev Nath,10,687956.0,2,1,1
Om Sakthi Construction,1,687693.0,1,1,1
PABAN DUTTA,9,687594.0,8,1,1
BLOCK DEVE OFFICER BPR,5,687448.0,5,1,1
GRAMNIDHI GRAMPANCHAYAT BHOJAPUR,1,687408.0,1,1,1
GANESH DHANRAJ SAGAR,1,686896.0,1,1,1
Jagat Singh Contractor,4,686583.0,2,1,1
Kalsubai Adi Majour Sah STY LTD Waki,1,686339.0,1,1,1
RATNESH KUMAR CHHAJED,1,686091.0,1,1,1
GRAM PANCHAYAT DUGGABEBGAL RAJYA PRAVARTIT YOJNA,2,686000.0,1,1,1
SAI KRIPA CONSTRUCTION WORK,2,685700.0,2,1,1
abhishek contruction company,2,685633.0,1,1,1
Ch Laxmi Jayshree Hari MSSL Wagholi,1,685572.0,1,1,1
SARPANCH SACHIV TERDUL,2,685470.0,1,1,1
SUTHAR CONSTRUCTION COMPANY DHANDHELA,4,685274.0,2,1,1
R N R Construction,20,685246.0,20,1,1
Ghanshyam singh rawat,1,685153.0,1,1,1
Mondal Construction,2,685051.0,2,1,1
Gram Panchayat Tikkar,8,685000.0,6,1,1
VENKATESH,3,684599.0,2,1,2
BAGUI CONSTRUCTION,1,684562.0,1,1,1
D VINOTH,1,684523.0,1,1,1
bharati construction,2,684516.0,2,1,1
The Nathusari Chopta Coop LC,1,684083.0,1,1,1
SREEJITH U,1,683732.0,1,1,1
ANUPAMA KUMARI,2,683619.0,2,1,1
THE JANYA COOPERATIVE LABOUR AND CONSTRUCTION SOCIETY LTD,3,683513.0,3,1,1
JITUMONI SUTRADAR,4,683350.0,4,1,1
SATNAM MOTOCORP PVT LTD,2,683030.0,1,1,1
K P Ahammedkutty,2,682720.0,2,1,1
ABS ENTERPRISE,1,682642.0,1,1,1
ASHOK KUMAR,17,681483.0,9,3,5
MAA VINDHYAVASINI CONSTRUCTION,1,680978.0,1,1,1
Jai Badrivishal Construction and Traders,2,680619.0,2,1,1
RAMASHIS YADAV,2,680502.0,1,1,1
PRATAP KUMAR SETHY,2,680231.0,2,1,2
Vengatesh and Co,1,680146.0,1,1,1
GP SANKHWAS,8,680000.0,4,1,1
JUNIOR ENGINEER I NAYAGARH BLOCK,17,680000.0,17,1,1
CHANDRDEV YADAV,1,679817.0,1,1,1
AJITH PRASAD C R,1,679630.0,1,1,1
ghulam  rasool wani,1,679566.0,1,1,1
Executive Engineer electricty Distribution Division Kushinagar,2,679394.0,2,1,1
GARWAL CONSTRUCTION COMPANY,2,678418.0,2,1,1
A  V ENTERPRISES,2,678223.0,2,1,1
DUDA MUZAFFARNAGAR,12,678142.0,6,1,1
RUNU HAZARIKA,2,678051.0,1,1,1
P KISHORE,2,677866.0,2,1,1
GAJJU CONSTRUCTION COMPANY,2,677565.0,1,1,1
ROYAL ENTERPRISES,4,676913.0,4,2,2
AMAZING CONSTRUCTIONS,1,676455.0,1,1,1
SRI KASI NAYANA CONSTRUCTIONS,1,676218.0,1,1,1
MRINMOY BANERJEE,1,676162.0,1,1,1
GRAM PANCHAYAT TURANGUR,2,675987.0,1,1,1
ERA CONSTRUCTION,8,675679.0,8,1,1
MORTHALA GRAM PANCHAYAT,2,675278.0,2,1,1
AMASA MOHAN,2,675095.0,2,1,1
GP Sanooh,7,675000.0,6,1,1
GRAM PANCHAYAT LAFA,4,675000.0,3,1,1
DAMODAR BEHERA,1,675000.0,1,1,1
NP PIPES,2,674650.0,2,1,2
SUNDARARAJAN KR,1,674460.0,1,1,1
JAKEER PATEL,2,674250.0,2,1,1
Prasad M G,1,674135.0,1,1,1
MOIDU P S,1,674011.0,1,1,1
Ch Swapnil MSS Ltd,1,673946.0,1,1,1
Ch Onkar Majur Sahakari Sanstha LTD Bhoom Tq Bhoom Dist Dharashiv,1,673517.0,1,1,1
THE NEW GOYAT CO OP LANDC SOCIETY,1,673320.0,1,1,1
THE ELIZA COOP L AND C SOCIETY LTD,2,673225.0,1,1,1
Garg Scientific and Surgical Co,1,673000.0,1,1,1
RAMESH CHANDRA NAINWAL,1,671668.0,1,1,1
AMS CORPORATION,1,671663.0,1,1,1
ANAGHBABU P,1,671276.0,1,1,1
GRAM PANCHAYAT KHAPRIDIHKHURD,2,671255.0,1,1,1
BIJU  K J,2,671174.0,2,1,1
VANSIKA IRON AND STEELS,8,670680.0,2,1,2
GRAM PANCHAYAT MATWADA,1,670000.0,1,1,1
Voice Tech,1,670000.0,1,1,1
Marwari Yuva Manch,2,670000.0,1,1,1
BANDANA TANTY,2,669592.0,2,1,1
The RUDRA CO OP L AND C SOCIETY LTD,4,669425.0,2,1,1
Nilachal Construction,1,669068.0,1,1,1
ROJALOIN BEHERA,1,668978.0,1,1,1
PRASHANT SONKAR,3,668591.0,3,1,1
Nirmal Kumar Rout,2,668293.0,2,1,1
The Jai Shree Balaji Coop L And C,3,668220.0,3,1,1
Somnath Sasmal,1,668040.0,1,1,1
GRAM PANCHAYAT  GUNDLAI,1,668000.0,1,1,1
MS RAJINDER SINGH,4,667987.0,3,1,1
Sardar Vallabhbhi Patel Samiti,2,667872.0,1,1,1
HARPREET SINGH,12,667850.0,5,2,3
SOFIKUL ISLAM,2,667847.0,2,1,1
Shameem Reyaz Bhat,3,667491.0,3,1,1
ARPIT CONSTRUCTION COMPANY,1,667002.0,1,1,1
BHADRIYA RAY CONSTRUCTION COMPANY,2,666928.0,1,1,1
JE Dhankauda Subrat Sharma,1,666886.0,1,1,1
A R Enterprise,2,666480.0,2,1,1
SGR CONSTRUCTION,3,666048.0,2,1,1
Micro Sales and Servises,4,666000.0,3,1,1
Ravi Dc,6,665650.0,6,1,3
SHRI RAM CONSTRUCTION,3,665090.0,3,1,1
vipin tiwari,2,664961.0,1,1,1
The Bajarangbali CoOp L and C Society LTD,8,664356.0,4,1,1
Rohit Dipak Chavan,1,664282.0,1,1,1
CHANDRASHEKAR N S,3,664242.0,2,1,1
KINJARAPU SRINIVASARAO,1,663999.0,1,1,1
raj enterprises,1,663915.0,1,1,1
HARIKRISHAN TILES,2,663733.0,1,1,1
SATHEESAN N,1,662662.0,1,1,1
RAHUL SAHEBRAO CHAVAN,2,661857.0,1,1,1
DALIA ENTERPRISE,2,661564.0,2,1,1
SHILA RANI CONSTRUCTION,3,661505.0,3,1,1
Veterinary Equipment Technologies,1,661000.0,1,1,1
SHRI LAXMI ENTERPRISES,1,660917.0,1,1,1
SANDEEP BECK,2,660905.0,2,1,1
SHREE SHYAM ENTERPRISE,5,660779.0,4,1,1
SHIVA JI BKO,26,660042.0,9,1,1
SARPANCH GRAM PANCHAYAT REVE,2,660000.0,2,1,1
KADA GRAM PANCHAYAT,5,660000.0,5,1,1
DISTRICT DISABLED SENIOR CITIZEN WELFARE OFFICER,4,659649.0,4,1,1
SURYANSH ENTERPRISES,1,659642.0,1,1,1
VARGHESE CHACKO,1,659384.0,1,1,1
SHRI GANGE TRADERS,5,659314.0,5,1,1
D BASKARAN,1,658619.0,1,1,1
DHARMVARAPU MURALI,2,657970.0,1,1,1
INDRANIL CONSTRUCTION,1,657579.0,1,1,1
JODHPUR VIDYUT VITARAN NIGAM LTD,3,657491.0,3,1,2
LOVELY AUTOS,4,657428.0,1,1,1
SANGAM CEMENT AGENCY,2,657017.0,1,1,1
Ms Gorkh Nath BKO,1,656670.0,1,1,1
Prathapa Rajendra Prasad,2,656525.0,2,1,1
Arup Saikia,11,655680.0,4,1,1
The Pandher co op l and C Society Ltd,2,655589.0,2,1,1
Lakshay Electricals,2,655513.0,2,1,1
SHRI NAGNECHIYA MATA CONSTRUCTION,3,655426.0,1,1,1
Deba Kumar Kutum,5,653999.0,4,1,1
P V ORGANICS FERTILIZERS,3,652650.0,3,1,1
BHOLA TRADERS,3,651985.0,2,1,1
CHHOBI ENTERPRISE700,2,651844.0,2,1,1
SATYENDRA KUMAR PRASAD,3,651753.0,1,1,1
The Priyank co op LC Society ltd,1,650945.0,1,1,1
LOKNATH CONSTRUCTION,19,650921.0,19,1,1
BHUVAL GRAM PANCHYAT BHUVAL,2,650000.0,2,1,1
CMO MANAWAR,3,650000.0,3,1,1
SAMARPADA GROUP GRAM PANCHAYT,2,650000.0,2,1,1
MGNREGS Convergence Fund BDO VPts Gandarvakottai,1,650000.0,1,1,1
GRAM PANCHAYAT DAMAKHEDA,2,650000.0,1,1,1
GRAM PANCHAYAT KANVADI,3,650000.0,3,1,1
kartik Industries,2,650000.0,2,1,1
GRAM PANCHAYAT KHERAI,3,650000.0,2,1,1
KRANKACH GRAM PANCHAYAT,2,650000.0,2,1,1
Willipson Sangma,4,650000.0,2,1,1
GRUP GRAM PANCHAYAT KOLIVADA,4,650000.0,4,1,1
MGNREGS CONVERGENCE FUND,1,650000.0,1,1,1
SARPANCH GRAM PANCHAYAT FARFAUD,2,650000.0,1,1,1
R MUTHUSAMY,2,650000.0,2,1,1
Asian Traders,1,650000.0,1,1,1
GRAM PANCHAYAT PARASKOL,2,650000.0,2,1,2
BDO TISSA,5,650000.0,5,1,1
HIMANSHU SONWANI,3,650000.0,2,1,1
V PUGALENDHI,1,650000.0,1,1,1
YMA Falkland East,2,650000.0,1,1,1
GP Bhaleta,5,650000.0,4,1,1
GRAM PANCHAYAT KHADGAWAN,3,649977.0,2,1,1
T Shyam Enterprises,1,649963.0,1,1,1
shree balaji treders,2,649939.0,1,1,1
Gram Panchayat Mirkhedi,4,649866.0,2,1,1
Gram Panchayat Kavitha,2,649787.0,2,1,1
P Prakash,1,649675.0,1,1,1
GRAM PANCHAYAT VAGRA,2,649661.0,2,1,1
Lucky Constructions,2,649609.0,2,1,1
V Murali,1,649581.0,1,1,1
BARDAWAL VIKAS,1,649464.0,1,1,1
SANDY INFRA,1,649412.0,1,1,1
T Enterprise,2,649366.0,2,1,1
ARGHYA CONSTRUCTION,1,649314.0,1,1,1
GRAM PANCHAYAT HUNKRA,4,649070.0,3,1,1
yogendra enterprises,1,649060.0,1,1,1
DHUNADARA  gram panchayat,2,648940.0,2,1,1
BABU C K,1,648752.0,1,1,1
SOURODIP SARKAR,2,648700.0,2,1,1
KALLEM MALLA REDDY,2,648422.0,2,1,1
ANILKUMAR BABU T K,2,648316.0,2,1,1
sarsa gram panchayat,2,648107.0,2,1,1
Mohd Waseem Raja Batloo,1,647965.0,1,1,1
GRAM PANCHAYAT NADHANPUR,5,647907.0,5,1,1
Venu A,1,647735.0,1,1,1
ARIJIT CHAUDHURY,1,647613.0,1,1,1
ASSISTANT ENGINEER DINARA,1,647104.0,1,1,1
PALLAPU UPPALAIAH,2,646907.0,2,1,1
Ashish Bardhan,1,646470.0,1,1,1
MAA CHINTPURNI TRADERS,6,646233.0,6,1,1
SUDEEP KUMAR LENKA,2,646202.0,2,1,1
ARPAN ENTERPRISE,2,646132.0,2,1,1
KISAN ELECTRIC,2,646083.0,1,1,1
Mohan lal sharma,1,646068.0,1,1,1
SONAM BOSE AE,2,646007.0,2,1,1
BASANTI ENTERPRISE,2,646004.0,2,1,1
Seva Engineers Solapur,3,645996.0,3,1,1
MAJUMDER ENTERPRISE,2,645962.0,2,1,1
GURU TEG BHADUR CEMENT PIPE INDUSTRIES,7,645746.0,1,1,1
RAVINDRA PRATAP YADAV,2,645577.0,1,1,1
Sun Engineering,1,645423.0,1,1,1
SOVAN CONSTRUCTION,1,645209.0,1,1,1
The Saket Co op L C Society,1,645155.0,1,1,1
Abhijit Baruah,3,645149.0,1,1,1
Shiva Builders,3,645130.0,1,1,1
MUNDARA Construction Company,1,644970.0,1,1,1
SHRI BALAJI S F CONSTRUCTION COMPANY,2,644939.0,2,1,1
RJP ENTERPRISE,3,644830.0,1,1,1
Ramesh babu yarramasu,1,643219.0,1,1,1
THE OM,2,643044.0,2,1,1
SURESHKANNAN M,1,642795.0,1,1,1
MANOJ KUMAR PANDA,2,642019.0,2,1,1
YRAL DISTRIBUTORS,3,642000.0,2,1,1
RAGHAV TRADERS,5,641880.0,2,1,1
GURU Construction company,1,641506.0,1,1,1
AKHIL ANIL PALKAR,1,641236.0,1,1,1
JANUGAMA RAMESH,2,641068.0,2,1,1
AAYAT ENTERPRISE,2,640355.0,1,1,1
JEEVA ENTERPRISES,1,640161.0,1,1,1
GRAM PANCHAYAT RAMPUR DHILA,3,640000.0,2,1,1
S G CONSTRUCTIONS,1,640000.0,1,1,1
ms om construction company,1,638377.0,1,1,1
MUKHERJEE ENTERPRISE,1,637888.0,1,1,1
MR NUR ALAM SK,1,637871.0,1,1,1
MAJHA INTERLOCK TILE FACTORY,2,637640.0,2,1,1
GRAM PANCHAYAT DONGARIYA,2,637082.0,1,1,1
Saarthi Enterprises,4,636143.0,2,1,1
The Ramgarhia Road Society Limited,4,636000.0,4,1,1
GRAM PANCHAYAT RAMNAGAR,5,635369.0,4,2,2
ambar kumar rout ac je,1,635000.0,1,1,1
Saji K Abraham,1,634937.0,1,1,1
SASMITA HEMBRAM,2,634876.0,2,1,1
SDSCO Palampur,5,634510.0,3,1,1
ABDO UTHIRAMERUR,1,631745.0,1,1,1
Anand Engg Works,4,630916.0,4,1,1
Sloka Enterprises,1,630552.0,1,1,1
GRAM PANCHAYAT SIHOT CHHOTI,2,630539.0,1,1,1
MUKHTIAR SINGH AND BROS,9,630255.0,5,1,1
CC Construction of Community hall at Ganesh Nagar Rajohuwa Bor Namghar Ganesh Nagar Basista,2,630000.0,1,1,1
KESHYAP ENTERPRISE,1,629624.0,1,1,1
SHRIKANT YALLAPPA  KARAGANNI,1,628388.0,1,1,1
MANJULA DASH,1,628326.0,1,1,1
Madhu J,1,628022.0,1,1,1
Napad tadpad grampanchayat,4,627054.0,4,1,1
GRAM PANCHAYATFangani,2,627022.0,2,1,1
NKT AND CO,1,626143.0,1,1,1
The Patti Sekhwan Road Society,2,626006.0,2,1,1
BANAVATH SANTHOSH,2,625847.0,2,1,1
Kommi Siddulu Naidu,2,625780.0,2,1,1
Nangali Enterprises,2,625040.0,2,1,1
Gram Panchayat Nimlai,2,625000.0,2,1,1
Surbhi Goubans Sewa and Paryavarn sansthan orchha,1,625000.0,1,1,1
VISHRAMPURA GRAM PANCHAYAT,2,625000.0,2,1,2
CHIEF EXCUTIVE OFFICER JANPAD PANCHAYAT MALHARGARH,4,625000.0,3,1,1
ekikrut budget vitran yojna hasnabaad,1,625000.0,1,1,1
SAPTSHANKARI PRIVATE LIMITED,1,625000.0,1,1,1
jahangirpura,1,625000.0,1,1,1
SHIVAM CONSTRUCTION AND SUPPLIERS,2,624822.0,1,1,1
Shri Jaitai Enterprises Sharda Katore,2,624800.0,2,1,1
Kosnam Venkatram Reddy,5,624400.0,5,1,1
Mr NAGARAJU MUMMADI,3,624336.0,3,1,1
The Saurav Choudhary Cooperative Labour and Construction Society Ltd Kakot,5,623512.0,3,1,1
SHAIK RAFI,1,622965.0,1,1,1
Nikhil Enterprises,5,622893.0,5,1,2
Sanjeev Choudhary Contractor,2,622330.0,2,1,2
SANJAYA GRAM PANCHAYAT,3,622311.0,3,1,1
Kumudini Behera,1,622128.0,1,1,1
DHANJIBHAI VITHALBHAI ZAPADIYA,3,622095.0,3,1,1
BRIJ TRADERS PROP SATISH KUMAR,1,622000.0,1,1,1
umashankar verma construction,2,621942.0,1,1,1
S S Kadyan,1,621710.0,1,1,1
UMA MAHESWARA RAO B,1,621411.0,1,1,1
Bellum Sanath Kumar,3,621146.0,3,1,1
MAHAROOF P A,1,620970.0,1,1,1
LIYON M V,1,620299.0,1,1,1
S Venkataiah,2,619685.0,2,1,1
THE SHIV SHANKAR CO OP L AND C SOC LTD,1,619542.0,1,1,1
WARAICH PIPE AND TILE FACTORY,4,619380.0,4,1,1
THE AVIGHNA COOPERATIVE LABOUR AND CONSTRUCTION,3,619296.0,3,1,1
Binod Kumar Mohanty,3,619229.0,3,1,1
jasvir singh so bant singh,5,618920.0,2,1,1
SIVARAMAN,1,618803.0,1,1,1
SHAJI M S,1,618503.0,1,1,1
GARG IRON STORE,5,618402.0,4,1,2
LAKSHYA RAJ CONSTRUCTION COMPANY,1,618163.0,1,1,1
GUPTA STEEL TRADERS,3,617493.0,2,1,1
ms balaji consruction,1,617317.0,1,1,1
Shashwat constrution,3,616314.0,3,1,1
SAGEER AHMAD,1,616033.0,1,1,1
SMC Bhalyani,1,615000.0,1,1,1
Evolve,3,614580.0,1,1,1
ANUPMA RAI MEMORIAL COLLEGE OF EDUCATION,1,614451.0,1,1,1
ANITA TRADERS,2,614229.0,1,1,1
jai prakash verma,1,613225.0,1,1,1
Shri Dauji construction company,1,612876.0,1,1,1
Gram Panchayat Manesia,3,612500.0,2,1,1
RAMACHANDRA,4,612478.0,3,2,3
JK CONSTRUCTION,1,612322.0,1,1,1
GOVINDA CONSTRUCTION AND DEVELOPERS,3,612299.0,3,1,1
Hind Motors Sikar,1,612000.0,1,1,1
DHANYKUMAR MARUTI MANAGUTTI,1,611960.0,1,1,1
SIL BUILDING MATERIAL ENTERPRISE,1,611596.0,1,1,1
D R AND COMPANY,1,611110.0,1,1,1
MEELU CEMENT AND HARDWARE STORE,6,611100.0,4,1,1
Jai Singh and Sons,13,610949.0,2,1,1
NOVELTY ENGINEERING AND CONSTRUCTION,2,610880.0,1,1,1
Sarrada Motocorp LLP,1,610800.0,1,1,1
The Manoj Pannu Co Op LC Society Ltd,2,610735.0,1,1,1
Garuda Constructions,2,610671.0,1,1,1
JAGRITI TREDERS,1,610532.0,1,1,1
Savita,3,610422.0,3,1,1
GP Sarahan,6,610000.0,3,1,1
Geeson George,1,609444.0,1,1,1
JAY ENTERPRISE,2,609441.0,2,1,1
RAJENDRAN S,1,609156.0,1,1,1
MUHAMMED FASIL,2,609115.0,2,1,1
SAMPATTI MEMORIAL GRAMIN VIKAS SANSTHAN,1,608941.0,1,1,1
Executive engineer division phoolpur revenue,2,608500.0,2,1,1
s g enterprise,2,606778.0,2,1,1
R B ENTERPRISE,5,606252.0,4,1,1
SHREE CHAUDHARY CONTRACTOR,4,606189.0,2,1,1
DESHPAL SINGH CONTRACTOR,2,605799.0,1,1,1
THURO TIKHAK,7,605500.0,5,1,1
UMESH K MAHAPATRA,2,605453.0,2,1,1
GAURAV BALIYAN CONTRACTOR,1,605340.0,1,1,1
SRI BALAJI ENGINEERING,1,605000.0,1,1,1
JUNAID IRFANI DAR,2,604881.0,2,1,1
SHREE SHYAM INTERLOCK TILE,13,604682.0,1,1,1
Guroo Electrcicals,1,604190.0,1,1,1
PRAGATI INTERPRISES,2,604014.0,1,1,1
ANUPKUMAR V DESAI,2,604000.0,2,1,1
Dipak Gam,5,603552.0,3,1,1
UNTWALIYA CONSTRUCTION COMPANY,1,603484.0,1,1,1
BHARAT TRADERS,2,602817.0,2,2,2
Maruti Enterprise,1,602704.0,1,1,1
MONUJ KURMI,3,602498.0,1,1,1
MAA ASHAMBARI CONSTRUCTION COMPANY,1,602270.0,1,1,1
HAKIMA BEGUM,1,602161.0,1,1,1
Uttam Kumar Maity,2,601508.0,2,1,1
DEGAVATH RAJU NAIK,5,601405.0,5,1,1
MA PHULANDEVI CONSTRUCTION,1,600182.0,1,1,1
Naveen Infraspace Private Limited,1,600000.0,1,1,1
Sarpanch Gram Panchayat   RAMPURI,2,600000.0,1,1,1
Body Fit Line International,2,600000.0,2,1,1
GRAM PANCHAYAT PASID,2,600000.0,1,1,1
DASHARATH SAHU,2,600000.0,2,1,1
GAMBHIR SINGH RANA,1,600000.0,1,1,1
Gajaraj Majhi,1,600000.0,1,1,1
ALALI GRAM PANCHAYAT,3,600000.0,3,1,1
Construction of Additional Room near Kubreswar Mandir at Moishkhuli,2,600000.0,1,1,1
Construction of link road at Niz hahara gaon path,1,600000.0,1,1,1
VANKANEDA GROUP GRAM PANCHAYAT,3,600000.0,3,1,1
SHREE KHIRSARA VI GRAM PANCHAYAT,2,600000.0,2,1,1
CONST OF WOODEN BADMINTON COURT UNDER NORTH SALMARA DISTRICT ASSOCIATION,1,600000.0,1,1,1
CONSTRUCTION OF CULTURAL PROJECT AT PANCHAGRAM,1,600000.0,1,1,1
garam panchayat machanpar,1,600000.0,1,1,1
SANALIYA GRAM PANCHAYAT,2,600000.0,2,1,1
RUPALI BEHERA,1,600000.0,1,1,1
CC Community hall at 28A Industrial Eastate,1,600000.0,1,1,1
Sanjay Parihar,6,600000.0,6,1,1
CC Construction of Community hall at Sonapur Public Crematorium Development Committee,1,600000.0,1,1,1
GP KHIRWA,1,600000.0,1,1,1
SARPANCHSHRI KAHODA GRAM PANCHAYAT,3,600000.0,3,1,1
Construction of cultural Stage and community hall  at Athugaon C,1,600000.0,1,1,1
ARCHITA PRIYADARSANI MISHRA DO BARADA RANJAN MISHRA,2,600000.0,2,1,1
GRAM PANCHAYAT BAMITHA,2,600000.0,2,1,1
Vigodi Gram Panchayat,2,600000.0,2,1,1
LUVARIYA GRAM PANCHAYAT,2,600000.0,2,1,1
NORTAVATA GRAM PANCHAYAT,2,600000.0,2,1,1
Shri Dilsang Ch Marak,6,600000.0,4,1,2
Vav Gram Panchayat,2,600000.0,2,1,1
GRAM PANCHAYAT GOREGHAT,2,600000.0,1,1,1
BIBHUDATTA ROUTRAY,3,600000.0,3,1,1
DHANA VIMAL,1,600000.0,1,1,1
PRASHANT AGRAWAL,3,600000.0,2,1,1
BDO Solan MPLAD LS,3,600000.0,3,1,1
Pingot gram panchayat,2,600000.0,2,1,1
DANARDAN MOHANTA,1,600000.0,1,1,1
TRATIYA RAJYA VITTA AYOG GRAM PANCHYAYAT RAMGARI,6,600000.0,1,1,1
GRAM PANCHAYAT LUGASI,1,600000.0,1,1,1
PRASANNA KUMAR SUCHEN,2,600000.0,2,1,1
Swa Sriram Charan Smritika Shiksha Samiti,1,600000.0,1,1,1
Grama Panchayat Lundra,2,600000.0,2,1,1
KARTTIK SING,1,600000.0,1,1,1
gram panchayat khujji,4,600000.0,2,1,1
BAHADURGADH GRAM PANCHAYAT,2,600000.0,2,1,2
BACCHI DEVI SHIVRAJ SINGH SIKSHA SEWA SANSTHAN SA,1,600000.0,1,1,1
GRAM PANCHAYAT BARROHI,1,600000.0,1,1,1
GRAM PANCHAYAT MAUMASANIYA,2,600000.0,2,1,1
sarpanch GP bamori,1,600000.0,1,1,1
GRAM PANCHAYAT DHAWAD,1,600000.0,1,1,1
LODRA GRAM PANCHAYAT,2,600000.0,2,1,1
Gram Panchayat Bhagani,2,600000.0,1,1,1
Kalota samaj,1,600000.0,1,1,1
GRAM PANCHYAT AMRUTPUR,2,600000.0,2,1,1
ITAVAKHURD  NS,2,600000.0,1,1,1
SHISHUPAL UTTAM MEMORIAL CONVENT,1,600000.0,1,1,1
SRV AND CO,1,600000.0,1,1,1
JAIN SONS TRADERS,1,600000.0,1,1,1
MOLLA SAFIKUL ALAM,1,600000.0,1,1,1
Mukund Madhav Bhishm Prathmik Vidyalaya,1,600000.0,1,1,1
GRAM PANCHYAT  SAHPURA,1,600000.0,1,1,1
NRUSINGHA CHARAN DUTTA,1,600000.0,1,1,1
S D Enterprises,2,600000.0,1,1,1
Sonu Hardware,3,600000.0,1,1,1
Mondal Hardwares and Builders,1,600000.0,1,1,1
GP Sawamahun,1,600000.0,1,1,1
RAMSNAIHI CONSTRUCTION AND SUPPLIERS,1,600000.0,1,1,1
G DURAIRAJ,60,600000.0,60,1,1
Jagdish Construction Company,1,600000.0,1,1,1
GP BHAISAYA JP BADI,2,600000.0,1,1,1
PUSPANJALI BILUNG,1,600000.0,1,1,1
GRAM PANCHAYAT KALGAMAR,2,600000.0,1,1,1
GRAM PANCHAYAT KHARSODKALAN,1,600000.0,1,1,1
KHANDABAD B,2,600000.0,1,1,1
GP UMRAI BAHRA JP BADI,2,600000.0,1,1,1
GRAM PANCHAYAT RAMBOD,2,600000.0,2,1,1
SARPANCH GRAM PANCHAYAT ZARNA,2,600000.0,2,1,1
Gram Panchayat Aston,1,600000.0,1,1,1
CONST OF COMMUNITY HALL NEAR ADLAGURI LAXMI MANDIR,1,600000.0,1,1,1
GRAM PANCHAYAT DETHALI,3,600000.0,3,1,1
VARASADA GRAM PANCHAYAT,2,600000.0,2,1,1
SARPANCH SACHIV GRAM PANCHAYAT AMATI,1,600000.0,1,1,1
Development of playfield and sports ground at Chandanpur unnayan Samity,1,600000.0,1,1,1
AMIT KUMAR DAS,2,600000.0,2,1,1
Milind Majoor Sah Santha,1,600000.0,1,1,1
STN MSR PROTECTION UZIRAR CHAR JAIPARA,1,600000.0,1,1,1
SSS Kalyanpur,2,600000.0,1,1,1
GRAM PANCHAYAT KASHIPURA,1,600000.0,1,1,1
AJAY BAJPAYEE,1,600000.0,1,1,1
AJAY RAM TARAI,3,600000.0,3,1,1
SITARAM PRASAD SETHI,1,600000.0,1,1,1
Thervada Grampanchayat,2,600000.0,2,1,1
ACHARYA SHREE SURAJBA HIGH SCHOOL,1,600000.0,1,1,1
H M ENTERPRISE,1,600000.0,1,1,1
SURPANCH GRAM PANCHAYAT KALCHA,2,600000.0,2,1,1
sarpanch sachiv nawagaongahira,2,600000.0,1,1,1
SWYANG PRAKASH MOHANTY,2,600000.0,2,1,1
VANKOL GROUP GRAM PANCHAYAT,2,600000.0,2,1,1
MOHAMMAD IDRISH ANSARI,1,600000.0,1,1,1
SAROJ KUMAR SAMANTARAY,2,600000.0,2,1,1
MS Alpana Industry and Hardware Shop,4,600000.0,2,1,1
BHARADIA GRAM PANCHAYAT,3,600000.0,3,1,1
GRAM PANCHAYAT PINKAPAR,2,600000.0,1,1,1
Gram Panchyat Amlavdiya,1,600000.0,1,1,1
GRAM PANCHAYAT PANGAO,2,600000.0,1,1,1
PARSURAM KANHAR,2,600000.0,2,1,1
VINAYAGA ELECTRICALS,1,600000.0,1,1,1
GRAM PANCHAYAT BIJRADIH,2,600000.0,1,1,1
GRAM PANCHAYAT PARSADA,2,600000.0,1,1,1
PRABANDAK NAVMEET SINGH VILL SARAI,3,600000.0,2,1,1
SATYANARAYAN YADAV,8,600000.0,8,1,1
TECH CONSULTANT,1,600000.0,1,1,1
Construction of Community hall at Shree Shree Ram Thakur Sevashram Bhaskar Nagar,1,600000.0,1,1,1
Construction of Community hall Near Mahapurush Sri Srimanta Sankardev Namghar,1,600000.0,1,1,1
CC for Construction of boundary wall at Ujjal Nagar Namghar,1,600000.0,1,1,1
Zonunsanga,4,600000.0,2,1,1
JAY SHANKAR SINGH,1,600000.0,1,1,1
Dilseng A Sangma,2,600000.0,1,1,1
Diptee Nayak,1,600000.0,1,1,1
CC for krishna Nagar Unnayan Samiti,1,600000.0,1,1,1
Pushpa M,2,599995.0,1,1,1
Gram Panchayat Masroond,4,599988.0,2,1,1
SHRI SARYU PRASAD UCCHTAR MADHYAMIK VIDYALAYA SAMITI,1,599985.0,1,1,1
Amit Enterprises,1,599980.0,1,1,1
SRUNGARAM NARENDHAR,2,599975.0,2,1,1
MANAGER SAMITI BABURAM MUNNI DEVI BALIKA,1,599975.0,1,1,1
M Vivekanandhan,1,599972.0,1,1,1
SANKAR LAL AGARWALLA,4,599970.0,1,1,1
ZUBER ALEEM SIDDIQUI,1,599968.0,1,1,1
B SAMINATHAN Masinagudi,1,599966.0,1,1,1
K RAMASAMY,1,599950.0,1,1,1
Samanya Fund Gram Panchayat Tigaon,1,599950.0,1,1,1
MSS INFRA,1,599946.0,1,1,1
C Loganathan,1,599944.0,1,1,1
VIJAYA,1,599943.0,1,1,1
AZHAGU MURUGAN and CO,1,599926.0,1,1,1
GRAM PANCHAYAT GATORA,2,599913.0,1,1,1
DEVAGI,1,599911.0,1,1,1
LAGHUMTHOTI MASTANAIAH,2,599910.0,2,1,1
MS HARIOM CONSTRUCTION COMPANY,2,599896.0,1,1,1
SK CONSTRUCTION COMPANY AND SUPPLAYARS,1,599883.0,1,1,1
KOLEY ELECTRIC,4,599855.0,4,1,1
BISWANATH HARDWARE,4,599835.0,1,1,1
GRAM PANCHAYAT DARGAHAN,2,599800.0,1,1,1
Rajendran,1,599784.0,1,1,1
Rohit Garg,2,599781.0,1,1,1
Kuldevi Construction,1,599780.0,1,1,1
GRAM PANCHAYAT TAPIPLYA,2,599779.0,1,1,1
VIMALRAJ,1,599764.0,1,1,1
DEIVASIGAMANI,1,599764.0,1,1,1
NESHAM THANGAM BUILDERS,1,599750.0,1,1,1
GRAM PANCHAYAT MEGHALPUR,2,599709.0,2,1,1
Construction of Community Cultural actives at Brihattar Rukmini Nagar Socio Cultural centre Ranga,1,599688.0,1,1,1
S SUBRAMANIAN,1,599654.0,1,1,1
SREE INFRA,2,599645.0,1,1,1
Jeyarani K,1,599644.0,1,1,1
GRAM PANCHAYATPadgol,2,599621.0,2,1,1
PRAGATHI ENTERPRISES,2,599574.0,2,1,1
CHEKHLA GRAM PANCHAYAT,2,599551.0,2,1,1
Gram Panchayat Virsad,2,599537.0,2,1,1
SPR TRADERS,1,599528.0,1,1,1
NORTH EAST POWERLINE INDUSTRIES,1,599500.0,1,1,1
SAVARIMUTHU THAINESH,1,599495.0,1,1,1
Palanichamy C,1,599494.0,1,1,1
GRAM PANCHAYAT AMERI,2,599486.0,1,1,1
NAVEEN CONSTRUCTION,1,599480.0,1,1,1
Gram panchayat bhima,1,599438.0,1,1,1
Maa Durga Workshop,12,599436.0,1,1,1
RADHA K,1,599435.0,1,1,1
RUNA CONSTRUCTION,3,599349.0,3,1,1
MS NNR INFRASTRUCTURE,4,599342.0,4,1,1
GRAM PANCHAYATA MATWA,2,599291.0,2,1,1
DEHGAM GRAM PANCHAYAT,2,599277.0,2,1,1
AMUTHA TRADERS,1,599276.0,1,1,1
KANNAN G,1,599264.0,1,1,1
HAZI LN ENTERPRISE,1,599262.0,1,1,1
GRAM PANCHAYAT CHHIRRA,2,599230.0,1,1,1
GRAM PANCHAYAT ROYAL,2,599215.0,1,1,1
RAVINDRA GRAM PANCHAYAT,2,599214.0,2,1,1
BALAJI G,1,599176.0,1,1,1
PRESIDENT VILLAGE LEVEL COMMITTEE MADAPUR GP ATLOOR M,3,599145.0,3,1,1
SARPANCH GRAM PANCHAYAT BHATMAHUL,2,599094.0,1,1,1
THIRAVIDAMURUGAN,1,599049.0,1,1,1
GRAM PANCHAYAT SEVD BADI,2,599038.0,1,1,1
GRAM PANCHAYAT Sundara,2,599000.0,2,1,1
SARPANCH GRAM PANCHAYAT BAMHNIDIH,2,598982.0,1,1,1
Ramachandran Govindasamy,1,598974.0,1,1,1
POOJA ENTERPRISES,1,598968.0,1,1,1
C K Ravikumar,1,598966.0,1,1,1
SOUMEN KUMAR DAS,1,598859.0,1,1,1
NANDITHA ENTERPRISES,1,598842.0,1,1,1
VASANTH ANDISAMY,1,598810.0,1,1,1
GANGA ELECTRIC,1,598796.0,1,1,1
NAVYUWAK MAJOOR SAH SANTHA,2,598750.0,1,1,1
PONNI CONSTRUCTION,1,598743.0,1,1,1
SHREE DEVNARAYAN CONSTRACTION,1,598709.0,1,1,1
KALYAN CONSTRUCTION COMPANY,1,598703.0,1,1,1
Himmatpura Juth Gram Panchayat,2,598698.0,2,1,1
R Mani Sankaran,1,598675.0,1,1,1
KARUPPAIAH K,1,598675.0,1,1,1
SAYON CONSTRUCTION,1,598653.0,1,1,1
EE RES CHHATARPUR,2,598599.0,1,1,1
GRAM PANCHAYAT OCHCHHAN,2,598587.0,2,1,1
MS ASHA TRADERS  PROP LAL DEO MAHTO,1,598556.0,1,1,1
B Rajendraprasad,2,598526.0,2,1,1
APAR CONSTRUCTION COMPANY,1,598483.0,1,1,1
GADESHWARI CONSTRUCTION COMPANY,1,598429.0,1,1,1
ZEE ENTERPRISES,2,598410.0,2,1,1
SK KHEBIBUR RAHAMAN,1,598376.0,1,1,1
GRAM PANCHAYAT MANIKPUR,3,598351.0,2,2,2
B NANDHAKUMAR,1,598350.0,1,1,1
MIROVNIK ENTERPRISES LIMITED LIABILITY P,2,598284.0,2,1,1
Prasannakumar K S,2,598260.0,2,1,1
HEMANTH KUMAR,3,598194.0,3,1,1
SRIKANTH T,1,598169.0,1,1,1
TANMOY ENTERPRISE,1,598154.0,1,1,1
MS RABIJIT HAZRA,1,598111.0,1,1,1
ARAJANPUR KOT GRAM PANCHAYAT,4,598053.0,4,1,1
jaipal,1,598015.0,1,1,1
BHAMADIA GRAM PANCHAYAT,4,598000.0,4,1,1
CHENNAI HORTICULTURE SERVICE SOCIETY,1,597851.0,1,1,1
AGAM SINGH SUBBA,1,597506.0,1,1,1
SRIJANE GROUP,2,597375.0,2,1,1
ASM CONSTRUCTION,3,597354.0,3,1,1
VARSANG GRAM PANCHAYAT,2,597198.0,2,1,1
Vijayaseelan,2,597164.0,1,1,1
R M Engineering,2,597053.0,1,1,1
Sagar Pandurang Patil,1,597025.0,1,1,1
GHODA JOLI GRAM PANCHAYAT,2,597000.0,2,1,1
GRAM PANCHAYAT BIRLOKA,1,596845.0,1,1,1
OM CONSTRUCTION,2,596724.0,2,2,2
SUBENDU MONDAL,1,596657.0,1,1,1
jai ambey ties and material suppliers,2,596534.0,2,1,1
MS LAXMI COMPUTER AND BATTERY,1,596458.0,1,1,1
HD ENETRPRISES BILODA,4,596409.0,3,1,2
BHARTI HARDWARE PRO SURESH RAM,1,596390.0,1,1,1
JUNIOR ENGINEER MARSHAGHAI BLOCK 7,1,596261.0,1,1,1
RAM TIRATH ROY,1,595826.0,1,1,1
GRAM PACHAYAT KOTMER,4,595600.0,2,1,1
DURGA PRASAD RAI,1,595539.0,1,1,1
Dey Electric,1,595489.0,1,1,1
GRAM PANCHAYAT NAVA VAGHANIYA,2,595200.0,2,1,1
N N ROAD CONSTRUCTION,1,595162.0,1,1,1
Lokesh construction company,2,595000.0,1,1,1
Gajanan Maharaj Majur Kamgar Sahakari Sanstha Maryadit Pandharkawadea,1,594833.0,1,1,1
SAPNA ENTERPRISES,1,594767.0,1,1,1
Shri moti fafni nani fafni juth gram panchayt,2,594487.0,2,1,1
REJI S,1,594367.0,1,1,1
SURAJ PASWAN,1,594223.0,1,1,1
VIRAAT CONSTRUCTIONS,1,594098.0,1,1,1
Bharat Construction,1,594094.0,1,1,1
Gella Radhika Contractor,5,594065.0,5,1,1
GRAM PANCHAYAT BANSKHEDI ASPAL,2,594000.0,1,1,1
S M ENTERPRISE,4,593996.0,4,1,1
MD ROFIKUL ISLAM,1,593883.0,1,1,1
JESAPURA  gram panchayat,2,593826.0,2,1,1
SARPANCH SACHIV GRAM PANCHAYAT RISAMA,4,593784.0,2,1,1
THE LAKSHIT CO OP SHIMLA KAITHAL,1,593574.0,1,1,1
S E A ENTERPRISE,2,593366.0,2,1,1
MS HALIM SK,1,593362.0,1,1,1
CHANDRA KANT MANI,1,593277.0,1,1,1
THE PHULEWALA COOPERATIVE LABOUR AND CONSTR PHULEWALA,2,593239.0,2,1,1
Pavan Ganesh Majur Sah Sanstha LTD Kharwandi,1,593193.0,1,1,1
H R CONSTRUCTION COMPANY,2,593182.0,1,1,1
NALLA BUCHI REDDY,2,593181.0,2,1,1
Anurupa Enterprise,2,593122.0,1,1,1
Jay durge Poorve Madhymik  vidhyalay,1,593030.0,1,1,1
Yekula Appala Raju,1,592890.0,1,1,1
SIBANI ENTERPRISE,1,592655.0,1,1,1
N K TRADERS,2,592104.0,2,1,1
Seema Sudhakar Reddy,1,591815.0,1,1,1
JAY VIND KUMAR SINGH,1,591292.0,1,1,1
Singla Tiles Industry,15,590828.0,5,1,2
H D ENTERPRISE,2,590496.0,2,1,1
JMB Associates,1,590000.0,1,1,1
GRAM PANCHAYAT KARYALAYA SHEKAPUR KANDHAR NANDED,1,589894.0,1,1,1
RADHE KRISHNA ENTERPRISES,2,589584.0,1,1,1
GRAM PANCHAYAT SURERA,2,589211.0,1,1,1
ASSISTANT ENGINEER DARBHANGA GRAMIN,1,588449.0,1,1,1
Shakti It Infoteh and Consultants,1,588226.0,1,1,1
ANUJ KUMAR PANDEY,1,588102.0,1,1,1
Carevel Medical Systems Pvt Ltd,1,587980.0,1,1,1
NUKALA SRINIVASARAO,1,587734.0,1,1,1
JAI ENTERPRISES,2,587640.0,2,1,1
MS ANDHANA CONTRACTOR,1,587526.0,1,1,1
Kavva Devender Reddy,1,587102.0,1,1,1
MS Ali Construction,1,586967.0,1,1,1
ANUPSINGH VIJAYSINGH RAJPUT,1,586926.0,1,1,1
Davindra Cement Agency,14,586845.0,3,1,1
ratohre construction,1,586650.0,1,1,1
Gram Panchayat Kujriadih,2,586600.0,2,1,1
TRILOK SINGH NAULA,5,586548.0,5,1,1
Jai durga,3,586540.0,2,1,1
Zuba Engineering and Technology,2,586060.0,2,1,1
Gram Panchayat Umari,2,586000.0,1,1,1
13 FC GP JULWANIYA G P JULWANIYA,2,586000.0,1,1,1
Logtech Infoway Pvt Ltd,1,585550.0,1,1,1
THE SHIV SHANKAR COOP LC SOCIETY LTD,2,585046.0,2,1,1
CEO Janpad Katghora,4,585000.0,3,1,1
gurbax singh chet singh,3,584775.0,3,1,1
Executive Engineer EDD Kaptanganj Azamgarh,3,584772.0,3,1,1
SAMALESWARI SUPPLIERS,1,584707.0,1,1,1
Sumith P Thadathil,2,584676.0,2,1,1
SARPANCH SACHIVA GRAM PANCHAYAT SOANBACHARWAR,2,584210.0,1,1,1
Venkatesh R,1,583963.0,1,1,1
Gram Panchayat Malganv,2,583000.0,1,1,1
MS MALLICK SUPPLIERS,3,582839.0,3,1,1
SUNDU RAMANAIAH,2,582810.0,2,1,1
SK HOSSAIN ALI,1,582375.0,1,1,1
SHRI MEWADA CONSTRUCTION,2,582303.0,2,1,2
MOHD ZAINAT,1,582000.0,1,1,1
AKMAL KHAN,1,581919.0,1,1,1
R V  INDUSTRIES,1,581596.0,1,1,1
Surendra Kumar Mishra,3,581149.0,1,1,1
DEWAN ENTERPRISE,5,580884.0,2,1,1
DEBARGHYA CONSTRUCTION,1,580536.0,1,1,1
Bharat Building Material,17,580452.0,10,1,1
DEVAKI CONSTRUCTIONS,1,580000.0,1,1,1
C B PRAKASH,1,579932.0,1,1,1
SAR AND SAC GRAM PANCHAYAT SEMRA,3,579900.0,2,1,1
VRAJ JAYANTIBHAI PATEL,1,579471.0,1,1,1
FISHCO,1,579309.0,1,1,1
MAHAMMAD FARDUSH,2,579086.0,2,1,1
Aman Traders,2,579000.0,1,1,1
GUGALIYANA GRAM PANCHAYAT,2,578493.0,2,1,1
SHREE GANESH INTERLOCK TILES AND BRICKS,3,578490.0,3,1,1
Rock Stone Construction,4,578005.0,3,1,1
NANDHINI CONSTRUCTION,1,577937.0,1,1,1
MADRAS ENT RESEARCH FOUNDATION P Ltd,1,577000.0,1,1,1
Chahak Construction Co,1,576887.0,1,1,1
BRANCH EARMARKED CAPITAL RECEIPT AC,2,576600.0,2,1,1
KAMANTI RAI,2,576597.0,1,1,1
HRISHIKESH VIJAY CHORE,1,576472.0,1,1,1
Kulvindra Enterprises,2,576446.0,1,1,1
KARTHIK P,1,576388.0,1,1,1
PADUM KANT,2,576324.0,1,1,1
GO GREEN SOLAR,3,576000.0,3,1,1
K J SUBBEGOWDA,5,575750.0,3,1,1
SHREE SHANKAR TRADERS,1,575688.0,1,1,1
Gram Panchayat Vaghrech,2,575000.0,2,1,1
Gp Kiri,5,575000.0,3,1,1
Gram Panchayat Muhli,2,575000.0,1,1,1
SARPANCH GRAM PANCHYAT Dewada,2,575000.0,2,1,1
K Sudhakar Reddy,1,574740.0,1,1,1
Sahota Building Material,2,574690.0,2,1,1
UNIQUE ELECTRICALS,1,574509.0,1,1,1
MIYANI GRAM PANCHAYAT,2,572933.0,2,1,1
Samgra shikha vbhiyan Dungarpur,1,572500.0,1,1,1
Laxmi Traders,9,572258.0,5,2,3
LAKSHMANA,1,571836.0,1,1,1
GRAM PANCHAYAT TOYNAR,2,571452.0,1,1,1
Avtar Singh,5,571438.0,4,1,2
Ms Shiv Construction,1,571117.0,1,1,1
SHRAMA CONSTRUCTION,1,570982.0,1,1,1
B G Traders,1,570979.0,1,1,1
ASHAPURA CONSTRUCTION AND SUPPLIERS,1,570572.0,1,1,1
RAJU ROY,3,570482.0,1,1,1
Charbhuja E Bikes,6,570000.0,6,1,1
SANGAMESHWARA HEALTH AIDS AND SURGICAL AGENCIES,1,570000.0,1,1,1
GRAM PANCHAYAT KADALU,5,570000.0,3,1,1
RAJEEV K R,1,569369.0,1,1,1
Puspanjali Associates,1,569291.0,1,1,1
Raj Kumar,1,569097.0,1,1,1
SAWARIYA SETH,4,568780.0,4,1,1
SURYA NARAYAN LENKA,2,568748.0,2,1,1
Man Mohan,2,568200.0,2,1,1
NARESH CONTRACTOR AND TRADING CO,3,567648.0,2,1,1
Sharda Enterprises,1,567525.0,1,1,1
DAN BHUSAN XAXA,1,567333.0,1,1,1
Sunny Electrical Co,3,567277.0,3,1,1
Vishal Traders,8,567000.0,2,1,1
ANNAPURNA ENTERPRISES,1,566872.0,1,1,1
BOMMI SHANKARA,3,566714.0,3,1,1
MR MIHIR KUMAR TUDU,2,566669.0,2,1,1
N G ELECTRIC AND PIPE LINE,3,565784.0,3,1,1
DHAMADOD LUMBHA,2,565103.0,2,1,1
boparai building material,12,565000.0,9,1,1
DARBAR BILDING MATERIYAL AND SAFLAYAR,11,564758.0,2,1,1
Lavudya Narahari,3,564669.0,3,1,1
EDAYAMOORTHY,1,564545.0,1,1,1
PANJA ENTERPRISE,2,564477.0,2,1,1
SHIV CONSTRUCTION PARBATSAR,1,564000.0,1,1,1
BADARUDEEN K,1,563869.0,1,1,1
MS KANSAL CEMENT AND MACHINERY STORE,3,563200.0,2,1,1
LAXMI RMC,2,563200.0,1,1,1
ASHOK SARDER,2,563146.0,2,1,1
NAIM ENTERPRISE,2,563036.0,2,1,1
ROMESH CHANDER,1,563000.0,1,1,1
CHANDRA SEKHAR VADLA GURUMURTHY,2,562848.0,1,1,1
RAJESH MAHATO,2,562669.0,2,1,1
M A Haleem,2,562500.0,2,1,1
PERIYASAMY PERIYANNAN,1,562476.0,1,1,1
SUSHILA CONSTRUCTION,1,562257.0,1,1,1
Gora Cooperative L and C  Society,2,562147.0,2,1,1
RAINU CEMENT AND BUILDING MATERIAL STORE,6,562050.0,4,1,1
GAYATRI KHATUA,4,561844.0,4,1,1
ZAREPPA,2,561750.0,2,1,1
OTIS ELEVATOR COMPANY  LTD,1,561629.0,1,1,1
SAJAN DANIEL,2,561216.0,2,1,1
Jai Shree Constructions,6,561200.0,5,1,1
Classic Tiles,5,561088.0,3,1,1
BHAGWATI TILE STUDIO,4,560725.0,2,1,1
KOHINOOR TRADERS,3,560340.0,3,1,2
gp chikhali,2,560000.0,1,1,1
GRAM PANCHAYT NEVNARA,2,560000.0,1,1,1
SARPANCH SACHI BHALESAR,2,560000.0,1,1,1
PRAMOD KUMAR RAY,1,559800.0,1,1,1
MAA SARADA ENTERPRISE,2,559734.0,2,1,2
VIKASH UDYOG,1,559603.0,1,1,1
Guchhait Enterprise,2,559460.0,2,1,1
Malwa Tile Industries Bathinda,2,559241.0,2,1,1
Baba Deep Singh Interlock Tile Foc,12,559140.0,2,1,1
MS S R CONSTRUCTION,2,559108.0,2,1,1
MALLIBOYANA BALAKRISHNA,2,559071.0,2,1,1
A J CONSTRUCTION,1,559057.0,1,1,1
TRIDIB POWER,5,559056.0,5,1,1
The Rampur ganda CoOp L and C society Lmt,4,558689.0,2,1,1
Ninganna H Havaldar,2,558532.0,2,1,1
THE RAJESH CO OP L AND C SOCIETY LTD KATHURA,1,558160.0,1,1,1
GANAPATI PIPES AND INDUSTRIES PVT LTD,1,557854.0,1,1,1
SUNEEL KUMAR REDDY BIJIVEMULA,1,557531.0,1,1,1
Mahima Enterprise,1,557500.0,1,1,1
THR SHRI RAM CO OP L C SOCIETY LTD,2,557421.0,2,1,1
SUNIL ENTERPRISE,1,557244.0,1,1,1
HP CONSTRUCTION COMPANY,1,557041.0,1,1,1
ISHITA TRADERS,2,556842.0,2,1,1
GRAMIN MAHILA MAHAVIDDYALAYA RANIPUR RAZMO,1,556000.0,1,1,1
Aytri,1,555673.0,1,1,1
Shanmugapriyan M,2,555127.0,2,1,1
Andhra Pradesh Medtech zone Ltd,1,555000.0,1,1,1
CHHOTALA SAFETY PRODUCTS PVT LTD,5,553872.0,5,1,1
t n enterprise,2,553675.0,2,1,1
Sh Rattan Singh So Lakhpat Singh Ro Beeranbass Hochak Pogal District Ramban Contractor,3,553000.0,3,1,1
JOGINDER SINGH,1,552900.0,1,1,1
The Kaushik Singhana Coop LC Society Ltd,12,552706.0,1,1,1
MAHADEV TRADERS,2,552652.0,2,2,2
NITIN MISHRA,1,552455.0,1,1,1
AMRUT ENTERPRISE,6,551601.0,2,1,1
KATHALAPOOR MAHESH,3,551543.0,3,1,1
NIRUBIYA,1,551382.0,1,1,1
KIRAN DAS Y L,1,551251.0,1,1,1
NAMDAR SK,1,550698.0,1,1,1
MS Ajit Saharia,3,550000.0,3,1,1
GAAM PANCHAYAT VARAMA,2,550000.0,2,1,1
GP Chalahal,3,550000.0,2,1,1
DHAMEL GRAM PANCHAYAT,2,550000.0,2,1,1
Gram Panchayat Badhana,3,550000.0,2,1,1
GRAM PANCHAYAT GHUGHRA,2,550000.0,2,1,1
THAKRI MATTI,6,550000.0,3,1,1
Gram Panchyat Ser Tandula,6,550000.0,3,1,1
SATYAPRIYA SETHA,2,550000.0,2,1,1
MOKHDI GRAM PANCHAYAT,3,550000.0,3,1,1
S Prabakar,1,550000.0,1,1,1
SMC GSSS PHUSANION KA TALLA,1,550000.0,1,1,1
KAMAMA GRAM PANCHAYAT,3,550000.0,3,1,1
SARPANCH GRAMPANCHAYAT KALWACH,2,550000.0,2,1,1
ASSISTANT ENGINEER KORAPUT BLOCK,2,550000.0,2,1,1
SDR Technology,1,550000.0,1,1,1
SEJPUR GROUP GRAM PANCHAYAT,3,550000.0,3,1,1
KESIMPA GRAM PANCHYAT,2,550000.0,2,1,1
Sarpanch Sachiv Gram Panchayat Tendumuda,4,550000.0,2,1,1
GRAM PANCHAYAT NANUDI,2,550000.0,2,1,1
A S H TRADERS,5,550000.0,4,1,1
UMARECHA JUTH GRAM PANCHAYAT,2,550000.0,2,1,1
GP mangrol JP badi,2,550000.0,1,1,1
BIJAY KUMAR TUDU,2,550000.0,2,1,1
GRAM PANCHAYAT KARTALA,2,550000.0,2,1,1
GP Katekoni,2,549982.0,1,1,1
GRAM PANCHAYAT KANTHARIYA,3,549977.0,3,1,1
GRAM PANCHYAT BANKA MUKASA,3,549930.0,2,1,1
GRAM PANCHAYAT RAMPUR,6,549870.0,2,2,2
GRAM PANCHAYAT MITLI,3,549816.0,3,1,1
GRAM PANCHAYAT KAPURI BEDAULIYAN,6,549800.0,2,1,1
SREE ENTERPRISE,1,549779.0,1,1,1
GRAM PANCHAYAT KERALA,2,549752.0,2,1,2
GRAM PANCHAYAT RANGPUR,3,549700.0,3,1,2
FAROOQ AHMAD DAR,1,549400.0,1,1,1
Virvuru Chenchaiah,2,549356.0,2,1,1
SALAM ENTERPRISE,2,549312.0,2,1,1
Gram Panchayat Kanek,2,549209.0,2,1,1
R2V Constructions,1,549154.0,1,1,1
NAVADRA GRAM PANCHAYAT,2,549099.0,2,1,1
GRAM PANCHAYAT BANDHALA,2,549090.0,2,1,1
Shivakumar Venkatagiriyappa,2,549013.0,2,1,1
ASANVAD GRAM PANCHAYAT,2,549000.0,2,1,1
Jalamkhant Na Muvada Gram Panchayat,2,549000.0,2,1,1
EASTERN ENTERPRISE,2,548984.0,2,1,1
MONGHROLI GRAM PANCHAYAT,3,548883.0,3,1,1
MAMONI ENTERPRISE,2,548882.0,2,1,1
ANIL KURIAKOSE,2,548461.0,2,1,1
G Satyanarayana,2,548387.0,2,1,1
Sarjit Singh Enterprises,3,548286.0,3,1,1
MANASH JYOTI BORUAH,2,548254.0,1,1,1
ESWARI SIVASEMAN,3,548246.0,3,1,1
MOHAMMED BASHEER MT,2,548054.0,2,1,1
Jeevan Sharma,3,548044.0,2,1,1
EMPYREAL ENGINEERING AND CONSTRUCTION PVT LTD,1,548000.0,1,1,1
JANGOM JYOTI BORA,1,547800.0,1,1,1
Kondapalli Narendra,2,547725.0,2,1,1
VIJAY SALES AGENCIES,4,547720.0,4,1,1
ira enterprise,2,547373.0,2,1,1
Chinmayee Swain,1,547200.0,1,1,1
Anghadi Gram Panchayat,2,547075.0,2,1,1
mesrs chimanlal,1,546836.0,1,1,1
MISS PRAVATI MOHAPATRA,2,546738.0,2,1,1
OM CONSTRUCTION COMPANY,1,546034.0,1,1,1
DB ROYAL CONSTRUCTIONS,1,545483.0,1,1,1
SAHIRUL HISAB,1,544586.0,1,1,1
AMAR NATH SINGH,2,544153.0,1,1,1
HSH Interlock,2,544055.0,1,1,1
GRAM PANCHAYAT KARSU,3,543896.0,2,1,1
Balam Singh,6,543833.0,5,1,1
GRAM PANCHAYAT GUNGARADI,2,543730.0,2,1,1
GANESAN VEERANAYAKAR,1,543613.0,1,1,1
The Swati Coop LC Society Ltd,1,543402.0,1,1,1
Narinder Singh,4,542492.0,4,2,2
Ajithkumar P,1,542342.0,1,1,1
Suresh Babu K B,1,541900.0,1,1,1
Ms Ritik Tiles and Traders Village Sagran,10,541838.0,4,1,1
shri Lumbha Gram Panchayat,2,541577.0,2,1,1
The Kisan CoOp L AND C Society LTD,2,540678.0,2,1,2
SRINIVASA BOREWELLS,3,540400.0,3,1,1
sarpanch sachiv jano,2,540000.0,1,1,1
Gagan Saikia,3,540000.0,3,1,1
GRAM PANCHAYAT JAMANI,3,540000.0,2,1,1
GRAM PANCHAYAT MAU,3,540000.0,2,1,1
CONST COMMITTEE OF COMMUNITY HALL AT AMGURI KETE,1,540000.0,1,1,1
Saikia Hardware,3,540000.0,2,1,1
SINGLA IRON STORE,13,539919.0,6,1,1
GRAM PANCHAYT AANDU,2,539875.0,1,1,1
MS ANURAG ENTERPRISES,2,539850.0,2,1,1
GRAM PANCHAYAT KUNVA,2,539846.0,1,1,1
AMBAVAD GRAM PANCHAYAT,2,539830.0,2,1,1
GRAM PANCHAYAT DHANGAON,2,539735.0,1,1,1
GRAM PANCHAYAT BARBASPUR,2,539663.0,1,1,1
B N ENTERPRISES,2,539496.0,2,1,1
DUDA,10,539367.0,5,1,1
PATEL CONSTRUCTION AND SUPPLIERS,4,538629.0,2,1,1
Anadhan Contractor,1,538463.0,1,1,1
Bimalendu Maity,1,538441.0,1,1,1
Maa Kali Suppliers,2,537291.0,2,1,1
BABA RAMDEO CONSTRUCTION,1,536467.0,1,1,1
Sree Sreenivasa Enterprises Madanapalle,2,535896.0,2,1,1
SHREE NATH CONSTRUCTION,2,535737.0,2,1,2
KAILASH CONSTRUCTION COMPANY,1,535685.0,1,1,1
The sachdeva Co operative labour and Construction,1,535102.0,1,1,1
Sumarlang Lyngdoh,2,535000.0,2,1,1
GURMEET SINGH,6,533769.0,5,2,3
GOYAL SUBMERSIBLE,6,533700.0,2,1,1
BABA RAMDEV MATERIAL SUPPLIERS,2,533685.0,1,1,1
NATIONAL CONSTRUCTION COMPANY,1,533100.0,1,1,1
Gp Baleer,6,532912.0,3,1,1
VALAM GRAM PANCHAYAT,3,532599.0,3,1,1
ANUDEV J C,1,531664.0,1,1,1
GURU KIRAT TILE FACTORY,3,531520.0,3,1,1
EE EDD BISWAN,27,531482.0,27,1,1
RAJAN N,1,531376.0,1,1,1
ms varuna construction,1,530980.0,1,1,1
shyam singh,1,530547.0,1,1,1
The MH CO OPETATIVE LABOUR AND CONSTRUCTION SOCIETY LTD,3,530366.0,3,1,1
Banshi Construction Co,2,530264.78,2,1,1
ANAND SWETT,1,530000.0,1,1,1
Sarpacnh Sachiv Gram Panchayat Latkonikhurd,5,529995.0,3,1,1
SHRI NARSINGH CONSTR,1,529944.0,1,1,1
ANUJA KUMAR JENA,1,529720.0,1,1,1
AMIT GAUTAM,1,529139.0,1,1,1
P SAJEEVAN,1,529092.0,1,1,1
Sajad Husain,2,528000.0,2,1,1
G M ENTERPRISES,2,527436.0,2,1,1
V MATHAI,1,526392.0,1,1,1
R B  Infra,1,525368.0,1,1,1
VNB TECHNOLOGIES PRIVATE LIMITED,2,525034.0,2,1,1
GRAM PANCHAYAT MANPURA,3,525000.0,2,2,2
Ansumwi Narzary,1,525000.0,1,1,1
KOUSHIK A,2,525000.0,2,1,1
Gram Panchayat Basahari,2,525000.0,2,1,1
THE JIVAN JYOT MAJUR KAMDAR SAHAKARI MANDALI LIMITED,1,525000.0,1,1,1
sompura gram panchayat,2,525000.0,2,1,1
GRAM PANCHAYAT TAMNAR,3,524976.0,2,1,1
SHREEJI CONSTRUCTION,2,524562.0,2,1,1
Sivaboosanam,1,524022.0,1,1,1
The Mando Co op L and C Society Ltd,3,523302.0,3,1,1
Sreevari Enterprises,2,523298.0,2,1,1
Avdhesh Global Services,1,523211.0,1,1,1
Sat Paul Choudhary,1,522883.0,1,1,1
Raju,1,522707.0,1,1,1
ASHIKA CONSTRUCTION,1,522388.0,1,1,1
MS P Maity  Co,1,521811.0,1,1,1
Adapa Narayana Reddy,2,521032.0,2,1,1
SHREE SHYAM CONSTRUCTION AND JAGDEESH PRASAD,1,521023.0,1,1,1
Chandan Kumar,2,520657.0,2,2,2
MATRIBHOOMI CONSTRUCTION PRO ROHIT SINGH,1,520589.0,1,1,1
HARISH PRALHAD SHINDKHEDKAR,1,520557.0,1,1,1
Gill Pipe Industry,2,520500.0,2,1,2
GURU GOBIND SINGH STEEL WORKS,2,520262.0,2,1,1
BAGARIA CONSTRUCTION COMPANY,1,520037.0,1,1,1
KHADALPUR GRAM PANCHAYAT,2,520000.0,2,1,1
JUNIOR ENGINEER VI NAYAGARH BLOCK,13,520000.0,13,1,1
GRAM PANCHAYAT METPUR,2,520000.0,2,1,1
GP BELRI,2,520000.0,2,1,1
Chhinga Veng Local Council,2,520000.0,1,1,1
GRUP GRAMPANCHAYAT SANJELI,2,519693.0,2,1,1
SARPANCH SACHIV GRAM PANCHAYT TAKSIWA,2,519544.0,1,1,1
Umamaheshwari J,1,519506.0,1,1,1
Gram Panchayat Parwaliya,1,519500.0,1,1,1
UPPCL EE EDD MAHMUDABAD,5,519273.0,5,1,1
KRISHNA PAL,2,519238.0,1,1,1
NILIM PRIYA KIRO,2,519105.0,2,1,1
VIPAN KUMAR CONTRACTOR,1,519000.0,1,1,1
NIKHIL MANDAL,1,518968.0,1,1,1
RAJANBABU P,1,518849.0,1,1,1
dipak saha,2,518826.0,2,1,1
Jagat Gogoi,6,518426.0,3,1,1
BDPO Loksabha 17th MP Lad Scheme,2,518400.0,1,1,1
ASHAPURA CONSTRUCTION CO,1,518382.0,1,1,1
Nav Rattan Industry,3,518210.0,3,1,1
J M Traders Bhucho mandi,3,518000.0,3,1,1
HARIHARASUDHAN V,1,517852.0,1,1,1
ankit singh chhauhan,2,516916.0,1,1,1
Nayandeep Lama,1,516902.0,1,1,1
Chandralok construction company,1,516426.0,1,1,1
t m enterprise,2,516288.0,2,1,1
MPEB,1,516000.0,1,1,1
G S TRADERS,11,515950.0,7,1,1
United Pipe And Pavers Inds,11,515754.0,4,1,1
JAY SOMNATH ENTERPRISE,12,515424.0,2,1,1
Ratha Kishore Sahoo,2,515164.0,2,1,1
OM TRADERS,2,515143.0,2,1,1
PONA HANG LIMBOO,1,514900.0,1,1,1
Sarj Dental and Surgicals,1,514800.0,1,1,1
Anil Kumar Majhi,2,514536.0,2,1,1
PRABIR KUMAR MANDAL,1,513859.0,1,1,1
PABITRA KU MALIK,2,513847.0,2,1,1
HARISH KUMAR,3,513815.0,2,2,2
Chairman Village Development Committee Mathala,1,512727.0,1,1,1
BHAGAWATI ENTERPRISES,1,512474.0,1,1,1
KRISHNA PRASAD R S,1,512291.0,1,1,1
PUSALAPATI CHINNA KONDAIAH,1,511985.0,1,1,1
YOGESH KUMAR C,3,511869.0,2,1,1
BANSAL SANITARY AND IRON STORE,3,510232.0,2,1,1
JOGINDER KUMAR,2,510000.0,2,1,1
DENAP GRAM PANCHAYAT,4,510000.0,4,1,1
GRAM PANCHAYAT NAYAGAON,2,510000.0,2,1,2
Construction of Sand gravel road from Motibar Rahman house to Hassan Ali house,1,510000.0,1,1,1
SARDAR NATIONAL DEVELOPMENT INSTITUTE,1,510000.0,1,1,1
PMKR BIKES LLP,1,509552.0,1,1,1
DILBAHAR SEKH,1,508980.0,1,1,1
SUSHIL KUMAR,2,508757.0,2,2,2
MS J B PRADHAN,3,508745.0,3,1,1
renu kumari,1,508602.0,1,1,1
PRADEEP B,1,508384.0,1,1,1
NAVEEN KUMAR,3,508202.0,2,2,2
GHRSSIDC,2,508136.0,2,1,1
Jasvir Kaur,9,507709.0,7,1,1
Bijaya Kumar Nayak,2,507299.0,2,1,1
BHAGWATI STEELS,4,507049.0,3,1,1
THE RAJDHAN CO OP L C SOCIETY LTD,3,506895.0,3,2,2
OM Construction Company,17,506784.0,4,1,1
The Sarswal CoOp L and C Society LTD,7,506589.0,3,1,1
Sri Kabindra Bardaloi,1,505914.0,1,1,1
PABAN BORAH,2,504531.0,1,1,1
Alapati Constructions,1,504253.0,1,1,1
SHRI RAM INTERLOCK TILE INDUSTRY,10,504219.0,3,1,1
PRAKASH TAYSAM,2,504178.0,2,1,1
UMESH KUMAR,4,503705.0,2,2,2
THE LUV KUSH COOP LABOUR AND CONSTRUCION SOCIETY LTD,1,503375.0,1,1,1
Kramsa Agency,4,502333.0,3,1,1
SHREE LAXMI CONTRACTOR,2,502212.0,1,1,1
Jindal Chips Store,1,501607.0,1,1,1
Jitendra Kumar Traders,1,500954.0,1,1,1
M J ENTERPRISE,1,500134.0,1,1,1
Bhandotara Gram Panchayat,1,500000.0,1,1,1
SHELAR MAKRAND SUNIL,1,500000.0,1,1,1
MS RHINO ENTERPRISE,3,500000.0,1,1,1
GRAM PANCHAYAT BADNARA,2,500000.0,1,1,1
Gram Panchayat umarban Kala janpad Panchayat umarban,1,500000.0,1,1,1
GRAM PANCHAYAT BADE MORATHPAL,1,500000.0,1,1,1
GRAM PANCHAYAT ASTOL,1,500000.0,1,1,1
Shri Armando Ch Marak,6,500000.0,3,1,2
Shri Alphones M Sangma,6,500000.0,3,1,2
GRAM PANCHAYAT ASAWTA,2,500000.0,1,1,1
Gram Panchayat Mothi,2,500000.0,1,1,1
GRAM PANCHAYAT BACHHAURDIH,2,500000.0,1,1,1
GRAM PANCHAYAT BACHEDI,2,500000.0,1,1,1
SHANKAR MAJHI,1,500000.0,1,1,1
Shri Bartholomeo Ch Marak,6,500000.0,3,1,2
Abhishek Purohit,1,500000.0,1,1,1
GRAM PANCHAYAT BANSULA,1,500000.0,1,1,1
Nani Lakhavad Gram Panchayat,1,500000.0,1,1,1
Gourav Kumar Contractor,1,500000.0,1,1,1
GRAM PANCHAYT BERLAKAL,2,500000.0,1,1,1
Lawipu Local Council,2,500000.0,1,1,1
DUSARI ANJANEYULU,1,500000.0,1,1,1
Abhishek Gopal Dicholkar,1,500000.0,1,1,1
CHINAMAYA KUMAR MOHARANA,1,500000.0,1,1,1
Vaprumu Demo,2,500000.0,1,1,1
SHIKA GROUP GRAM PANCHAYAT,1,500000.0,1,1,1
Dakmo Karlo,1,500000.0,1,1,1
DUDHALA GRAM PANCHAYAT,1,500000.0,1,1,1
Shree Madhapar Navavas  Gram Panchayat,1,500000.0,1,1,1
GRAM PANCHAYAT BARDWAR,2,500000.0,1,1,1
CHITRASEN SENAPATI,1,500000.0,1,1,1
SARPANCH SACHIV GRAM PANCHAYT DHAMNAR,1,500000.0,1,1,1
Gp Dhuletiya,2,500000.0,1,1,1
GP GHATEHA JP TEONTHAR,1,500000.0,1,1,1
Vavari Gram Panchayat,1,500000.0,1,1,1
Shilpi Traders Pahadi,2,500000.0,1,1,1
Bhassen Sports Pvt Ltd,1,500000.0,1,1,1
Construction Of Community Hall For Shakti Clf,2,500000.0,1,1,1
Construction of Open Stage at Thabalpara Youth Club Thabalpara Kukurkata,2,500000.0,1,1,1
Construction of Community Hall near Charantola Kali Mandir at Dhamar Gaon,2,500000.0,1,1,1
Construction of Community hall at Jyoti Nagar mahila samiti  Jyotinagar,2,500000.0,1,1,1
SARPANCH GRAM PANCHAYAT KOHALA,1,500000.0,1,1,1
LAKHAPADAR GRAM PANCHAYAT SWABHAN,1,500000.0,1,1,1
JAI AMBEY CONSTRUCTION AND TRADING,2,500000.0,1,1,1
SARPANCH GRAM PANCHAYAT KHIMAT,1,500000.0,1,1,1
AITHA SRINIVAS,1,500000.0,1,1,1
AHEMMED SHERIF,1,500000.0,1,1,1
Fr Jimbert K Marak,2,500000.0,1,1,1
MS REMGONG ENTERPRISES,1,500000.0,1,1,1
mota mandva gram panchayat,1,500000.0,1,1,1
GRAM PANCHAYAT PANDHARI,1,500000.0,1,1,1
GRAM PANCHAYAT PADARIYA BICHHIYA,2,500000.0,1,1,1
Gram Panchayat bagh janpad Panchayat Bagh,2,500000.0,1,1,1
Gram Panchayat gudrukala,2,500000.0,1,1,1
NP Trade and Agency,1,500000.0,1,1,1
GRAM PANCHAYT NIONGALA,1,500000.0,1,1,1
Mr ALBERT R SANGMA,2,500000.0,1,1,1
Mr IMLICHUBA,2,500000.0,1,1,1
Mota Jampur,1,500000.0,1,1,1
SARPANCH GRAM PANCHAYAT KALER MANGAT,7,500000.0,1,1,1
Raju Gogoi,1,500000.0,1,1,1
GP ITARPAHAD JP RAIPUR KARCHULIYAN REWA,1,500000.0,1,1,1
moriya,2,500000.0,1,1,1
Dayapar Gram Panchayt,1,500000.0,1,1,1
RAJESH ASSOCIATES,1,500000.0,1,1,1
Aakash Treders,2,500000.0,1,1,1
GRAM PANCHAYAT BANKAL,2,500000.0,1,1,1
Indrad Gram Panchayat,1,500000.0,1,1,1
Indrajit Vasantrao Salunkhe,1,500000.0,1,1,1
Vidhya prasar samiti pandhurna,1,500000.0,1,1,1
CHHASIA GRAM PANCHAYAT,1,500000.0,1,1,1
RAKHAV GRAM PANCHAYAT,1,500000.0,1,1,1
RAM AVADH JANTA INTER COLLEGE BARIYAWAN AMBEDKARNAGAR,2,500000.0,1,1,1
RAKESH KUMAR GUPTA,1,500000.0,1,1,1
GRAM PANCHAYAT ANSODAR,1,500000.0,1,1,1
GRAM PANCHAYAT ANGARA,2,500000.0,1,1,1
Shillong Commerce College,1,500000.0,1,1,1
LUCKY CONSTRUCTION PRO DHEERAJ RAUT,1,500000.0,1,1,1
TECHNO SOLUTIONS,1,500000.0,1,1,1
PARTHA BHOWMICK,1,500000.0,1,1,1
Vinayak Vilas sawant,1,500000.0,1,1,1
Lachanpura Gram Panchayat,1,500000.0,1,1,1
LUMRYMMU LP SCHOOL MYNSO,2,500000.0,1,1,1
RAJYA PARIVARTIT YOJNA GP AMJHAR,2,500000.0,1,1,1
GRAM PANCHYAT JAGTARA,2,500000.0,1,1,1
LANGHNAJ GRAM PANCHAYAT,1,500000.0,1,1,1
LAPPINGSON D MARAK,2,500000.0,1,1,1
LALPUR B GROUP GRAM PANCHAYAT,2,500000.0,2,1,1
ASHOK  POOJARY,1,500000.0,1,1,1
Waipin K Marak,1,500000.0,1,1,1
LUMSHYIAP UPPER PRIMARY SCHOOL,2,500000.0,1,1,1
GRAM PANCHAYAT BIRKOL,1,500000.0,1,1,1
GRAM PANCHAYAT BODRAPURI,2,500000.0,1,1,1
VIJESH I,1,500000.0,1,1,1
GIRISH KUNDAPUR NAYAK,1,500000.0,1,1,1
SARADOI GRAMPANCHAYAT SARADOI,1,500000.0,1,1,1
SAR AND SAC GRAM PANCHAYAT PAKARIYA,2,500000.0,1,1,1
DIVYA TRADERS,1,500000.0,1,1,1
SHREE BHUJODI JUTH GRAM PANCHAYAT,1,500000.0,1,1,1
RAJARAM MAHAKUD,1,500000.0,1,1,1
ADHYAKSH GRAMKOSH SFC TITARI,1,500000.0,1,1,1
ADHYAKSH GRAMKOSH SFC DHOLKA,1,500000.0,1,1,1
ADHYAKSH GRAMKOSH SFC MORDA,1,500000.0,1,1,1
ADHARSHILA SEWA SANSTHAN,2,500000.0,1,1,1
GP JHARKHEDI A,2,500000.0,1,1,1
VISHAL JAYARAMA SALIAN,1,500000.0,1,1,1
DURAMA MOTOR SPORTS AND ADVENTURES,2,500000.0,1,1,1
Huma Enterprises,1,500000.0,1,1,1
amba prasad rotary charitable trust,2,500000.0,1,1,1
Don Bosco Technical School,1,500000.0,1,1,1
Donbosh N Sangma,2,500000.0,1,1,1
Dorbar Shnong Lumdiengjri,1,500000.0,1,1,1
GADHULA GRAM PANCHAYAT,1,500000.0,1,1,1
ADHYAKSH GRAMKOSH SFC PANCHED,1,500000.0,1,1,1
sayra gram panchayat,1,500000.0,1,1,1
KANDARIYA,2,500000.0,1,1,1
Jirto Padung,1,500000.0,1,1,1
sarpanch gp ridhora,3,500000.0,1,1,1
GRAM PANCHAYAT WADA,1,500000.0,1,1,1
shramjivi majur sahakari sanstha maryadit raipatan,1,500000.0,1,1,1
GP NOGANWA,2,500000.0,1,1,1
JAYADRATA GIRI,1,500000.0,1,1,1
SATI PRASAD SMARAK INTER COLLEGE BANGAOVN DIHWA,2,500000.0,1,1,1
abhishek suresh sathe,1,500000.0,1,1,1
GP Lani Borad,2,500000.0,1,1,1
GP LAXMIPUR,1,500000.0,1,1,1
NAGAR PALIKA PARISHAD SHAJAPUR,2,500000.0,2,1,1
NAB KUMAR BEHERA,1,500000.0,1,1,1
Katakam Abhilash Reddy,1,500000.0,1,1,1
NAVALPUR GRAM PANCHAYAT,1,500000.0,1,1,1
NAGEN HAZARIKA,1,500000.0,1,1,1
NAGARAJA SHETTY,1,500000.0,1,1,1
CHALVA GRAM PANCHAYAT,1,500000.0,1,1,1
GRAM PANCHAYAT BORGAONKHURD,1,500000.0,1,1,1
CHAKRADHAR SETHI,1,500000.0,1,1,1
GRAMPANCHAYAT PARRIKHURD,2,500000.0,1,1,1
GRAM PANCHAYAT CHEEKALI,2,500000.0,1,1,1
GRAM PANCHAYAT CHARCH,2,500000.0,1,1,1
DINNE PRATAP REDDY,1,500000.0,1,1,1
SHREE HAJAPAR JUTH GRAM PANCHAYAT,1,500000.0,1,1,1
Anand Enterprises,1,500000.0,1,1,1
RADODARA GRAM PANCHAYAT,2,500000.0,2,1,1
GRAM PANCHAYAT CHATUAMAR,2,500000.0,1,1,1
Haryana Renewable Energy Development Agency HAREDA,1,500000.0,1,1,1
RAJ CONSTRUCTION AND DEVELOPMENT,2,500000.0,1,1,1
GRAM PANCHAYAT BHUMKA,1,500000.0,1,1,1
GRAM PANCHAYAT BHAPEL,2,500000.0,1,1,1
GRAM PANCHAYAT BORIACH RAJWADA KAMBADA,1,500000.0,1,1,1
CHALVAD GRAM PANCHAYAT,1,500000.0,1,1,1
RAJAVADLA JAM GRAM PANCHAYAT,1,500000.0,1,1,1
GRAM PANCHAYAT BARENDA,2,500000.0,1,1,1
GRAM PANCHAYAT BARDEVRI,2,500000.0,1,1,1
Gram Panchayat Madogarh,2,500000.0,1,1,1
Gram Panchayat Lotani,2,500000.0,1,1,1
TALEPURA MADANA GRAM PANCHAYAT,2,500000.0,2,1,1
BIKASH BHOI,1,500000.0,1,1,1
PMS CONSTRUCTION,1,500000.0,1,1,1
PIYUSH PARSOTTAMBHAI THAKKAR,1,500000.0,1,1,1
D and P Enterprise,1,500000.0,1,1,1
Gram Panchayat Khajuriya,2,500000.0,1,1,1
MS Roonie Panyang,1,500000.0,1,1,1
Edmund S Sangma,2,500000.0,1,1,1
GRAM PANCHAYAT VIJAPUR,1,500000.0,1,1,1
Rasana Mota Gram Panchayat,1,500000.0,1,1,1
PRADEEP KUMAR PANDA,1,500000.0,1,1,1
AMINPUR GRAMPANCHAYAT,1,500000.0,1,1,1
gram panchayat ghortalab,2,500000.0,1,1,1
gram panchayat harnachaka,2,500000.0,1,1,1
KOTHAYADI GRAM PANCHAYAT,3,500000.0,3,1,1
Ram Chandra Yadav,1,500000.0,1,1,1
GP GHADWA JP JAWA REWA,1,500000.0,1,1,1
Cheviance K Sangma,2,500000.0,1,1,1
SRI RAKHAN G MOMIN,2,500000.0,1,1,1
DURGA PRASAD DALAI,2,500000.0,2,1,1
Lalbiakzuala,4,500000.0,2,1,1
Lalhmingmawia,2,500000.0,1,1,1
GRAM PANCHAYT SANJANAVAV,1,500000.0,1,1,1
Rashi Traders,2,500000.0,1,1,1
GRAM PANCHAYAT VANBHORI,2,500000.0,2,1,1
GRAM PANCHAYAT BASIYA GANGE,2,500000.0,1,1,1
Narendra Kumar Jaiswal Vaishnavi Communication,1,500000.0,1,1,1
VITTALAGOUD HANAMANTGOUD PATIL,2,500000.0,1,1,1
Lokanath Behera,1,500000.0,1,1,1
Legam Ngomle,1,500000.0,1,1,1
Lothpur Gram Panchayat,1,500000.0,1,1,1
ISAROL GROUP GRAM PANCHAYAT,1,500000.0,1,1,1
INTERLOCKING TILE FACTORY,1,500000.0,1,1,1
BHANPURA BAAL SIKSHAN VIKAS SAMITI,1,500000.0,1,1,1
GRAM PANCHAYAT MATAPADA,2,500000.0,1,1,1
Ajnkya Avinash Tawade,1,500000.0,1,1,1
Ajit Kumar Pradhan,1,500000.0,1,1,1
Latva Juth Gram Panchayat,1,500000.0,1,1,1
GRAM PANCHAYAT BASRIYA,2,500000.0,1,1,1
GRAM PANCHAYAT BAROUDA,2,500000.0,2,1,1
DORBAR SHNONG KULIANG,2,500000.0,1,1,1
VIMLA INTERNATIONAL SCHOOL,3,500000.0,1,1,1
VILLAGE COUNCIL LONGSA,1,500000.0,1,1,1
JOYDIE LAURAM MARAK,2,500000.0,1,1,1
Gram Panchyat Malikhedi,2,500000.0,1,1,1
Gram Panchyat Pagara,2,500000.0,1,1,1
GRAM PANCHAYAT MOPKA,2,500000.0,1,1,1
BHANVAD GRAM PANCHAYAT,1,500000.0,1,1,1
MR SARPANCH SACHIV GP MACHEWA,1,500000.0,1,1,1
GRAM PANCHAYAT MARDAPAL,1,500000.0,1,1,1
GRAM PANCHAYAT MANIKCHAURI,2,500000.0,2,1,1
GRAM PANCHAYAT MAJHAGANWA,2,500000.0,1,1,1
RAJA SAHIB JI ENTERPRISES,2,500000.0,1,1,1
SOSANGLEMBA,1,500000.0,1,1,1
SONISAR GRAM PANCHAYAT,1,500000.0,1,1,1
Gram Panchayat Matalabpura janpad Panchayat Dharmpuri District Dhar,2,500000.0,1,1,1
MS N ENTERPRISE,2,500000.0,1,1,1
PAVALEPUR GRAM PANCHYAT,1,500000.0,1,1,1
PIPLI GRAM PANCHAYAT,1,500000.0,1,1,1
Gram Panchayat Simgaon,2,500000.0,1,1,1
Gram Panchayat Semra Charkhara,2,500000.0,1,1,1
Construction of Community Hall at Dekdhowa Majar Sharif,2,500000.0,1,1,1
Construction of Community Hall at Gournagar Junior College,2,500000.0,1,1,1
GP Prini,1,500000.0,1,1,1
Z S CONSTRUCTION,1,500000.0,1,1,1
ARJUN B N,1,500000.0,1,1,1
Geli Tada,1,500000.0,1,1,1
Gram Panchayat Naavaniya,2,500000.0,2,1,1
Construction and Renovation of Central Library cum Auditorium Hall at Jaleswar,2,500000.0,1,1,1
Const of Boundary Wall with Iron Gate near Kismatpur Rajhuwa Janaza Math,2,500000.0,1,1,1
TARUN KUMAR BARIHA,1,500000.0,1,1,1
Ms Sarla Associyets,2,500000.0,1,1,1
Ms R N Enterprises,1,500000.0,1,1,1
Ms N G Enterprise,1,500000.0,1,1,1
GRAM PANCHAYAT NAWADA,2,500000.0,1,1,1
GRAM PANCHAYAT NAYAKBANDHA,1,500000.0,1,1,1
Kitbok Shadap,2,500000.0,1,1,1
GP Pendarwani,2,500000.0,1,1,1
GP KACHHALIYA,1,500000.0,1,1,1
SARPANCH SHREE GRAM PANCHAYAT ENDHAL,1,500000.0,1,1,1
NANA BHELA GRAMPANCHAYAT,1,500000.0,1,1,1
Gram Panchayat Nani Sanjeli,1,500000.0,1,1,1
Bikash Kumar Parida,2,500000.0,2,1,1
Rajpura gram panchayat,1,500000.0,1,1,1
gram panchayat gajni,2,500000.0,1,1,1
gram panchayat bhandarpur,2,500000.0,1,1,1
Sentilila Ao,1,500000.0,1,1,1
Sendesh Momin,2,500000.0,1,1,1
NEOM BUILDERS,1,500000.0,1,1,1
Sayali Deepak Kale,1,500000.0,1,1,1
Secretary Rajasthan Sahitya academy,1,500000.0,1,1,1
JITPUR GRAM GROUP GRAM  PANCHAYAT,1,500000.0,1,1,1
SAVPURA GRAM PANCHAYAT,1,500000.0,1,1,1
SAYBAPUR GRAM PANCHAYAT,1,500000.0,1,1,1
NICHI MANDAL GRAM PANCHAYAT,1,500000.0,1,1,1
NEW JANHIT SEVA SAMITI,1,500000.0,1,1,1
Construction of open community hall at Sri Sri Niranjan Mahaprubhu Pith Bakaitari,2,500000.0,1,1,1
Rakman Sangma,2,500000.0,1,1,1
Devi Swayam Sahayaka Mahila Sangam,1,500000.0,1,1,1
RAMCHARAN RAMAWADH SMARAK INTER COLLEGE BHIKHUPUR,2,500000.0,1,1,1
GPDamyana,2,500000.0,1,1,1
gram panchayat bahadarpur,1,500000.0,1,1,1
gram panchayat baigatola,2,500000.0,1,1,1
gram panchayat barana,2,500000.0,1,1,1
gram panchayat TONGPAL,1,500000.0,1,1,1
KRISTON  A SANGMA,2,500000.0,1,1,1
Construction of Community Hall at Krishnai Weekly Market,2,500000.0,1,1,1
Construction of Community Hall at Salkata Super Market,2,500000.0,1,1,1
Gram Panchayat Nimola janpad Panchayat Dharmpuri,1,500000.0,1,1,1
Construction of Boundary Wall at Joypur MPHC under Rowmari GP,2,500000.0,1,1,1
Construction of Boundary Wall near Darul Ulam Taritul Koran Hafizi Madrassa near Simlabari Bazar,2,500000.0,1,1,1
GHUNDA S GRAM PANCHAYAT,1,500000.0,1,1,1
GANESH CHANDRA SAHU,1,500000.0,1,1,1
K B Enterprise,1,500000.0,1,1,1
Junior Engineer III,2,500000.0,2,1,1
Junior Engineer Ramanaguda,2,500000.0,2,1,1
Sarpanch Chitroda Gram Panchayat,1,500000.0,1,1,1
GREPOLINE SHIRA,2,500000.0,1,1,1
Santosh Sarthi,1,500000.0,1,1,1
Saraswati sishu Mandir Teegaon,1,500000.0,1,1,1
Sapavat Parshya,1,500000.0,1,1,1
SAMA ABHISHEK REDDY,1,500000.0,1,1,1
SALA GRAM PANCHAYAT,1,500000.0,1,1,1
SALATPUR NANISIHOLI GRAM PANCHAYAT,1,500000.0,1,1,1
KADOLI GRAM PANCHAYAT,1,500000.0,1,1,1
SAMAKHIYARI GRAM PANCHAYAT,1,500000.0,1,1,1
GP KACHNARIYA ASHTA,2,500000.0,1,1,1
ANANDPURA GRAM PANCHAYAT,2,500000.0,2,1,1
K R Entertprises,2,500000.0,2,1,1
NARESH GORE,3,500000.0,1,1,1
NANI BHATLAV,1,500000.0,1,1,1
NANNAN M MARAK,2,500000.0,1,1,1
NANDANVAN GRAM PANCHAYAT,1,500000.0,1,1,1
CC Construction of bye lane ONE Ujjwal nagar kahilipara,2,500000.0,1,1,1
cmo kolaras,1,500000.0,1,1,1
ANKUR JITENDRARAI DESAI,1,500000.0,1,1,1
KUTHOOS CONSTRUCTIONS,1,500000.0,1,1,1
Sanket Sudhakar Khedekar,1,500000.0,1,1,1
Sanjay Singh,2,500000.0,1,1,1
CHACHAPAR GRAM PANCHAYAT,1,500000.0,1,1,1
NASITPAR GRAM PANCHAYAT,1,500000.0,1,1,1
SARPANCH SHREE GRAMPANCHAYAT LIMBDIYA KARAI,1,500000.0,1,1,1
RYMBAI VILLAGE ECO TOURISM SOCIETY,2,500000.0,1,1,1
GP KUTHILA JP TEONTHAR,1,500000.0,1,1,1
JDVVNL CHOHATAN,1,500000.0,1,1,1
Construction of Boundary Wall with renovation of class room of 1999 No Umacharan Banipith Bidyalay,2,500000.0,1,1,1
K BHASKAR REDDY,1,500000.0,1,1,1
GHANTIYAL GRAM PANCHAYAT,1,500000.0,1,1,1
K S ENTERPRISES,1,500000.0,1,1,1
JESANGPURA GRAM PANCHAYAT,1,500000.0,1,1,1
GP Khangsar,1,500000.0,1,1,1
ANNAPPA,1,500000.0,1,1,1
GP KHATIKHEDI,3,500000.0,1,1,1
GP KEYLONG,1,500000.0,1,1,1
SANA CONSTRUCTIONS,2,500000.0,1,1,1
tajkheda,2,500000.0,1,1,1
Juna pipaliya gram panchayat,1,500000.0,1,1,1
NARANA GRAM PANCHAYAT,1,500000.0,1,1,1
SANGRAM KESHARI SAMANTASINGHAR,1,500000.0,1,1,1
KADACHHALA GRAM PANCHAYAT,1,500000.0,1,1,1
K Lianhmingthanga,2,500000.0,1,1,1
GHACHELI GRAM PANCHAYAT,1,500000.0,1,1,1
PIPLYARAGHO,2,500000.0,1,1,1
GRAM PANCHAYAT MORLI,1,500000.0,1,1,1
GRAM PANCHAYAT MOHANPUR,1,500000.0,1,1,1
SAKARIYA GROUP GRAM PANCHAYAT,1,500000.0,1,1,1
shivshakti majoor co op society ltd,1,500000.0,1,1,1
SAMRA GRAM PANCHAYAT,1,500000.0,1,1,1
A SATHAIAH,1,500000.0,1,1,1
CEO JANPAD PANCHAYAT SHAJAPUR,1,500000.0,1,1,1
GATHAMAN GROUP GRAM PANCHAYT,1,500000.0,1,1,1
Jummi Taipodia,1,500000.0,1,1,1
GILLOR  NS,2,500000.0,1,1,1
MS GM ENTERPRISES,1,500000.0,1,1,1
Gram Panchayat Uplai,2,500000.0,1,1,1
Gram Panchayat Tindani,2,500000.0,1,1,1
NILOY BANERJEE,1,500000.0,1,1,1
GRAM PANCHYAT BHAJIPANI,4,500000.0,2,1,1
NIRMAL SHARMA,4,500000.0,1,1,1
FELINA GABIL MOMIN,2,500000.0,1,1,1
SABITRI DAS,1,500000.0,1,1,1
PANKAJ PATNI,1,500000.0,1,1,1
PANEY AKASH,1,500000.0,1,1,1
GRAM PANCHAYAT PATHRIYA,2,500000.0,1,1,1
LAXMIDHAR NAYAK,1,500000.0,1,1,1
RANJAN SAMANTARAY,1,500000.0,1,1,1
SARPANCH SACHIV GP KURRUBHATHA,2,500000.0,1,1,1
EVANNASSAR SHYLLA,2,500000.0,1,1,1
Jostin Masharing,2,500000.0,1,1,1
sarpanch sachiv gp kadai,2,500000.0,1,1,1
ACHIK HERITAGE PURSUITS,2,500000.0,1,1,1
Ramsan Gram Panchayat,1,500000.0,1,1,1
JODHPAR NADI GRAM PANCHAYAT,1,500000.0,1,1,1
KRATIKA MATERIAL SUPPLIERS,2,500000.0,1,1,1
gram panchayat bhawsa,1,500000.0,1,1,1
AMOL MARUTI PATIL ADAMAPUR TAL BHUDARGAD,1,500000.0,1,1,1
JADI GRAM PANCHAYAT,1,500000.0,1,1,1
GP Murtonda,1,500000.0,1,1,1
Khasi Jaintia Synod Sepngi Urban Mission,2,500000.0,1,1,1
Borsing Syiem College,2,500000.0,1,1,1
LATIPURTIMBU GRAM PANCHAYAT,1,500000.0,1,1,1
GP HARDIHAI HANUMANA,1,500000.0,1,1,1
SFC MULBHOOT GOYAL,2,500000.0,1,1,1
GP Umraoganj JP Obedullaganj,2,500000.0,1,1,1
ETA GRAM PANCHAYAT,1,500000.0,1,1,1
JAGAT NARAYAN SARASWATI VIDYALAYA SAMITI,3,500000.0,1,1,1
SGS CONSTRUCTION,1,500000.0,1,1,1
SFC MULBHOOT LUNI,2,500000.0,1,1,1
SFC MULBHOOT RAWATKHEDA,2,500000.0,1,1,1
SANJAYA KUMAR MISHRA,1,500000.0,1,1,1
KALING MOYONG,2,500000.0,1,1,1
SAJAN TRADING COMPANY,1,500000.0,1,1,1
SAJADIYALI GRAMPANCHAYAT,1,500000.0,1,1,1
GRAM PANCHYAT KUDAMAILI,2,500000.0,1,1,1
Sherkhi Gram Panchayat,1,500000.0,1,1,1
GRAM PANCHAYAT PATSENDRI,1,500000.0,1,1,1
GP NAYARIYA,2,500000.0,1,1,1
RAMAKANTA DANGUA,1,500000.0,1,1,1
GRAM PANCHAYAT ABHANA  JP DAMOH,2,500000.0,1,1,1
GRAM PANCHAYAT AAMAMUDA,2,500000.0,1,1,1
LIPIKA LOPAMUDRA,2,500000.0,2,1,1
Shiv Naresh Sprots PVT LTD,1,500000.0,1,1,1
Mr Sarpanch Sachiv GP Jalpur,1,500000.0,1,1,1
Ms K P SON AND SONS INFRA,2,500000.0,1,1,1
SWAMI SHRADHHANAND SANSKRIT HS VIDYALAY NAUDHIYA,1,500000.0,1,1,1
SVK Borewell Traders,2,500000.0,1,1,1
GRAM PANCHAYAT AKARJAN MULBHOOT,2,500000.0,1,1,1
SHARPANCH SHACHIV GP SIRPUR,1,500000.0,1,1,1
SHANVI CONSTRUCTION,1,500000.0,1,1,1
GRAM PANCHAYAT PATNA,2,500000.0,1,1,1
GRAM PANCHYAT CHAPLE,1,500000.0,1,1,1
NINTHSON NEL RYNGDONG,1,500000.0,1,1,1
GRAM PANCHYAT MOTIWADA NEW,1,500000.0,1,1,1
Devpar yax juth gram panchayat,1,500000.0,1,1,1
LABDADHARA GRAM PANCHAYAT,2,500000.0,2,1,1
L P SCHOOL PRESBYTERIAN MYNSKA,2,500000.0,1,1,1
JAKHAD SUPPLIERS,1,500000.0,1,1,1
GP Triloknath,1,500000.0,1,1,1
GP Tarekela,1,500000.0,1,1,1
RAMITA PARHI,1,500000.0,1,1,1
RASIKANANDA MISHRA,1,500000.0,1,1,1
GP Shanag,3,500000.0,1,1,1
Khanodar Gram Panchayat,1,500000.0,1,1,1
GP SADALATPUR JP SANCHI,1,500000.0,1,1,1
GP SAKOH,3,500000.0,1,1,1
Sarpanch Gram Pnahchayat Loharshi Son,2,500000.0,1,1,1
Kritika Traders Supplier,2,500000.0,1,1,1
ASHEET KUMAR NANDA,1,500000.0,1,1,1
RAMESH PATIL,2,500000.0,1,1,1
Muthu,1,500000.0,1,1,1
ARJUN KAMBLE,2,500000.0,1,1,1
JAROD GRAM PANCHAYAT,1,500000.0,1,1,1
JARU GRAM PANCHAYAT,1,500000.0,1,1,1
Zairemthangpuii,2,500000.0,1,1,1
ZANOR GRAM PANCHAYAT,1,500000.0,1,1,1
AR ENTERPRISE,1,500000.0,1,1,1
Kebom Buchi,1,500000.0,1,1,1
Bisheswar Rout,1,500000.0,1,1,1
GRAM PATHRAUDA,1,500000.0,1,1,1
GP SIDHIPURNIPANIYA,2,500000.0,1,1,1
GP SAKOLA,1,500000.0,1,1,1
Sarpanch Gram Panchayat Pali,1,500000.0,1,1,1
SYED RAHEMATH ALI,1,500000.0,1,1,1
NIKODIYA GRAMPANCHAYAT,1,500000.0,1,1,1
RINGU KAYUM,1,500000.0,1,1,1
RIBHOI TRADITIONAL HEALER ASSOCIATION,1,500000.0,1,1,1
Sarpanch Sachiv Gram Panchayat Podi,2,500000.0,1,1,1
Sahita D Shira,2,500000.0,1,1,1
GRAM SWACHATA SAMITI GRAM PANCHAYAT TARPONGI,2,500000.0,1,1,1
Saiphai Farming Cooperative Society,2,500000.0,1,1,1
Dinesh P K,1,500000.0,1,1,1
Khatla East Local Council,2,500000.0,1,1,1
MS Brothers Constructions,1,500000.0,1,1,1
THODUPUNURI RAMESH,1,500000.0,1,1,1
SARVESHWAR VIDYUT MAJOOR VA BANDHKAM SAHAKARI SANSTHA MARYA,1,500000.0,1,1,1
YATHISH SHETTY,1,500000.0,1,1,1
Dulal Ch Sangma,2,500000.0,1,1,1
Dombe K Marak,2,500000.0,1,1,1
RITUPURNA SWAIN JE,2,500000.0,2,1,1
BHATIB GRAM PANCHAYAT,1,500000.0,1,1,1
BHATIYA Gram PANCHAYAT,1,500000.0,1,1,1
FRANCIS LAPANG,2,500000.0,1,1,1
BHOLAV GRAM PANCHAYAT,1,500000.0,1,1,1
SOURABH SANJAY RAJESHIRKE,1,500000.0,1,1,1
Gram Panchayat Pandhanya janpad Panchayat Dharmpuri,1,500000.0,1,1,1
Gram Panchayat Pandrer,3,500000.0,1,1,1
GRAM PANCHAYAT MASER,2,500000.0,1,1,1
GP SUCHAI,2,500000.0,1,1,1
YMA SAIPUM,2,500000.0,1,1,1
YMA Khuangthing,2,500000.0,1,1,1
Duggu Madhukar,1,500000.0,1,1,1
GRAM PANCHAYAT KHOHRI,2,500000.0,1,1,1
GRAM PANCHAYAT KHEGAM,1,500000.0,1,1,1
GRAM PANCHAYAT RIKOTAR,2,500000.0,1,1,1
GRAM PANCHAYAT RATAMBA,2,500000.0,1,1,1
P K ENTERPRISES,2,500000.0,1,1,1
GRAM PANCHAYAT SANKRI,2,500000.0,1,1,1
Paschim Kathuri Pre Senior Madrassa at Kathuri,2,500000.0,1,1,1
MATODA GRAM PANCHAYAT,1,500000.0,1,1,1
UCC UGC Account,1,500000.0,1,1,1
PANELI GRAM PANCHAYAT,1,500000.0,1,1,1
MUZAFAR SHAREEF,1,500000.0,1,1,1
Chakkaparani P,1,500000.0,1,1,1
SARASWATI SHISHU MANDIR RAJENDRAGRAM,1,500000.0,1,1,1
GP DEEH JP TEONTHAR,1,500000.0,1,1,1
KHEROL GRAM PANCHAYAT,1,500000.0,1,1,1
KHAREDA GRAM PANCHAYAT,1,500000.0,1,1,1
kamalpur gram panchayat,1,500000.0,1,1,1
SARASWATI SHISHU MANDIR ANUPPUR,1,500000.0,1,1,1
SARAPANCH SHREE GRAM PANCHAYT VAJAPUR,1,500000.0,1,1,1
KANCHANA,1,500000.0,1,1,1
Patidad Gram Panchayat,1,500000.0,1,1,1
Penta Ravi Prasad,1,500000.0,1,1,1
Pawan Kumar Uppal,1,500000.0,1,1,1
HARISH POOJARI,1,500000.0,1,1,1
SARPANCH GRAM PANCHAYAT NANDELI,2,500000.0,1,1,1
FATEHABAD,1,500000.0,1,1,1
SARPANCH GRAM PANCHAYAT PAKHARPURA,1,500000.0,1,1,1
JYOTIMAYI PATTANAYAK,1,500000.0,1,1,1
SARPANCH GRAM PANCHAYAT CHIJGAM,1,500000.0,1,1,1
Gram Panchayat Ghotan,1,500000.0,1,1,1
jiyapar gram panchayat,1,500000.0,1,1,1
GP BIRSINGPALI,2,500000.0,2,1,1
GP BORDAGUJAR,2,500000.0,1,1,1
Runali Rajendra Birje,1,500000.0,1,1,1
BICHITRANANDA SAHU,1,500000.0,1,1,1
Gram Panchayat Kudari,2,500000.0,1,1,1
Gram Panchayat Kumhar Daniya,2,500000.0,1,1,1
Jaleswer higher secondary school,2,500000.0,1,1,1
AJIMANA GRAM PANCHAYAT,1,500000.0,1,1,1
GRAM PANCHAYAT JHAVLIYA,2,500000.0,1,1,1
Pangernukshi,1,500000.0,1,1,1
DHAMDI GRAM PANCHAYAT,1,500000.0,1,1,1
G D INTERNATIONAL SCHOOL BHATAULI ASGAVA AMBEDKARNAGAR,2,500000.0,1,1,1
GRAM PANCHAYAT KHAMHARIYA,2,500000.0,1,1,1
P Manogaran,1,500000.0,1,1,1
GRAM PANCHAYAT SADAKPOR,1,500000.0,1,1,1
Gram Panchayat Girol,2,500000.0,1,1,1
BUKUL CHANDRA MURMU,1,500000.0,1,1,1
BIJAY KUMAR DAS,1,500000.0,1,1,1
KESHARPURA GRAM PANCHAYAT,1,500000.0,1,1,1
lavara gram panchayat,1,500000.0,1,1,1
lakadbari majur ane kamgaroni sahkari mandali limited,2,500000.0,2,1,1
kishorkumar haribhai patel,1,500000.0,1,1,1
khergam vibhag majur ane kamagaro sahkari mandli limited khergam,1,500000.0,1,1,1
KHAMBHARA GRAM PANCHAYAT,1,500000.0,1,1,1
KHAKHRECHI GRAMPANCHAYAT,1,500000.0,1,1,1
Jai Jagannath Suppliers,1,500000.0,1,1,1
SARASWATI SISHU BIDYA MANDIRA SORO,1,500000.0,1,1,1
Chennaboina Anil Kumar,1,500000.0,1,1,1
Gram Panchayat Dharsiwa,2,500000.0,1,1,1
CONST OF COMMUNITY HALL NEAR TAPATTARY HIGH SCHOOL,2,500000.0,1,1,1
SUDHEER KRISHNAY SHEREGAR,1,500000.0,1,1,1
SUBRAT MANGARAJ,2,500000.0,2,1,1
Maharashtrian Swarnkar Samaj,2,500000.0,1,1,1
GRAM PANCHAYAT KURCHUNDI,2,500000.0,1,1,1
Mahadeviya Gram Panchayat,2,500000.0,2,1,1
GRAM PANCHAYAT GOVINDA SAANSAD MAD,2,500000.0,1,1,1
Prasad Ananta Nivangune,1,500000.0,1,1,1
DHARMESHKUMAR BABUBHAI PATEL,1,500000.0,1,1,1
President YMA,2,500000.0,2,1,1
HASANPAR GRAM PANCHAYAT,1,500000.0,1,1,1
Madhav Enterprise,1,500000.0,1,1,1
BADARKHA BERASIA,2,500000.0,1,1,1
SARPANCH GRAM PANCHYAT Manikchauri,2,500000.0,1,1,1
Unitarian Higher Secondary School Puriang,2,500000.0,1,1,1
Umarali gram panchayat,1,500000.0,1,1,1
BADODRA GRAM PANCHAYAT,1,500000.0,1,1,1
MANISH CONSTRUCTION AND VENDORS,2,500000.0,1,1,1
SARPANCH GRAM PANCHAYAT PARSADIH,2,500000.0,1,1,1
SARPANCH GRAM PANCHAYAT NAGDHARA,1,500000.0,1,1,1
Gram Panchayat Bhalesar,2,500000.0,1,1,1
Gram Panchayat Dahodpura janpad Panchayat Nisarpur,1,500000.0,1,1,1
Gram Panchayat Chailitangartoli,2,500000.0,1,1,1
Nitya Sanitary And Hardware,6,500000.0,1,1,1
SUDHIR KUMAR NATH,1,500000.0,1,1,1
KATHDA GRAM PANCHAYAT,1,500000.0,1,1,1
BIJAY KUMAR BAHALI,1,500000.0,1,1,1
jamuniyashankar,2,500000.0,1,1,1
UMBARI GRAM PANCHAYAT,1,500000.0,1,1,1
DHANPURI GROUP GRAM PANCHAYAT,1,500000.0,1,1,1
Pra Infra Projects,2,500000.0,1,1,1
BALOL GRAM PANCHAYAT,1,500000.0,1,1,1
Patike Rajendar,1,500000.0,1,1,1
UNDVA GRAM PANCHAYAT,1,500000.0,1,1,1
Postling Dkhar,2,500000.0,1,1,1
GRAM PANCHAYAT HATHANIKALA,2,500000.0,1,1,1
UMESH POOJARY,1,500000.0,1,1,1
UMIYANAGAR GRAM PANCHAYAT,1,500000.0,1,1,1
HARSHITH SANJEEVA POOJARY,1,500000.0,1,1,1
BACHAR GRAM PANCHAYAT,1,500000.0,1,1,1
GRAM PANCHAYAT GUDHORA,2,500000.0,1,1,1
GRAM PANCHAYAT SERWASA,2,500000.0,1,1,1
Gram Panchayat Dhapla,2,500000.0,1,1,1
GRAM PANCHAYAT SARKANDA,2,500000.0,2,1,1
Baba Sohan Singh Govt Senior Secondary School Bhakna kalan,1,500000.0,1,1,1
Baba Teerath Das Bal Vidhya Mandir,2,500000.0,1,1,1
Madishetti Santhosh Kumar,2,500000.0,2,1,1
Madhada Gram Panchyat,1,500000.0,1,1,1
GRAM PANCHAYAT KUNDALIYA,2,500000.0,1,1,1
PRASAD S SHETTY,1,500000.0,1,1,1
MOTA GRAM PANCHAYAT,1,500000.0,1,1,1
MOTA KOTHASANA JUTH GRAM PANCHAYAT KOTHASANA,1,500000.0,1,1,1
MORNING FOOTBALL CLUB,2,500000.0,1,1,1
KERALA SMALL INDUSTRIES DEVELOPMENT CORPORATION,1,500000.0,1,1,1
KAVAS GROUP GRAM PANCHAYAT,1,500000.0,1,1,1
SUNAINA BHANJDEO,1,500000.0,1,1,1
Gram Panchayat Gajora,1,500000.0,1,1,1
GRAM PANCHAYAT SARIKHURAD,1,500000.0,1,1,1
DEBBETI SATYANARAYANA,1,500000.0,1,1,1
MODHUKA GRAM PANCHAYAT,1,500000.0,1,1,1
SARPANCHAY GRAM PANCHAYAT HIRRI,2,500000.0,1,1,1
MS Lego Enterprises,1,500000.0,1,1,1
MEVDA GROUP GRAM PANCHAYAT,1,500000.0,1,1,1
HANOL GRAM PANCHAYAT,1,500000.0,1,1,1
BARAVALA GRAM PANCHAYAT,1,500000.0,1,1,1
MHIP PHAINUAM BRANCH,2,500000.0,1,1,1
H Liantluanga,2,500000.0,1,1,1
Construction of Community Hall at Birshing Natun Bazar,2,500000.0,1,1,1
Gram Panchayat Tanda Kheda janpad Panchayat sardarpur,1,500000.0,1,1,1
PIPLI GRAM IDBI,1,500000.0,1,1,1
GUNAI,2,500000.0,1,1,1
Gram Panchayat Gunnotha,2,500000.0,1,1,1
AANADPAR YAX JUTH GRAM PANCHAYAT,1,500000.0,1,1,1
Gram Panchayat Norja,4,500000.0,2,1,1
Construction of Boundary Wall at Chirakuti Girls HS School,2,500000.0,1,1,1
MOKHA GRAM PANCHYAT,1,500000.0,1,1,1
Gulia Traders,3,500000.0,1,1,1
Gundala Jam Gram Panchayat,1,500000.0,1,1,1
BASANTI SUPPLIER,1,500000.0,1,1,1
MULBHUT YOJANA G P SARBHOKA,3,500000.0,3,1,1
MISHRA GROUP,1,500000.0,1,1,1
MS TRIMURTY ENTERPRISE,5,500000.0,1,1,1
MS Swaraswati Enterpries,2,500000.0,1,1,1
DELU CONTRUCTION COMPANY,1,500000.0,1,1,1
GRAM PANCHAYAT KARDAWAD,2,500000.0,1,1,1
GRAM PANCHAYAT KANERA NIKHAR,2,500000.0,1,1,1
GUNASEKARAN N,1,500000.0,1,1,1
Sarpanch Gram Panchayat Luchgaon,2,500000.0,1,1,1
Sarpanch Gram Panchayat Bahurta,2,500000.0,1,1,1
PILVAI GRAM PANCHAYAT,1,500000.0,1,1,1
PIDUGU RAMESH,1,500000.0,1,1,1
TEJA TREADER,1,500000.0,1,1,1
Gram Panchayat Ratapalli,1,500000.0,1,1,1
Gram Panchayat Rewas,2,500000.0,1,1,1
MS J D ENTERPRISE,1,500000.0,1,1,1
Construction of Boundary Wall with Iron Gate near Play ground of Goalpara Eidgah Filed,2,500000.0,1,1,1
GRAM PANCHAYAT PADARIYA,1,500000.0,1,1,1
PARASHURAM HANCHATE,2,500000.0,1,1,1
PERIYADURAI,1,500000.0,1,1,1
GRAM PANCHAYAT NARDAHA,1,500000.0,1,1,1
GRAM PANCHAYAT NARELAKALAN,2,500000.0,1,1,1
DEDHROTA GRAM PANCHAYAT,1,500000.0,1,1,1
KURVA MALLAIAH,1,500000.0,1,1,1
NAVAGAMK GRAM PANCHAYAT,1,500000.0,1,1,1
Gram Panchayat Pagara janpad Panchayat dharmpuri,1,500000.0,1,1,1
A GURURAJ RAO,1,500000.0,1,1,1
Con Boun Wal Play Ground near Iddgah,2,500000.0,1,1,1
Con Comm HL Tlpra Wkly Mrkt Nr Mdl Schl,2,500000.0,1,1,1
Gram Panchayat Kardang,1,500000.0,1,1,1
Gram Panchayat Kaliba,2,500000.0,1,1,1
BISWAMBAR ROUT,1,500000.0,1,1,1
Samagra Siksha Govt HMS Kataipali C,1,500000.0,1,1,1
MITANA GRAM PANCHAYAT,1,500000.0,1,1,1
MUDETI GRAM PANCHAYAT,1,500000.0,1,1,1
MUDHASANA GRAM PANCHAYAT,2,500000.0,2,1,1
MUDVADA GRAM PANCHAYAT,1,500000.0,1,1,1
SANDEEP MADHUSUDAN MOHANTA,1,500000.0,1,1,1
Gram Panchayat Jhumka,1,500000.0,1,1,1
Gram Panchayat KHAIROD,1,500000.0,1,1,1
Gram Panchayat Kachhwanya janpad Panchayat dharmpuri,2,500000.0,1,1,1
HAPA GRAMPANCHAYAT,1,500000.0,1,1,1
MEERA ENTERPRISE,1,500000.0,1,1,1
Tweel K Marak,2,500000.0,1,1,1
S Murugan,1,500000.0,1,1,1
GP BAREKEL,1,500000.0,1,1,1
GRAM PANCHAYAT KACHHOLI,1,500000.0,1,1,1
PURNACHANDRA ROUT,1,500000.0,1,1,1
Gram Panchayat Khiriya Nikhar,2,500000.0,1,1,1
T SOMESWAR RAO,1,500000.0,1,1,1
BOLASA,2,500000.0,1,1,1
SIMLIYA GRAM PANCHAYAT,1,500000.0,1,1,1
GRAM PANCHAYAT RANAKPOR,1,500000.0,1,1,1
Padmabati Gudala,1,500000.0,1,1,1
MERCILDA MARAK,2,500000.0,1,1,1
HARBATIYALI GRAM PANCHAYAT,1,500000.0,1,1,1
Ruchir C Marak,2,500000.0,1,1,1
Pardhan GP  Thora Bhaloon,4,500000.0,3,1,1
GRAM PANCHAYAT JOBAKALA,2,500000.0,1,1,1
GRAM PANCHAYAT JHABAR J P PENDRA,2,500000.0,1,1,1
Emlangki Sapooh,2,500000.0,1,1,1
KHANPUR MIRAPUR GROUP GRAM PANCHAY,1,500000.0,1,1,1
SARPANCH GRAM PANCHAYAT DARRIGHAT,2,500000.0,1,1,1
SARPANCH GRAM PANCHAYAT DHOURABHATHA,1,500000.0,1,1,1
GRAM PANCHAYAT SALHEJHARIYA,2,500000.0,1,1,1
Gram Panchayat Gumdel,1,500000.0,1,1,1
BOLUNDRA GRAM PANCHAYAT,1,500000.0,1,1,1
DERDI JANBAI GRAM PANCHAYAT,1,500000.0,1,1,1
GODADATI VENKANNA,1,500000.0,1,1,1
BARONDA,2,500000.0,1,1,1
DEO MANDLA,1,500000.0,1,1,1
DERALA GRAMPANCHAYAT,1,500000.0,1,1,1
HADMATIYA GRAM PANCHAYAT,1,500000.0,1,1,1
Topu R Sangma,2,500000.0,1,1,1
Transvel N Sangma,2,500000.0,1,1,1
G P SARIBUJRANG,1,500000.0,1,1,1
MUKESHBHAI MULJIBHAI PRAJAPATI,1,500000.0,1,1,1
KUMBHASAN GRAM PANCHAYAT,1,500000.0,1,1,1
JILA CHANDRAWANSHI GOULI MAHASABHA SAMITI BHOMA SEONI,2,500000.0,1,1,1
gp ghanghal,2,500000.0,1,1,1
GP KONIYA KALAN JP TEONTHAR,1,500000.0,1,1,1
Palladium Buildtech,1,500000.0,1,1,1
RUDRA MADHAB SAHU,1,500000.0,1,1,1
SARPANCHSHRI SUNAK GRAM PANCHAYAT,4,500000.0,4,1,1
Gram Panchayat Jarakhiya,1,500000.0,1,1,1
BOJADARA GRAM PANCHAYAT,1,500000.0,1,1,1
Tombesil A Sangma,2,500000.0,1,1,1
Tomo Taba,1,500000.0,1,1,1
Timjim Momin,2,500000.0,1,1,1
SAGHANKALA JP HANUMANA DIST MAUGANJ,1,500000.0,1,1,1
ADITYA KUMAR MOHANTY,1,500000.0,1,1,1
SAR AND SAC GRAM PANCHAYAT PIPARKHUNTI,2,500000.0,1,1,1
GRAM PANCHAYAT KALIPUR NIRMAN YOJNA,2,500000.0,2,1,1
GRAM PANCHAYAT KADAYA,1,500000.0,1,1,1
GRAM PANCHAYAT KAHANI,2,500000.0,1,1,1
GRAM PANCHAYAT KAILASHPUR,2,500000.0,2,1,1
GP KIRGI,1,500000.0,1,1,1
Shri Luckshwell M Sangma,6,500000.0,3,1,2
Meghanathan G,1,500000.0,1,1,1
Gram Pancchayat Rumkera,1,500000.0,1,1,1
GRAM PANCHAYAT POPATVAV,1,500000.0,1,1,1
GRAM PANCHAYAT PNAGARBARI,1,500000.0,1,1,1
GRAM PANCHAYAT PIPARBHAWNA TE,2,500000.0,1,1,1
PALIWAL STONE SUPPLIER,1,500000.0,1,1,1
SHREE RAMDEV CONSTRUCION,2,500000.0,1,1,1
KOLITHAD GRAM PANCHAYAT,1,500000.0,1,1,1
GRAM PANCHAYAT CHOSALA,1,500000.0,1,1,1
GRAM PANCHAYAT CHHINAM,1,500000.0,1,1,1
VARAHI JOOTH GRAM PANCHAYAT,1,500000.0,1,1,1
GRAM PANCHAYAT UTRAJ,1,500000.0,1,1,1
GRAM PANCHAYAT SONTHI,2,500000.0,2,1,1
Gram Panchayat Badkud,1,500000.0,1,1,1
Gram Panchayat Baganwal,1,500000.0,1,1,1
Sigireddy Sagar reddy,1,500000.0,1,1,1
Shushila Marndi,1,500000.0,1,1,1
Benbin Marak,4,500000.0,2,1,1
Bawitluanga,2,500000.0,1,1,1
Gp Khedhachitawliya,2,500000.0,1,1,1
Medi Krishna,1,500000.0,1,1,1
Medi Nana Mandvada Gram Panchyat,1,500000.0,1,1,1
Nimble T Sangma,2,500000.0,1,1,1
Gram PAnchayat Ranipura,2,500000.0,1,1,1
Gram Pamchayat Shogi,4,500000.0,2,1,1
Gpram Panchayat Pipardi,1,500000.0,1,1,1
Gra Panchayat Ishurwara,2,500000.0,1,1,1
GRAM PANCHAYAT UKTA,1,500000.0,1,1,1
Hareram Panda,1,500000.0,1,1,1
Ardoi Gram Panchayat,1,500000.0,1,1,1
VADHANA GRAM PANCHAYT,1,500000.0,1,1,1
R Y Enterprise,1,500000.0,1,1,1
VAV JUTH GRAM PACHAYAT,1,500000.0,1,1,1
VASUDEV CONSTRUCTION CO,1,500000.0,1,1,1
MAA VAISHNO TRADERS,2,500000.0,2,1,1
MAA KALAWATI PS,1,500000.0,1,1,1
GRAM PANCHAYAT DEMHA,13,500000.0,1,1,1
Ankaliya Gram Panchayat,1,500000.0,1,1,1
PRATAPPURA JUTH GRAM PANCHAYAT,1,500000.0,1,1,1
MOTIMANEKPUR GRAM PANCHYAT,1,500000.0,1,1,1
Tamar Nilling,1,500000.0,1,1,1
BHABANI SHANKAR BARIK,1,500000.0,1,1,1
Shri Terkar Gangkak,1,500000.0,1,1,1
TUSHAR ACHARYA,1,500000.0,1,1,1
TULSIPURA GRAM PANCHAYAT,1,500000.0,1,1,1
TULU SAHOO,1,500000.0,1,1,1
GRAM PANCHAYAT KONDRAMAL NARAYANGANJ,2,500000.0,1,1,1
SMC GPS SONNAGAR,3,500000.0,1,1,1
DAYANANDA NAYAK,1,500000.0,1,1,1
BDO DMJ,1,500000.0,1,1,1
PRAVAMAYE TARAI,1,500000.0,1,1,1
GRAM PANCHAYAT KOTMI,3,500000.0,1,1,1
Nava Grampanchayat,1,500000.0,1,1,1
Gp Dhulmahu,1,500000.0,1,1,1
Gp Gunawa,2,500000.0,1,1,1
Bandhu Enterprise,1,500000.0,1,1,1
Banneboyina Poshetty,1,500000.0,1,1,1
BHABANI SHANKAR MOHANTA,1,500000.0,1,1,1
JUNI BHILDI GRAM PANCHAYAT,1,500000.0,1,1,1
RAH GRUP GRAM PANCHAYAT,1,500000.0,1,1,1
JUKANTI RAGHAVENDER REDDY,1,500000.0,1,1,1
JULHAS ALOM SIKDER,1,500000.0,1,1,1
JUNA CHAMU GRAM PANCHAYAT,1,500000.0,1,1,1
JUNA KATARIYA GRAM PANCHAYAT,1,500000.0,1,1,1
gram panchyat lotna,1,500000.0,1,1,1
GRAM PANCHAYAT PATHAMOTI JANPAD PANCHAYAT UMARBAN,2,500000.0,1,1,1
GRAM PANCHAYAT PAREWA,2,500000.0,1,1,1
Gram Pnachayat Prempara,1,500000.0,1,1,1
MR SADASIBA SAHOO,2,500000.0,1,1,1
CHAMPARAN,1,500000.0,1,1,1
SARPANCH SACHIV GRAM PANCHAYAT BAKLI,6,500000.0,2,1,1
GRAM PANCHAYAT TRALSA,1,500000.0,1,1,1
RAGHAVENDRA,1,500000.0,1,1,1
BHALOT GRAM PANCHAYAT,1,500000.0,1,1,1
BHAI BHAI ENTERPRAIGE,2,500000.0,1,1,1
SMC PRESBYTERIAN SECONDARY SC BARATO,2,500000.0,1,1,1
PRAKASH SHETTY,1,500000.0,1,1,1
SRI GURUDEVA CHARITABLE TRUST,2,500000.0,1,1,1
BHUVAD GRAM PANCHAYAT,1,500000.0,1,1,1
GRAM PANCHAYAT PASAN,2,500000.0,2,1,1
arjun pomu pawar,1,500000.0,1,1,1
animesh narendra keer,1,500000.0,1,1,1
bhadava,1,500000.0,1,1,1
bagri Traders Mahuta,2,500000.0,1,1,1
E SATYANARAYANA,1,500000.0,1,1,1
Kartar Enterprises,2,500000.0,1,1,1
SARPANCH SACHIV GRAM PANCHAYAT BARGAON,2,500000.0,1,1,1
GRAM PANCHAYAT TIVRAIYA,2,500000.0,1,1,1
GRAM PANCHAYAT MANIYAWADA,2,500000.0,1,1,1
TMT KANIMOZHI,1,500000.0,1,1,1
Nayapara Anchalik,2,500000.0,1,1,1
CMO NAGAR PAN MUNGAOLI,1,500000.0,1,1,1
CL Buanga,2,500000.0,1,1,1
GRAM PANCHAYAT TANDA JANPAD PANCHAYAT BAGH,2,500000.0,2,1,1
SHREE NAGIYARI JUTH GRAM PANCHAYAT,1,500000.0,1,1,1
M PRABAKAR REDDY,1,500000.0,1,1,1
GRAM PANCHAYAT LINGA,4,500000.0,2,1,1
GRAM PANCHAYAT DEELWARA,2,500000.0,1,1,1
VESANIYA GRAM PANCHAYAT,1,500000.0,1,1,1
VEJALPUR GRAM PANCHYAT,1,500000.0,1,1,1
Anil Kumar Nisha Tradesh,2,500000.0,1,1,1
AMAR SHAHEED GULAB SINGH LODHI SHIKSHA SAMITI,2,500000.0,1,1,1
GRAM PANCHAYAT TODA GAUTAMIA,2,500000.0,1,1,1
SHREE KODKI GRAM PANCHAYAT,2,500000.0,2,1,1
VEDPUR GRAM PANCHAYAT,1,500000.0,1,1,1
VEC Bunghmun,1,500000.0,1,1,1
R SELVARAJ,1,500000.0,1,1,1
GRAM PANCHAYAT CHORBHATTI,2,500000.0,1,1,1
SHREE RAM EARTH MOVERS,1,500000.0,1,1,1
R P R N PUBLIC SCHOOL RAMPUR SAKARWARI AKABARPUR AMBEDKARNAGAR,2,500000.0,1,1,1
Rangbah Shnong Upper Lumparing,1,500000.0,1,1,1
GP DHAKHRA JP TEONTHER,1,500000.0,1,1,1
GP DHALWAN,3,500000.0,2,1,1
Richard Plain,2,500000.0,1,1,1
Repairing and Renovation of Balajan Fish Market,2,500000.0,1,1,1
GP CHAPANI,1,500000.0,1,1,1
MA Durga Traderds,2,500000.0,1,1,1
AEROSE INFRA,1,500000.0,1,1,1
G P NEVRA,2,500000.0,1,1,1
G P LITIYA,2,500000.0,1,1,1
DILMAMUD SK,1,500000.0,1,1,1
MAILO WASH DALBOT SHIRA,2,500000.0,1,1,1
MAHESH,1,500000.0,1,1,1
Gram Panchayat Barbaspur,2,500000.0,1,1,1
Jang Bahadur Bal Vidya Mandir,1,500000.0,1,1,1
SARPANCH GRAM PANCHAYAT ACHHOLI,1,500000.0,1,1,1
SARPANCH AND SACHIV KHORSI GRAM PANCHAYAT,2,500000.0,1,1,1
AHILYA BAI PAL UCHCHATAR MADHYMIC VIDYALAY,2,500000.0,1,1,1
Jaleswar College Tapoban,2,500000.0,1,1,1
GOODNESH MARAK,2,500000.0,1,1,1
MADHELI GRAM PANCHAYAT,1,500000.0,1,1,1
Gram Panchayat Chandamau,2,500000.0,1,1,1
Gram Panchayat Chartoriya,2,500000.0,1,1,1
Subhranshu Sekhar Bhoi,1,500000.0,1,1,1
Babulu Kumura,1,500000.0,1,1,1
G P Banabel,3,500000.0,1,1,1
KATPAR GRAM PANCHAYAT,1,500000.0,1,1,1
KASTURBA DHAM GRAM PANCHAYAT,1,500000.0,1,1,1
GRAM PANCHAYAT DHAMNA,1,500000.0,1,1,1
GRAM PANCHAYAT DHANAPALI,1,500000.0,1,1,1
VAGHAROTA GRAM PANCHAYAT,2,500000.0,2,1,1
VADGAMDA GROUP GRAM PANCHAYAT,1,500000.0,1,1,1
GRAM PANCHAYAT DANTALI,4,500000.0,4,1,1
MAHADEVA YALLAPPA ASODI,2,500000.0,1,1,1
BHAGUDA GRAM PANCHAYAT,1,500000.0,1,1,1
SARAYA GRAM PANCHAYAT,1,500000.0,1,1,1
JUNIOR ENGINEER DASAMANTPUR BLOCK III,2,500000.0,2,1,1
SHRI NABIN TUDU,1,500000.0,1,1,1
DIBAKAR BEHERA,1,500000.0,1,1,1
DIBYA RANJAN NAYAK,1,500000.0,1,1,1
Srinivas Patnaik,1,500000.0,1,1,1
ONKAR MANI TRIPATHI,3,500000.0,1,1,1
Balappa Patil,2,500000.0,1,1,1
Proloy Rabha,2,500000.0,1,1,1
Project Clean surrounding,1,500000.0,1,1,1
GRAM PANCHAYAT GHOGRE,2,500000.0,1,1,1
Gram Panchayat Bhayavadar,1,500000.0,1,1,1
Gram Panchayat Bhankodar,1,500000.0,1,1,1
Gram Panchayat Bharog Baneri,3,500000.0,1,1,1
SARPANCH GRAM PANCHAYAT TARRA,2,500000.0,1,1,1
AGGARWAL IRON AND CEMENT STORE,1,500000.0,1,1,1
Smit College,1,500000.0,1,1,1
Mandeep Natt Enterprises,2,500000.0,2,1,1
OM MURUGA CONSTRUCTIONS,1,500000.0,1,1,1
Green Yard Secondary School,2,500000.0,1,1,1
The Fitness Store,1,500000.0,1,1,1
Punam Sabita Tette JE Bisra Block,1,500000.0,1,1,1
Sotisola Imkong,1,500000.0,1,1,1
SUPER INFRACORP PRIVATE LIMITED,1,500000.0,1,1,1
SHRI BHANWAR SAI CONSTRUCTION COMPANY,1,500000.0,1,1,1
Awadh International Academy,1,500000.0,1,1,1
GRAM PANCHAYAT DONGARGAON,2,500000.0,1,1,1
GRAM PANCHAYAT DHORAN PARDI,1,500000.0,1,1,1
R CUBE CONSTRUCTION,1,500000.0,1,1,1
DIMOND ENTERPRISES,1,500000.0,1,1,1
SARPANCH GRAM PANCHAYAT VISHRAMPURI,1,500000.0,1,1,1
ALOK KUMAR NAYAK,1,500000.0,1,1,1
ALINA GRAM PANCHAYAT,2,500000.0,2,1,1
Rosesiful Wanniang,2,500000.0,1,1,1
Rohit Ramdas Medage,1,500000.0,1,1,1
KODAY JUTH GRAM PANCHAYAT,1,500000.0,1,1,1
JUNIOR ENGINEER KORAPUT BLOCK PMAY,2,500000.0,2,1,1
AKSHAYA KUMAR SAHOO Junior Engineer Lamtaput Block,1,500000.0,1,1,1
ERICROGER N SANGMA,2,500000.0,1,1,1
KOTAGALLA RAJU,1,500000.0,1,1,1
SUPRAVA BEHERA,1,500000.0,1,1,1
Barkam Rajitha,1,500000.0,1,1,1
ODHA GRUP GRAM PANCHAYAT,1,500000.0,1,1,1
Nongtalang College,1,500000.0,1,1,1
GRAM PANCHAYAT SUKULIYA,1,500000.0,1,1,1
PRAMOD OJHA,2,500000.0,2,1,1
GRAM PANCHAYAT SILARI SFC,1,500000.0,1,1,1
Manas Kumar Kar,1,500000.0,1,1,1
Gram Panchayat Bildhav,2,500000.0,1,1,1
Gram Panchayat Billiband,2,500000.0,1,1,1
Gram Panchayat Borirampur,2,500000.0,1,1,1
GRAM PANCHAYAT DEVRI KH,2,500000.0,1,1,1
R Kawlzidinga,2,500000.0,1,1,1
GRAM PANCHAYAT DHAURABHATHA,1,500000.0,1,1,1
GRAM PANCHAYAT DHALAM,1,500000.0,1,1,1
New Srinivasa Contruction,1,500000.0,1,1,1
GRAM PANCHAYAT TILRI,2,500000.0,1,1,1
CONSTRUCTION OF BOUNDARY WALL AT GARALA HIGH SCHOOL,2,500000.0,1,1,1
CONST OF BOUNDARY WALL OF BALARCHAR MATRAGHOLA HS,2,500000.0,1,1,1
CONST OF BOUNDARY WALL OF PLAYGROUND NEAR CHATPARA CHAR KABARSTHAN,2,500000.0,1,1,1
GRAM PANCHAYAT SINGHAT,2,500000.0,1,1,1
Gram panchayat Lalitpur,2,500000.0,1,1,1
Gram panchayat Darima,2,500000.0,1,1,1
PRATAP KUMAR SENAPATI,1,500000.0,1,1,1
GRAM PANCHAYAT LAKHNOTI,1,500000.0,1,1,1
GRAM PANCHAYAT LADER,2,500000.0,1,1,1
Gram panchayat selegaon,1,500000.0,1,1,1
GRAM PANCHAYAT KHOUNA,2,500000.0,1,1,1
DHAWA TIWARIYAN JP HANUMANA DIST MAUGANJ,1,500000.0,1,1,1
MANAGER SHREE SATNESHWAR VIDYA MANDIR,2,500000.0,1,1,1
B SRISHAILAM,1,500000.0,1,1,1
BABA PREMDAS U M VIDYALAYA KARMAINI MAHBAL AMBEDKARNAGAR,2,500000.0,1,1,1
V RAMULU,1,500000.0,1,1,1
V LALRINKIMI,2,500000.0,1,1,1
B M CONSTRUCTION,1,500000.0,1,1,1
SARPANCH GRAMPANCHAYAT MOTABHANDARIYA,2,500000.0,2,1,1
DINDAYAL MAJUR SAHKARI SANSTHA MARYADIT,1,500000.0,1,1,1
MAKANSAR GRAM PANCHAYAT,1,500000.0,1,1,1
GRAM PANCHAYAT FATEHPUR,2,500000.0,1,1,1
GRAM PANCHAYAT DWARTARAKALA,2,500000.0,1,1,1
DHARADHARA GRAM PANCHAYAT,1,500000.0,1,1,1
GRAM PANCHAYAT GAMJU S B M,1,500000.0,1,1,1
GRAM PANCHAYAT GADA BABAN SINGH,2,500000.0,1,1,1
DHATRAWADA,2,500000.0,1,1,1
MOTA,1,500000.0,1,1,1
MORAD GRAM PANCHAYAT,1,500000.0,1,1,1
MORISHETTY LAKSHADI,1,500000.0,1,1,1
Grram Panchyat Mungaser,2,500000.0,1,1,1
HUSANAPPA HARIJAN,2,500000.0,1,1,1
Robinus Sangma,2,500000.0,1,1,1
MALAV GRAM PANCHAYAT,2,500000.0,2,1,1
RENITH CONSTRUCTIONS KARIMNAGAR,1,499999.0,1,1,1
AKULETI ASWATHA NARAYNA SWAMY,1,499999.0,1,1,1
SHIVANAND GANGAPPA HARIJAN,2,499999.0,1,1,1
KOPPULA SHANKAR,1,499999.0,1,1,1
Phurba Narbu Dukpa,1,499999.0,1,1,1
GRAM PANCHAYAT PUNI,1,499999.0,1,1,1
GRAM PANCHAYAT TENDUHA NO 1,6,499999.0,1,1,1
RAMAKRISHNA ACADAMY,2,499998.0,1,1,1
Allapuram Shiva Kumar,1,499998.0,1,1,1
N N TALAWAR,2,499998.0,1,1,1
MANJUNATH AIDAMANI,2,499998.0,1,1,1
Vadagama Vittal,1,499997.0,1,1,1
HARIPRASAD B V,1,499997.0,1,1,1
SHAIKNASSAM KHAJAPEER,1,499996.0,1,1,1
HABIBUR RAHMAN,1,499996.0,1,1,1
VIBHU TRADERS,2,499996.0,2,1,1
GRAM PANCHAYAT AMLIDIH,2,499995.0,1,1,1
SIVAPRAKASAM,1,499995.0,1,1,1
HM INFRA SOLUTION,2,499994.0,1,1,1
GRAM PANCHAYAT SIVANIKHURD,2,499993.0,1,1,1
MODINSAB D MULLA,2,499992.0,1,1,1
SARPANCH SACHIV GRAM PANCHAYAT ANJANI,2,499992.0,1,1,1
KOTALI SHANKAR,1,499992.0,1,1,1
GRAM PANCHYAT BASOLI,1,499991.0,1,1,1
K Bala Subramanyam,1,499991.0,1,1,1
Meripur gram panchayat,1,499990.0,1,1,1
AYYANNA NAGULA,1,499990.0,1,1,1
SARPANCH GRAM PANCHAYAT TUSMA,2,499989.0,1,1,1
MANJUNATH GALAGALI,2,499989.0,1,1,1
Pradip Borah,2,499989.0,1,1,1
Pooniya Construction Company,1,499989.0,1,1,1
KAIPU SIVA REDDI,1,499988.0,1,1,1
JANARDHANA REDDY BOBALI,1,499988.0,1,1,1
SANGAPPA S KUMBAR,2,499987.0,1,1,1
KANDULA BRAHMAIAH,1,499986.0,1,1,1
JANARDHANA A,1,499985.0,1,1,1
PRADEEP K S,1,499985.0,1,1,1
JAGADISHA C,1,499985.0,1,1,1
SANTOSH B TIMMAPUR,2,499984.0,1,1,1
SATYA ENTERPRISES,1,499982.0,1,1,1
YANGALA MARIYAMMA,1,499981.0,1,1,1
BALA RAVI,1,499979.0,1,1,1
gram panchayat gorana,1,499979.0,1,1,1
RSR CONSTRUCTION,1,499977.0,1,1,1
GOLDEN CONSTRUCTION,1,499976.0,1,1,1
GRAM PANCHAYAT SARAIPATERA,2,499976.0,1,1,1
NARAYANA,1,499975.0,1,1,1
GRAM PANCHAYAT AMARWAH,9,499975.0,1,1,1
D PRABHAKAR REDDY,1,499974.0,1,1,1
gram panchayat thoriyadi,1,499973.0,1,1,1
SD ATEEQ,1,499973.0,1,1,1
MS RICKSHMA ENTERPRISES,1,499971.0,1,1,1
GRAM PANCHAYAT GANDHITOLA,1,499970.0,1,1,1
MS MAA VINDHYAVASANI BUILDING MATERAIL,1,499968.0,1,1,1
BISHAL CHOWHAN,3,499967.0,1,1,1
FZ FITNESS INDIA,5,499966.0,1,1,1
JAYARAMAIAH,1,499964.0,1,1,1
SEVAK BHARUDIYA GRAM PANCHAYAT,1,499963.0,1,1,1
GAJANA GRAM PANCHAYAT,1,499963.0,1,1,1
SRI GANESH ENTERPRISES,1,499962.0,1,1,1
Krishanend Construction Satna,2,499961.0,1,1,1
Som Construction and Material Supply,4,499961.0,1,1,1
SHRIRAM ENTERPRISES,1,499960.0,1,1,1
RAMDHENU ENTERPRISES,1,499959.0,1,1,1
LAXMAN MALIYAPPA MARUTAGI,2,499958.0,1,1,1
RAMANATHAN,1,499957.0,1,1,1
Rekulapally Santhosh reddy,1,499955.0,1,1,1
YANKAPPA SHANKRAPPA KARIYALLAVVAGOL,2,499954.0,1,1,1
Lilapur Gram Panchayat,1,499951.0,1,1,1
GRAM PANCHAYAT DHEENGPUR,2,499951.0,1,1,1
Shri Guru Nanak Interlocking Cement Tile,3,499950.0,3,1,2
KALIYAMMAL JOTHI,1,499950.0,1,1,1
PRALHAD RAVALU MORE,2,499949.0,1,1,1
J K ENTERPRISES,1,499949.0,1,1,1
BBC TRIANGLE,1,499949.0,1,1,1
RAISUM SEIKH,1,499948.0,1,1,1
SWAMI NARENDRA ELECTRICAL,1,499947.0,1,1,1
TUMMALAPALLY JYOTHSNA,1,499946.0,1,1,1
PARSAPPA RAMAPPA MADARAKHANDI,2,499945.0,1,1,1
GRAM PANCHAYAT PECH KI BAORI,1,499945.0,1,1,1
Gram panchayat mata,9,499940.0,1,1,1
D RAGHU RAMI REDDY,1,499938.0,1,1,1
JAYARAJ KAMAT,2,499935.0,1,1,1
RADHA SWAMI TRADERS,2,499935.0,2,1,1
CHANDAN K K,1,499935.0,1,1,1
Kajli Gram Panchayat,1,499932.0,1,1,1
GANGAVARAPU MADHAN,1,499930.0,1,1,1
GRAM PANCHAYAT KHAMHERKHEDA,2,499927.0,1,1,1
Syed Rahamathulla,1,499927.0,1,1,1
JAYANANDA,1,499925.0,1,1,1
AHAMMAD BASHEER,1,499925.0,1,1,1
vrajpar gram panchayat,1,499924.0,1,1,1
NARAYANAN J,1,499924.0,1,1,1
ravilla swathi,1,499923.0,1,1,1
GRAM PANCHAYAT JANGAR,1,499923.0,1,1,1
Mohammed Alim Uddin Mondal,1,499919.0,1,1,1
HANAMANT LIGADE,2,499916.0,1,1,1
RAVI NAIK,1,499914.0,1,1,1
K RAMU,1,499914.0,1,1,1
KOTHARIYA GRAM PANCHAYAT,1,499912.0,1,1,1
GRAM PANCHAYAT BAKWA,6,499910.0,1,1,1
SHRINEETH SHETTY,1,499910.0,1,1,1
JASAPAR GRAM PANCHAYAT,1,499910.0,1,1,1
CHULI GRAM PANCHAYAT,1,499909.0,1,1,1
Shubham Shankar Gaikwad,1,499908.0,1,1,1
GRAM PANCHAYAT BHUIGAON,2,499906.0,1,1,1
Sarapdad Gram Panchayat,1,499904.0,1,1,1
GP TILAWAD,2,499903.0,1,1,1
timba gram panchayat,1,499903.0,1,1,1
GRAM PANCHAYAT DAYADARA,1,499902.0,1,1,1
Gram Panchayat Chavaj,1,499902.0,1,1,1
gram panchayat budhanbhath,2,499900.0,1,1,1
GRAM PANCHAYAT TATENGA,2,499900.0,1,1,1
SPD CONSTRUCTION,1,499900.0,1,1,1
PULI RAMGOPAL,1,499899.0,1,1,1
SARPANCH GRAM PANCHAYAT SARSENI,2,499899.0,1,1,1
CHARANTUNGI GRAM PANCHAYAT,1,499898.0,1,1,1
Vairamani,1,499897.0,1,1,1
MAHENDRA SINGH BHADAURIYA,2,499897.0,1,1,1
NEW SUN ASSOCIATES,1,499895.0,1,1,1
V P UPPAR,2,499895.0,1,1,1
NIKHIL SHIRSHAD,2,499893.0,1,1,1
Sheela M,1,499892.0,1,1,1
T Raja,1,499892.0,1,1,1
DINESH A,1,499890.0,1,1,1
R K PADASALAGI,2,499890.0,1,1,1
Gram panchayat Tihpatra,2,499890.0,1,1,1
GUGULOTH RAMESH BABU,1,499889.0,1,1,1
K DORAIRAJ,1,499888.0,1,1,1
BALACHANDRA SHANKARAPPA DASAR,2,499888.0,1,1,1
M Nagender,1,499887.0,1,1,1
CHERUKURU CHINNA PENCHALAIAH,1,499887.0,1,1,1
Annu Hills Traders,2,499886.0,1,1,1
Maa Tara Enterprise,1,499885.0,1,1,1
Zumkha Gram Panchayat,1,499884.0,1,1,1
pravendra singh,1,499882.0,1,1,1
K Bhagyalaxmi,1,499881.0,1,1,1
MANSAR GRAM PANCHAYAT,1,499881.0,1,1,1
BASAVARAJ GANAGAPPA AMBIGER,2,499879.0,1,1,1
GRAM PANCHAYAT MOTI DHANEJ,1,499879.0,1,1,1
Ghana Saikia,1,499878.0,1,1,1
Bonthu Balakrishna,1,499876.0,1,1,1
SATISH KAKARADDI,2,499874.0,1,1,1
P B INFRASTRUCTURE,2,499874.0,1,1,1
GAJANVAV GRAM PANCHAYAT,1,499873.0,1,1,1
Benny VP,1,499873.0,1,1,1
khambhda,1,499871.0,1,1,1
Gram Panchayat Pedwi janpad Panchayat dharmpuri,2,499871.0,1,1,1
Jitesh,2,499868.0,1,1,1
MAHANTESH BASAPPA GANIGER,2,499867.0,1,1,1
K SATHISH RAI,1,499867.0,1,1,1
ROHAN S MUTNAL,2,499867.0,1,1,1
MIB CONSTRUCTION,1,499867.0,1,1,1
SHREEKANTH SHARANAPPA TUMBAGI,2,499860.0,1,1,1
SARVESHWAR AND BROTHERS,1,499860.0,1,1,1
RAVIDAS,1,499857.0,1,1,1
Ramaliya Gram Panchayat,1,499857.0,1,1,1
GP PERMARAS,2,499857.0,1,1,1
Kondeti Vijayabhaskar,1,499857.0,1,1,1
BADKUWAN,2,499856.0,1,1,1
PRESIDENT VLC GURAPPAGARIPALLI GP VEERABALLI,1,499856.0,1,1,1
GRAM PANCHYAT KHERHA SGVY,2,499855.0,1,1,1
PEDDI DEVENDHAR,1,499855.0,1,1,1
BHIMAPPA ARAKERI,2,499854.0,1,1,1
S MUNEESWARAN,1,499852.0,1,1,1
ELANGOVAN,1,499850.0,1,1,1
MR GRAM PANCHAYAT VADOD,1,499850.0,1,1,1
Y P ENTERPRISE,1,499850.0,1,1,1
GRAM PANCHAYAT SATOHARI,2,499850.0,1,1,1
ANANTHA GIRI BABU,1,499847.0,1,1,1
SHRINIVASKUMAR GADIVADDAR,2,499844.0,1,1,1
R Jayakumar,1,499841.0,1,1,1
Bishla Construction Company,1,499841.0,1,1,1
GP PUSPAL,2,499839.0,1,1,1
GRAM PANCHAYAT AMARPUR J P PENDRA,2,499839.0,1,1,1
RAJASTHAN KHADI SANGH,1,499839.0,1,1,1
Decorators Raju and Rajib Basu,1,499837.0,1,1,1
Kunta Mahipal Reddy,1,499831.0,1,1,1
SUKESH SHETTY,1,499830.0,1,1,1
BORVAV GRAM PNCHAYAT,1,499830.0,1,1,1
GRAM PANCHAYAT TIKARIYA JP MANDLA,2,499823.0,1,1,1
MALLIKARJUN DALAWAI,2,499822.0,1,1,1
UBUN2,1,499820.0,1,1,1
SHIGU GEORGE,1,499817.0,1,1,1
BAGATHALA GRAM PANCHAYAT,1,499816.0,1,1,1
PRAJWAL K,2,499815.0,1,1,1
PADASAN GRAM PANCHAYAT,1,499813.0,1,1,1
UTHAYAN T,1,499812.0,1,1,1
AKILESH R,1,499809.0,1,1,1
Surya Construction,1,499808.0,1,1,1
Gram panchayat Karra,2,499808.0,1,1,1
pipaliya gram panchayat,1,499808.0,1,1,1
DODDABASANAGOUDA ANANDGOUDA PATIL,2,499805.0,1,1,1
SUSVAV GRAM PANCHAYAT,2,499804.0,2,1,1
LAXMIPURA GRUP GRAM PANCHAYAT,1,499803.0,1,1,1
Pushpa Subba,1,499801.0,1,1,1
Khinchipura Construction,1,499800.0,1,1,1
SHIV SHAKTI BULDING MATERIAL SUPPLIERS,1,499800.0,1,1,1
SARPANCH,2,499800.0,1,1,1
Anil Kmar Saket,2,499800.0,1,1,1
AVINASH P,1,499800.0,1,1,1
GRAM PANCHAYAT CHANDAINI,2,499800.0,1,1,1
Bhusan Rai,1,499800.0,1,1,1
HARYANA COMPUTER,2,499799.0,1,1,1
NARAYANA SHETTY,1,499795.0,1,1,1
SARPANCH SACHIV GRAM PANCHAYAT PIPERCHHEDI,2,499792.0,1,1,1
R Shankaraiah,1,499791.0,1,1,1
PANKAJ BORGOHAIN,2,499787.0,1,1,1
GP Farswani,2,499786.0,1,1,1
G BHASKAR REDDY,2,499785.0,2,1,1
NITHEESH K,1,499785.0,1,1,1
SIDCO,1,499776.0,1,1,1
Varatharajan Ramasamy,1,499773.0,1,1,1
RAGHVENDRA MARUTI NAIK,2,499770.0,1,1,1
DAYANANDA SHETTY,1,499759.0,1,1,1
UNITY ENTERPRISES,1,499759.0,1,1,1
KILARI KONDAPA NAIDU,1,499759.0,1,1,1
GRAM PANCHAYATSANKHYAD,1,499757.0,1,1,1
PALDI GRAM PANCHAYAT,6,499756.0,6,1,1
G RAJESH SHETTY,1,499755.0,1,1,1
Arif Ishtiyak Sheikh,1,499752.0,1,1,1
Sowmiya Construction,1,499750.0,1,1,1
GP Charbhantha,2,499749.0,1,1,1
Gram panchayat khalpodi,2,499749.0,1,1,1
SARPANCH GRAM PANCHYAT  RAVELI,2,499738.0,1,1,1
THEJAS TRADERS,1,499738.0,1,1,1
U KARTHICK,1,499737.0,1,1,1
Kadubai Sidram Magasvargiya Majoor Sahakari S Limited Latur,1,499737.0,1,1,1
Dasari Murali,1,499736.0,1,1,1
MAHENDRA ADHIKARI,1,499735.0,1,1,1
LALBAHADUR MAGAS VARGIY MAJOOR SAHAKARI SANTHA MARYA SELU,1,499735.0,1,1,1
PASUPULETI DAMODARA,1,499733.0,1,1,1
MAHESH KULAGUDE,2,499731.0,1,1,1
GRAM PANCHAYAT TORANIYA,1,499730.0,1,1,1
EARANNA,2,499729.0,1,1,1
MOHANDAS RAI,1,499729.0,1,1,1
GIREESH PANDU RATHOD,2,499728.0,1,1,1
MICRO ENGINEERS,1,499724.0,1,1,1
Gavinolla Chandra Reddy,1,499722.0,1,1,1
M A ENTERPRISE,7,499720.0,1,1,1
RAGHAVENDRA D,1,499715.0,1,1,1
MUTHUVEL N,1,499714.0,1,1,1
SHAIK KALEEM,1,499714.0,1,1,1
MANDAL GRAM PANCHAYAT,1,499713.0,1,1,1
DINESH M,1,499710.0,1,1,1
GRAM PANCHAYAT JHULPUR,2,499709.0,1,1,1
GURU DAKSH PARJAPATI DHARMSHALA,1,499708.0,1,1,1
SANJU SHIVAPPA JEEVANNAVAR,2,499708.0,1,1,1
ANAND BALAKU KONKANI,2,499705.0,1,1,1
Gram panchayat Dariya,2,499701.0,1,1,1
GRAM PANCHAYAT SALHAIYA S B M,2,499700.0,1,1,1
MAHESWARI,1,499700.0,1,1,1
GRAM PANCHAYAT JANGALBEDA,2,499700.0,1,1,1
GRAM PANCHAYAT CHIMERKEL,2,499700.0,1,1,1
L N Enterprises Yadunandan Yadav V K,1,499697.0,1,1,1
SARPANCH SACHIV G P SARNABAHAL,2,499690.0,1,1,1
SANJIB MALLIK,1,499684.0,1,1,1
K L Ravikumar,1,499684.0,1,1,1
Ms Girraj Trading company,1,499679.0,1,1,1
HEMACHANDRA RAJU KONDARAJU,1,499675.0,1,1,1
A Ravi Kumar,1,499668.0,1,1,1
BALAKRISHNA SHETTY,1,499655.0,1,1,1
Akarsh Jain S,1,499655.0,1,1,1
Gram Panchayat Hanotaparichit,2,499653.0,1,1,1
BALDANA GRAM PANHAYAT,1,499649.0,1,1,1
DEVARAJ BASAVANNI PASCHAPURE,2,499645.0,1,1,1
Manjunath Godappa Timmanayakar,2,499644.0,1,1,1
PARASHURAM MADAR,2,499643.0,1,1,1
RANJAN TASSA,2,499633.0,1,1,1
DREAM ENTERPRISE,1,499630.0,1,1,1
DEVANABOYINA CHINA VENKATA SUBBAIAH,1,499628.0,1,1,1
GRAM PANCHAYAT BANDHA,2,499626.0,1,1,1
MADDISETTI SATYA PRASAD,1,499623.0,1,1,1
VADLA MONAIAH,1,499621.0,1,1,1
RONALD CRASTA,1,499620.0,1,1,1
Swadesh Ranjan Bera,1,499619.0,1,1,1
B Jaya Prakash,1,499613.0,1,1,1
SRINGESH,1,499613.0,1,1,1
GRAM PANCHAYAT GANESHPURA,3,499609.0,1,1,1
GRAM PANCHAYAT HATHLEVA,2,499600.0,1,1,1
GP KHARGAHNA BBA,2,499600.0,1,1,1
Somendra Singh,2,499600.0,1,1,1
Shri Ram Traders Bela,2,499600.0,1,1,1
CHANDAN BHUYAN,1,499597.0,1,1,1
SERLA MURALIDHAR,1,499597.0,1,1,1
GRAM PANCHAYAT KALAYANPUR,1,499596.0,1,1,1
MANOHARA,1,499590.0,1,1,1
SARIKA,1,499580.0,1,1,1
M P CONSTRUCTION,2,499580.0,2,1,1
GP Rapagula,2,499580.0,1,1,1
PERUMALSAMY,2,499579.0,2,1,1
SAURABH HARDWARE,3,499578.0,1,1,1
RAMU K,1,499578.0,1,1,1
Bonagiri Narsaiah,1,499575.0,1,1,1
SARPANCH SACHIV GRAM PANCHAYAT MEDUKA,4,499570.0,2,1,1
BASUDEV BEHERA,2,499569.0,2,1,1
BALAJI PRECAST AND CONSTRUCTION COMPANY,1,499567.0,1,1,1
GRAM PANCHAYAT GUDA ANJANIYA,2,499566.0,1,1,1
Duppala Raveendra,1,499565.0,1,1,1
SHREE SANWALIYA ENTERPRISES,2,499564.0,1,1,1
BOINI VENKATAPPA,1,499564.0,1,1,1
SANGAPPA SHEKARAPPA RAMADAND,2,499563.0,1,1,1
VLC PRESIDENT NAGAVARAM GP,1,499560.0,1,1,1
Pampa Paul,1,499560.0,1,1,1
GRAM PANCHAYAT SURAJPURA,2,499560.0,1,1,1
Sarpanch Sachiv Gram Panchayat Devrikala,3,499559.0,2,1,1
BHARAT SINGH SAIYAM SAIYAM TRADERS,2,499558.0,1,1,1
MAJUMDAR ENTERPRISE,1,499558.0,1,1,1
Sri Venkateshwara Mahila Podupu Sangem,1,499557.0,1,1,1
KOTHA VISOTRI GRAM PANCHAYAT,1,499555.0,1,1,1
Gram Panchayat Khuteli,8,499554.0,1,1,1
Mr KANDRAI  SARPANCH GRAM PANCHAYAT KANDRA,2,499550.0,1,1,1
M M ENTERPRISE,2,499550.0,2,1,1
PADMANABHA A,1,499545.0,1,1,1
KOMMALAPATI TELLAIAH,1,499545.0,1,1,1
SHREE CONSTRUCTION COMPANY,1,499543.0,1,1,1
ENJAR GRAM PANCHAYAT,1,499537.0,1,1,1
gram panchayat sukli,2,499533.0,1,1,1
GRAM PANCHAYAT DODHATARAI,2,499532.0,1,1,1
DR RAM MANOHAR LOHIYA SHIKSHA SANSTHAN,1,499531.0,1,1,1
SRI VARI CONSTRUCTION MELSATHAMANGALAM,1,499524.0,1,1,1
GRAM PANCHAYAT KHAREDI,2,499520.0,2,1,1
Mota Kalavad Gram panchayat,1,499519.0,1,1,1
DUGGAPPA E,2,499517.0,1,1,1
HUSANAPPA S MADAR,2,499513.0,1,1,1
gram panchayat chandali,2,499508.0,1,1,1
RANGANATH V,1,499501.0,1,1,1
MSV Constructions,1,499500.0,1,1,1
GRAM PANCHAYAT TAALPUR,2,499500.0,1,1,1
KOUNDINYA,1,499500.0,1,1,1
TALEGAON ROHI MAJOOR SAHAKARI SANSTHA LTD,1,499500.0,1,1,1
RAJ CONTRACTOR,2,499500.0,1,1,1
QUADRI SAYYAD JALAL ALI AHAMAD,1,499500.0,1,1,1
Anil Saket,2,499500.0,1,1,1
gram panchayat  gopalpur,2,499500.0,1,1,1
NAVEEN KUMAR H P,1,499499.0,1,1,1
YALAGURDAPPA APPANNA BANDI,2,499498.0,1,1,1
KUBER ENTERPRISE,1,499497.0,1,1,1
GRAM PANCHAYAT KAMTA,2,499496.0,1,1,1
ARUPJYOTI PEGU,2,499491.0,1,1,1
GP Singarpur,2,499490.0,1,1,1
GRAM PANCHYAT BHESHA,2,499484.0,1,1,1
MANDAR RAJENDRA KHALADKAR,1,499480.0,1,1,1
Sk Mustak Ali,1,499480.0,1,1,1
MST CONSTRUCTION,1,499479.0,1,1,1
RANGANATH V K,1,499478.0,1,1,1
VITTAL DYAMANNA KAMBAR,2,499469.0,1,1,1
gram panchayat lilapur,2,499467.0,1,1,1
ABHIJIT SARKAR,2,499465.0,1,1,1
SHANKARAGOUDA V AGASIMUNDIN,2,499457.0,1,1,1
GRAM PANCHYAT DODA SGVY,2,499454.0,1,1,1
GRAM PANCHAYAT SIDMUD,2,499446.0,1,1,1
CHAGAN LAL JAT,1,499436.0,1,1,1
GRAM PANCHAYAT BANTIPATHRA,2,499436.0,1,1,1
GRAM PANCHAYAT BHURSIPAKARI,2,499428.0,1,1,1
NITHIN ARAS,1,499425.0,1,1,1
Panchhi Construction,1,499423.0,1,1,1
N CHANDRA,1,499422.0,1,1,1
PANDIARAJAN G K,1,499420.0,1,1,1
DIPESH DAYARAM DALAVI,1,499415.0,1,1,1
PUNA RAM BORA,6,499414.0,1,1,1
BAVALI GRAM PANCHAYAT,1,499412.0,1,1,1
HIRAPUR GRAM PACHAYAT,1,499409.0,1,1,1
DEVAGI CONSTRUCTION,1,499406.0,1,1,1
NAVA GHANSHYAMGADH GRAM PANCHAYAT,1,499406.0,1,1,1
GANGAVARAPU SIVAPRASAD,1,499404.0,1,1,1
Kollareddy Suneel Reddy,1,499404.0,1,1,1
M S A R group,2,499400.0,1,1,1
JANUDA GRAM PANCHAYAT,1,499399.0,1,1,1
YALLAPPA KARIYAPPA KARIGAR,2,499391.0,1,1,1
RAGHAVENDRA MARNOOR,2,499389.0,1,1,1
ALAMGIR SK,2,499388.0,1,1,1
GRAM PANCHAYAT MALHARI,2,499377.0,1,1,1
AMBLI GRAM PANCHAYAT,1,499374.0,1,1,1
VISHNU H,1,499372.0,1,1,1
Lingam Enterprises,1,499370.0,1,1,1
BOJANNA DINESH,1,499365.0,1,1,1
H RAMANJANAPPA,1,499365.0,1,1,1
KUSHAL N J,1,499365.0,1,1,1
Mallikarjuna,2,499361.0,1,1,1
NABAGOPAL BHANDARI,2,499353.0,1,1,1
OM HARDWARE,5,499351.0,1,1,1
SHREE AMBIKA ENGINEERING WORK,1,499350.0,1,1,1
GRAM PANCHAYAT AMROL,1,499350.0,1,1,1
YALLAPPA T,2,499348.0,1,1,1
SHEKAR GOUD PALUSA,1,499343.0,1,1,1
Narasimhan N,1,499340.0,1,1,1
ALAGAPPAN C,1,499332.0,1,1,1
sarpanch sakarpatal,1,499330.0,1,1,1
HANAMANT GOUDAR,2,499325.0,1,1,1
MADHIRAJU RAMABADRA RAJU,1,499321.0,1,1,1
BALASHANMUGAM T,1,499315.0,1,1,1
THORI VADGAS GRAM PANCHAYAT,1,499315.0,1,1,1
GRAM PANCHAYAT SANKARA,2,499314.0,1,1,1
ALAMELU ENTERPRISES,1,499312.0,1,1,1
LAKHAPARA GRAM PANCHAYAT,1,499308.0,1,1,1
GRAM PANCHAYAT SALHEDANDA,2,499306.0,1,1,1
BDO MPLAD PERNAMALLUR,1,499302.0,1,1,1
Gram Panchayat Motisheradi,1,499299.0,1,1,1
RUDRA ENTERPRISE GANDHINAGAR,1,499295.0,1,1,1
RAMDEV SUPPLIERS,2,499295.0,1,1,1
MARUTI YANDIGERI,2,499293.0,1,1,1
P Partha Reddy,1,499292.0,1,1,1
GRAM PANCHAYAT DHARMAPUR,1,499290.0,1,1,1
SHREE CONSTRUCTION,1,499288.0,1,1,1
ABHAY PRATAP VAIDYA CONTRCTOR,1,499279.0,1,1,1
B K AGENCY,2,499279.0,2,1,1
SHREE SANWARIYA TRADERS,1,499277.0,1,1,1
SHREE SUNDARGADH GRAM PANCHAYAT,1,499276.0,1,1,1
THOTA RAMESH CONTRACTOR,1,499270.0,1,1,1
GRAM PANCHYAT TOSHGAON,2,499267.0,1,1,1
GRAM PANCHAYAT HAMAPUR,1,499262.0,1,1,1
GP CHHIBARRA SARAIPALI,2,499261.0,1,1,1
SHIVPURA GRAM PANCHAYAT,1,499254.0,1,1,1
KAMAL SINGH THATHOLA,4,499253.0,2,1,1
SK ABUL KASHAM,1,499250.0,1,1,1
Khyati Sports,5,499250.0,4,1,1
Gram Panchayat nandawta,1,499246.0,1,1,1
MADHVARAJ JAIN,1,499230.0,1,1,1
RAVI KUMAR REDDY BADEPALLI,1,499227.0,1,1,1
PUSHPENDRA SINGH,1,499226.0,1,1,1
LALPUR GROUP GRAMPANCHAYAT,1,499225.0,1,1,1
SARPACH GGP KAMAD,1,499224.0,1,1,1
VARALAXMI DEVELOPER,1,499221.0,1,1,1
Ch Shramshakti MSS Ltd Wakadi,1,499215.0,1,1,1
LILVARAM PATEL,2,499215.0,1,1,1
KIRAN KUMAR M,1,499213.0,1,1,1
GRAM PANCHAYAT LAMBAR,2,499200.0,1,1,1
Gram panchyat pathrohi,6,499200.0,1,1,1
Y SRINIVASULU,1,499192.0,1,1,1
SHIVAKUMAR P G,1,499186.0,1,1,1
FUNG PENG NAMCHOOM,1,499185.0,1,1,1
RAM THAKUR CONSTRUCTION,1,499185.0,1,1,1
I S ENTERPRISE,1,499183.0,1,1,1
Gram panchayat BHURKONI,2,499179.0,1,1,1
GRAM PANCHAYAT MENDI,7,499179.0,1,1,1
ASANGEPPA HANUMANTAPPA BANDIWADDAR,2,499172.0,1,1,1
KUDA GRAM PANCHAYAT,1,499169.0,1,1,1
M VENKATESH,1,499169.0,1,1,1
RADHEY GLOBAL INDUSTRIES,2,499167.0,1,1,1
GRAM PANCHAYT,1,499167.0,1,1,1
SHRAVAN KUMAR SHETTY,1,499162.0,1,1,1
GRAM PANCHAYAT MUDGHUSARI,2,499160.0,1,1,1
Raveendra Reddy Gottikadu,1,499158.0,1,1,1
RAVEENDRAN M,1,499157.0,1,1,1
NALLA SIVA PRASAD,1,499154.0,1,1,1
RBH ENTERPRISE,2,499148.0,2,1,1
GRAM PANCHAYAT VISHANVEL,1,499147.0,1,1,1
pachhtardi gram panchayat,1,499145.0,1,1,1
NALLA SRINIVASA RAO,1,499142.0,1,1,1
SARPANCH SACHIV GRAM PANCHAYAT BORIGARKA,2,499142.0,1,1,1
Gram Panchayat Silari,2,499125.0,1,1,1
Chairaman Satya Sai Majoor Sahakari Santha Maryadit Narsi,1,499122.0,1,1,1
HIM CONSTRUCTION,1,499113.0,1,1,1
RODA GRAM PANCHAYT,1,499107.0,1,1,1
Shri RK Construction,1,499095.0,1,1,1
GRAM PANCHAYAT BAHARI,9,499092.0,1,1,1
KEDARIYA GRAM PANCHAYAT,1,499087.0,1,1,1
THE BHAGAT SINGH CO OP L AND C SOCIETY LTD,1,499080.0,1,1,1
Shree Balaji Construction,1,499078.0,1,1,1
SAFIULLA ENTERPRISE,1,499074.0,1,1,1
HARSH TRADERS,2,499070.0,1,1,1
Sai Ganesh Majur Sah Sanstha Ltd Khambe,1,499060.0,1,1,1
S KHALENDAR BASHA,1,499058.0,1,1,1
KALMAD GRAM PANCHAYAT,1,499054.0,1,1,1
Ravi Tarasingh Chavan,4,499042.0,2,1,1
DILIP KUMAR KUSHWAHA JE ZP LATEHAR,2,499037.0,2,1,1
DHUNSOL GRAM PANCHAYAT,1,499034.0,1,1,1
SOMASAR GRAM PANCHAYAT,1,499028.0,1,1,1
Doppalapudi Vasudeva Rao,2,499026.0,1,1,1
gram panchayat manoharpur,2,499020.0,1,1,1
PREETHAM GANESH,1,499007.0,1,1,1
S Saha,1,499004.0,1,1,1
SARPANCH GRAM PANCHAYAT PORDA,1,499001.0,1,1,1
KESHAV ENTERPRISES,2,499000.0,1,1,1
smc gups indokali,2,499000.0,1,1,1
Kristhu Mahlia Pudupu Sangam,1,499000.0,1,1,1
GRAM PANCHAYAT MOTI BANDIBAR,1,499000.0,1,1,1
Dilesh Ashok Waskar,2,499000.0,1,1,1
NAGARAJAVARMA R,1,499000.0,1,1,1
MAROTI ELECTRICAL,1,499000.0,1,1,1
MANJUNATH VAJJARMATTI,2,499000.0,1,1,1
Gram Panchayat Ghatera,2,499000.0,1,1,1
Sarpanch Gram Panchayat khamhi,2,499000.0,1,1,1
GRAM PANCHAYAT PONGARIHA,2,499000.0,1,1,1
Sarpanch Gram Panchayat Atariya Khurd,2,499000.0,1,1,1
Spoorthy Mahila Podupu Sangem,1,499000.0,1,1,1
NUTAN DNYANESHWAR JADHAV,1,499000.0,1,1,1
DHARIWAL INTERNATIONAL,2,499000.0,1,1,1
Vyshnavi Paraspara Sahayaka Sahakara Podupu Parapathi and MS,1,499000.0,1,1,1
VED ELECTRICALS,1,499000.0,1,1,1
SHREE RAM SUPPLIERS,2,499000.0,1,1,1
gram panchayat bhakurra,2,498994.0,1,1,1
MS HLWC President Chennur,1,498982.0,1,1,1
GRAM PANCHAYAT PACHHTAR,1,498981.0,1,1,1
Member Village Works Committee Bandarupalli,1,498976.0,1,1,1
Demai Gram Panchayat,1,498975.0,1,1,1
29CTJPM7510DIZM,1,498973.0,1,1,1
Contractor Bhagwat Singh Chundawat,1,498972.0,1,1,1
SriRaj Construction,1,498957.0,1,1,1
AJITH KUMAR P T,2,498954.0,1,1,1
SAYED TARIQUE AZIZ,1,498940.0,1,1,1
Gram panchayat Madwa,4,498936.0,1,1,1
SAGADHRA GRAM PANCHAYAT,1,498931.0,1,1,1
GRAM PANCHAYAT KHANDELSAR,2,498927.0,1,1,1
PADNAVATI CONSTRUCTION,1,498916.0,1,1,1
G JOSEPH,1,498908.0,1,1,1
MEHTA TRADERS,1,498908.0,1,1,1
Sarpanch Gram Panchayat Amaniya,2,498900.0,1,1,1
Mein Enterprises,1,498889.0,1,1,1
KALIYANA GRAM PANCHAYAT,1,498888.0,1,1,1
KOTAKONDA TIRUPATI,1,498885.0,1,1,1
CHANDRAGOUDA G NAGANAGOUDAR,2,498856.0,1,1,1
Galam Ravi,1,498851.0,1,1,1
SANKETGOUDA BASANAGOUDA PATIL,2,498845.0,1,1,1
BASKARAN S,1,498844.0,1,1,1
C Dinesh,1,498842.0,1,1,1
RADHE CONSTRUCTION,2,498842.0,1,1,1
Gram panchayat sakaria,2,498826.0,1,1,1
Viswanadhula Naveen Kumar,1,498819.0,1,1,1
S PRAKASH,1,498818.0,1,1,1
DEBABRATA PAL,1,498811.0,1,1,1
GRAM PANCHAYAT KANGRERI,4,498811.0,3,1,1
SEKH AYOB ALI,1,498805.0,1,1,1
VEDICHARLA VENKATESWARLU,1,498787.0,1,1,1
Sunilkumar D,1,498787.0,1,1,1
SAR AND SAC GRAM PANCHAYAT PATERKONI,2,498786.0,1,1,1
L UMAMAHESH REDDY,1,498784.0,1,1,1
CHANDRA MARAKALA,1,498775.0,1,1,1
Salasar Construction Company Anil Kumar Janu,1,498767.0,1,1,1
GRAM PANCHYAT KHINIYA,6,498758.0,1,1,1
RP ELECTRICALS,1,498751.0,1,1,1
CYRIX,1,498750.0,1,1,1
SREE GOKULAM HEALTHCARE PVT LTD,1,498750.0,1,1,1
THE MODERN PUBLIC INTER COLLEGE SAMAISA MAHUL AZA,1,498747.0,1,1,1
ANNAREDDY GANGADHAR REDDY,1,498746.0,1,1,1
S A M ENTERPRISES,1,498735.0,1,1,1
Gram Panchayat Muskara,2,498724.0,1,1,1
TAPAN DUTTA,1,498707.0,1,1,1
CHANDRA SINGH PARPAR TRADERS,1,498706.0,1,1,1
MS SHRI SHARDA INFRA GROUP SIDHI,3,498704.0,1,1,1
DUMANA GRAM PANCHAYAT,1,498703.0,1,1,1
GRAM PANCHAYAT BARTIYABHATA,2,498700.0,1,1,1
Gram panchayat Baroli,2,498700.0,1,1,1
PAVANKUMAR RAMAPPA SHIRUR,2,498694.0,1,1,1
GRAM PANCHAYAT CHHIRARI,2,498694.0,1,1,1
RAKSHITH N R,1,498693.0,1,1,1
Sachin Shahaji Londhe,1,498686.0,1,1,1
SHREE CONSTRUCTION PRO SHIRKANT VIKRAM GAIKWAD,1,498686.0,1,1,1
GOGLA GRAM PANCHAYAT,1,498682.0,1,1,1
BIRADAR SIDDAPPA,1,498674.0,1,1,1
Dip Enterprise,1,498674.0,1,1,1
GOVIND BALLABH JANGEE,1,498668.0,1,1,1
ANJANADRI ENTERPRISES,1,498667.0,1,1,1
JAYANTA CHAKRABORTY,1,498627.0,1,1,1
SURESH LAMANI,2,498622.0,1,1,1
MOHD RIZWAN MOHD NAZIM,1,498615.0,1,1,1
Battu Yellam,1,498611.0,1,1,1
HARISHA L,4,498610.0,2,1,1
GRAM PANCHAYAT SAJAPANI,2,498606.0,1,1,1
CHANCHAL KR ROY,1,498605.0,1,1,1
KHARIYA,2,498604.0,1,1,1
GRAM PANCHAYAT MALU,2,498602.0,2,1,1
MOHAMMAD MOHIMUDDIN,1,498587.0,1,1,1
MARPINA SRINIVASA RAO,1,498555.0,1,1,1
V Indrasena,1,498542.0,1,1,1
SHANKARGOUDA GOUDAR,2,498541.0,1,1,1
GRAM PANCHAYAT NAWAPARA D,2,498533.0,1,1,1
BENAKA ENTERPRISES,1,498522.0,1,1,1
gram panchayat amethi,2,498506.0,1,1,1
Vanam Krishna,1,498504.0,1,1,1
Gram Panchayat Gambhiriya Hat,2,498503.0,1,1,1
MANJUNATH R KALAWAD,1,498497.0,1,1,1
R BASKAR,1,498490.0,1,1,1
GRAM PANCHAYAT DHANKHORI,14,498484.0,1,1,1
NENAVATH RAVINDER NAIK,1,498483.0,1,1,1
LAKSHMIKANTH B T,1,498466.0,1,1,1
D A Enterprises,1,498462.0,1,1,1
gram panchayat Bankodi,1,498429.0,1,1,1
Grampanchayat Karyalaya Baspur,1,498425.0,1,1,1
PARABAKARAN,1,498424.0,1,1,1
SIVAGAMASUNDARI B,1,498419.0,1,1,1
KONJALI GRAM PANCHAYAT,1,498414.0,1,1,1
SRI CHENNAMBIKA CONSTRUCTION,1,498407.0,1,1,1
GRAM PANCHAYAT CHAUPHAL PAWAI,10,498403.0,1,1,1
NANDAKUMAR V,1,498401.0,1,1,1
Chesti Enterprises,1,498400.0,1,1,1
Challa Mohana  Rao,1,498394.0,1,1,1
Bachannagari Chenna Reddy,1,498392.0,1,1,1
sarpanch nadagchond,1,498379.0,1,1,1
Shubham Dhanaji Thorat,1,498370.0,1,1,1
MAHENDRA SINGH PARIHAR,2,498359.0,2,1,1
Swarna Narendra Kumar,1,498359.0,1,1,1
Nirmala Enterprise,1,498355.0,1,1,1
Sudarshan Kumar,1,498355.0,1,1,1
A B Construction,1,498349.0,1,1,1
Nitin Construction Company,1,498333.0,1,1,1
Devpara Gram Panchayat,1,498331.0,1,1,1
Ch Sai prasad majur sahakari sanstha maryadit,1,498330.0,1,1,1
S Kamalakar Rao,1,498328.0,1,1,1
ARBM CONSTRUCTIONS,1,498320.0,1,1,1
Subhas Chandra Dey,1,498320.0,1,1,1
GRAM PANCHAYAT DHAURGAON,2,498318.0,1,1,1
YAMANURAPPA HANAMANT BUDIHAL,2,498307.0,1,1,1
Tarun Thakur,2,498289.0,2,1,1
G VIGNESHKANNA,1,498279.0,1,1,1
DADAPOR GRAMPANCHAYAT,1,498250.0,1,1,1
Alapati satyanarayana,1,498247.0,1,1,1
SARPANCH AND SACHIV GP DHAK,4,498247.0,2,1,1
Satish Chandrakanth Meti,2,498237.0,1,1,1
NUR AMIN,1,498230.0,1,1,1
PRAVEEN SIDDAKATTE,1,498210.0,1,1,1
LS ENTERPRISES,1,498204.0,1,1,1
Yelugoti chandra sekhar reddy,1,498197.0,1,1,1
Dhoni Mahadevakumarsowri,1,498180.0,1,1,1
Akshay Sunil Gaikwad,1,498180.0,1,1,1
MOTA PANCHA DEVDA GRAM PANCHAYAT,1,498177.0,1,1,1
HANUMAN MAJUR SAH STY GADEGAON,1,498172.0,1,1,1
Aarav Construction Company,2,498168.0,1,1,1
K MANJUNATHA KAMATH,1,498150.0,1,1,1
GRAM PANCHYAT KARUPAN SGVY,2,498142.0,1,1,1
JAYANTI CONSTRUCTION,1,498135.0,1,1,1
NAVEEN HANAMANT WAGH,2,498113.0,1,1,1
SHRI BHERU NATH BUILDING MATERIAL SU,2,498106.0,1,1,1
SK MUNSEF ALI,1,498105.0,1,1,1
GP BELIYABADI,2,498100.0,1,1,1
Shivanand P Madar,1,498091.0,1,1,1
RAJASTHAN CONSTRUCTION AND ENTERPRISES,2,498084.0,1,1,1
Gram Panchayatbhavanipura,1,498083.0,1,1,1
V N Chaitanya,1,498077.0,1,1,1
UMANG RAI,1,498069.0,1,1,1
Mandal Suppliers,2,498054.0,2,1,1
ADI SATYANARAYANA,1,498047.0,1,1,1
SHASHIKUMAR NAIKAR,2,498045.0,1,1,1
MOOD BADRINAIK,1,498019.0,1,1,1
Sobder Ali Khan,1,498004.0,1,1,1
Harshadbhai Jamubhai Patel,1,498000.0,1,1,1
PATLIPUTRA HI TECH ARTIFICIAL LIMB CENTER,1,498000.0,1,1,1
Gram panchayat Gadwada,2,498000.0,1,1,1
UNIQUE ELECTRICAL,1,498000.0,1,1,1
Matadi Marble And Tiles,1,497996.0,1,1,1
KHAGEN BORAH,3,497994.0,1,1,1
JAY HAMUNAN MAJUR SAHAKARI SANTHA MARYADIT,1,497978.0,1,1,1
GRAM PANCHAYAT KANSKHEDA,2,497970.0,1,1,1
k k stones and cement suppliers,1,497966.0,1,1,1
G HARIBABU NAIDU,1,497965.0,1,1,1
VENKTESH PAMMAR,2,497962.0,1,1,1
PRABHU M BALIKAI,2,497947.0,1,1,1
BISHNU CONSTRUCTION,1,497932.0,1,1,1
BASANTACON,1,497927.0,1,1,1
ABDUL SATTAR,2,497922.0,1,1,1
GRAM PANCHAYAT KARYALAYA SONKHED LOHA NANDED,1,497913.0,1,1,1
GRAM PANCHAYAT MEDINIPUR,2,497900.0,1,1,1
JAYANTHA SALIYAN T,1,497895.0,1,1,1
Chettukindhi Balaraju,1,497884.0,1,1,1
MS CRYSTAL ENTERPRISES,1,497873.0,1,1,1
PRAVEEN JOGIN,2,497865.0,1,1,1
GRAM PANCHAYAT GUHABORAND,2,497860.0,1,1,1
SAINI SHARATHTEJA REDDY,1,497851.0,1,1,1
MULLU RAMBABU,1,497826.0,1,1,1
The RD coop l c society bgarh,1,497815.0,1,1,1
NEELKANTH TRADERS AND SUPPLIERS,1,497800.0,1,1,1
UDAY MADHUKAR SHIND,1,497769.0,1,1,1
VIJAY KUMAR AMIN,1,497705.0,1,1,1
RUDRAGOUDA DEVARAMANI,2,497704.0,1,1,1
GRAM PANCHAYAT CHHOTUPRA,2,497700.0,1,1,1
Dudhala GP,1,497698.0,1,1,1
Jagannath Enterprise,1,497697.0,1,1,1
VARULA SWAROOPA,1,497682.0,1,1,1
Chairman Works Committee Lam,1,497680.0,1,1,1
CHOWDHURY ENTERPRISE,1,497670.0,1,1,1
UDDYOG,1,497643.0,1,1,1
ROCHAK KUMAR JHA,1,497619.0,1,1,1
KUNTALPUR GRAM PANCHAYAT,1,497609.0,1,1,1
JYOTI SINGH,1,497607.0,1,1,1
GRAM PANCHAYAT TAKALI BRU  NAIGOAN,1,497601.0,1,1,1
Shubham Dadaso Pawar,1,497580.0,1,1,1
GRAM PANCHAYAT PANVA,1,497566.0,1,1,1
SARAD SUBBA,1,497528.0,1,1,1
Noushad P,1,497522.0,1,1,1
Ravichandran G,1,497516.0,1,1,1
BASAVARAJ JADRAMAKUNTI,2,497506.0,1,1,1
Hariprasad g m,1,497484.0,1,1,1
LOKESH K BANDIWADDAR,2,497478.0,1,1,1
GRAM PANCHAYAT RACHHARDA,2,497460.0,2,1,1
SOMANAYAKA,2,497396.0,1,1,1
NAGARAJA B,2,497390.0,1,1,1
DEVARAJ,2,497381.0,1,1,1
Ratan Kumar Mandal,4,497354.0,4,1,1
KRISHNA BARMEY SARKI19,1,497351.0,1,1,1
Virupakshappa M Satannavar,2,497336.0,1,1,1
SUNILKUMAR DESAI,2,497316.0,1,1,1
GRAM PANCHAYAT SUDGAON,2,497284.0,1,1,1
DEVENDRAPPA,2,497280.0,1,1,1
K V SIVARAMAKRISHNA,1,497269.0,1,1,1
Sharanappa,2,497263.0,1,1,1
MAHESHAPPA JAVALI,2,497244.0,1,1,1
vishwabhushan magasvargiya Majur Sahakari Sanstha M Tuljapur,1,497237.0,1,1,1
K K THAMBAN NAMBIAR,1,497201.0,1,1,1
SHUBHAM SUDHAKAR MOHITE,1,497140.0,1,1,1
TALAPAREDDY BRAHMAREDDY,1,497139.0,1,1,1
Abhishek Naik I L,2,497095.0,1,1,1
BHOJYA GUGULOTH,1,497083.0,1,1,1
SARPANCH GRAM PANCHAYAT PARSADAKISAN,2,497077.0,1,1,1
Grampanchayat Walsangavi Girakchal,1,497066.0,1,1,1
ROJKA GRAM PANCHAYAT,1,497065.0,1,1,1
PREMNAGAR GRAM PANCHAYAT,1,497057.0,1,1,1
Padmanabha Reddy R,1,497040.0,1,1,1
TADKESHVAR GRAM PANCHAYAT,1,497016.0,1,1,1
Devaraja D Haralahalli HNP,2,497004.0,1,1,1
Opulence Pharma and Health care Services,1,497000.0,1,1,1
VAVDI GRAM PANCHAYAT,1,496992.0,1,1,1
RUDRESH M V,1,496984.0,1,1,1
BHINDA GRAM PANCHAYAT,1,496972.0,1,1,1
GRAM PANCHAYAT KHADGAWANKALA,2,496967.0,1,1,1
Khajan Singh,1,496949.0,1,1,1
HARISH METI,2,496947.0,1,1,1
BHARATH M V,4,496946.0,2,1,1
DIBYAJIT SAIKIA,2,496924.0,2,1,1
IMRAN B,2,496915.0,1,1,1
Shanthipriya MPS,1,496913.0,1,1,1
Hanamantappa Vaddar,1,496884.0,1,1,1
Sadguru Traders Prop,5,496881.0,1,1,1
Koteppa Fakkirappa Telageri,1,496873.0,1,1,1
NUR MAHAMMAD,1,496838.0,1,1,1
KANHA JI CONSTRUCTION,2,496820.0,1,1,1
Amaresh Channappa Meti,2,496818.0,1,1,1
SHAIK AND CONSTRUCTION,1,496815.0,1,1,1
DWARAKANATH REDDY,1,496813.0,1,1,1
MALLIKARJUN NANDAPUR,2,496741.0,1,1,1
Gram Panchayat Udiyakala,2,496735.0,1,1,1
Gram panchyat luhari,2,496732.0,1,1,1
Naresh Rathi,1,496720.0,1,1,1
MATIN NOOR SHEIKH,1,496717.0,1,1,1
M V VENKATASWAMY CNT,2,496709.0,1,1,1
KRISHNA D DODDAMANI,2,496663.0,1,1,1
VISHAL JAISWAL,1,496627.0,1,1,1
SARPANCH G G P AHWA,1,496611.0,1,1,1
MS Dhanvika Constructions,1,496604.0,1,1,1
GRAM PANCHAYAT KUNTUR TQ NAIGAON,1,496574.0,1,1,1
SANTOSHKUMAR MYAALAMANI,2,496534.0,1,1,1
ABDUL SALAM,1,496530.0,1,1,1
Sarpanch Gram Panchayat Narsingpur,2,496500.0,1,1,1
GRAM PANCHAYAT NILJA,2,496499.0,1,1,1
G soma sekhar Reddy,1,496494.0,1,1,1
PAMPAPATI,2,496472.0,1,1,1
Karumalayan,1,496470.0,1,1,1
JALIYALA GRAM PANCHAYAT,1,496384.0,1,1,1
LOKESH M R,2,496379.0,1,1,1
GRAM PANCHAYAT SALADARA,2,496310.0,2,1,1
GRAM PANCHAYAT POUNDI,2,496300.0,1,1,1
Ranjit Singh,9,496295.0,8,1,6
SATHI VANDICHALIL,1,496254.0,1,1,1
JAGADEESH N BASHETTI,2,496236.0,1,1,1
KONDRU HAREESH,2,496216.0,2,1,1
SRINIVASA GM,2,496192.0,1,1,1
SATIYA GRAM PANCHAYAT,1,496171.0,1,1,1
Gram Panchayat Saktibahara,2,496167.0,1,1,1
Green Scale,1,496165.0,1,1,1
BHUKYA NARESH,3,496142.0,3,1,1
Executive Engineer HPPWD Division Bhawarna,2,496137.0,1,1,1
Mesars Sanyam Contruction ward No 20 ghuwash RBJ,2,496126.0,1,1,1
P Raghavendar Reddy,2,496108.0,2,1,1
The Siddharth Cooperative Labour and Construction Society Limited,1,496096.0,1,1,1
Pappula Lakshmi Narayana,1,496092.0,1,1,1
The Harit Coperative L and C Society Ltd,1,496084.0,1,1,1
Uchadi Gram Panchayat,1,496073.0,1,1,1
PLATINUM DISTRIBUTORS,1,496072.0,1,1,1
GRAM PANCHAYAT CHIKANA TQ DHARMABAD,1,496040.0,1,1,1
Ch Shramlaxmi Majur Sah Sanstha Ltd Waladgaon,1,496027.0,1,1,1
R C TRADERS,1,496000.0,1,1,1
Gram Panchayat Karylay Talni Tq Hadgaon,1,495989.0,1,1,1
Digvijay Kewalram Nimbekar,1,495958.0,1,1,1
VINISHA ENTERPRISE,4,495953.0,1,1,1
Mohammed Mehrooz Farhan Md Muneer Ahmed,1,495937.0,1,1,1
CHANDRASHEKAR SHETTY,1,495929.0,1,1,1
PRINCE CONSTRUCTION PROP AKHILESH KUMAR SINGH,1,495926.0,1,1,1
SIDDAPPA D G,4,495920.0,2,1,1
JD CONSTRUCTION,2,495830.0,2,1,1
Shri Shyam Traders,11,495817.0,1,1,1
sanjeet kumar,1,495806.0,1,1,1
Prince bittan trading and const co,1,495787.0,1,1,1
B A Contractor,2,495780.0,2,1,1
SHRIKANT BALASHEB KHATING PRO S B KHATING,1,495744.0,1,1,1
NAGNECHIYA CONSTRUCTION COMPANY,1,495698.0,1,1,1
RAVI K,1,495661.0,1,1,1
DIPENDRA DEWAN,1,495649.0,1,1,1
Manjunath Bhimappa Godikatti,1,495627.0,1,1,1
R M CONSTRUCTIONS,1,495600.0,1,1,1
GOUTAM SINGH CHOUHAN,1,495580.0,1,1,1
SYED SUHEL GUTTI,2,495555.0,1,1,1
MD NAYEEM UDDIN,1,495551.0,1,1,1
EE EDD Hata,2,495523.0,2,1,1
GRAM PANCHAYAT NEBUHA WEST,8,495513.0,1,1,1
Shekhawati Engineering Works Shop and Construction Company,1,495507.0,1,1,1
AZAD CONSTRUCTION,1,495485.0,1,1,1
TAMADA VISWANADHAM,1,495433.0,1,1,1
Gram Panchayat Ghutradhih,2,495369.0,1,1,1
JAYANTH M J,2,495319.0,1,1,1
PONNAM ANJAIAH,1,495284.0,1,1,1
DIPANGKOR DOLEY,2,495283.0,1,1,1
Sarpanch Hanvantchond,1,495245.0,1,1,1
SARPANCH GRAMPANCHAYAT DHOPTESHWAR,1,495234.0,1,1,1
VEER TEJA ENTERPRISES,1,495214.0,1,1,1
Gram Panchayat Motapondha,1,495210.0,1,1,1
NaniPaniyaliGramPanchayt,2,495172.0,2,1,1
Phool Chand  House No 599 Mauli Jagran Chandigarh,1,495160.0,1,1,1
Dharavath Kranthi Kumar,1,495109.0,1,1,1
GRAM PANCHYAT SATHUR,5,495109.0,1,1,1
RESHAMIYA GRAM PANCHAYAT,1,495089.0,1,1,1
ANAND TANAJI DURGAI,1,495031.0,1,1,1
Goyal construction,1,495000.0,1,1,1
SARAPANCH SHREE GRAMPANCHAYAT SHERTHA,1,495000.0,1,1,1
GRAM PANCHAYAT KARYALAYA MANGNALI,1,495000.0,1,1,1
SIRIPURAPU RAMBABU,1,495000.0,1,1,1
BAMURIYA,3,495000.0,1,1,1
SARASWATI SHISHU MANDIR PIPARAJHAPI,2,495000.0,1,1,1
AKULA MAHENDHAR,1,495000.0,1,1,1
JHAKHRIPURA GRAM PANCHAYAT,1,495000.0,1,1,1
SINADA GRAM PANCHAYAT,2,495000.0,2,1,1
GRAM PANCHAYAT ZUMAVADI,1,495000.0,1,1,1
BATTINI SHANKAR GOUD,1,495000.0,1,1,1
BUDIKE CHINNA REDDY,1,495000.0,1,1,1
JAIDI CHINNA REDDY,1,495000.0,1,1,1
Gram Panchayat Bhutparasi,2,495000.0,1,1,1
Gram Panchayat Khejdasultan,2,495000.0,1,1,1
DEROL STATION GRAM PANCHAYAT,1,495000.0,1,1,1
ANIL KUMAR CONTRACTOR,1,495000.0,1,1,1
CHEPPALA RAKESH,1,495000.0,1,1,1
BARAD GANGA MOHAN,1,495000.0,1,1,1
GUPALA BHUPENDER,1,495000.0,1,1,1
GANGA REDDY TANAKASHALA,1,495000.0,1,1,1
Gram Panchayat Bamora,2,495000.0,1,1,1
MOHINDER PAL SUPPLIER,1,495000.0,1,1,1
EEGA SUDHAKAR,1,495000.0,1,1,1
GRAM PANCHAYAT MUNGAPAR,2,495000.0,1,1,1
NALLA MOHAN REDDY,1,495000.0,1,1,1
sarpanch Gram panchayat khojalvasa,1,495000.0,1,1,1
Gram panchayat jogigufa,2,495000.0,1,1,1
THURPU LINGESHWAR,1,495000.0,1,1,1
KHAIKHEDA,3,495000.0,1,1,1
NEERADI PADMAIAH,1,494999.0,1,1,1
SRI RAJARAJESHWARA INFRA,1,494999.0,1,1,1
LAXUMAN GURUNG,1,494999.0,1,1,1
BALRAJ MAKTAL,1,494999.0,1,1,1
KASHAPAGA ABRAHAM,1,494999.0,1,1,1
Gram panchyat Amai Batka,2,494969.0,1,1,1
PURNA BAHADUR DHOLI,1,494957.0,1,1,1
Rahul Kumar Govt Contractor,1,494949.0,1,1,1
SHRIMANTH SAHEBAGOUD PATIL,2,494926.0,1,1,1
CHAVLAJ GOVINDDA GRAM PANCHAYAT,1,494922.0,1,1,1
LAKSHMINARAYANA K S,2,494919.0,1,1,1
VENKATAREDDY,2,494919.0,1,1,1
MADHU K,2,494919.0,1,1,1
AMBARISH V,2,494919.0,1,1,1
VASUDEV SINGH N,2,494918.0,1,1,1
grampanchayat  indora,1,494872.0,1,1,1
K Narapureddy,1,494870.0,1,1,1
PADMANABHA VEERAKAMBLA,1,494860.0,1,1,1
BARKHEDI KIRAR,2,494847.0,1,1,1
Manjunath Madivalappa Katterkar,1,494831.0,1,1,1
RANODARA GRAM PANCHAYAT,1,494800.0,1,1,1
BAJRANG SUPPLIERS BORWAT,2,494800.0,1,1,1
Govidula Srinivas,1,494794.0,1,1,1
BISHWESHWARI CONSTRUCTION,1,494793.0,1,1,1
Gram Panchayat Nathanpur,2,494763.0,1,1,1
A NAVEEN,2,494728.0,1,1,1
NABIPUR GRAM PANCHAYAT,1,494700.0,1,1,1
KIRAN RADDER,2,494696.0,1,1,1
DURGESH M K,2,494680.0,1,1,1
RAMPURA JAGIR,2,494632.0,1,1,1
Rapur Chandra Sekhar,1,494595.0,1,1,1
KARTHIK K V,2,494506.0,1,1,1
SAMPATH KUMAR M S,2,494504.0,1,1,1
S N G MAHESG,1,494483.0,1,1,1
MUSKU RAJA REDDY,1,494480.0,1,1,1
AROCKIADASS SUSAI MANICKAM,1,494432.0,1,1,1
RAMANI CONSTRUCTION,1,494397.0,1,1,1
ANURAKTA DASH,1,494393.0,1,1,1
CHITTA RANJAN PRADHAN,1,494373.0,1,1,1
KANPARA GRAM PANCHAYAT,1,494370.0,1,1,1
GRAM PANCHAYAT KARYALAYA BALANTWADI,1,494297.0,1,1,1
S CHETHAN,2,494276.0,1,1,1
Rahul S Waddar,1,494254.0,1,1,1
Ganne Narender Reddy,1,494184.0,1,1,1
PRASANTA KUMAR SENAPATI,1,494172.0,1,1,1
MS Gurukrupa Construction,1,494083.0,1,1,1
DECEM Enterprise,1,494020.0,1,1,1
H K LOKESH,2,494010.0,1,1,1
MAUDRA SHERPUR,3,494000.0,1,1,1
GRAM PANCHAYAT KARYALAYA JAKAPUR TQ KANDHAR,1,494000.0,1,1,1
GRAM PANCHAYAT KARYALAYA NANDANVAN KANDHAR,1,494000.0,1,1,1
S Mahipal Goud,1,494000.0,1,1,1
Taba Tapang,1,494000.0,1,1,1
GRAM PANCHAYAT KARYALAYA KHANDGAON HAMID,1,494000.0,1,1,1
JOGIKIRRODA,3,494000.0,1,1,1
LANOVIZ SECURITY SOLUTIONS,1,493927.0,1,1,1
VINJALPAR GRAM PANCHAYAT,1,493832.0,1,1,1
THE BN CO OPERATIVE LAND C SOCIETY LTD,2,493629.0,1,1,1
OBULAREDDY VISHNUVARDHAN REDDY,1,493624.0,1,1,1
HARVINDERJIT SINGH,2,493598.0,1,1,1
Vasireddy Durga Prasad,1,493534.0,1,1,1
GRAM PANCHAYAT DOOGOLI,2,493533.0,1,1,1
Vangaveeti Ravindra Babu,1,493524.0,1,1,1
SHRI TANOTRAY PUBALIC ACCEDMI SANSTHA HADAN,1,493519.0,1,1,1
KIRAN TEJASWI YALIBALLI,2,493483.0,1,1,1
H N RAMACHANDRA,2,493461.0,1,1,1
DHAN KUMAR LAMA,1,493330.0,1,1,1
MOTA ITALA GRAM PANCHAYAT,1,493304.0,1,1,1
SHRI DELVADA GRAM PANCHAYAT,1,493301.0,1,1,1
Sushant Sandip Deshmane,1,493290.0,1,1,1
RAVI  S KATNALLI,2,493254.0,1,1,1
GRAM PANCHYAT UMARDHA,2,493222.0,1,1,1
BABAR ENTERPRISE,1,493170.0,1,1,1
SARATH S,1,493113.0,1,1,1
SIDHDHASAR GRAMPANCHAYAT,1,493101.0,1,1,1
TMB Enterprise,1,492976.0,1,1,1
advance technology india,1,492960.0,1,1,1
udit enterprises,2,492943.0,1,1,1
NAVAGAM CHOTILA GRAM PANCHAYAT,1,492924.0,1,1,1
KESHAV L JADHAV,2,492891.0,1,1,1
RAJESH S,1,492885.0,1,1,1
Gram Panchayat Samandarwadi tq Bhokar,1,492780.0,1,1,1
Gram Panchayat Borwadi tq Bhokar,1,492775.0,1,1,1
Bollampalli Raja Kumar,1,492768.0,1,1,1
GRAM PANCHAYAT LUHERI,1,492720.0,1,1,1
MS TUMI LONMO ENTERPRISES,1,492647.0,1,1,1
gram panchayat kallutola,2,492533.0,1,1,1
Ms Z N ASSOCIATES,1,492517.0,1,1,1
Hokap Sangam,1,492500.0,1,1,1
Grampanchayat Karyalaya Tagarkheda,1,492464.0,1,1,1
Ch Shramik MSS Ltd Nawalewadi,1,492457.0,1,1,1
MADDI SUDHARSHAN,1,492446.0,1,1,1
Manthena GangaReddy,1,492443.0,1,1,1
SECRETARY G.P. WAI MENDHI,1,492429.0,1,1,1
REKHA ENTERPRISE,1,492429.0,1,1,1
CHANDRA R,1,492407.0,1,1,1
MEKALSUTA STEEL AND GOVERMENT SUPPLIER,1,492368.0,1,1,1
JAI MAA SOLAR SYTEM,2,492282.0,2,1,1
TECHNICAL CONSULTANT OF LAMTAPUT BLOCK,2,492264.0,2,1,1
PRASHANT K M,1,492252.0,1,1,1
PALLE BALAVARDHAN REDDY,1,492164.0,1,1,1
bhushan raghunath gharat,1,492080.0,1,1,1
gram panchayat kangoo,8,492064.0,4,1,1
G L KRISHNA REDDY,2,491988.0,1,1,1
KAMANNA K,2,491988.0,1,1,1
LAKSHMAN,2,491968.0,1,1,1
Batta Govindaraju,1,491920.0,1,1,1
NARBIR CHHETRI,1,491892.0,1,1,1
GUNDLURU NAVEEN KUMAR,1,491872.0,1,1,1
MS B S CONSTRUCTION,1,491847.0,1,1,1
FOR SHRI MALKUJI MAHARAJ MAJUR KAMGAR SAHAKARI SANSTHA M  BHAMB RAJA,1,491821.0,1,1,1
SK MUJIBAR RAHAMAN,1,491808.0,1,1,1
NIDIMUSALI VENU GOPAL REDDY,1,491795.0,1,1,1
UTPAL SAIKIA,1,491743.0,1,1,1
NAGAR PALIKA PARISHAD BAGBAHARA,1,491700.0,1,1,1
Shivraj Contractor,1,491698.0,1,1,1
PRASANTA PINGUA,2,491692.0,2,1,1
EXECUTIVE ENGINEER RURAL ENGINEERING SEVICE DIVISION,2,491556.0,1,1,1
PRINCE CONSTRUCTION AND COMPANY,2,491425.0,1,1,1
GRAM PANCHAYAT GOTHRA BHUKRAN,2,491420.0,1,1,1
Singla brick kiln,5,491397.0,4,1,1
BHANGADA GRAM PANCHAYAT,1,491391.0,1,1,1
Dinesh Kumar Cont,1,491257.0,1,1,1
SARPANCHSHRI PALI GRAM PANCHAYAT,1,491194.0,1,1,1
GRAM PANCHAYAT PATPAR SINGARPUR,2,491000.0,1,1,1
RAJESH M R,1,490958.0,1,1,1
Deepak M B,1,490803.0,1,1,1
MAVAPAR GRAM PANCHAYAT,1,490799.0,1,1,1
Dawa Lepcha,1,490768.0,1,1,1
Dhiraj Periwal,1,490512.0,1,1,1
MS PAKHIJA ENTERPRISE,1,490498.0,1,1,1
Grampanchayat Virva,1,490396.0,1,1,1
CHIKHLI TALUKA AADIVASHI UTKARSH SAHKARI MANDLI LIMITED VADPADA,1,490381.0,1,1,1
Sai Enterprise,4,490371.0,1,1,1
MADADI VENKAT SHYAM SUNDER REDDY,1,490351.0,1,1,1
SONI CONSTRUCTION,1,490347.0,1,1,1
Shree Ganesh Traders,2,490310.0,1,1,1
SHREE RAWAT BHOJ ENTERPRISES,2,490250.0,1,1,1
GURURAJ GULAPPA ANGADI,2,490196.0,1,1,1
Uchavan Gram Panchayat,1,490183.0,1,1,1
B Srinivasa Ra o,1,490104.0,1,1,1
P R ENTERPRISE AND CONSULTANCY,1,490050.0,1,1,1
BOTLA RAVEEN PRASAD,1,490000.0,1,1,1
KAMLESHKUMAR LABHUBHAI GONDALIYA,1,490000.0,1,1,1
T N ANANDA,1,490000.0,1,1,1
Gram Panchayat Ras,1,490000.0,1,1,1
GP Aroliya Jawar Ashta,2,490000.0,1,1,1
ARTI BUILDERS,1,490000.0,1,1,1
National Institute of Physical Medicine and Rehabilitation,7,490000.0,7,1,1
REBOT ORTHOCARE,1,490000.0,1,1,1
Gram Panchayat Bhadran,1,490000.0,1,1,1
Pentagon Tech Fusion Services Pvt ltd,1,490000.0,1,1,1
CHANDRASEKAR NAIDU POTHALA,1,489994.0,1,1,1
DHIRARAM BABRARAM DEWASI,1,489990.0,1,1,1
GRAM PANCHAYAT AJARPURA,1,489983.0,1,1,1
SULABH DOHUTIA,2,489965.0,1,1,1
Kindarva Gram Panchayat,1,489906.0,1,1,1
SEGVA GRAM PANCHAYAT,1,489906.0,1,1,1
NIDHI ENTERPRISES,1,489900.0,1,1,1
GROUP GRAM PANCHAYAT KAPRARA,1,489877.0,1,1,1
SLR ENTERPRISES,1,489820.0,1,1,1
R P CONTRACTOR,1,489818.0,1,1,1
NAGARAJU,2,489812.0,1,1,1
DEVNARYAN ENTERPRISES,1,489600.0,1,1,1
SARPACH SACHIV BHATPAL,2,489579.0,1,1,1
GRAM PANCHAYAT ANTHARA,2,489522.0,1,1,1
B LAKSHIDEVI,1,489515.0,1,1,1
PULLA REDDY G,1,489389.0,1,1,1
NABAB CONSTRUCTION,1,489373.0,1,1,1
Jalem Rambabu,1,489226.0,1,1,1
KAKVAKADI BHUMAIAH,1,489213.0,1,1,1
SURYANARAYANA REDDY VARA,1,489177.0,1,1,1
PRASANJEET PADIHARI,1,489153.0,1,1,1
CHANDRAPPA YALLAPPA MADAR,2,489136.0,1,1,1
JOHA SEKH,1,488983.0,1,1,1
NAKKA GURRAPPA,1,488922.0,1,1,1
SHANTI MOHAN JHA,1,488760.0,1,1,1
Biswa Ranjan Borah,3,488750.0,1,1,1
vanteru nandagopal reddy,1,488708.0,1,1,1
DILEEP,2,488649.0,1,1,1
RUSHIKESH SUJIT SALVI,2,488647.0,1,1,1
EDWIN LEPCHA,1,488498.0,1,1,1
Mohammad Amin Wani,1,488400.0,1,1,1
Vemula Nageswara Rao,1,488383.0,1,1,1
pachhegam grampanchayat,1,488380.0,1,1,1
LAKHANKA GRAM PANCHAYAT,1,488364.0,1,1,1
nonghanchora gram pacnhayat,1,488253.0,1,1,1
ANURAG JAIN,2,488106.0,1,1,1
RAJKAPOOR SINGH CONTRACTOR,1,488079.0,1,1,1
THE BABA CHANDAN DAS COOPERATIVE LC SOCIETY LIMITED BITHLA,1,488044.0,1,1,1
THE SAHIL CO OPERATIVE LABOUR AND CONSTRUCTION SOCIETY LTD,1,488013.0,1,1,1
Sri Sivarama Constructions,1,487928.0,1,1,1
SENDUP DUKPA,1,487774.0,1,1,1
NARENDRA MEENA,1,487682.0,1,1,1
Jindal Tubewell Store,1,487458.0,1,1,1
VLC PRESIDENT RAJUKUNTA,1,487431.0,1,1,1
Agamamidi Sai Kumar,1,487388.0,1,1,1
SHERPA ENTERPRISE,1,487382.0,1,1,1
GREEN TARA CONSTRUCTION,1,487336.0,1,1,1
N RAJU,1,487215.0,1,1,1
SARASWATI PIPE HOUSE,1,487200.0,1,1,1
NALLAPPA N,1,487158.0,1,1,1
KOLVA GRAM PANCHAYAT,1,486905.0,1,1,1
THALLAPELLY RAJA GOUD,1,486885.0,1,1,1
SEBASTIAN T T,1,486781.0,1,1,1
PRAMOD KUMAR CHOUDHURY,1,486772.0,1,1,1
MS UTTAM TRADERS,1,486714.0,1,1,1
The shri Coop l and c society ltd,1,486703.0,1,1,1
BONEKAR BHOOMAIAH,1,486543.0,1,1,1
J M DALAPATI,3,486493.0,2,1,1
Dheeraj Kumar,4,486467.0,2,2,2
GRAM PANCHAYAT KUTRU,1,486413.0,1,1,1
SOMA ENTERPRISE,1,486330.0,1,1,1
HIMALAYAN CONSTRUCTION,1,486235.0,1,1,1
Dwivedi Traders,1,486230.0,1,1,1
Shri Nath Trading Company,1,486226.0,1,1,1
ANATHA SAHOO,1,486157.0,1,1,1
SHRI MULDWARKA MATH JUTH GRAM PANCHAYAT,1,486125.0,1,1,1
JYOTHI NAIK,1,486039.0,1,1,1
Kritika Global,1,486000.0,1,1,1
Sarpanch Gram Panchayat Narawand,2,486000.0,1,1,1
GP BURDI,2,485801.0,1,1,1
VARDANAN N,1,485782.0,1,1,1
Bhukya Ramesh,1,485766.0,1,1,1
CHHAPARI GRAM PANCHAYAT,1,485765.0,1,1,1
KRISHNA PRASAD SHETTY BK,1,485706.0,1,1,1
DHRUBA JYOTI SAIKIA,4,485699.0,1,1,1
Shiv shakti construction,3,485698.0,3,1,1
CHANDRASEKHAR NAIDU S,2,485697.0,1,1,1
CHANDIRI NARSIMHA REDDY,1,485604.0,1,1,1
SUJIT KUMAR JENA,1,485549.0,1,1,1
GP Chandai,3,485546.0,1,1,1
Gram Panchayat Kenda,2,485426.0,1,1,1
YASHPAL SINGH MAHARA,1,485215.0,1,1,1
SS PLAY FIT AND GYM,1,485193.0,1,1,1
JERPANU LEPCHA,1,485080.0,1,1,1
RAMESH RAI,1,485035.0,1,1,1
GRAM PANCHAYAT PIPALGABHAN,2,485000.0,2,1,1
DEVARAJULU NAIDU B,2,484966.0,1,1,1
THE BROTHERS GROUP LABOUR AND CONSTRUCTION SOCIETY LTD SHAHBAD,2,484926.0,1,1,1
GP VARUD,1,484924.0,1,1,1
Bharanikkavu Labour Contract Society,1,484907.0,1,1,1
Babla Construction  Co,1,484855.0,1,1,1
RANGASWAMY,2,484810.0,1,1,1
Star Construction Company,30,484783.0,30,1,1
Chandhamama MPS Tukyathanda,1,484723.0,1,1,1
JANGID CONSTRUCTION COMPANY,1,484664.0,1,1,1
SA ASSOCIATES,1,484508.0,1,1,1
Vijay Electronics,6,484500.0,6,1,1
GRAM PANCHAYAT BARABASPUR,2,484479.0,1,1,1
CHOGEL SHERPA,1,484439.0,1,1,1
GRAM PANCHAYAT BHELWADEEH,2,484329.0,1,1,1
radhika traders,1,484274.0,1,1,1
PHUPU TSHERING BHUTIA,1,484200.0,1,1,1
SINHA ENTERPRISE,1,483932.0,1,1,1
Sunrays Green Solutions LLP,1,483836.0,1,1,1
JAY SHRIKRUSHNA MAJOOR KAMGAR SAHKARI SANSTHA,1,483603.0,1,1,1
THE DALAL COOPRATIVE LABOUR AND  CONSTRUCTION SOCIETY LIMITED mANDOTHI,2,483512.0,2,1,1
SHAKTI CONSTRUCTION CO,1,483483.0,1,1,1
Jaydeb Kundu,1,483469.0,1,1,1
Zonaal Construction,1,483451.0,1,1,1
GP CHHINDGARH,2,483119.0,1,1,1
ARIJIT SEN,1,483060.0,1,1,1
ARINDOM SEN,1,483060.0,1,1,1
SAMANTA ENTERPRISE,1,483048.0,1,1,1
D Mahendra,1,483029.0,1,1,1
KHADI BHANDAR DUNGARPUR,2,483000.0,1,1,1
ESWARA RAO KADAMA,1,482960.0,1,1,1
GOUTAM KUMAR DEY,1,482916.0,1,1,1
SK ENTERPRISES,3,482821.0,3,2,2
PAWAN HARDWARE,5,482789.0,2,2,2
HMS Construction Company,2,482655.0,1,1,1
Varre Venkanna,1,482651.0,1,1,1
SUREN CHETIA,7,482617.0,3,1,1
Chitikela Veera Venkata Mohan babu,1,482583.0,1,1,1
SUJIT DEWAN,1,482437.0,1,1,1
Raj Enterprise,1,482435.0,1,1,1
KILLARI SANYASI NAIDU,1,482331.0,1,1,1
Seetal Singh and Sons,1,482322.0,1,1,1
SAI VEGETABLE AND FRUIT GROWERS MACS,1,482222.0,1,1,1
ABHINAY BHURTEL,1,482145.0,1,1,1
Manjeet Singh,3,482078.0,3,2,2
The Shubh Coop L and C Society Ltd,6,482063.0,4,1,1
Ashok Kumar M A,1,482031.0,1,1,1
Parvaiz Enterprises,1,482025.0,1,1,1
The Basant Nagar Coop Society,1,481956.0,1,1,1
ZAMDI GRAM PANCHAYAT,1,481899.0,1,1,1
GRAM PANCHAYAT BELHA,2,481806.0,2,1,1
KUMMATHI NARAYANA REDDY,1,481796.0,1,1,1
BABITA PATEL,1,481762.0,1,1,1
MUNNI KUMARI,1,481732.0,1,1,1
SARVAGYA CONSTRUCTION,1,481725.0,1,1,1
RAMESH SINGH,2,481718.0,2,1,1
SHAIK MOULALI,2,481576.0,2,1,1
SOMANA BOYANA VENKATA CHALAPATHI,1,481436.0,1,1,1
MOHIT CONSTRUCTOR,2,481346.0,1,1,1
PRASUN BHATTACHARYA,1,481037.0,1,1,1
JEET BRICKS,1,481037.0,1,1,1
ADARSH SPORTS,1,481010.0,1,1,1
Malida Suppliers Sahalam Malida,2,481005.0,2,1,1
Tina Enterprise,1,480941.0,1,1,1
C S Construction,2,480830.0,2,1,1
Surya Aqua Purifier,1,480822.0,1,1,1
Suvrasmita Barala JE,1,480783.0,1,1,1
SHRI DEV NARAYAN BULIDING MATERIAL SUPPLIERS,1,480764.0,1,1,1
Mamilla Suresh,1,480726.0,1,1,1
MS Parveen Kumar Govt Contractor,2,480584.0,2,1,1
Mrs SEEMARANI CHOUDHURY,1,480547.0,1,1,1
SHREE SHYAM STEELS,5,480545.0,3,1,1
JUNIOR ENGINEER II NAYAGARH BLOCK,12,480000.0,12,1,1
GRAM PANCHAYAT GULGANJ,1,480000.0,1,1,1
DEV AND RENNOVATION OF SWAHID BEDI AT WARD NO 21,1,480000.0,1,1,1
Nellai Motor Vehicle Private Limited,1,480000.0,1,1,1
GARMPANCHAYAT NIRMALI,1,480000.0,1,1,1
BEEO AJNALA 1 STATE FUND,1,480000.0,1,1,1
Friends Industries,2,480000.0,1,1,1
Palaniappan,1,480000.0,1,1,1
GRAM PANCHAYAT HASUWA,1,480000.0,1,1,1
PURUSOTTAM SETH,1,480000.0,1,1,1
CONST OF COMMUNITY HALL IN FRONT OF LARUKHOWA MANDIR BORIGAON,1,480000.0,1,1,1
GHANSHYAMNAGAR GRAM PANCHAYAT,1,479985.0,1,1,1
P JANARDHANA RAJU PRESIDENT VLC RAGHAVARAJUPURAM GP,2,479911.0,2,1,1
Nayum Patel,2,479836.0,1,1,1
Seetha,1,479711.0,1,1,1
Tendarly Waichei,2,479653.0,2,1,1
GRAM PANCHAYAT SHAHPUR,1,479613.0,1,1,1
PUSHPRAJ SONSTRUCTION,9,479600.0,1,1,1
GANPAT SINGH KANAWAT,1,479438.0,1,1,1
MACHARLA YELLAIAH,1,479433.0,1,1,1
VINOD KUMAR,4,479426.0,3,2,2
RANJEET SINGH,5,479421.0,5,3,3
Nav Durga Concrete Udyog,1,479393.0,1,1,1
SOUMEN DAS,1,479310.0,1,1,1
V P THANKACHAN,1,479248.0,1,1,1
RAMESH T,1,479107.0,1,1,1
EE EDD I SITAPUR,21,479050.0,21,1,1
Republic Motors,1,479000.0,1,1,1
SHUBH SHUKLA,2,478916.0,1,1,1
T Muni Raju,1,478903.0,1,1,1
HARIOM TRADERS,2,478826.0,2,1,1
SYED ABDUL GHOUSE,1,478324.0,1,1,1
The Majhot COOP LANDC Society Ltd,3,478276.0,3,1,1
Jagdish Cement Store,3,478200.0,3,1,2
G VENU GOPAL,1,478000.0,1,1,1
SAJU S,1,477842.0,1,1,1
MD RAZZAK,1,477779.0,1,1,1
EXECUTIVE ENGINEER EDD KOPAGANJ MAU,2,477698.0,2,1,1
BUILD UP CONSTRUCTION,1,477683.0,1,1,1
Pro Ortho Perfect India Pvt Ltd,2,477300.0,2,1,2
JP Yadav Constructions Company,2,477194.0,2,1,1
MANGALI PEDDA ANJANEYULU,1,476907.0,1,1,1
K N Murali Krishna,1,476897.0,1,1,1
LAXMAN MEENA,1,476681.0,1,1,1
Shree  VISHWAKARMA RCC PIPE CO,5,476672.0,4,1,1
Rishabh Enterprises,1,476624.0,1,1,1
MS KAJLA CONTRACTOR,1,476498.0,1,1,1
Gram Panchayat Musalur,2,476461.0,1,1,1
KULDIP KUSHWAHA,2,476441.0,1,1,1
BHARVADA GRAM PANCHAYAT,1,476350.0,1,1,1
SOBHIT RAI,1,476099.0,1,1,1
LIAQAT ALI,1,476000.0,1,1,1
B D O BIJEPUR,1,476000.0,1,1,1
GRAM PANCHAYAT RENGAKHARKALA,2,475880.0,1,1,1
INDO FARM EQUIPEMENT LTD,1,475750.0,1,1,1
HARSIDDHI CONSTRUCTION,1,475658.0,1,1,1
Jyosnamayee Behera,1,475654.0,1,1,1
Ms M B Enterprises,1,475521.0,1,1,1
GARDHARI LAL,1,475500.0,1,1,1
JAI BIRSA TREDARSH CSC E AGRI INPUT MATERIAL SUPPLIER,5,475418.0,1,1,1
Shipra Das,1,475344.0,1,1,1
Gedela Anil Kumar,1,475146.0,1,1,1
NAGALAKSHMI D,1,475093.0,1,1,1
GRAM PANCHAYAT SALKA,3,475000.0,2,1,1
Brucelee S Sangma,4,475000.0,3,1,2
GRAM PANCHAYAT TURENAR DMFT,3,475000.0,2,1,1
BDO MEHLA MP LADS MANDI,2,475000.0,2,1,1
jangid brahaman vishwakarma marwadi suta,2,474821.0,1,1,1
Rathor Samaj Harda,2,474821.0,1,1,1
GRAM PANCHAYAT zazori,1,474716.0,1,1,1
Ms SAI CONSTRUCTION COMPANY,1,474681.0,1,1,1
CMO Zirapur,2,474678.0,1,1,1
BABOO LAL MEENA,2,474581.0,1,1,1
ASIF SK,1,474443.0,1,1,1
DCS CONTRACTOR,2,474404.0,1,1,1
khalsa Tiles industries,11,474357.0,3,1,1
SHIVAJI ENTERPRISES,1,474340.0,1,1,1
PORIKA VENUGOPAL,1,474090.0,1,1,1
SUSHILA TRIPATHI,2,473770.0,2,1,1
BINCE JOY,1,473653.0,1,1,1
G NAGABHUSHANA REDDY,3,473592.0,3,1,1
G K Construction,2,473294.0,1,1,1
KAMAL HOSSEN MONDAL,2,473283.0,2,1,1
RAN BAHADUR RAI,1,473134.0,1,1,1
JAY MA SHATDA TRADERS,4,472940.0,3,1,1
NORBU DHENDUP BHUTIA,1,472866.0,1,1,1
SUNIL KASHYAP,1,472708.0,1,1,1
Sanjaya Kumar Patel,1,472648.0,1,1,1
Shri Khetarpal Ji Projects And Suppliers,1,472019.0,1,1,1
Abdu Sadique I P,1,471975.0,1,1,1
ISAROLI,1,471959.0,1,1,1
R K Traders,1,471780.0,1,1,1
pradip arun shinde,1,471677.0,1,1,1
DEE OP TSNPDCL MAHABUBABAD,2,471632.0,2,1,1
Jai laxmi construction,1,471553.0,1,1,1
R PHARMA,1,471000.0,1,1,1
Gurala Surender Reddy,3,470999.0,3,1,1
JUGAL KISHORE PRADHAN,1,470862.0,1,1,1
UDAI SINGH DEVRA,2,470800.0,2,1,1
Mekapilla Rajesh,1,470775.0,1,1,1
CHAND PASHA,3,470737.0,3,1,1
GOPINATHAN NAIR,1,470354.0,1,1,1
MANOJ KUMAR ROUTRAY JE,2,470268.0,2,1,1
MANOJ KUMAR JENA,1,470219.0,1,1,1
BATTU YELLAM,1,470125.0,1,1,1
ESS KAY SPORTS INDUSTRIES,1,470000.0,1,1,1
SIRAJ SK,1,470000.0,1,1,1
MANAGAI PATHIPAGAM,1,470000.0,1,1,1
THE AMIT COOP L C SOC LTD SONGAL,2,469891.0,2,1,1
Ranjith A V,1,469854.0,1,1,1
Tshering Panday Sherpa,1,469796.0,1,1,1
raju meena,1,469621.0,1,1,1
Sri Bikrom Enghi,4,469496.0,4,1,1
NK INFRA,4,469379.0,1,1,1
OM ELECTRIC,2,469174.0,2,1,1
PRANJAL BORGOHAIN,7,469163.0,3,1,1
VEDESH GUPTA,2,468967.0,2,1,1
ANURADHA PUNNAKU,1,468835.0,1,1,1
DEVARAJU L D,2,468750.0,2,1,1
KARPUNG KARDUK CENTRE FOR FOLK PERFOMING,1,467561.0,1,1,1
MADHUSMITA MAJHI,2,467536.0,2,1,1
PATHFINDER ENGINEERS CO OPERATIVE SOCIETY LTD,1,467517.0,1,1,1
Gaurav Inter prices,3,467376.0,1,1,1
PRANJAL KONWAR,7,467247.0,3,1,1
ms balaji counstruction,1,467193.0,1,1,1
PUSHPANJALI SHRI LAXMI ENTERPRISES,1,466974.0,1,1,1
Orsu Srinu,1,466966.0,1,1,1
Mantu Kumar basumatary,5,465570.0,1,1,1
J Mondal Electric,2,465558.0,2,1,1
SREEKUMAR R,1,465488.0,1,1,1
NIGAH WELDING WORKS RAHON,2,465420.0,2,1,1
RASMIKANTA PATTNAYAK,3,465306.0,3,1,1
Saurabh Verma,1,465268.0,1,1,1
Ramkishan Dubey,3,465157.0,1,1,1
S MAGENDREN,1,464927.0,1,1,1
BANKA SINGH,2,464900.0,2,1,1
UPCL Pithoragarh,1,464802.0,1,1,1
Shree Salasar Pashu aahar,1,464282.0,1,1,1
GP Sonasilli,2,464203.0,1,1,1
Jai Krishan,1,464200.0,1,1,1
Itishree Mallik,2,464146.0,1,1,1
DREAM SKETCH CO,1,463931.0,1,1,1
Prosanta Hatibaruah,2,463900.0,1,1,1
HEMRAJ NIROULA,1,463899.0,1,1,1
GP Shalin,2,463740.0,1,1,1
SK MOTIUR RAHAMAN,1,463652.0,1,1,1
BANWARILALL OMKARMULL,1,463241.0,1,1,1
VINOD KUMAR GUPTA,3,462885.0,2,1,1
MANOJ TENCHIPA RAI,1,462732.0,1,1,1
A R BUILDCON CONSTRUCTION,1,462258.0,1,1,1
DIL KUMAR RAI,1,462224.0,1,1,1
The Azad Co operative Labour and Construction Society Limited Ferozepur,2,462081.0,1,1,1
MS Vishwakarma Brick Industry,13,461700.0,2,1,1
Bakharla Gram Panchayat,1,461464.0,1,1,1
SAYED KASIM,1,461317.0,1,1,1
The Baba Daulatgiri Co op L C Society Ltd Jind,2,461264.0,2,1,1
GRAM PANCHAYAT HARRATIKRA,2,461000.0,2,1,1
GAUTAM CHHETRI,1,460889.0,1,1,1
TEJ KUMAR KHARGA,1,460842.0,1,1,1
Thota Balija Madhu,1,460735.0,1,1,1
MANISH RAI,1,460275.0,1,1,1
Gram panchayat Ambada,3,460000.0,2,1,1
PVS AND COMPANY,1,459743.0,1,1,1
BABY KUMARI,1,459708.0,1,1,1
JIWAN SINGH SAWAI SINGH KUMPAWAT,1,459431.0,1,1,1
DILIP CHHETRI ACHARYA,1,459397.0,1,1,1
Guru Gobind Iron Store,6,459133.0,2,1,1
Chairman Works Committee Gollapalem,1,458726.0,1,1,1
CHITANYA CONSTRUCTION,1,458593.0,1,1,1
YERRAGUDI RAVISEKHAR REDDY,1,458558.0,1,1,1
SHUPRIO NATH,2,458298.0,1,1,1
Muhammedkutty,1,458042.0,1,1,1
Remi Elektrotechnik Limited,1,457840.0,1,1,1
SHEKHPAT GRAM PANCHAYAT,1,457714.0,1,1,1
ROSHAN POKHREL,1,457415.0,1,1,1
Kodati Kanukaiah,1,457073.0,1,1,1
Sidhu Cement Store Fatehgarh Channa,16,457064.0,10,1,1
Rajive C K,1,456779.0,1,1,1
SHIVA CHOUBEY,1,456752.0,1,1,1
Jagadish Tithre,1,456600.0,1,1,1
CHANDAN BASAVARAJ HONDAPPAGOL,1,456528.0,1,1,1
BADARI PRASAD SHIKSHA PRASAR SAMITI SUTI SUKARAULI,1,456500.0,1,1,1
VINOD KUMAR GOVT CONTRACTOR,2,456429.0,2,1,1
Bhukya Mangamma,1,456201.0,1,1,1
Ms Kiran Bala BKO Daffar,14,455612.0,3,1,1
Mansukh Enterprises,1,455076.0,1,1,1
ADC Cum CPO NRE Panipat,1,455000.0,1,1,1
GRAM PANCHAYAT BHETASI VANTO,3,455000.0,3,1,1
SAKIREVU PALLI PRASANNA KUMAR REDDY,1,454474.0,1,1,1
Sri Venkateswara Constructions,1,454338.0,1,1,1
MUJIBUR RAHAMAN,1,454269.0,1,1,1
REHMAT IRON STORE,9,454067.0,3,1,1
ABHIJIT DAS,3,453891.0,1,1,1
KAUSHAL KISHORE MAHESHWARI,4,453803.0,2,1,1
VINITA,2,453496.0,2,1,1
SIMAR GRAM PANCHAYAT,1,453395.0,1,1,1
Webel Technology Limited,1,453389.0,1,1,1
PASUPULA VENKATALAKSHMI,1,453354.0,1,1,1
LAKSHMANAN C,1,453160.0,1,1,1
ANITA RAJPUT KUMAR,2,453140.0,2,1,1
Kanpur Electricity Supply Company Limited,1,453120.0,1,1,1
The Sanvi Co Op LC Society Ltd,2,453024.0,1,1,1
THE THAYRA RANGI CO OP L AND C SOCIETY,1,452906.0,1,1,1
BURDAK CONSTRUCTION COMPANY,1,452842.0,1,1,1
AMAR MANGAR THAPA,1,452693.0,1,1,1
ankit kumar meena,2,452537.0,1,1,1
RADHA GOBINDA SUPPLIER,2,452302.0,2,1,1
KHELARAM MURMU,2,452285.0,2,1,1
SHREE BHAI CONSTRUCTION COMPANY,1,452119.0,1,1,1
The Panvi Dangi Co op L and C Society Ltd,1,451703.0,1,1,1
BALI WOOD WORKS,2,451600.0,2,1,2
somy shree enterprises,1,451423.0,1,1,1
Assistant Engineer Rural AVVNL Sikar,2,451379.0,2,1,1
PITHA HANSDAH,1,451220.0,1,1,1
Gram Panchayat Waglawat Mohaniya,2,451000.0,2,1,1
RITESH RAI,1,450815.0,1,1,1
BABA DAYA SINGH TILES FACTORY AND BUILDING MATERIAL,2,450773.0,1,1,1
PRABIR KUMAR RAKSHIT,1,450683.0,1,1,1
MANTROJ GRAM PANCHAYAT,1,450100.0,1,1,1
RAJA SHEKHAR ANGU,1,450000.0,1,1,1
GRAM PANCHAYAT MAWLIPADAR 2,1,450000.0,1,1,1
SANPAVADA,2,450000.0,2,1,1
AMARESHA V,2,450000.0,2,1,1
Cacino R Marak,4,450000.0,2,1,1
GP Dinger Kinner,6,450000.0,6,1,1
MEGHAALIYASANA GRAM PANCHAYAT,1,450000.0,1,1,1
SHIVAJI BHIMU JADHAV,2,450000.0,2,1,1
GRAM PANCHAYAT UNDEL,1,450000.0,1,1,1
GRAM PANCHAYAT PANDRAPANI,2,450000.0,1,1,1
GRAM PANCHAYAT NETRANG,1,450000.0,1,1,1
GRAM PANCHAYAT SUNEVKHURD,1,450000.0,1,1,1
brahmanvasi,1,450000.0,1,1,1
dhobikuva panchayat,1,450000.0,1,1,1
chokari Grampanchayat,1,450000.0,1,1,1
CHALALI GRAM PANCHAYAT,2,450000.0,2,1,1
CMO MUNICIPAL COUNCIL BANKIMONGRA,2,450000.0,2,1,1
AKAL INDUSTRIES,3,450000.0,3,1,1
SHREE STONE CRUSHER,6,450000.0,3,1,1
GRAM PANCHAYAT NEELEGODI BODENAR,1,450000.0,1,1,1
Kamdhenu Agency,3,450000.0,3,1,1
ANSUMA BORO,3,450000.0,3,1,1
SHRI AMAR CHATTRAWAS NAGAUR,1,450000.0,1,1,1
SARPANCHSHREE RAMPUR KOT GRAM PANCHAYAT,2,450000.0,2,1,1
GRAM PANCHAYAT NANI,1,450000.0,1,1,1
VIRJAI GRAAM PANCHAYT,1,450000.0,1,1,1
JUPU BHUMANNA,1,450000.0,1,1,1
GRAM PANCHAYAT TANTWAS,1,450000.0,1,1,1
BENILLA K SANGMA,4,450000.0,2,1,1
GRAM PANCHAYAT HATHIPURA,2,450000.0,2,1,1
S PANDIARAJAN,1,450000.0,1,1,1
DANSOLI GRAM PANCHAYAT,2,450000.0,2,1,1
PAMOL GRAM PANCHAYAT,2,450000.0,2,1,1
GRAM PANCHAYAT RETA,1,450000.0,1,1,1
DANNY LANGSTIEH,2,450000.0,2,1,1
Gram Panchayat Hingati,1,450000.0,1,1,1
GRUP GRAM PANCHAYAT MAHELOL SARPANCH GRAM PANCHAYA,1,450000.0,1,1,1
GP Mahog,1,450000.0,1,1,1
Bowelman,2,450000.0,1,1,1
P LALLIANHLUNA,2,450000.0,1,1,1
GRAM PANCHAYAT LUNEJ,2,450000.0,2,1,1
SARPANCH GRAMPANCHAYAT KALAMTHA,1,450000.0,1,1,1
sarpanch gram panchayat mandar,1,450000.0,1,1,1
HARIYALA GRAM PANCHAYAT,1,450000.0,1,1,1
HIRAPOR GRAM PANCHAT,2,450000.0,2,1,1
KAVYA CONSTRUCTION,1,450000.0,1,1,1
SOYFUL MOLLAH,2,450000.0,1,1,1
gram panchayat gopalpur,2,450000.0,1,1,1
MAHADEVPURA GROUP GRAM PANCHAYAT,1,450000.0,1,1,1
Gram Panchayat Tankal,2,450000.0,2,1,1
JABARULLA M,1,450000.0,1,1,1
PENDLI LAXMI,3,449997.0,3,1,1
HADAPPA ENTERPRISE COMPANY,2,449993.0,1,1,1
GODHANA GRAM PANCHAYAT,2,449985.0,2,1,1
SARPANCHSHRI KANTHRAVI GRAM PANCHAYAT,3,449967.0,3,1,1
VLC PRESIDENT REDDIVARIPALLI GP,1,449930.0,1,1,1
VIKAS SPORTS AND GENERAL STORE,2,449925.0,1,1,1
Highstone Technologies Private Limited,1,449900.0,1,1,1
GARM PANCHAYAT SALBA,2,449842.0,1,1,1
SHAHED UDDIN AHMED,1,449833.0,1,1,1
GRAM PANCHAYAT TUVA,1,449789.0,1,1,1
Abul Hussain,2,449763.0,2,1,1
MAYAPUR GRAMPANCHAYAT,1,449706.0,1,1,1
Chanchal Construction and Suppliers,1,449654.0,1,1,1
BHATTACHARJEE GROUP AND CO,1,449616.0,1,1,1
SADHANA INFRA CONSTRUCTION,1,449582.0,1,1,1
BP SWEET WATER TECHNOLOGIES,1,449580.0,1,1,1
SAWMI ENTERPRISE,1,449568.0,1,1,1
MUHAR CEMENT STORE,3,449550.0,2,1,1
GRAM PANCHAYAT KASBA JUGHED,6,449521.0,3,1,1
Ranu Gram panchayat,1,449497.0,1,1,1
Allam Raju,1,449440.0,1,1,1
isdra gram panchayat,1,449439.0,1,1,1
SANKHALA GP,1,449323.0,1,1,1
AJOY KUMAR MANDAL,1,449160.0,1,1,1
NYAYMURTI BANWARILAL PURVA MADHYAMIK VIDYALAY ITAURI KHALISPUR,1,449126.0,1,1,1
MANINI MEHER,1,449037.0,1,1,1
SINJINI CONSTRUCTION,2,449016.0,2,1,1
RAJESH KUMAR CONTRACTOR,1,448979.0,1,1,1
BHANDARI ENTERPRISE,1,448824.0,1,1,1
MUTHUMURUGESAN,1,448743.0,1,1,1
DIVI GRAM PANCHAYAT,1,448700.0,1,1,1
Santu Ahirwar,7,448418.0,7,1,1
KR KUMAR,1,448350.0,1,1,1
ram kumar upadhyay,1,448344.0,1,1,1
MPPKVV COM LTD,2,448304.0,2,1,1
MD AHSAN REZA,1,448127.0,1,1,1
bechari gram panchyat newww,1,448073.0,1,1,1
KARUNAKARA REDDY GUJJALA,1,447899.0,1,1,1
Nm Randhawa Tiles Co,10,447869.0,3,1,1
Kerala Artisans Development Corporation LTD,1,447772.0,1,1,1
ASSISTANT ENGINEER LAMTAPUT BLOCK SANTOSH KUMAR MAHANTY,2,447761.0,2,1,1
GP Cheog,4,447750.0,4,1,1
samarkha gram panchayat,2,447616.0,2,1,1
shri balaji construction company,1,447317.0,1,1,1
Yeluri Bhaskara Rao,1,447270.0,1,1,1
SUGATHAN KS,2,447174.0,2,1,1
P B Construction prop Dilip Bhunia,1,447167.0,1,1,1
Gade Kishan,1,447034.0,1,1,1
N Satyanarayana,2,447034.0,2,1,1
ADS SOLUTION,2,447000.0,1,1,1
SHUBHAM SANJAY PATINGE,1,446796.0,1,1,1
Abdul Sajid,1,446700.0,1,1,1
VIKAS CONSTRUCTIONS,1,446691.0,1,1,1
OMKAR ENTERPRISES,1,446495.0,1,1,1
KUNDANGI POTTESU,1,446254.0,1,1,1
Bobbili Venkata Swami Yadav,1,446156.0,1,1,1
GRAM PANCHAYAT ILAV,4,446000.0,4,1,1
OMPRAKASH,2,445830.0,2,1,2
SUNDARI CONSTRUCTION,2,445649.0,2,1,1
P RAVEENDRAKUMAR,1,445468.0,1,1,1
VICKY CONSTRUCTION COMPANY,1,445430.0,1,1,1
Munna Husain,2,445420.0,1,1,1
DEE OPERATION TSNPDCL THORRUR,2,445222.0,2,1,1
Sant Construction Company,1,445150.0,1,1,1
Amith Sharan H E,2,445110.0,1,1,1
ASHAPURA CONSTRUTIONS,1,445000.0,1,1,1
GRAM PANCHAYAT FAREEDPUR,2,445000.0,1,1,1
SATISH AGGARWAL AND COMPANY,1,444908.0,1,1,1
MUJAPUR GRAM PANCHAYAT,2,444897.0,2,1,1
NAKSHA ENTERPRISES,2,444553.0,2,1,1
JAGMOHAN KATARA,1,444515.0,1,1,1
P Anjaneyulu,1,444206.0,1,1,1
NAVI FOT GRAM PANCHAYAT,1,444120.0,1,1,1
Dhillon Building Material,3,443668.0,2,1,1
MS JAGDAMBE ENTERPRISES,5,443629.0,4,1,1
GAUTAM ASSOCIATE,1,443326.0,1,1,1
SARPANCH SHRI GRAM PAN KHAJURDI,1,442936.0,1,1,1
VADALA GRAM PANCHAYAT,2,442870.0,2,1,2
ANAND CONSTRUCTION COMPANY,1,442867.0,1,1,1
KOTTALA NARESH GOUD,2,442821.0,2,1,1
CHOUDHARY BUILDING MATERIAL SUPPLIERS,2,442726.0,1,1,1
RP and RP Constructions,1,442474.0,1,1,1
Gade Rathan prasad,1,442390.0,1,1,1
RGSY BLOCK DFVELOPMENT OFFICER ALOOSA,3,442319.0,3,1,1
Vemula Mounika,1,442310.0,1,1,1
SHAM LAL SURINDER KUMAR,6,442255.0,3,1,1
RAMLAL HEERAJI PRAJAPAT,1,442209.0,1,1,1
TALAGANA VASUDEV,1,442078.0,1,1,1
KUNA GRAM PANCHAYAT,2,441998.0,2,1,1
Madavi Bheer Shaw,1,441862.0,1,1,1
SELVAM M,1,441682.0,1,1,1
JITENDRA SINGH RATHORE,1,441649.0,1,1,1
BABU SINGH RAJPUT,1,441575.0,1,1,1
kachchai gram panchayt,3,441471.0,3,1,1
gram panchayat chando,1,441288.0,1,1,1
Dudi Trading and Construction Co,1,441174.0,1,1,1
MS Prerona Enterprise,2,441053.0,2,1,1
ANUSKA ENTERPRISE,2,440613.0,2,1,1
SARILLA RATHAN RAJU,1,440607.0,1,1,1
SHRI SARNESHWAR CONSTRUCTION CO,1,440600.0,1,1,1
SANWARIYA CONSTRUCTION,1,440462.0,1,1,1
Sukanta Enterprise,1,440458.0,1,1,1
MS SUSHMA CONSTRUCTION,1,440400.0,1,1,1
RIHAN BUILDING MATERIAL AND SANITARY,1,440115.0,1,1,1
JAY BAJRANG BALI CONSTRUCTION,3,440013.0,3,1,1
Aman Treders,4,440000.0,2,1,1
RALISANA GRAM PANCHAYAT,3,439999.0,3,1,1
Ms KHEMABABA CONSTRUCTION company,2,439959.0,1,1,1
KUMMARI MADHU,1,439941.0,1,1,1
Janak Prasad Sharma,1,439761.0,1,1,1
DILIP BAL,1,439648.0,1,1,1
GOYAL STEELS,3,439546.0,2,1,2
MAHESHBHAI RANCHHODBHAI PRAJAPATI,3,439500.0,3,1,1
BL Contractor,1,439364.0,1,1,1
SWAGIMANI HEMBRAM,1,439354.0,1,1,1
ABDUL SALEEM M,1,438969.0,1,1,1
Pradeep,6,438907.0,6,1,1
WARAICH SPUN PIPE INDUSTRIES,1,438560.0,1,1,1
WIN POWER CONSTRUCTION CO,1,438500.0,1,1,1
SANWALIYA CONSTRUCTION,1,438409.0,1,1,1
HARI CONSTRUCTION COMPANY,3,438367.0,3,1,1
PAL CONSTRUCTIONS,1,438297.0,1,1,1
Rvinder,1,438267.0,1,1,1
KRISHNA ENTERPRISES,2,438052.0,2,1,1
DURGAWATI CONSTRUCTION CO,1,438016.0,1,1,1
HANAMANT S NAYKODI,3,437500.0,2,1,1
Satyam Patel,8,437400.0,2,1,1
pratap cement articals udhyog,1,437147.0,1,1,1
CHABILE RAM,2,436980.0,1,1,1
AMIN MANDAL,1,436842.0,1,1,1
Rupan Nath,4,436801.0,1,1,1
GKNR Constructions and Man Power suppliers,1,436800.0,1,1,1
MODERN PAVER INDUSTRIES,4,436417.0,4,1,1
Parmar Tiles,7,436200.0,2,1,1
SAI ENTERPRISE,1,436200.0,1,1,1
Bindra Engineers,1,436028.0,1,1,1
Sagar Satmaram Allam,1,436016.0,1,1,1
MOHAMMAD YOUSUF KAND,1,436000.0,1,1,1
TN Mohan Reddy,1,435985.0,1,1,1
The Guru Nanak Co op L and C Society Ltd,1,435846.0,1,1,1
JAMES AUGUSTINE,1,435725.0,1,1,1
LEKHRAAJ,1,435521.0,1,1,1
DM CONSTRUCTION,1,435416.0,1,1,1
The Bhagwati Co op L and C Society Ltd,1,435199.0,1,1,1
RAJAN AGNIHOTRI,1,435000.0,1,1,1
VSA ENTERPRISES,1,435000.0,1,1,1
SADHA CONSTRUCTION,1,435000.0,1,1,1
DE OP ADILABAD,2,435000.0,2,1,1
Sri Srinivasa Electricals,1,435000.0,1,1,1
JSK ENTERPRISES,1,434858.0,1,1,1
Rati ram Contractor and Suppliers,1,434801.0,1,1,1
Gram Panchayat Davol,1,434723.0,1,1,1
THIRUVENGADAM K B,1,434589.0,1,1,1
OS AND CO,1,434498.0,1,1,1
TANISA ENTERPRISE,1,434369.0,1,1,1
Biren Kumar Sahu,1,434316.0,1,1,1
Rajpal Trading Company,13,434224.0,3,1,1
PRIYA AND PIYUSH ENTERPRISE,1,434144.0,1,1,1
MAA SANTOSHI INDUSTRY,1,434096.0,1,1,1
Golap Saikia,5,433930.0,4,1,1
PURNIMA CONSTRUCTION,2,433595.0,2,1,1
B N MAMATHA,3,433421.0,3,1,1
R MALLICK CONSTRUCTION,1,433336.0,1,1,1
AMBA JEE DEVELOPERS,1,433324.0,1,1,1
MATHEW M,1,433152.0,1,1,1
Jagdamba Construction company,1,433150.0,1,1,1
CHANDAN SINGH,5,433050.0,5,3,3
SHIHABUDHEEN P,1,432976.0,1,1,1
THOMAS JOHN,1,432975.0,1,1,1
Rajpal Trading co,12,432687.0,3,1,1
MS ALCON ENTERPRISE,1,432144.0,1,1,1
VUPPALAPATI MURALI NAIDU,1,431849.0,1,1,1
SUBRAT KUMAR MUKHI,1,431500.0,1,1,1
JAESH SINGH,1,431000.0,1,1,1
JEBIN JOHNSON,1,430969.0,1,1,1
BILASHIYA GRAM PANCHAYAT,2,430698.0,2,1,1
Gram Panchayat Kankapura,1,430237.0,1,1,1
SHREENATH CONSTRUCTION COMPANY,1,430231.0,1,1,1
Ankush Sharma,4,430200.0,4,1,1
SHA CHAGANLAL JAYANTHILAL JAIN,1,430000.0,1,1,1
MARAVI TRADERS,2,430000.0,1,1,1
RAJAT MONDAL,2,429618.0,2,1,1
ASHOK SUNAM,1,429493.0,1,1,1
Shree Bkn Fabrication And Idustrial Soln,1,428781.0,1,1,1
Bajranj Traders Contractor,3,428360.0,1,1,1
GRAM PANCHAYAT VATADRA,2,428061.0,2,1,1
hakim singh,2,428056.0,1,1,1
THE LAL KRIPA COOP LANDC SOCIETY LTD,1,428013.0,1,1,1
PLATIA CEMENT STORE,3,428000.0,1,1,1
P,1,427352.0,1,1,1
chanda Ramakrishna,1,427239.0,1,1,1
shanti devi bricks udhyog,1,427000.0,1,1,1
RAGHAV INDUSTRIES,1,426977.0,1,1,1
santosh saini,3,426871.0,1,1,1
VIJAY BAJETHA,2,426727.0,1,1,1
jodhpur vidhyut vitran nigam ltd,1,426611.0,1,1,1
BRIJENDRA SINGH PARMAR THEKEDAR,2,426480.0,1,1,1
Dashmesh Iron store,4,426024.0,3,1,1
PESI PRIVATE LIMITED,1,426013.0,1,1,1
MANJUNATH N,1,426000.0,1,1,1
Shri Brahmani Enterprises,4,425655.0,1,1,1
MS PRANAV ENGINEERS,1,425180.0,1,1,1
JANA CONSTRUCTION Prop Paresh Chandra Jana,1,425050.0,1,1,1
Musa Mansoor,1,425043.0,1,1,1
DHABHAI CONSTRUCTION,1,425000.0,1,1,1
SARASWATI UCHCHTAR MADHYAMIK VIDYALAY,2,425000.0,1,1,1
Fulmati devi purv madhyamik vidyalay,2,425000.0,1,1,1
GRAM PANCHYAT KHAMI,4,425000.0,3,1,1
MS DHANRAJ ENTERPRISES,1,425000.0,1,1,1
MS LOWKHO ENTERPRISES,1,425000.0,1,1,1
Gram Panchayat Potiyawand,2,425000.0,2,1,1
GRAM PANCHAYAT BODWANK,2,425000.0,2,1,1
NITU DEKA,2,425000.0,1,1,1
JANTA INTER COLLEGE ASIDHAWA,2,425000.0,1,1,1
GRAM PANCHAYAT BANDAHU,2,425000.0,1,1,1
SIANG GARAGE,2,425000.0,1,1,1
Shri Yangkee Ch Marak,5,425000.0,3,1,2
SK NAWAJ SARIF,2,424962.0,2,1,1
SAWAN TRADING CO,9,424210.0,4,1,1
J S ENTERPRISES,6,424204.0,6,1,2
Vishri Construction And Paver Block,1,424168.0,1,1,1
Mansoor Keethadath,1,424041.0,1,1,1
DHBVN,2,424000.0,2,1,1
AWNEESH KUMAR SINGH,1,423905.0,1,1,1
saurabh katara,2,423700.0,1,1,1
MALGANI NARENDER GOUD,1,423672.0,1,1,1
JOHN V P,1,423646.0,1,1,1
THIPPANI RAM REDDY,1,423508.0,1,1,1
YEDIRE SRISAILAM,1,423500.0,1,1,1
girdhar,3,423455.0,1,1,1
N ANJAN GOUD,1,423429.0,1,1,1
SHIVSHANKAR MAJOOR SAHAKARI SANSTHA LIMITED,1,423406.0,1,1,1
Manager Principal Bhagwati Prasad Mahavidyalaya,1,423391.0,1,1,1
SHRIVASTAVA GROUP,1,423385.0,1,1,1
BANOTH SUDHAKAR,1,423013.0,1,1,1
om traders babubur,1,423000.0,1,1,1
KHURSHEED TRADING COMPANY AND SUPPLIERS,1,422866.0,1,1,1
Liladhar Pant,2,422425.0,2,1,1
BANOTH PREMSINGH,2,422261.0,2,1,1
MS CHANDAN TILES INDUSTRY,4,422218.0,3,1,1
The Mallowal Cooprative LC Society,1,422066.0,1,1,1
Gram Panchayat Chuva,2,421871.0,2,1,1
SHREE CHARBHUJA CONSTRUCTION,2,421740.0,1,1,1
MANSHA SERVICE CONSTRUCTION,1,421491.0,1,1,1
Ms PRAKASH CHANDRA RATHORE,2,421439.0,1,1,1
sandesar gram panchyat,3,420815.0,3,1,1
Lucky Construction,1,420731.0,1,1,1
GOLUSULA MAHESH,1,420698.0,1,1,1
Tingani Nagesh,1,420473.0,1,1,1
INFO TECH CORPORATION OF LIMITED,6,420156.0,5,1,1
Meero Construction Company,1,420004.0,1,1,1
Gp Meen,2,420000.0,1,1,1
MR SUBHASH INTER COLLAGE BEGAM GANG UMREE BEGAM GANJ,1,420000.0,1,1,1
Construction and Renovation of Community Hall near Pakretary Khanka,1,420000.0,1,1,1
Construction of road at Junaki Path,1,420000.0,1,1,1
Satya sai Traders,2,420000.0,1,1,1
JAVOL GRAM PANCHAYAT,3,420000.0,3,1,1
Gp Behariya,1,420000.0,1,1,1
BALAGA SRIRAMULU,2,419938.0,2,1,1
Adil Farooq Bhat,2,419788.0,2,1,1
BANGRA CONSTRUCTION,1,419530.0,1,1,1
RAJIB ALI,1,419223.0,1,1,1
HOTHIJI KHADBA GRAM PANCHAYAT,1,418982.0,1,1,1
BHAVANI TREDERS,6,418887.0,1,1,1
PURUSHOTHAMAN E P,1,418865.0,1,1,1
SURESH,5,418797.0,4,2,4
MEMBER WORKS COMMITTE GP PETERU,1,418694.0,1,1,1
CHEMIND CHEMICALS,1,418500.0,1,1,1
Chandra Bhushan Construction,1,418140.0,1,1,1
PS CONSTRUCTION,1,418000.0,1,1,1
KRISHNA TALWAR,1,417642.0,1,1,1
BRIGHT CONTSTRUCTION,2,417480.0,1,1,1
POOJA CONSTRUCTION COMPANY,4,417223.0,1,1,1
Abdul Wahid Magray,1,417000.0,1,1,1
PARTEEK CONSTRUCTION,1,416880.0,1,1,1
MADHUSUDAN PARHI,1,416871.0,1,1,1
Executive Engineer Operation Town 2 APCPDCL Guntur,1,416758.0,1,1,1
BAINGANGA BRICKS INDUSRIES,2,416430.0,2,1,1
POSWAL CONTRACTION,1,416414.0,1,1,1
BIBASH CHHETRI,1,416361.0,1,1,1
BINSU DANIEL,1,416286.0,1,1,1
Tahira Begum,1,416000.0,1,1,1
SHAHINSHA,1,415837.0,1,1,1
Gram Panchayat Uberao,1,415784.0,1,1,1
umesh chand,1,415580.0,1,1,1
EX SERVICEMEN ASSOCIATION,1,415577.0,1,1,1
SHREE  CHARBHUJA ENTERPRISES,1,415415.0,1,1,1
Ansh Enterprises and Furnishers,1,415360.0,1,1,1
SIMA ENTERPRISE,1,415103.0,1,1,1
CHUNDAWAT SUPPLIERS,2,414969.0,1,1,1
P S ELECTRICAL,2,414944.0,2,1,1
DEBENDRA PAUL,2,414730.0,1,1,1
Sigma Agro,1,414700.0,1,1,1
SANWARIYA,1,414612.0,1,1,1
SHREE BHERUNATH TRADERS,1,414405.0,1,1,1
MUGDHA MAKERS,1,414212.0,1,1,1
Nava Chitanya MPS,2,414014.0,2,1,1
AIJAZ AHMAD BHAT,1,414000.0,1,1,1
Jai Dhanop Maa Contrctor,1,413962.0,1,1,1
PSN Automobiles Pvt LTD,4,413807.0,4,1,2
ACME ENTERPRISE,1,413743.0,1,1,1
Shri Shyam Construction Company,1,413664.0,1,1,1
SATGURU BUILDING,6,413640.0,4,1,1
SHRI CHAMUNDA CEMENT SUPPLIERS,2,413522.0,1,1,1
TONUJ PEGU ENTERPRISE,5,413444.0,2,1,1
TALARI SRIKANTH,3,413314.0,3,1,1
Namdev Avinash Nazare,1,413190.0,1,1,1
SHAINE ENTERPRISES,2,413173.0,1,1,1
Sanjay Majur Sahkari Sanstha Maryadit,1,413099.0,1,1,1
RAGHAV CONSTRUCTION AND SUPPLIERS,1,413050.0,1,1,1
GHOSH SUPPLIERS,1,412911.0,1,1,1
GAYATRI ENTERPRISES,1,412866.0,1,1,1
SMV Infrastructure,1,412671.0,1,1,1
Dipak Saikia,2,412670.0,1,1,1
AB ENTERPRISE,2,412623.0,2,1,1
MADESHA H,2,412500.0,2,1,1
Asif Ahmed,3,411400.0,1,1,1
SHARADA ENTERPRISES,1,410876.0,1,1,1
Chandra Singh Dhabai,1,410845.0,1,1,1
HLWC President C Gopulapuram GP Kamalapuam Mandal,1,410821.0,1,1,1
Sai Enterprises,5,410557.0,5,2,2
SHREE HANUMAN BRICKS,11,410466.0,1,1,1
Mittal traders,1,410408.0,1,1,1
RELIABLE TRADERS,1,410242.0,1,1,1
Gram Panchayat Khadol H,2,410086.0,2,1,1
HT ENTERPRISES,2,410000.0,1,1,1
S K CONSTRUCTION CO,1,409872.0,1,1,1
Ms Goyat Trading co Jind,1,409588.0,1,1,1
TALUKA DEVELOPMENT OFFICE NADIAD,4,409587.0,4,1,1
MURALEEDHARAN NAIR PK,1,409488.0,1,1,1
HARSHITA CONSTRECTION,2,409457.0,1,1,1
STRUGGLE CONSTRUCTION,1,409336.0,1,1,1
MS RAJENDRA SINGH PURAWAT,1,408890.0,1,1,1
PATNAM NAGESH,1,408727.0,1,1,1
SARPANCH SACHIV GRAM PANCHAYT BILONIYA,1,408500.0,1,1,1
MT ENTERPRISE,1,408472.0,1,1,1
Assistant Engineer BAC Kaluk,1,407440.0,1,1,1
CHANDAN GHOSH,1,407181.0,1,1,1
PARKASH PIPE INDUSTRIES,3,407100.0,2,1,1
SANTOSH,8,406861.0,7,2,3
THE LAVISH COOPERATIVE LABOUR AND CONSTRUCTION SOCIETY LIMITED,1,406787.0,1,1,1
NIRMAL NGATE,2,406734.0,1,1,1
Pardeep Singh,8,406596.0,5,1,1
MIR RAJU,1,406558.0,1,1,1
CHITTAR LAL SHIKSHA NIKETAN SAMITI,1,406500.0,1,1,1
ABHI CONSTRUCTION,5,406358.0,1,1,1
Aparna Construction and Suppliers,1,406316.0,1,1,1
RAJESH,3,405553.0,2,2,2
ARHAN ENTERPRISE,1,405505.0,1,1,1
BAYYA ENT Hospital,1,405400.0,1,1,1
Shri Ram Industries,1,405265.0,1,1,1
Daramvir Singh Contractor,1,405000.0,1,1,1
JOGNIYA EARTH MOVERS,1,404604.0,1,1,1
SK AJAHAR,1,404328.0,1,1,1
BIJARNIYA CONTRACTOR AND SUPPLIERS,1,404036.0,1,1,1
ISHWARBHAI R PRAJAPATI,3,404000.0,3,1,1
RAM KALAN LOHA BHANDAR,6,403875.0,5,1,1
The Shanti Niketan Cooperative Multipurp,1,403673.0,1,1,1
SHAJIMON B,1,403509.0,1,1,1
CHARBHUJA CONTRACTOR,1,403489.0,1,1,1
Sajeeesh kumar,1,403398.0,1,1,1
CHABBA INTERLOCK TILES FACTORY,1,403000.0,1,1,1
Rampur Baghelan Bal Kalyan Samiti,1,403000.0,1,1,1
Ms Jovanpreet Contractor,2,402978.0,2,1,1
Peesu Rajendar,1,402330.0,1,1,1
DHURBA HARDWARE,4,402199.0,1,1,1
shree shyam construction company,1,402034.0,1,1,1
GRAM PANCHAYAT SALHEWADA,5,402000.0,1,1,1
QUALITY ENTERPRISES,1,401897.0,1,1,1
BHAWANI STEELS,2,401338.0,1,1,1
Kothapally Visnuvardhan  Reddy,1,401207.0,1,1,1
punjab iron cement store,5,400982.0,2,1,1
JR Enterprise,2,400968.0,2,1,1
SHYAM KUMAR SARMA,4,400650.0,1,1,1
ABUTURAAB ELECTRICAL ENGINEERING,1,400186.0,1,1,1
MATESHWARI CONSTRUCTION,1,400021.0,1,1,1
SADARA AALUSANA GRAM PANCHAYAT,2,400000.0,2,1,1
GOBLAJ GRAM PANCHAYAT,1,400000.0,1,1,1
endala gram panchayat,1,400000.0,1,1,1
GRAM PANCHAYAT SARAIYA,2,400000.0,2,1,1
GRAM PANCHAYAT SANSOLI,2,400000.0,2,1,1
SACHIN S.N,1,400000.0,1,1,1
KIDI GROUP GRAM PANCHAYAT,1,400000.0,1,1,1
KHUADA GRAM PANCHAYAT,1,400000.0,1,1,1
bhadara Gram panchayat,1,400000.0,1,1,1
GRAM PANCHAYAT TILAIDAND,2,400000.0,1,1,1
GRAM PANCHAYAT TADAVA,1,400000.0,1,1,1
GHANTOLI GROUP GRAM PANCHAYAT,2,400000.0,2,1,1
GHADKAN GRAM PANCHAYAT,1,400000.0,1,1,1
GHADHAKADA GRAM APNCHAYAT,1,400000.0,1,1,1
Narsinhpura Gram panchayat,1,400000.0,1,1,1
GAMBHU GRAM PANCHAYAT 14TH FINANCE COMMISSION,2,400000.0,2,1,1
JUNIOR ENGINEER IV NAYAGARH BLOCK,10,400000.0,10,1,1
devisar gram panchayat,1,400000.0,1,1,1
KEDARU SANGMA,2,400000.0,1,1,1
GOVT ELEMENTARY SCHOOL MEERANKOT KALAN,2,400000.0,1,1,1
GRAM PANCHAYAT PARASWADA,4,400000.0,2,1,1
PANDIT DINDYAL GRAM VIKAS SAMITI PANDURNA,2,400000.0,1,1,1
gram panchayat jhaphal,1,400000.0,1,1,1
KHAMBHA GRAM PANCHAYAT,2,400000.0,2,1,1
GOVENSTAR D MARAK,2,400000.0,1,1,1
GRAM PANCHAYAT ROBA,2,400000.0,1,1,1
GRAM PANCHAYAT SAJAPALI,1,400000.0,1,1,1
MANGAVAPAL GRAMAPANCHAYAT,1,400000.0,1,1,1
BELARIUS RONGPEIT,2,400000.0,1,1,1
Lucky Enterprise,1,400000.0,1,1,1
ISARVA GRAM PANCHAYAT,1,400000.0,1,1,1
Loyola School,2,400000.0,1,1,1
MANDLA GRAM PANCHAYAT,1,400000.0,1,1,1
ambaliyala gram panchayat,1,400000.0,1,1,1
Siyot Gram panchayat,1,400000.0,1,1,1
HARPREET TRADING CO,2,400000.0,1,1,1
GHUGHRALA GRAM PANCHAYAT,1,400000.0,1,1,1
GORAL GRAM PANCHAYAT,1,400000.0,1,1,1
GRAM PANCHAYT GODGIRI,1,400000.0,1,1,1
GRAM PANCHAYT DEVRI,1,400000.0,1,1,1
GRAM PANCHAYT KHARRA,1,400000.0,1,1,1
GRAM PANCHAYT KHAMUBKHEDI,1,400000.0,1,1,1
ARUTLA RAMESH,1,400000.0,1,1,1
SARPANCH GRAM PANCHAYAT BHANSULI K,2,400000.0,1,1,1
SARPANCH GRAM PANCHAYAT BAGDUMAR,1,400000.0,1,1,1
NIP JYOTI SAIKIA,3,400000.0,1,1,1
SARPACH SACHIV GP PADMI,2,400000.0,1,1,1
GARMPANCHAYAT KOSAM,1,400000.0,1,1,1
NOMULA SAYA REDDY,1,400000.0,1,1,1
JNP ENTERPRISES,1,400000.0,1,1,1
Learmildford A Sangma,2,400000.0,1,1,1
ISHVARIYA GRAM PANCHAYAT,1,400000.0,1,1,1
Laxmishankar Prathamik Vidyalaya,2,400000.0,1,1,1
MASKA GRAM PANCHAYAT,1,400000.0,1,1,1
MASITALA GRAM PANCHAYAT,1,400000.0,1,1,1
MAU GRAM PANCHAYAT,1,400000.0,1,1,1
Bhatasana Gram Panchayat,1,400000.0,1,1,1
HARIPAR KERALA GRAM PANCHAYAT,1,400000.0,1,1,1
NONGNAH SECONDARY SCHOOL,2,400000.0,1,1,1
GALA GRAM PANCHAYAT,1,400000.0,1,1,1
GAJULA SUDHAKAR,1,400000.0,1,1,1
GRAM PANCHAYAT TARSADABAR,1,400000.0,1,1,1
PALKHANDA,1,400000.0,1,1,1
SAMPANGI NARSAIAH,1,400000.0,1,1,1
Temsu Ao,1,400000.0,1,1,1
Local Committee Nongsning Village,2,400000.0,1,1,1
Tejoshee Kataki,3,400000.0,1,1,1
MANOJ KUMAR SWAIN,2,400000.0,2,1,1
Shri INGORALA DAND GRAM PANCHAYAT,1,400000.0,1,1,1
GRAM PANCHAYT NARPURA,1,400000.0,1,1,1
KOLHAPUR GRAM PANCHAYAT,1,400000.0,1,1,1
ZIKIYARI GRAM PANCHAYAT,1,400000.0,1,1,1
Nagireddy Rajireddy,1,400000.0,1,1,1
Nagar nigam Dewas,2,400000.0,2,1,1
GRAM PANCHAYT GUDHELI,2,400000.0,1,1,1
G P Poolan,2,400000.0,1,1,1
SANTHOSH KUMAR RAMARTHI,1,400000.0,1,1,1
SANTHOSH KUMAR SHETTY,1,400000.0,1,1,1
KOTDA ROHA GRAM PANCHAYAT,1,400000.0,1,1,1
ARIGELA CHINNA GANGADHAR,1,400000.0,1,1,1
Bhadari Padra,1,400000.0,1,1,1
GRAM PANCHAYAT DALOLI,1,400000.0,1,1,1
Poladiya gram panchayt,1,400000.0,1,1,1
Prashanta Kumar Polei,1,400000.0,1,1,1
RAJYA PARIVARTIT YOJNA GP MALDA,2,400000.0,1,1,1
RAJU N,1,400000.0,1,1,1
RAJIV KUMAR CONTRACTOR,2,400000.0,2,1,1
GP SIRRIKHURD,2,400000.0,1,1,1
KARAMCHAND D SINGH,2,400000.0,2,1,1
GP TIHRA,6,400000.0,3,1,1
Romesh Mawkon,3,400000.0,1,1,1
GRAM PANCHAYAT JALIA,1,400000.0,1,1,1
ADHYAKSH GRAMKOSH SFC KOTHADI,1,400000.0,1,1,1
MAHENDRAPUR GRAM PANCHAYAT,1,400000.0,1,1,1
HETILSON MARAK,2,400000.0,1,1,1
karodmota Karodiya Gram Panchyat,1,400000.0,1,1,1
PURUSOTTAM MEHER,1,400000.0,1,1,1
RAVMOTI GRAM PANCHAYAT,1,400000.0,1,1,1
GRAM PANCHAYAT KAAMTA,2,400000.0,2,1,1
RAVANA GRAMPANCHAYAT,1,400000.0,1,1,1
GP SAGONIYA JP SANCHI,2,400000.0,1,1,1
Parevala Gram Panchayat,1,400000.0,1,1,1
GRAM PANCHAYAT Bhatiel,1,400000.0,1,1,1
GRAM PANCHAYAT DEVA VANTA,1,400000.0,1,1,1
K RAMESH REDDY,1,400000.0,1,1,1
TEN,1,400000.0,1,1,1
M S HARSHA BARDHAN PRAHARAJ,1,400000.0,1,1,1
BHILO KI KHIDE,2,400000.0,1,1,1
MADHUSUDAN DAS,2,400000.0,2,1,1
BHUTAVAD GRAM PANCHAYAT,1,400000.0,1,1,1
MADHAV CONSTRUCTION,1,400000.0,1,1,1
TARH YATU,1,400000.0,1,1,1
Puda gram panchayat,1,400000.0,1,1,1
TARH SINIA,1,400000.0,1,1,1
TARADHARI GRAM PANCHAYAT,1,400000.0,1,1,1
sarpanch gp mordongrikhurd,1,400000.0,1,1,1
ABHOR GRAM PANCHAYAT,1,400000.0,1,1,1
sarpanch gram panchayat birra,1,400000.0,1,1,1
GRAM PANCHAYAT BADMAR,2,400000.0,1,1,1
Pratappur gram panchayat,1,400000.0,1,1,1
GRAM PANCHAYAT GANGAPUR,2,400000.0,2,1,1
Prethington Marak,3,400000.0,1,1,1
GRAM PANCHAYAT BARBANDHA,1,400000.0,1,1,1
TARH YAMA,1,400000.0,1,1,1
KATKAM  GANGA RADHA,1,400000.0,1,1,1
GP CHETIKHEDA,1,400000.0,1,1,1
PHILIP NARZARY,2,400000.0,1,1,1
GRAM PANCHAYAT NANIMUDEL,5,400000.0,5,1,1
GP DHORIWABADI,1,400000.0,1,1,1
Jangvad gram panchayat,1,400000.0,1,1,1
BRAMMAROUTHU NARESH KUMAR,1,400000.0,1,1,1
TRITHA SAHU,2,400000.0,2,1,1
INDRAMANA GRAM PANCHAYAT,1,400000.0,1,1,1
Supriya A Sangma,2,400000.0,1,1,1
GP SEMLIBARI A,1,400000.0,1,1,1
BUDDE SAVITHRI,1,400000.0,1,1,1
Sub Divisional Soil Conservation officer Dharamshala,2,400000.0,1,1,1
PANEY YANA,1,400000.0,1,1,1
PANESAR AGRICULTURE WORKS,1,400000.0,1,1,1
GP BINAURI,2,400000.0,1,1,1
GP BIJALI,2,400000.0,1,1,1
GP Badai,3,400000.0,2,1,1
Shihor Thikariya Juth Gram Panchayat,1,400000.0,1,1,1
GRAM PANCHAYAT OBARHA JANPAD PANCHAYAT SIDHI,4,400000.0,1,1,1
Reynold M Sangma,2,400000.0,1,1,1
BRIGHTSTONE BEY,2,400000.0,1,1,1
RATNAGARI RAJA SHEKAR GOUD,1,400000.0,1,1,1
RASALTYA GRAM PANCHAYAT,1,400000.0,1,1,1
RANSIKI GRAMPANCHAYAT,1,400000.0,1,1,1
GP LAKSHMANPURA,1,400000.0,1,1,1
KANUR KUMMARI RAMESH,1,400000.0,1,1,1
jakha gram panchayt,1,400000.0,1,1,1
AKHAJ GRAM PANCHAYAT,1,400000.0,1,1,1
GRAM PANCHAYAT KESHLA,2,400000.0,2,1,1
KANNAN M,1,400000.0,1,1,1
GRAM PANCHAYAT KUTENA,1,400000.0,1,1,1
gram panchayat mainpur khurd,1,400000.0,1,1,1
GRAM PANCHAYAT KOSAMBUDA,1,400000.0,1,1,1
GRAM PANCHAYAT MAHUDI PUNI BHUNWADI,3,400000.0,3,1,1
GP Kanyal,1,400000.0,1,1,1
GRAM PANCHAYAT KHAMTRAI,1,400000.0,1,1,1
ROY HARDWARE,2,400000.0,1,1,1
PRINTBOX,2,400000.0,2,1,1
AMARESH CH NAYAK,1,400000.0,1,1,1
Rampar Abada,1,400000.0,1,1,1
GP GOPALPUR,1,400000.0,1,1,1
GRAM PANCHAYAT MADANPUR,2,400000.0,2,1,2
RAJ KUMAR GHADAIPATRO,1,400000.0,1,1,1
SONDHI GRAM PANCHAYAT,1,400000.0,1,1,1
JAKKOJU SRINIVAS,1,400000.0,1,1,1
SRYGR DARLIPARA,1,400000.0,1,1,1
Gram Panchayat Khandla,6,400000.0,3,1,1
Gram Panchayat Majhauli,2,400000.0,1,1,1
MS SAIPUNG SECONDARY SCHOOL SAIPUNG,2,400000.0,1,1,1
Chief municipal officer mandsaur,1,400000.0,1,1,1
Chhasara Juth Gram Panchayat,1,400000.0,1,1,1
SRI BANNARI AMMAN TRADERS,1,400000.0,1,1,1
SARPANCH GRAM PANCHYAT PONCH,2,400000.0,1,1,1
Trinath B Marak,2,400000.0,1,1,1
LINCH GRAM PANCHAYAT,2,400000.0,2,1,1
LIMOS SAYOO,2,400000.0,1,1,1
LOPAMUDRA PATI TC DELANG BLOCK,10,400000.0,10,1,1
Grampanchayat Kangashiyali,1,400000.0,1,1,1
Grenalish N Marak,2,400000.0,1,1,1
Grampanchayat Jasapar,1,400000.0,1,1,1
Assistant Engineer Electrical section Tirurangadi,1,400000.0,1,1,1
Gram Panchayat Partapur,2,400000.0,1,1,1
Gram Panchayat Parduni,5,400000.0,3,1,1
Tripathi Traders,1,400000.0,1,1,1
C Lalchhuanpuia,2,400000.0,1,1,1
CC link road at Swaraj Nagar,2,400000.0,1,1,1
CC for Construction of Boundary wall at Ujjal Nagar Namghar,2,400000.0,1,1,1
CC Krishna Nagar Unnayan Samittee,1,400000.0,1,1,1
Gurcharan Agro Industries,1,400000.0,1,1,1
Samakhiali Gram Panchayat,1,400000.0,1,1,1
Sampra Gram Panchayat,2,400000.0,2,1,1
JAMTHADA AJAPAR JUTH GRAM PANCHAYAT,1,400000.0,1,1,1
Kottala Mohan Reddy,1,400000.0,1,1,1
Mahammadpura Gram Panchayat,1,400000.0,1,1,1
SONGADH GRAMPANCHAYAT,1,400000.0,1,1,1
SMT LACHI DEVI SAMAJ KALYAN INTERMEDIATE COLLAGE JATAHA BAZAR,2,400000.0,1,1,1
Gram Panchayat Deurmar,1,400000.0,1,1,1
DARSHADI GRAM PANCHAYAT,1,400000.0,1,1,1
Gram Panchayat Chhal,1,400000.0,1,1,1
Gram Panchayat Bhanthal,1,400000.0,1,1,1
VANDHIYA GRAM PANCHAYAT,1,400000.0,1,1,1
MULJIBHAI BHANJIBHAI PRAJAPATI,1,400000.0,1,1,1
MUNJAKHEDI,1,400000.0,1,1,1
MULBHUT G P PANDRIPANI,2,400000.0,2,1,1
SOUBHAGYA KUMAR NAYAK,1,400000.0,1,1,1
Madharolla Sanjeev Kumar,1,400000.0,1,1,1
MOTA DEVALIYA GRAM PANCHAYAT,1,400000.0,1,1,1
Gram panchayat salheghori,1,400000.0,1,1,1
Gram panchayat Palion,4,400000.0,2,1,1
SYNRANG SHAHKHAIN RYMBAI,2,400000.0,1,1,1
AANANDNAGAR GRAM PANCHAYAT,1,400000.0,1,1,1
K NARENDHER,1,400000.0,1,1,1
RABINDRA KACHARI,2,400000.0,1,1,1
MAC Systems,1,400000.0,1,1,1
Halapar Gram panchayat,1,400000.0,1,1,1
Gram Panchayat Matehal,1,400000.0,1,1,1
KAKARAVA GRAM PANCHAYAT,1,400000.0,1,1,1
shree amarapra gram panchayat,1,400000.0,1,1,1
BALABHADRA KISHAN,1,400000.0,1,1,1
GRAM PANCHAYAT GADAGHAT,2,400000.0,1,1,1
GRAM PANCHAYAT GADADONGRI MAL,1,400000.0,1,1,1
GRAM PANCHAYAT BHARKUNDA,2,400000.0,2,1,1
GRAM PANCHAYAT DHILAPUR,2,400000.0,1,1,1
RAGHUNATH SAHOO,1,400000.0,1,1,1
GRAM PANCHAYAT BOODA,2,400000.0,1,1,1
RANGBAH SHNONG LAWJYNRIEW NONGTHYM,1,400000.0,1,1,1
shree jambarvala gram panchayat,1,400000.0,1,1,1
Gram Panchayat Modhe,2,400000.0,1,1,1
VAKKANTULA NAGENDRABABU,1,400000.0,1,1,1
LALITENDU SATPATHY,1,400000.0,1,1,1
SULTANPUR GRAM PANCHAYAT,1,400000.0,1,1,1
MS Leggong Enterprise,2,400000.0,1,1,1
SUBHRAJITA  PANI,10,400000.0,10,1,1
BACCHI DEVI SHIVRAJ SINGH SIKSHA SEWA SANSTHAN,1,400000.0,1,1,1
MS Bezbaruah Enterprise,6,400000.0,2,1,1
Gram Panchayat Sevni,1,400000.0,1,1,1
SUNGJEMMENBA,2,400000.0,1,1,1
MORAGAR JUTH GRAM PANCHAYAT,1,400000.0,1,1,1
BAKROL GRAM PANCHAYAT,1,400000.0,1,1,1
K MUTHURAMAN,1,400000.0,1,1,1
CHANDRODA GRAM PANCHAYT,1,400000.0,1,1,1
CHELLO YACHAP,1,400000.0,1,1,1
MR RAYAVADA GROUP GRAM PANCHAYAT,1,400000.0,1,1,1
MR METTRINSON G MOMIN,2,400000.0,1,1,1
CHHALIER JUTH GRAM PANCHAYAT,1,400000.0,1,1,1
MOTASAKHPAR GRAM PANCHAYAT,1,400000.0,1,1,1
LIMB GRAM PANCHAYAT,1,400000.0,1,1,1
MORJAR GRAM PANCHAYAT,1,400000.0,1,1,1
UMESHA A NAIK,1,400000.0,1,1,1
Sengprang R Sangma,2,400000.0,1,1,1
WAHEH SHNONG BARATO,2,400000.0,1,1,1
Vithon gram panchayat,1,400000.0,1,1,1
SELMA EKKA,1,400000.0,1,1,1
NAMITA SATPATHI,1,400000.0,1,1,1
NANA RAMPAR GRAM PANCHAYAT,1,400000.0,1,1,1
Gandra yathindra Rajeev,2,400000.0,1,1,1
Gaddam Ravikiran Reddy,1,400000.0,1,1,1
SHAIK ASAD,1,400000.0,1,1,1
Lakhapar Juth Gram Panchayat,1,400000.0,1,1,1
SFC MULBHOOT TALOD,1,400000.0,1,1,1
NAGALPUR GRAM PANCHAYAT,1,400000.0,1,1,1
Ganta Rajeshwar,1,400000.0,1,1,1
SHILAM SANTHOSH REDDY,1,400000.0,1,1,1
SHARAT GRAM PANCHAYAT,1,400000.0,1,1,1
DORBAR SHNONG MAWPAT PYLLUN,1,400000.0,1,1,1
DORBAR SHNONG IEWMAWIONG,1,400000.0,1,1,1
VONDH GRAM PANCHAYAT,1,400000.0,1,1,1
DOLIYA GRAM PANCHAYAT,1,400000.0,1,1,1
Ms LTY Enterprises,1,400000.0,1,1,1
SFC MULBHOOT BHOJAKHEDI,1,400000.0,1,1,1
Shidhhi Vinayak Tradars,1,400000.0,1,1,1
YERRA DEVARAJ,1,400000.0,1,1,1
SARPANCH GRAM PANCHAYAT JHANDEY,7,400000.0,1,1,1
GRAM PANCHYAT LINGPANI,4,400000.0,3,1,1
SARPANCH GRAM PANCHAYAT KHANDSA,1,400000.0,1,1,1
NIKIL SHETTY,1,400000.0,1,1,1
JITPUR GRAM PANCHAYAT,1,400000.0,1,1,1
SARPANCH SHRI JALUNDRA NANA,1,400000.0,1,1,1
SARPANCH SHRI DELADVA GRAM PANCHAYAT,1,400000.0,1,1,1
SARPANCH SACHIV GRAM PANCHAYAT KUTHREL,1,400000.0,1,1,1
Shaiborlang Thabah,2,400000.0,1,1,1
SARPANCH SACHIV GRAM PANCHAYAT GANYARI,1,400000.0,1,1,1
SARPANCH SACHIV GP KANCHANDIH,2,400000.0,1,1,1
SARPANCH SACHIV DP DHAURABHANTA,1,400000.0,1,1,1
WILLING D SHIRA,2,400000.0,1,1,1
Wellayday Sangma,2,400000.0,1,1,1
JEDWIN  LYNGDOH,2,400000.0,1,1,1
NARANPUR NARSOLI GRAM PANCHAYAT,1,400000.0,1,1,1
NARANPAR ROHA JUTH GRAM PANCHAYAT,1,400000.0,1,1,1
SARPANCHSHRI KARLI GRAM PANCHAYAT,2,400000.0,2,1,1
SARPANCHSHRI JAGNNATHPURA GRAM PANCHAYAT,1,400000.0,1,1,1
SARPANCH SACHIV GRAM PANCHAYAT PARSADAJOSHI,2,400000.0,2,1,1
Sarpanch Shri Jindava,1,400000.0,1,1,1
Sarpanch Shri Dharisna,1,400000.0,1,1,1
Sarpanch Gram Panchayat Garhi,1,400000.0,1,1,1
DEVLA GRAM PANCHAYAT,1,400000.0,1,1,1
Manu Krishi Udyog,1,400000.0,1,1,1
Amblun Gram Panchayat,2,400000.0,2,1,1
Ambika Prasad Bisoyi,1,400000.0,1,1,1
SHRI RAM SUPPLIER GORAIYA RAMPUR,1,400000.0,1,1,1
DHANASARA GRAM PANCHAYT,1,400000.0,1,1,1
SHRI KOTHARA JUTH GRAM PANCHAYAT,1,400000.0,1,1,1
SHRI AASHAPAR JUTH GRAM PANCHAYAT,1,400000.0,1,1,1
Meghpar Gram Panchayat,1,400000.0,1,1,1
Meenugu Anjaiah,1,400000.0,1,1,1
DHARMENDRA KUMAR SAMANTARAY,10,400000.0,10,1,1
DHARMARAJ BISWAL,1,400000.0,1,1,1
DELOLI GRAM PANCHAYAT,2,400000.0,2,1,1
Gram Panchayat Balwarikalan janpad Panchayat gandhwani,1,400000.0,1,1,1
JASKA GRAM PANCHAYAT,2,400000.0,2,1,2
SIRPANCH SINGHA GRAM PANCHAYAT,1,400000.0,1,1,1
DESHALPAR GU GRAM PANCHAYAT,1,400000.0,1,1,1
LUDVA GRAM PANCHAYAT,1,400000.0,1,1,1
DHARPURA KHANT,2,400000.0,2,1,1
Mohanpur gram panchayat,1,400000.0,1,1,1
SHREE THARAVADA GRAM PANCHYAT,1,400000.0,1,1,1
SHREE NANA LAYJA GRAM PANCHAYAT,1,400000.0,1,1,1
SHREE LORIA GRAM PANCHAYAT,1,400000.0,1,1,1
SHREE KHAVDA GRAM PANCHAYAT,1,400000.0,1,1,1
Moti Varnoli Gram Panchayat,1,400000.0,1,1,1
SHREE FOTDI GRAM PANCHAYAT,1,400000.0,1,1,1
Albin Lamare Memorial Secondary School Nangbah,2,400000.0,1,1,1
Akshya Kumar Mohapatra,2,400000.0,2,1,1
SHRI KADBAL GRAM PANCHAYAT,1,400000.0,1,1,1
Sarpanch Shri Khadiya Thadakuva,1,400000.0,1,1,1
SHRI DHUFI NANI GRAM PANCHAYAT,1,400000.0,1,1,1
VISALIYA GRAM PANCHAYAT,1,400000.0,1,1,1
VIRA GRAMPANCHAYAT,1,400000.0,1,1,1
Agrawal navyuvak mandal satna,1,400000.0,1,1,1
MEGHRAJ GRAM PANCHAYAT,1,400000.0,1,1,1
MEGHPAR GRAM PANCHAYAT,1,400000.0,1,1,1
MEGHAPIPALIYA  GRAM PANCHAYAT,1,400000.0,1,1,1
Sarpch And Sachiv Gram Panchayat SUKHWAS,1,400000.0,1,1,1
Sarpch And Sachiv Gram Panchayat NITANWAS,1,400000.0,1,1,1
Sarpanch Shri Vadod,1,400000.0,1,1,1
SHRI DUMRA GRAM PANCHAYAT,1,400000.0,1,1,1
BHARKUNDA GRAM PANCHAYAT,2,399993.0,2,1,1
EDDULA CHANGAL REDDYGARI MAHESWARA REDDY,1,399992.0,1,1,1
vV SIDDESHA,1,399986.0,1,1,1
KANVIRDI GRAM PANCHAYAT,1,399975.0,1,1,1
NEW GARG ENTERPRISES,1,399974.0,1,1,1
Bhoben Kutum,5,399973.0,2,1,1
RAMINENI NAGARAJA NAIDU,1,399973.0,1,1,1
Mandaloju Rajendra Prasad,2,399973.0,1,1,1
Bodakunta Shanthosh,2,399972.0,2,1,1
ghosh traders,1,399969.0,1,1,1
SAMNAVA GRAM PANCHAYAT,1,399962.0,1,1,1
GRAM PANCHAYAT SAYKHA,1,399960.0,1,1,1
GRAM PANCHYAT KHOJABAL,1,399960.0,1,1,1
ASIM MANDAL,1,399960.0,1,1,1
GRAM PANCHAYAT SADATHALA,1,399960.0,1,1,1
GRAM PANCHAYAT VILAYAT,1,399960.0,1,1,1
GRAM PANCHAYAT NANDARKHA,1,399960.0,1,1,1
SHREE RINARI GRAM PANCHAYAT,1,399954.0,1,1,1
ARERA GRAM PANCHAYAT,2,399952.0,2,1,1
THAMMI VENKATA RAMANAIAH,1,399951.0,1,1,1
GP KALIPITH JP RAJGARH,2,399951.0,1,1,1
ASHISH TRADERS,2,399950.0,1,1,1
BADODRA ROPDA GRAM PANCHAYAT,1,399949.0,1,1,1
SATHISH,1,399944.0,1,1,1
Gram Panchayatdavalpura,1,399942.0,1,1,1
HINGALLA GRAM PANCHAYAT,1,399942.0,1,1,1
JK APPASAMY CONSTRUCTION,2,399940.0,2,1,1
T ASHOKKUMAR,1,399928.0,1,1,1
Gram panchayat Rajna,2,399917.0,1,1,1
RUKINI SOMEPALLE,2,399912.0,2,1,1
O L RAVI,1,399907.0,1,1,1
SARPANCH SHRI PALUNDRA,1,399907.0,1,1,1
GRAM PANCHAYAT JURTELA,1,399900.0,1,1,1
RK AGROTECH,1,399900.0,1,1,1
GRAM PANCHAYAT DUDHIYA,1,399897.0,1,1,1
HARIPAR GRAM PANCHAYAT,1,399890.0,1,1,1
GRAM PANCHYAT HADALA SORIMBHADA,1,399886.0,1,1,1
VADANA GRAM PANCHAYAT,1,399884.0,1,1,1
NANA DAHISARA GRAMPANCHAYAT,1,399875.0,1,1,1
SHREE BHERUNATH ENTERPRISES,1,399866.0,1,1,1
GRAM PANCHAYAT ASHAMALI,2,399865.0,2,1,1
GRAM PANCHAYAT KOTHIYA,1,399859.0,1,1,1
SAIRAM CONSTRUCTIONS,1,399856.0,1,1,1
APIYA GRAM PANCHAYAT,1,399851.0,1,1,1
Gram Panchayat Nain,4,399846.0,2,1,1
SARPANCHSHREE GRAM PANCHAYAT DEVALIYA,1,399846.0,1,1,1
ASRAFUL BAIDYA,1,399842.0,1,1,1
GRAM PANCHAYAT VADLA,1,399829.0,1,1,1
grampnachyat sadanapura,1,399811.0,1,1,1
AKASH ENTERPRISE,1,399807.0,1,1,1
KARAMDI GRAM PANCHAYT,1,399800.0,1,1,1
G GOURI SANKAR RAJU PRESIDENT VLC BOMMAVARAM GP,1,399788.0,1,1,1
BHAGAWANTH SINGE,2,399785.0,1,1,1
KAPADYARI,1,399785.0,1,1,1
KAZI INAMUL AKBAR,2,399784.0,1,1,1
PALAIAPPA MOTOR WORK AND PIPES,1,399783.0,1,1,1
RAJASHEKAR,2,399782.0,1,1,1
SHAIK AHAMAD BASHA,1,399781.0,1,1,1
GROUP GRAM PANCHAYA FULSAR,3,399781.0,3,1,1
KOTHAPALLI KESAVULUREDDY,1,399779.0,1,1,1
VIJALIYA GRAM PANCHAYAT,1,399779.0,1,1,1
M VELU,1,399772.0,1,1,1
H G DEVENDRA,1,399759.0,1,1,1
RAJ KUMAR GUITA,1,399756.0,1,1,1
TRENT GRAM PANCHAYAT,1,399750.0,1,1,1
GRAM PANCHAYAT MAKHIYALA,1,399745.0,1,1,1
BAIJU S,1,399729.0,1,1,1
GRAN PANCHAYAT BHANDARKHOL,2,399708.0,1,1,1
Sarpanch Shri Zak,1,399705.0,1,1,1
KADIVETI ANVESH KUMAR REDDY,1,399700.0,1,1,1
SAMBHOI GRAM PANCHAYAT,1,399700.0,1,1,1
BABARI GRAM PANCHAYAT,2,399691.0,2,1,1
DHANDABANI K NALLUR,1,399689.0,1,1,1
Longsing Engti,2,399679.0,1,1,1
M DEVARAJA REDDY,2,399673.0,1,1,1
SHRI SIDH INFRA,6,399669.0,1,1,1
SARPANCH SHRI HATHIJAN,1,399660.0,1,1,1
GRAM PANCHAYAT PAHAJ,1,399641.0,1,1,1
AEGIS AUTOMATION INDIA PVT LTD,1,399625.0,1,1,1
Sandesh Plywood and Glass House,3,399620.0,3,1,1
P2G NETWORK,1,399608.0,1,1,1
Pachha Ajay,1,399605.0,1,1,1
GRAM PANCHAYAT HARIPURA,3,399604.0,3,1,1
Devbhumi Devaliya Gram Panchayat,1,399600.0,1,1,1
AJITH,2,399590.0,2,1,2
ZANU GRAM PANCHAYAT,2,399588.0,2,1,1
SWARUP SARKAR,1,399582.0,1,1,1
NAGARAJU B,2,399578.0,1,1,1
Boratvada Gram Panchayt,1,399553.0,1,1,1
DAMPAT GRAM PANCHAYAT,3,399553.0,3,1,1
GORRELA SRIRAMULU,1,399545.0,1,1,1
Thirupathi Chandanagiri,1,399541.0,1,1,1
Pavithra A,1,399512.0,1,1,1
C T THULSEGOWDA,1,399496.0,1,1,1
JINU GEORGE,1,399467.0,1,1,1
JASMATPUR GRAMPANCHAYAT,1,399448.0,1,1,1
GP Bharwana,4,399443.0,2,1,1
GRAM PANCHAYAT UMRALA,1,399429.0,1,1,1
SHREE KUNARIYA JUTH GRAM PANCHAYAT,1,399415.0,1,1,1
Kandari Assocaite,1,399403.0,1,1,1
KOYALIYA GRAM PANCHAYAT,1,399400.0,1,1,1
SAMARJEET KASHYAP,6,399388.0,1,1,1
SUHANA ENTERPRISE,1,399380.0,1,1,1
K A SATISH,1,399366.0,1,1,1
SALUN TALPAD GRAM PANCHAYAT,4,399360.0,4,1,1
A S T Constructions,1,399349.0,1,1,1
GOLDEN ENTERPRISE,2,399323.0,2,1,1
BONGURULA RAMCHANDER RAO,1,399322.0,1,1,1
Sarpanch Shri Demaliya,1,399320.0,1,1,1
Adavayya Hiremath,1,399304.0,1,1,1
SHAPURAM GANESH,1,399284.0,1,1,1
N K ENTERPRISE,2,399282.0,1,1,1
RaoMpmkvvcl,2,399265.0,1,1,1
HALASWAMY A,1,399248.0,1,1,1
S G CONSTRUCTION,1,399244.0,1,1,1
AMARSINGH CHAUHAN CONTRECTOR,1,399237.0,1,1,1
GP Sainj,6,399219.0,3,1,1
PALL Iron and Hardware Store,1,399200.0,1,1,1
GNANASEKAR R,2,399199.0,2,1,1
The Pricons,1,399168.0,1,1,1
ARVINDRAJ CONTRACTORS,1,399150.0,1,1,1
RANJITPAR GRAM PANCHAYAT,1,399118.0,1,1,1
Rudresh Vijapur,1,399104.0,1,1,1
M S SUNIL Traders,1,399100.0,1,1,1
SADODAR GRAM PANCHAYAT,1,399070.0,1,1,1
PATAN GRAM PANCHAYAT,1,399068.0,1,1,1
GRAM PANCHAYAT KHAIRBHAVNA,2,399055.0,1,1,1
PERUMAL S,1,399052.0,1,1,1
Sesha Construction,2,399014.0,2,1,1
TANA GRAM PANCHAYAT,1,399007.0,1,1,1
Gaivinath Constraction Vijaypur,1,399000.0,1,1,1
Gram Panchayat Barbai,3,399000.0,2,1,1
GHOGHA GRAM PANCHAYAT,1,398998.0,1,1,1
SARPANCH SHRI BARIYA,1,398986.0,1,1,1
Shivanagouda Janagoudra,1,398955.0,1,1,1
Mohammad Jamal,2,398930.0,2,1,1
KAIRALI LABOUR CONTRACT CO OP SOCIETY,1,398926.0,1,1,1
VIVEK RAM M R,1,398919.0,1,1,1
GRAM PANCHAYAT SUTREL,1,398919.0,1,1,1
Shaukath Hashmi,1,398854.0,1,1,1
SHILOJ GRAM PANCHAYAT,1,398777.0,1,1,1
RAGHAVENDRA K T,1,398761.0,1,1,1
SHIVARAMAIAH,1,398734.0,1,1,1
GP Binga,4,398710.0,2,1,1
SHIHOR GRAM PANCHAYAT,1,398703.0,1,1,1
GRAM PANCHAYAT MAJEVADI,1,398683.0,1,1,1
JALISANA GRAM PANCHAYAT,1,398683.0,1,1,1
PAVAN CONSTRUCTIONS,1,398678.0,1,1,1
J D LOKESH,1,398638.0,1,1,1
Upananda Construction,1,398636.0,1,1,1
Mr NAGABHUSHANA,2,398622.0,1,1,1
GRAM PANCHYAT DHANORI,1,398597.0,1,1,1
SARPANCH GORGAM GRAM PANCHAYAT,1,398597.0,1,1,1
Ved Publication,2,398577.0,2,1,1
Tokala Maruthi,2,398562.0,2,1,1
YARAGARLA RADHAKRISHNA,1,398519.0,1,1,1
Julakanti Saidi Reddy,1,398401.0,1,1,1
Gram Panchayat Prahnuie,2,398400.0,1,1,1
NINAD PRADIPRAO WANKHEDE,1,398363.0,1,1,1
GRAM PANCHAYAT RAKH,4,398337.0,2,1,1
SILVANOS VALAPPILLIL ANTONY,1,398294.0,1,1,1
GP WARPA,1,398292.0,1,1,1
Bamangam Gram Panchayat,3,398264.0,3,1,1
JUNA NAVDA GRAM PANCHYAT,1,398258.0,1,1,1
Mora Sathish,1,398183.0,1,1,1
GUNDALA SURESH REDDY,1,398173.0,1,1,1
PITAHADIYA GRAM PANCHAYAT,1,398167.0,1,1,1
MS SHRI VARA MATAJI JCB,1,398164.0,1,1,1
GRAM PANCHAYAT PAKHAAJAN,1,398142.0,1,1,1
PAWAN ENTERPRISIS,1,398132.0,1,1,1
GANGADHAR SHIVARAY NIMBAL,2,398124.0,1,1,1
GRAM PANCHAYAT FALLA,1,398113.0,1,1,1
K Balasubramanian,2,398080.0,2,1,1
SHRI MOTABHADUKIYA GRAM PANCHAYAT,1,398074.0,1,1,1
Guguloth Rambabu,1,398073.0,1,1,1
SAHA ENTERPRISE,1,398072.0,1,1,1
VIJAYAKUMAR GURAPPA DHARWAD,1,398067.0,1,1,1
UJJAWAL ENTERPRISES PROP MANISHA DEVI,1,398052.0,1,1,1
Gaddam Mallareddy,2,398012.0,1,1,1
MALLAPPA BASAPPA HARIJAN,1,398009.0,1,1,1
GRAM PANCHAYAT GHANSORE,2,398000.0,2,1,1
GRAM PANCHAYAT KHARKA,2,398000.0,1,1,1
Premier Health Care,1,398000.0,1,1,1
SAYED NOOR PASHA,2,397938.0,1,1,1
MUTTANNA,2,397871.0,1,1,1
ASMITHA SC LABOUR CONTRACT SOCIETY,1,397856.0,1,1,1
PENNAPATI MALLAIAH,1,397803.0,1,1,1
MS Samriddhi Enterprises,1,397797.0,1,1,1
UJJAWAL ENTERPRISE,4,397792.0,2,1,1
CHINDAM SRINIVAS,1,397731.0,1,1,1
BHASKAR,2,397705.0,2,1,1
Lucky construction,3,397594.0,1,1,1
MS ANAAYA ENTERPRISE,3,397593.0,3,1,1
M P NAGARAJ,1,397583.0,1,1,1
Patidar traders,4,397574.0,1,1,1
DHEERAJ BHATT,2,397506.0,2,1,1
JAYA POOJARY,1,397505.0,1,1,1
Harish L Koneri,1,397502.0,1,1,1
Lindum Taju Enterprise,1,397486.0,1,1,1
PANDURANG K KUNKUR,1,397479.0,1,1,1
BABA NANAK PIPES,3,397440.0,2,1,2
VEERANNA RAMPPA BARAKER,1,397413.0,1,1,1
MAHANTHESH H,1,397333.0,1,1,1
GNANANETRA ENGINEERING AND  INFRA PR,1,397179.0,1,1,1
Soumya Basavaraj Chikkaharakuni,1,397065.0,1,1,1
BHOJRAJ MAJOOR SAH SANTHA SAWNER,1,397004.0,1,1,1
GRAM PANCHAYAT GUMANPURA,2,396986.0,1,1,1
MS PIU ENTERPRISE,2,396980.0,1,1,1
KHASTA GRAM PANCHAYAT,1,396941.0,1,1,1
SUDHAN RAI,1,396764.0,1,1,1
FOKDI GROUP GRAM PANCHAYAT,1,396700.0,1,1,1
SANDEEP VASANT GOKHALE,1,396568.0,1,1,1
mahadeviya gram panchayat,1,396547.0,1,1,1
ABHISHEK KALE,1,396456.0,1,1,1
VIPIN SAHRMA,2,396419.0,1,1,1
gram panchyat madhota 2,1,396400.0,1,1,1
Shivaji Bhajantri,1,396375.0,1,1,1
Syed Mahammad Firoz Ali,1,396167.0,1,1,1
Ashok G Dodawad,1,396154.0,1,1,1
J K ENTERPRISES JALENDHAR,1,396124.0,1,1,1
RAJU YADAV,1,396117.0,1,1,1
MAHI ENTERPRISES Dharmendra kumar,1,396034.0,1,1,1
Chief Executive Officer JAKEDA SRINAGAR,1,396000.0,1,1,1
Sarvabhwman P P,1,395949.0,1,1,1
GUMMULA PRAKSH,1,395916.0,1,1,1
KOTHAV GRAM PANCAHAYT,2,395700.0,2,1,1
ABHIMANYU GIRI,1,395692.0,1,1,1
AVANYA PRATAP SERVICE AND CONSTRUCTION,2,395632.0,1,1,1
MONALISA MOHAPATRA,1,395600.0,1,1,1
Ajit Senapati,2,395561.0,2,1,1
S AND O CONSTRUCTION,2,395532.0,2,1,1
BRIGHT INFOSIS,1,395500.0,1,1,1
MAL GRAM PANCHAYAT,2,395481.0,2,1,1
SHREE RAYDHANPAR JUTH GRAM PANCHAYAT,1,395431.0,1,1,1
Shri Arnej Gram Panchayat Arnej,1,395284.0,1,1,1
THIRUMALAI T,1,395258.0,1,1,1
Ogireddy satya Lokesh Kumar,1,395244.0,1,1,1
jain computer,4,395000.0,4,1,2
GULAM Hussain,1,395000.0,1,1,1
ACCOUNT OFFICER,1,395000.0,1,1,1
Shinder pal Singh,4,394930.0,3,1,1
YMJ Enterprise,1,394880.0,1,1,1
BIDYADHARA PATRA,1,394762.0,1,1,1
Brother Enterprise,1,394715.0,1,1,1
GRAM PANCHAYAT BHIYAL,1,394669.0,1,1,1
GRAM PANCHAYAT CHALTHAN,1,394600.0,1,1,1
BRAHMAROUTHU RAMA KRISHNA,1,394417.0,1,1,1
NANJAPPA E,2,394409.0,1,1,1
Ranjit Maharana,1,394369.0,1,1,1
MS DOYING BOTE ENTERPRISE,1,394182.0,1,1,1
KARTIK CHANDRA MAHARANA,1,394176.0,1,1,1
AYE ENTERPRISE,1,393971.0,1,1,1
Sachiv gram panchayat Mehraghat,6,393900.0,3,1,1
Balaji Construction,1,393597.0,1,1,1
SARPANCH GRAM PANCHAYAT GUJRA,2,393500.0,1,1,1
RAJ KUMAR MONDAL,1,393385.0,1,1,1
JAI BAJRANG BALI ENTERPRISES,1,393371.0,1,1,1
GRAM PANCHAYAT RASKA,3,393368.0,3,1,1
ROSE ENTERPRISE,1,393322.0,1,1,1
AK ENTERPRISE,1,393193.0,1,1,1
NARESH SINGH,1,393000.0,1,1,1
Sasidharan K N,1,392894.0,1,1,1
METROCONSTRUCTION,1,392873.0,1,1,1
GOLLENA RAMESH,1,392713.0,1,1,1
BHOLENATH CONSTRUCTION,1,392662.0,1,1,1
SUKHMAN TRADING CO,3,392550.0,2,1,1
VLC President Neelakantaraopeta GP,2,392528.0,2,1,1
surendra singh contractor,1,392479.0,1,1,1
HPSCSC KANDRORI,6,392460.0,6,1,1
KANIJ GRAM PANCHAY,1,392241.0,1,1,1
DODWADIYA CONSTRUCTION,1,392205.0,1,1,1
HATDIYA ENTERPRISES,1,392172.0,1,1,1
J L Babu,2,392139.0,1,1,1
GAINDA SINGH DEVELOPERS,1,392083.0,1,1,1
GR Enterprises,1,392077.0,1,1,1
Top Brick Industry,12,392016.0,2,1,1
VEMUNDLA KUMAR,2,392016.0,2,1,1
ms shyam construction,3,392011.0,1,1,1
Pachar and Company,1,391823.0,1,1,1
Shri Moraj Grampanchayat,1,391812.0,1,1,1
PARNAPALLI KIRAN KUMAR,1,391781.0,1,1,1
LOVELY TILE PLANT,4,391694.0,3,1,1
Sumeet Garg Contractor,1,391600.0,1,1,1
UDAY CHAND NANDY,1,391478.0,1,1,1
BHINGRAN GRAM PANCHAYAT,1,391371.0,1,1,1
Ganpati Pipe Industries,2,391318.0,1,1,1
RATAN CHANDRA RAHA,2,391271.0,1,1,1
SUMEET SINGH,2,391000.0,2,1,2
EXECUTIVE ENGINEER UPPCL EDD III EXP,2,390752.0,2,1,1
MR RANGPUR GRAM PANCHAYAT,1,390719.0,1,1,1
SHREE NAGNARAY CONSTRUCTION COMPANY,1,390638.0,1,1,1
KUMAWAT LABOUR SUPPLIERS,1,390565.0,1,1,1
MUHAMMED SHAREEF,1,390528.0,1,1,1
BHAGYASHREE CONSTRUCTION,2,390495.0,1,1,1
Parash Khatiwoda,1,390451.0,1,1,1
ASIT KUMAR PATEL,1,390106.0,1,1,1
Ms BT Enterprise,1,390000.0,1,1,1
GIGASAN GRAM PANCHAYAT,1,390000.0,1,1,1
REZABUL MALLICK,1,389830.0,1,1,1
GREENS CONSTRUCTION,1,389748.0,1,1,1
KEERTHI S J,2,389712.0,1,1,1
MOTA DESAR GRAM PANCHAYAT,1,389028.0,1,1,1
Anup Jyoti Bora,1,388975.0,1,1,1
MALTI PATHAK,1,388901.0,1,1,1
Satya SaiKalyan Sewa Samiti,1,388763.0,1,1,1
SM MAIDUL ISLAM,1,388585.0,1,1,1
Raoof Ahmad,1,388524.0,1,1,1
SANDHYA ENTERPRISE,2,388407.0,2,1,1
GP Rathiar,3,388273.0,2,1,1
SWAMY NAIK BHUKYA,3,388173.0,3,1,1
THE BABA BADWALA CO OP SOCIETY,1,388085.0,1,1,1
M Sridhar Rao,1,388078.0,1,1,1
Sanjay Tanty JE Bisra Block,1,387931.0,1,1,1
RANITH ENTERPRISE,3,387855.0,3,1,1
Shri velva gram panchyat,1,387478.0,1,1,1
Jahangir Ahmad Kumar,1,387457.0,1,1,1
PALAVALASA RAVIKUMAR,4,387411.0,4,1,1
SODGAM GRAM PANCHAYAT,2,387000.0,2,1,1
THE GAJUWALA SOLAN COOPERATIVE LABOUR AND CONSTRUCTION SOCIETY LTD,2,386856.0,1,1,1
POKALA MALLESWARA REDDY,2,386835.0,2,1,1
BABITA RABHA,4,386710.0,2,1,1
Chahal Interlock Tile Factory,10,386683.0,4,1,2
Dhaliwal Enterprises,6,386600.0,2,1,1
T B CONSTRUCTION,1,386451.0,1,1,1
LEKH RAJ,3,386200.0,3,1,1
RABIN TAMANG,1,386160.0,1,1,1
Sh Mod Shafi So Ghulam Mohd Ro Rajgarh Tehsil Rajgarh District Ramban Contractor,2,386000.0,2,1,1
Ms Duhan Bhatta Co,1,385978.0,1,1,1
Bajwa Construction Co,1,385911.0,1,1,1
PRANAB HATUI,1,385827.0,1,1,1
BIJU M,1,385571.0,1,1,1
Dukhi Ram,2,385152.0,1,1,1
AEN ONM SATRA,2,384866.0,2,1,1
Cherlapally Srinivas,4,384468.0,4,1,1
Khalsa Tiles Industry,9,384450.0,3,1,1
Ujjal Hazarika,4,384099.0,2,1,1
BHATTI ENTERPRISES,5,384096.0,3,1,1
Ram Ji Dass,1,383767.0,1,1,1
ASSISTANT ENGINEER SOUTH DISTRICT ZILLA PANCHAYAT,1,383737.0,1,1,1
MEV CONSTRUCTION COMPANY,1,383628.0,1,1,1
The Kalayat Shri Shryam Ji Co Op LC Society Ltd,1,383532.0,1,1,1
ARUN DEVELOPERS,1,383500.0,1,1,1
PUNJAB TRADERS,4,383451.0,2,1,2
Kesireddy Ramreddy,2,383307.0,2,1,1
AMEER,1,383009.0,1,1,1
SUNDARASU,1,382845.0,1,1,1
NARESH HARDWARE STORE,10,382770.0,2,1,1
Gupata Baba Trading Co,2,382710.0,2,1,1
M S Shri Ram Bricks Co,9,382669.0,1,1,1
BANSHI LAL KHATIK,1,382649.0,1,1,1
Kintali Sai Kumar,1,382515.0,1,1,1
VEMURI TIRUMALA RAO,1,382500.0,1,1,1
CHAUDHURI ASHRAFUL KARIM,1,382499.0,1,1,1
Vice President VTDA Balleruguda,1,382493.0,1,1,1
Aggarwal Machinery Store,4,382297.0,2,1,1
JAY BHAVANI ENTERPRISE,1,382271.0,1,1,1
R K Groups,7,381850.0,6,1,1
PRADHAN JI CONSTRUCTION COMPANY,1,381621.0,1,1,1
MUNAGALA NAVYA,1,380996.0,1,1,1
CHIRIKI RAMA MURTHY,1,380896.0,1,1,1
JAI BHAWANI MATERIAL SUPPLIERS,1,380889.0,1,1,1
SHIVSHAKTI AND RAJAL CEMENT PRODUCTS,1,380800.0,1,1,1
SUBHASHREE BISWAL,2,380764.0,2,1,1
Shri Dev Construction,1,380469.0,1,1,1
GRAM PANCHAYAT RAJUPURA,1,380390.0,1,1,1
Govind Chandra Mohanta,1,380228.0,1,1,1
Jaju Building Material,1,380131.0,1,1,1
venkateswara rao ganesana,1,380097.0,1,1,1
Umesh Shrivastava,3,380008.0,1,1,1
Singla Sales Corporation,10,380000.0,10,1,1
Shaji P Kuriakose,1,379627.0,1,1,1
GOYAL MILL STORE,6,379524.0,2,1,1
RISHABH TRADERS,1,379519.0,1,1,1
RAJDEEP ENTERPRISE,1,379386.0,1,1,1
Shankheshwar Construction,1,379313.0,1,1,1
GRAM PANCHAYAT KHATODA,4,378958.0,4,1,1
ABDUL BASITH KT,1,378641.0,1,1,1
KUMAWAT CEMENT AGENCIEY ABHAWAS,1,378500.0,1,1,1
BENGAL ASSOCIATE,1,377848.0,1,1,1
SIBIN B S,1,377663.0,1,1,1
Dinesh Biswas,4,377483.0,3,1,1
SATWIK SHEELAVANT,1,377250.0,1,1,1
S A H CONSTRUCTION,2,377247.0,2,1,1
THE SHIVAM CO OP L AND C SOCIETY LTD,1,377197.0,1,1,1
EEEDD R ROORKEE,2,377190.0,2,1,1
DULFIKAR K V,1,377147.0,1,1,1
MUJAFFAR AHMED MOLA,2,377081.0,2,1,1
Gunta Ravi,2,376711.0,2,1,1
Darshan Singh,7,376527.0,3,2,2
Gram Panchayat Chotekapsi,2,376448.0,1,1,1
AKASH UNNIKRISHNAN,1,376398.0,1,1,1
Salh Cement Store,4,376037.0,3,1,1
THE HAR HAR MAHADEV COOP LC SOCIETY TLD,1,376000.0,1,1,1
Lakshit Trading company,1,375914.0,1,1,1
SHRI SHYAM CONSTRUCTION COMPANY,2,375834.0,1,1,1
THE SUNRISE CO OP L AND C SOCIETY LTD,1,375732.0,1,1,1
Dev Narayan Construction  Company,1,375565.0,1,1,1
RAJU ENTERPRISE,1,375382.0,1,1,1
KAILASH CHANDR TIWARI,1,375350.0,1,1,1
S B CONSTRUCTION CO,1,375259.0,1,1,1
Gram Panchayat Naukhrda,1,375000.0,1,1,1
BASAVARAJ MAHANTESH PATIL,1,375000.0,1,1,1
Durtlang Local Council,1,375000.0,1,1,1
Ms M R Enterprise,2,375000.0,1,1,1
SANJU B GHORPADE,1,375000.0,1,1,1
Boundary Wall near Durga Mandir Kathal,1,375000.0,1,1,1
Boundary Wall near Kali Mandir Bariknagar Silcoorie Barambaba GP,1,375000.0,1,1,1
GP Bhamnoli,3,375000.0,2,1,1
Boundary Wall at Rampur near Kalibari,1,375000.0,1,1,1
Sarpanch Gram Panchayat   DHANORA,3,375000.0,2,1,1
Road CC Block from Rabi Nath house,1,375000.0,1,1,1
VINAYAK MANE,1,375000.0,1,1,1
CON TOILET REST ROOM NR DHUBRI HARISABHA,1,375000.0,1,1,1
SHIVUKUMAR SARAGANACHARI,1,375000.0,1,1,1
ABHISHEK V GOUDAR,1,375000.0,1,1,1
M S RAVI,1,375000.0,1,1,1
SHIVARAJ DYAVAPPA DANDIN,1,375000.0,1,1,1
SANGUL,1,375000.0,1,1,1
Gram Panchayat Garpahra Muhal,1,375000.0,1,1,1
MUTTAPPA WADDAR,1,375000.0,1,1,1
GALEPPA,1,375000.0,1,1,1
Banaj gram panchayat,1,375000.0,1,1,1
RICHHAWAR,1,375000.0,1,1,1
GRAM PANCHAYAT KHURSIPAR MAL,1,375000.0,1,1,1
ABHISHEK JAMBU MOHITE,1,375000.0,1,1,1
MS Ka Kur Le Kyllung Jowai,1,375000.0,1,1,1
SUGREEV,2,375000.0,2,1,1
Con of Community Hall at Raniganj,1,375000.0,1,1,1
Sachin S Madiwalar,1,375000.0,1,1,1
BALACHANDRA BANAVI,1,375000.0,1,1,1
Construction of Boundary Wall near Airanjongla Pt I Namapara Kobrostan,1,375000.0,1,1,1
Construction of Boundary Wall of Play ground near Bargirarpar Iddgha,1,375000.0,1,1,1
SACHIN KOKKALKI,1,375000.0,1,1,1
LINGAPPA,1,375000.0,1,1,1
LINGANANDA TALAWAR URF HANCHINAMANI,1,375000.0,1,1,1
Garam Panchayta Khotlaapal,2,375000.0,2,1,1
GOVINDA NAYAK,1,375000.0,1,1,1
SHEKHARPPA,1,375000.0,1,1,1
gram panchayat jhola,1,375000.0,1,1,1
Gram Panchayat Satta Dhana,1,375000.0,1,1,1
LAXMAN PANDAPPA CHAVAN,1,375000.0,1,1,1
gram panchayat ghansore,2,375000.0,2,1,1
BASAVARAJ GOUDAPPA KARIKALL,1,375000.0,1,1,1
UMESH J,1,375000.0,1,1,1
MOUNESH,1,375000.0,1,1,1
PRKAY CONSTRUCTION PRIVATE LIMITED,1,375000.0,1,1,1
SIDRAMAPPA SANGAPPA METI,1,375000.0,1,1,1
SHRI SWAMI CONSTRUCTIONS PROP P C SHATAVAJI,1,375000.0,1,1,1
Gram Panchayat Masurhai,1,375000.0,1,1,1
GRAM PANCHAYAT KHULARI BLOCK CHAWARPATHA,1,375000.0,1,1,1
Community Hall near Ganesh Mandir,1,375000.0,1,1,1
Con Boun Wal Satduburi RAR Graveyard,1,375000.0,1,1,1
BEERAPPA S YANNI,1,375000.0,1,1,1
Con Com Hall Sagunchara Simanta Library,1,375000.0,1,1,1
Shivkumar,1,375000.0,1,1,1
gram panchayat budhore,1,375000.0,1,1,1
SANNA HUSENAPPA,1,375000.0,1,1,1
SOMAYYA MATHAPATI,1,375000.0,1,1,1
SOMANATH MALLAPPA HUNDRE,1,375000.0,1,1,1
SURAT BORGOYARY,1,375000.0,1,1,1
GRAM PANCHAYAT KULHAR,1,375000.0,1,1,1
HARISH WADEYAR,2,375000.0,2,1,1
SARPANCH OF GRAM PANCHYAT MAKHANPUR,3,375000.0,3,1,1
RAVIKUMAR M,1,375000.0,1,1,1
Con Wait Shed Birat Nagar Chairali,1,375000.0,1,1,1
GP CHANDEH,1,375000.0,1,1,1
GRAM PANCHAYAT MURMURA,2,375000.0,1,1,1
RAMKRISHNA M,1,375000.0,1,1,1
HEMANTH KUMAR T,1,375000.0,1,1,1
GRAM  PANCHAYAT SUNWARA,1,375000.0,1,1,1
VINAYAK TAMMANACHE,1,375000.0,1,1,1
Chandan P Gowda,1,375000.0,1,1,1
PANDIT,2,375000.0,2,1,1
MAILARI BHIRAPPA BHAGOJI,1,375000.0,1,1,1
GRAM PANCHAYAT MADAI,2,375000.0,2,1,1
Gram Panchayat Chandwar,1,375000.0,1,1,1
GRAM PANCHAYAT PUNGAR,1,375000.0,1,1,1
URMAL,2,375000.0,1,1,1
DADU NYAMGOUDA,1,375000.0,1,1,1
gram panchayat muradpur,1,375000.0,1,1,1
Ricky Dkhar,1,375000.0,1,1,1
GRAM PANCHAYAT DULHAPUR,1,375000.0,1,1,1
GRAM PANCHAYAT BALWADA,1,375000.0,1,1,1
GRAM PANCHAYT KHAIRI R INDIRA GANDHI VRIDHAVASTHA PENSAN YOJANA,1,375000.0,1,1,1
VIJAY S HODLUR,1,375000.0,1,1,1
G R MAHESH,1,375000.0,1,1,1
shivpad sarkar contractor,1,375000.0,1,1,1
gram panchayat madwa,1,375000.0,1,1,1
GRAM PANCHAYAT DOHANA,1,375000.0,1,1,1
R S CHALAGERI,1,375000.0,1,1,1
RAGHAVENDRA I NARAGATTI,1,375000.0,1,1,1
YAMANAPPA WALMIKI,1,375000.0,1,1,1
B H Harish,1,375000.0,1,1,1
Gram Panchayat Raipur,1,375000.0,1,1,1
GRAM PANCHAYT SARDA,1,375000.0,1,1,1
GRAM PANCHAYAT DHANOURA,1,375000.0,1,1,1
GRAM PANCHAYAT DHADHNI,1,375000.0,1,1,1
SUBHASAGOUDA PATIL,1,374992.0,1,1,1
GRAM PANCHAYAT BHADKAD,2,374954.0,2,1,1
SYED GH RABBANI,2,374885.0,2,1,1
GRAM PANCHAYAT KADRO,1,374800.0,1,1,1
Gp SARAHAN general account,4,374760.0,2,1,1
SARSWATI SHISHU MANDIR SISWA,1,374708.0,1,1,1
Rajib Haque,3,374491.0,1,1,1
ROCKY CONSTRUCTION,1,374458.0,1,1,1
PRALHAD,1,374250.0,1,1,1
RIYAZ AHMED,1,374250.0,1,1,1
Manikprabhu,1,374250.0,1,1,1
ARUN,1,374250.0,1,1,1
AMAR,1,374250.0,1,1,1
G PAVAN KUMAR,2,374230.0,2,1,1
SRINIVAS REDDY PATIL,1,374000.0,1,1,1
Rampaul,3,374000.0,3,1,1
Krishnaveni Loganathan,1,373998.0,1,1,1
NADA GRAM PANCHAYAT,1,373774.0,1,1,1
SR Enterprises prop shahrukh,1,373538.0,1,1,1
MANJUNATHA L,1,373503.0,1,1,1
JAI MAA DURGA AND BANDHU CONSTRUCTION,1,373472.0,1,1,1
OMRAN PROJECTS PRIVATE LIMITED,1,373418.0,1,1,1
Jasvir Singh,1,373352.0,1,1,1
RAJU P LAMANI,1,373141.0,1,1,1
BALAJI CONSTRUTION,1,373141.0,1,1,1
MS Shyamal Sarmah,3,373094.0,1,1,1
JAI BAJRANGBALI CONSTRUCTION,1,372836.0,1,1,1
The Keshopura Handa Coop LC Soc Ltd,1,372797.0,1,1,1
KUMARASWAMI H GOUDAR,1,372723.0,1,1,1
BHAWANI ENTERPRISES,1,372672.0,1,1,1
Punjab Interlock Tiles,13,372450.0,1,1,1
CHOUDARY ENTERPRISES,1,372363.0,1,1,1
Gurmail Singh,5,372356.0,2,1,2
kuncham Madavarao,1,372296.0,1,1,1
Sanjib Gogoi,7,372102.0,3,1,1
Junior Engineer Jhumpura Block,2,372038.0,2,1,1
KUSHAL CONSTRUCTION,1,371994.0,1,1,1
Gram Panchayat Karkali,1,371633.0,1,1,1
Gram Panchayat Jaitpur Sekhpur,1,371569.0,1,1,1
PRAVEENKUMAR KAYAKAD,1,371547.0,1,1,1
KUBER CONCRETE SOLUTIONS,8,371435.0,5,1,1
SAMRIDDHI CONSTRUCTION,1,371346.0,1,1,1
BANSAL TRADING COMPANY,3,371258.0,1,1,1
MOHAMMED TAIYAB,1,371250.0,1,1,1
Siddareddy,1,371250.0,1,1,1
BDPO UCHANA,3,371157.0,3,1,1
Gram Panchayat Chainpur,1,371047.0,1,1,1
KARTHIK D R,1,370939.0,1,1,1
DEBASISH BISWAS,1,370902.0,1,1,1
RAMESHKUMAR M,1,370635.0,1,1,1
ARNOULI TIMBER TRADERS,7,370254.0,5,1,1
Gram pancahyat  bhoipar,3,370000.0,3,1,1
UMTYLLUN SOHSYNNAM ANIMAL WELFARE SOCIETY,2,370000.0,1,1,1
SARPANCHSHRI TUNDAV GRAM PANCHAYAT,2,370000.0,2,1,1
Riddham Construction,1,369969.0,1,1,1
Mehraj ud din badroo,1,369900.0,1,1,1
CHAKRAPANI B S,1,369849.0,1,1,1
GRAM PANCHYAT GHAR,4,369841.0,2,1,1
SAMA SURENDER,1,369825.0,1,1,1
Alal Uddin,2,369400.0,1,1,1
JS and Company,2,369370.0,2,1,1
MAHALUXMI BKO,9,368887.0,6,1,2
UNIQUE TECHNO SOLUTIONS PVT LTD,2,368820.0,2,1,2
GHUGHABHAI GANDABHAI KANJIYA,2,368788.0,1,1,1
SANKAR LAL VAISHNAV,1,368664.0,1,1,1
VIVEKANAND REDDY KOTHAKAPU,3,368557.0,3,1,1
MOHAMMAD SAIFUDDIN,1,368549.0,1,1,1
BHAIRAV CONSTRUCTION AND MATERIAL SUPPLIER,1,368491.0,1,1,1
SHREE BALAJI CONSRTUCTION CO,1,368458.0,1,1,1
Guru Nanak Raita Bazri Supplier,3,368230.0,3,1,1
PAWAN KUMAR SANJAY KUMAR,1,368227.0,1,1,1
AEN JVVNL LAXMANGARH,1,368194.0,1,1,1
Dhayal Enterprises,1,368112.0,1,1,1
Parth Construction Company,1,368034.0,1,1,1
Omer Nabi Bhat,1,367876.0,1,1,1
Gram Panchayat Korandha,1,367693.0,1,1,1
Sabu K A,1,367621.0,1,1,1
Akhila C,1,367500.0,1,1,1
SN AGENCIES,1,367500.0,1,1,1
SKYLINE CONSTRUCTION,1,366830.0,1,1,1
MATESHWARI ENTERPRISES,1,366792.0,1,1,1
BANGASREE ENTERPRISE,1,366688.0,1,1,1
VA MURALIDHAR,1,365698.0,1,1,1
Ms Sarasvi Construction,2,365639.0,2,1,1
MUHAMMED SAKKEER K,1,365609.0,1,1,1
MS SK CONSTRUCTION AND SUPPLIER,1,365422.0,1,1,1
Vijander Sharma,2,365280.0,2,1,1
DARSHAN ENTERPRISES,1,365057.0,1,1,1
Balram Singh,2,365000.0,2,1,1
Sarpanch Gram Panchayat   KHEIRIRANI,3,365000.0,2,1,1
GRAM PANCHAYAT BARAT,2,364582.0,2,1,1
KAPIL DALAL,2,364557.0,2,1,1
PRIYA RONGHANGPI,2,364451.0,1,1,1
ALMELKAR ARCHITECTS INTERIOR DESIGNERS,1,363826.0,1,1,1
RAZA ENTERPRISES,2,363702.0,1,1,1
ASOKAN V,1,363479.0,1,1,1
JATINDER KHAJURIA,2,362000.0,2,1,1
KAJEM ENTERPRISE,3,361938.0,3,1,1
BINUKUMAR A,1,361934.0,1,1,1
The Shree jeen mata coop lc society,1,361830.0,1,1,1
Shivam Traders,1,361447.0,1,1,1
M D Traders,1,361435.0,1,1,1
UP Power Corporation Limited,3,361362.0,3,1,1
Muhammed Naseer,2,361335.0,2,1,1
Pullalacheruvu Rajasekhar Reddy,1,361308.0,1,1,1
G Mohammad Iliyas Basha,1,361201.0,1,1,1
BUTTAR TRADERS,5,361050.0,3,1,1
harshul sharma h S SERVICES,4,361038.0,4,1,1
shri giriraj dharan construction,2,360731.0,2,1,1
GURU NANAK TRADERS,3,360562.0,2,1,2
POONAM SHUTTERING STORE,8,360250.0,1,1,1
Gopinath Ram,1,360096.0,1,1,1
CONST OF OFFICE ROOM AT ATHUGAON NAMGHAR,1,360000.0,1,1,1
CC Construction of Community hall at Dharapur Majarbahar pratham khel,1,360000.0,1,1,1
CC for Construction of common work sheds near Maa Mongalmoyee Mandir,1,360000.0,1,1,1
Changada Gp Account,3,360000.0,3,1,1
CONSTRUCTION OF BOUNDARY AND GATE AT GAKHURAPARA NIZDAMAKA NEAR SRI SRI JA,1,360000.0,1,1,1
Construction of Community hall near Brihattar Chaimile Lakshmi Mandir Artha Samajik Unnayan samity,1,360000.0,1,1,1
GRAM PANCHAYAT PAHADI WAVAN,1,360000.0,1,1,1
SIMRAN SPEECH AND HEARING CLINIC,1,360000.0,1,1,1
DORBAR SHNONG LAITMAWSIANG,2,360000.0,1,1,1
MR DEV URINAL LTN GARAKHIYA GOHAI THAN,1,360000.0,1,1,1
Construction of Crematoriums at Gaon Dimoria,1,360000.0,1,1,1
Ms R B Construction Co,6,359962.0,1,1,1
KS Kahlon Cement Store,3,359800.0,3,1,1
PARTHA PRATIM PHUKAN,3,359793.0,1,1,1
Miyan Brothers,2,359780.0,2,1,1
CHHOTU LAL MEENA,1,359000.0,1,1,1
Ajay Kumar,1,358826.0,1,1,1
KRISHNA ELECTRIC CO,1,358519.0,1,1,1
Water World,1,358334.0,1,1,1
ISRAT CONSTRUCTION,2,358316.0,2,1,1
HANUMAN CONSTRUCTION,1,358019.0,1,1,1
Pramod K M,1,357809.0,1,1,1
AMRUTVEL GRAMPANCHAYAT,1,357778.0,1,1,1
SHIV KUMAR CONTRACTOR,9,357767.0,4,1,1
sunda suppliers,1,357672.0,1,1,1
Pallikonda Poshaiah,1,357627.0,1,1,1
A Sathyanarayana,1,357627.0,1,1,1
MARGAM SHARTH BABU,1,357627.0,1,1,1
BALAJI SALES AND COMPANY,1,357549.0,1,1,1
Gram Panchayat Morjhari,1,357500.0,1,1,1
G Ramesh,2,357457.0,2,1,1
N Satya Narayana Reddy,1,357000.0,1,1,1
The Royal Madanpur Coop Lab And Con Soc Lt,1,356725.0,1,1,1
Shivarathri Venkanna,1,356689.0,1,1,1
SAMIRUL CONSTRUCTION,1,356398.0,1,1,1
Ramakrishnan Kunnath,1,356274.0,1,1,1
SEKH GOLAMRASUL,1,356247.0,1,1,1
BAHAUDDIN MALLICK,1,356195.0,1,1,1
GP BHARNAL,2,356189.0,1,1,1
ATIYAR RAHAMAN,1,356112.0,1,1,1
NASIRUDDIN MIRZA,1,355925.0,1,1,1
KHONDEKAR JASIM UDDIN,1,355907.0,1,1,1
ARUP KUMAR MONDAL,1,355898.0,1,1,1
THE LEHRI CO OP L AND C SOCIETY LTD,1,355724.0,1,1,1
Shafiq Ahmed,2,355500.0,2,1,1
The Bharatgarh Coop Labor and construction soc ltd,1,355340.0,1,1,1
RAJSHEKHAR S SAJJAN,1,355226.0,1,1,1
AKULA SRINIVAS,1,355207.0,1,1,1
POUDEL AND POUDEL ENTERPRISE,2,355143.0,1,1,1
CHETAN SHARMA,1,355000.0,1,1,1
Arsheed Hassan Lone,1,354570.0,1,1,1
BLAZE SYSTEMS AND SERVICES,1,354472.0,1,1,1
MOGA CONSTRUCTION,1,354132.0,1,1,1
SHANTI CONSTRUCTION COMPANY,1,354070.0,1,1,1
PROVA CONSTRUCTION,1,353911.0,1,1,1
VICKY DHANAULA CONTRACTOR,4,353440.0,4,1,1
PJB BRICKS INDUSTRY,1,353421.0,1,1,1
KLK Ventures Private Limited,23,353372.0,23,1,2
GOYAL TRADING COROPORATION,8,353270.0,3,1,1
AEN O and M JVVNL SULTANPUR,1,353000.0,1,1,1
Exicutive Engineer Electric section Nilambur,1,352451.0,1,1,1
MADHAV HARDWARE,4,351980.0,1,1,1
MARPALLY VIJAYENDAR REDDY,2,351946.0,2,1,1
NABAJIT BORUAH,5,351939.0,2,1,1
AVTAR SINGH GURDIP SINGH,1,351653.0,1,1,1
CHOUDHARY TILES,2,351611.0,1,1,1
RAVEENDRA NAIDU ANDRAVARI,1,351339.0,1,1,1
K D TRADING COMPANY,1,351080.0,1,1,1
SUNARAM MARANDI,1,351000.0,1,1,1
SWARNATHAMMAL,1,350955.0,1,1,1
BALAJI TILES UDYOG,1,350928.0,1,1,1
jai singh,1,350813.0,1,1,1
MS AIZA ENTERPRISES,2,350664.0,2,1,2
NIHAL CHAND ENTERPRISES,1,350404.0,1,1,1
Prince Enterprises,1,350402.0,1,1,1
Alphonse George,1,350187.0,1,1,1
SARPANCH GRAM PANCHAYAT LAKHANPURKALA,2,350000.0,2,1,1
RABINDRA MOHANTY,1,350000.0,1,1,1
Checknov K Sangma,4,350000.0,2,1,1
Construction of additional  room at Gojapara Zamat Community Hall Darak,2,350000.0,1,1,1
SARPANCH SHREE MAGODI GRAM PANCHAYAT,1,350000.0,1,1,1
GRAM PUNCHAYAT BHATGAON,1,350000.0,1,1,1
Construction of Boundary Wall at Badungduppa Kala Kendra,2,350000.0,1,1,1
SARPANCH GRAM PANCHAYAT TELIGUNDRA,1,350000.0,1,1,1
langarpur,1,350000.0,1,1,1
KANCHANBHAI SUKHABHAI PATEL,1,350000.0,1,1,1
SARPANCH GRAM PANCHYAT CHANGORI,1,350000.0,1,1,1
ARAVINDAN,1,350000.0,1,1,1
SARPANCH GRAM PANCHAYAT JAIRAMNAGAR,1,350000.0,1,1,1
GRAM PANCHAYAT KATHRIMAL,2,350000.0,2,1,1
GOJALI GRAM PANCHAYAT,1,350000.0,1,1,1
SARPANCH SACHIV GRAM PANCHAYAT MANOURA,2,350000.0,1,1,1
Construction of open community Hall at Bakaitari Anchalik Shiv Mandir,2,350000.0,1,1,1
Construction of open Community Hall at Jyotigaon Kanaklata Mahila Samity Kathakuthi,2,350000.0,1,1,1
Construction of community hall at Tharka Bazar near kalimandir  Joyramkhusi,2,350000.0,1,1,1
GRAM PANCHAYAT BADE KILIPAL 02,1,350000.0,1,1,1
GRAM PANCHAYAT VANGAM,3,350000.0,3,1,1
GRAM PANCHAYAT PALASA,2,350000.0,2,1,1
GRAM PANCHAYAT VALOTRI,2,350000.0,2,1,1
KESI REDDY MURALIDHAR REDDY,1,350000.0,1,1,1
CHAPAD GRAM PANCHAYAT,1,350000.0,1,1,1
gram Panchayat Bikram Bag,3,350000.0,2,1,1
gppura,1,350000.0,1,1,1
GRAM PANCHAYAT SAMROLI,2,350000.0,2,1,1
Shri Ringrak Ch Marak,4,350000.0,2,1,2
GP PATER MP,5,350000.0,2,1,1
Construction of open community hall at Bhakarpara Khillamara Anchalik Bihu field Rangjuli,2,350000.0,1,1,1
FOJIVADA GRAM PANCHAYAT,1,350000.0,1,1,1
SAMASPURA GRAM PANCHAYAT,1,350000.0,1,1,1
Smt Minoti Ch Marak,4,350000.0,3,1,2
GP Basa theog,3,350000.0,2,1,1
GRAM PANCHAYAT PAHADGAON,2,350000.0,1,1,1
Sarpanch Gram Panchayat Dodkawahi,1,350000.0,1,1,1
GADANI GRAM PANCHAYAT,1,350000.0,1,1,1
Sarpanch Gram Panchayat Bharlai,1,350000.0,1,1,1
Dillod,1,350000.0,1,1,1
GRAM PANCHAYAT MAHUDIYA,1,350000.0,1,1,1
GRAM PANCHAYAT NAUGAWAN DHIR SINGH,2,350000.0,1,1,1
METHI GRAM PANCHAYT,2,350000.0,2,1,1
GRAM PANCHAYAT MUNDAGARH,1,350000.0,1,1,1
Construction of Community Hall at Mujkuri Rajohuwa Namghar at Mujkuri Kushdhowa,2,350000.0,1,1,1
GP BHAWARCHUWA,1,350000.0,1,1,1
VASAIPURA GRAM PANCHAYAT,1,350000.0,1,1,1
GRAM PANCHAYAT PONDIKALAA,2,350000.0,1,1,1
GRAM PANCCHAYAT KUKERA,1,350000.0,1,1,1
SAROJ BARIK,3,350000.0,3,1,1
ST THOMAS HSS HIGHER SECONDARY SECTION,1,350000.0,1,1,1
LADOLI GRAM SEWVA SHAKARI SAMITI LIMITED,1,350000.0,1,1,1
SARING GRAM PANACAHAYT,2,350000.0,2,1,1
RAM PYARE LAL MEMO PUBLIC PRIMARY SCHOOL,3,350000.0,1,1,1
Construction of Open Community Hall at Lokpriya Gopinath Bordoloi club at Lelabori Harimura,2,350000.0,1,1,1
Construction of Additional Room at Moiskhuli Khamar Bihu Samity Darrangiri Kushdhowa,2,350000.0,1,1,1
Construction of Open Community Hall at Tarun Sangha at Mornoi,2,350000.0,1,1,1
SARPANCH HIMMATPUR GRAM PANCHAYAT,1,350000.0,1,1,1
MULBHUT GP HARDEVA,3,350000.0,3,1,1
Sunil Kamboj,2,350000.0,1,1,1
MOTA LAYJA GRAM PANCHAYAT,1,350000.0,1,1,1
SARPANCH  SACHIV G P KARANPUR,1,350000.0,1,1,1
SARPANCH GRAM PANCHAYAT BABADIYABHAU,1,350000.0,1,1,1
Debust R Marak,4,350000.0,2,1,1
MOTA CHEKHALA GRAM PANCHAYAT,1,350000.0,1,1,1
Gram Panchayat Bachhadawada janpad Panchayat nalchha district dhar,1,350000.0,1,1,1
DEDIYAPADA GROUP GRAM PANCHAYAT,2,350000.0,2,1,1
SARPANCH SACHIV G P DHURGUDA,1,350000.0,1,1,1
MOKADI GRAM PANCHAYAT,1,350000.0,1,1,1
GP Kothisari,1,350000.0,1,1,1
Construction of Additional Room at Moiskhuli Khamar Bihu Samity Darrangiri,2,350000.0,1,1,1
GRAM PANCHAYAT JAGRUP NAGAR,2,350000.0,1,1,1
Gram Panchayat Tentla,1,350000.0,1,1,1
Bhadreshvar gram panchayat,1,350000.0,1,1,1
GRAM PANCHAYAT PIDIYA,2,350000.0,1,1,1
Shri Challang Momin,4,350000.0,2,1,2
GP Kilod,4,350000.0,2,1,1
CEO Janpad Panchayat korba PMAGY,2,350000.0,2,1,1
AMARDI GRAM PANCHAYAT,1,350000.0,1,1,1
Aotoshi,1,350000.0,1,1,1
ANKIT VASANTBHAI RAMPARIYA,1,350000.0,1,1,1
Gram Panchayat Sainwala Mubarikpur,3,350000.0,2,1,1
Gram Panchayat AJANDA JANPAD PANCHAYAT MANAWAR,1,350000.0,1,1,1
MATH BHOJAYAT GRAM PANCHAYAT,1,350000.0,1,1,1
Gram Panchayat BIKHRON janpad Panchayat Dharmpuri,4,350000.0,2,1,1
GP BAMBAL,4,350000.0,2,1,1
GP BAOBOG,1,350000.0,1,1,1
SDMC GSSS ASAWARI,2,350000.0,1,1,1
Sarpanch Sachiv Gram Panchayat Chandkhuri,1,350000.0,1,1,1
HANDOD GRAM PANCAHAYT,2,350000.0,2,1,1
BHATGAON,1,350000.0,1,1,1
Helios Medical Systems,1,350000.0,1,1,1
VAVDI ROAD GRAM PANCHAYAT KACHERI,1,350000.0,1,1,1
Gram Panchayat Birhashyamkhedi,1,350000.0,1,1,1
GP Jeher,4,350000.0,2,1,1
GRAM PANCHAYAT BAJIPURA,2,350000.0,2,1,1
Construction of open Community hall near Bisahari than at Rangjuli Mahajanpara,2,350000.0,1,1,1
GRAM PANCHAYAT BAGHNI,3,350000.0,2,1,1
sarpanch sachiv gram panchayat vikaspali,1,350000.0,1,1,1
TC Lallala,2,350000.0,1,1,1
G H Transmission,2,350000.0,2,1,1
SARAPNCH SACHIV GRAM PANCHAYAT PAUWARA,1,350000.0,1,1,1
varamseda gram panchayat,1,350000.0,1,1,1
Fulay juth gram panchayat,1,350000.0,1,1,1
CREATIVE BUILDERS AND DECORS,1,350000.0,1,1,1
Gram Pancchayat Amlidih,1,350000.0,1,1,1
SARAPANCH SACHIV GRAM PANCHAYAT KALMI KAKARDHA,1,350000.0,1,1,1
SHRI KHODVADRI GRMA PANCHAYAT,1,350000.0,1,1,1
DHOLAR GRAM PANCHAYAT,1,350000.0,1,1,1
SUBASH LIMBADRI,1,350000.0,1,1,1
SHREE DADOR JUTH GRAM PANCHAYAT,1,350000.0,1,1,1
G  KISHAN,2,349999.0,2,1,1
Promita Construction,1,349999.0,1,1,1
Sudharsan,1,349992.0,1,1,1
GRAM PANCHAYAT GHUGHUTA,1,349990.0,1,1,1
Mehraj u din khan,1,349985.0,1,1,1
BIJJAM PENCHALREDDY,1,349979.0,1,1,1
Neiseingul Tiengsing,1,349965.0,1,1,1
BISWAJIT MISTRY,1,349964.0,1,1,1
S R B Construction,1,349964.0,1,1,1
MAA TARA CONSTRUCTION,1,349952.0,1,1,1
B D Construction,1,349952.0,1,1,1
THE DRUG ON,1,349920.0,1,1,1
VIDAVALURU VENKATA SESHAIAH,1,349909.0,1,1,1
FRIENDS SALES COPORATION,1,349895.0,1,1,1
M G CONSTRUCTION PROBIR,1,349882.0,1,1,1
NANA VAGA GRAM PANCHAYAT,2,349881.0,2,1,1
G D Construction,1,349877.0,1,1,1
NEW Champion Sports,1,349870.0,1,1,1
F M Enterprise,1,349842.0,1,1,1
J K TRADERS,1,349840.0,1,1,1
KALER TILE FACTORY,2,349835.0,2,1,1
Laishetti Venkati,1,349820.0,1,1,1
Mamidala Kamala,1,349787.0,1,1,1
SARAVANAN R,2,349775.0,2,1,1
MS Siwach Engineering Works,2,349752.0,2,1,1
DEEP CONSTRUCTION,1,349718.0,1,1,1
SUKHPAR GRAM PANCHAYAT,1,349712.0,1,1,1
KANWAR ALI,1,349708.0,1,1,1
L N Construction,1,349679.0,1,1,1
S K ENGINEERING WORKS,1,349674.0,1,1,1
TAPAN BHATTACHARJEE,1,349645.0,1,1,1
The Commando Co Op Lc Society Ltd,1,349622.0,1,1,1
KANJODA GRAM PANCHAYAT,2,349611.0,2,1,1
FAIRDEAL ENTERPRISE,1,349599.0,1,1,1
MINU ENTERPRISE,1,349580.0,1,1,1
GRAM PANCHAYAT ZAROL,2,349565.0,2,1,1
GRAM PANCHAYAT KUKASVADA,1,349560.0,1,1,1
EVERGREEN ENTERPRISE,1,349504.0,1,1,1
S S Construction,1,349500.0,1,1,1
AMAR TRACTORS,1,349500.0,1,1,1
BAVDIDAL GRAM PANCHAYAT,1,349459.0,1,1,1
MANSOOR BABU,1,349426.0,1,1,1
R Senthilkumar,1,349374.0,1,1,1
OHAB SK,1,349363.0,1,1,1
MS SAWARIYA TRADERS,12,349356.0,1,1,1
SENTHILKUMAR D,1,349348.0,1,1,1
KRUSHNANAGAR GRAM PANCHAYAT,1,349310.0,1,1,1
FAYSAL ALAM,1,349236.0,1,1,1
MANAS NASKAR,1,349229.0,1,1,1
MALAXMI BUILDER,1,349218.0,1,1,1
R M ENTERPRISE,2,349193.0,2,1,1
MADINA ENTERPRISE,1,349100.0,1,1,1
ARITRA MOHAN ENTERPRISE,1,349049.0,1,1,1
Rupak Manna,1,348921.0,1,1,1
GRAM PANCHAYAT NADALA DEVGADH,1,348886.0,1,1,1
Sardar Enterprise,1,348856.0,1,1,1
SINGH SAHUB FERBRICATORS,2,348831.0,1,1,1
Akhil Anil Palkar,1,348794.0,1,1,1
HOSSAIN ENTERPRISE,1,348713.0,1,1,1
DEEP CEMENT STORE,1,348600.0,1,1,1
YADAV TRADERS,5,348600.0,3,1,1
AYUSH CONSTRUCTION,1,348593.0,1,1,1
LIMAJ GRAM PANCHAYAT,1,348538.0,1,1,1
Saiyed developers,1,348500.0,1,1,1
M C L Traders,1,348500.0,1,1,1
JUNI FOT GRAM PANCHAYAT,1,348496.0,1,1,1
MVT Gopal,1,348357.0,1,1,1
PURKAIT CONSTRUCTION,1,348177.0,1,1,1
SANGIMAL,1,348174.0,1,1,1
Saji C,1,348164.0,1,1,1
SANAM CONSTRUCTION,1,348094.0,1,1,1
R M Enterprise,1,348077.0,1,1,1
TIRUPATI ENTERPRISE,1,348032.0,1,1,1
amitabh,1,347961.0,1,1,1
SAMANI GRAM PANCHAYAT,2,347855.0,2,1,1
GOPAL CHANDRA MONDAL,1,347631.0,1,1,1
MALLICK CONSTRUCTION,1,347575.0,1,1,1
NEW MANDAL ENTERPRISE,1,347389.0,1,1,1
A S Enterprise Ankan,1,347366.0,1,1,1
Ms S and S Building Material LLP Dasuya,20,347300.0,6,1,1
JBS Construction Subrata,1,347266.0,1,1,1
SOUMJIT CONSTRUCTION,1,347167.0,1,1,1
ROYAL BENGAL CONSTRUCTION,1,347082.0,1,1,1
D K Enterprise,1,347023.0,1,1,1
GURDEEP SINGH,9,346967.0,7,1,4
VATAMAN GRAM PANCHAYAT,2,346949.0,2,1,1
MADDIPATLA RAM PRASAD,2,346925.0,2,1,1
SRI GURU HARDWARE AND CONSTRUCTION,1,346756.0,1,1,1
JAY MAA KARNI ENTERPRISES,1,346735.0,1,1,1
Gita Construction,1,346522.0,1,1,1
Quality Scientific and Mechanical Works,1,346500.0,1,1,1
Kamala Construction,1,346477.0,1,1,1
SR Engineering Industries,3,346362.0,1,1,1
AJAY STEEL HOUSE,3,346265.0,2,1,1
ASHIS KUMAR SEAL,1,346188.0,1,1,1
Rabiul Khan,1,346137.0,1,1,1
SAMPA ENTERPRISE,1,346071.0,1,1,1
Nafis Enterprise,1,346022.0,1,1,1
Sh Omesh Singh So Mangat Ram Ro Chapran Tehsil Pogal Paristan Ukhral District Ramban Contractor,2,346000.0,2,1,1
S J Construction,1,345968.0,1,1,1
BOSE AGENCY THENI,1,345925.0,1,1,1
Ms S Sarki,1,345759.0,1,1,1
K P SHRINIDHI,2,345702.0,2,1,1
Biswajit Saha,1,345679.0,1,1,1
A B ENTERPRISE,1,345575.0,1,1,1
SANTANU ENTERPRISE,1,345565.0,1,1,1
DIPALI BUILDING STORES,1,345386.0,1,1,1
Afrin Engineering And Construction,2,345198.0,1,1,1
KRISHNA PUJERI,1,345000.0,1,1,1
SANJEEVKUMAR GANDROLI,1,345000.0,1,1,1
MAA LAKHI ENTERPRISE,5,344838.0,2,1,1
SRI Amman Electricals,1,344809.0,1,1,1
Manas Naskar,2,344750.0,2,1,1
Sajal Bricks Company,11,344717.0,4,1,1
MODAJ GRAM PANCHAYAT,3,344187.0,3,1,1
gumadiya gram panchayat,2,344075.0,2,1,1
SHREYAN CONSTRUCTION,1,343748.0,1,1,1
MANKWA GRAM PANCHAYAT,2,343720.0,2,1,1
HANUMAN CONSTRUCTION COMPANY,1,343400.0,1,1,1
NIRANJAN BEHERA,1,343326.0,1,1,1
KAMIDI RATHNAKAR REDDY,1,343074.0,1,1,1
GURBIK TILES,7,342881.0,1,1,1
M K Sports,3,342850.0,3,2,2
MALATI ENTERPRISE,2,342848.0,2,1,1
BAJRANG CONSTRUCTIONS,2,342628.0,2,1,1
TARSEM SINGH,8,342335.0,4,1,4
MS GOPINATH MAITY,1,342151.0,1,1,1
BANAFUL GHOSH,1,342129.0,1,1,1
KWALITY IMPEX,1,342000.0,1,1,1
Jai Durga CO LC Society Ltd  Bakhli,2,341894.0,2,1,1
SAHYOG CONSTRUCTION COMPANY,1,341611.0,1,1,1
Rajul Ahmed,3,341570.0,3,1,1
Gram Panchayat Guwali,1,341500.0,1,1,1
BDO SUBDEGA PS MISC,26,341298.0,26,1,1
RAJDEEP PAUL PURKAYASTHA,2,341275.0,1,1,1
SHREDHARA RURAL DEVP PROJECTS,3,341028.0,3,1,1
Jaglan Electric and Hardware Store,1,340872.0,1,1,1
Attar Brothers,1,340600.0,1,1,1
KESIREDDY MURALIDHAR REDDY,1,340538.0,1,1,1
S S Enterprise,1,340430.0,1,1,1
KIRAN auto HUB LLP,3,340387.0,3,1,2
Kataria Building matterail suppliers,11,340355.0,8,1,1
J M D ENTERPRISES,1,340250.0,1,1,1
PRADIP MAHATO,1,340157.0,1,1,1
JAY VEER CONSTRUCTION,1,340148.0,1,1,1
VILLAGE PANCHAYAT KHAKHSAR,1,340000.0,1,1,1
GP Jaman Ki Ser,3,340000.0,3,1,1
Gram Panchayat Ongana,2,340000.0,2,1,1
GRAM PANCHAYAT JHIRIYA,2,340000.0,2,1,2
GUPTA TRADERS,6,339842.0,4,1,2
Koduvally block multi engineering labour contract Co Operative society,1,339734.0,1,1,1
Crystal Enterprise,1,339662.0,1,1,1
Shakeel Ahmad Pandit,2,339483.0,2,1,1
TUSAR CONSTRUCTION,1,339368.0,1,1,1
VENKATA SUBBA REDDY POTHIREDDY,1,339327.0,1,1,1
The Kalyan Cooperative Labour and Construction Society Limted,1,339216.0,1,1,1
KRISHNA CHANDRA SEN,1,339202.0,1,1,1
MR MANIBHADRA ROUT,1,338948.0,1,1,1
PUSPA CONSTRUCTION PROP HIRANYA MAITY,1,338899.0,1,1,1
S SATYANARAYANA,1,338859.0,1,1,1
ANMOL INFRASTRUCTURE AND DEVELOPERS,1,338716.0,1,1,1
Gram Panchayat Dokarwani,1,338616.0,1,1,1
PRASANNA KUMAR,1,338444.0,1,1,1
BABA DEEP SINGH CEMENT PIPE FACTORY,2,338376.0,2,1,1
MS SHERPUR BRICK KILN,7,338250.0,1,1,1
BDO Nischintakoili MPLAD Holding,74,338017.0,74,1,1
Gayatri Engineering Company,1,337854.0,1,1,1
Balaji Construction Company Dhod Sikar,1,337613.0,1,1,1
GRAMPANCHAYAT ROHSIBUJURG SANSADNIDHI,1,337500.0,1,1,1
THE NEW SHIVA COOP L C SOCIETY,1,337475.0,1,1,1
Aroosa Interlock Tiles,3,337365.0,2,1,1
Thind Enterprise,15,336959.0,9,1,1
GRAM PANCHAYAT UDAKA,4,336776.0,4,1,1
G K INDUSTRIES,4,336697.0,4,1,1
VAIBHAV Contractor,1,336237.0,1,1,1
Surajit Saikia,6,336149.0,3,1,1
Budhlakoti Engineering Enterprises,2,335882.0,2,1,1
Bonkur Anjilayya,3,335852.0,3,1,1
Basha Builders,5,335725.0,2,1,1
Ghumman Spun Cement Pipe And Cement Store,2,335700.0,2,1,1
Shriram Supplier,3,335650.0,2,1,1
RAJ CONTACTOR,1,335645.0,1,1,1
Rabbul Hussain,4,335620.0,3,1,1
Mahendra Singh,3,335551.0,3,2,2
Ms Ganpati Bhatta Company,1,335532.0,1,1,1
DAHINTHARA METHALI JUTH PANCHAYAT,1,335500.0,1,1,1
VENKAT RAM REDDY GANTA,2,335444.0,2,1,1
MS GP NANAWAN FINANCE AC,4,335000.0,3,1,1
ARJUN LAL CHOUDHARY,1,334225.0,1,1,1
P GOGOI ENTERPRISE,2,333750.0,1,1,1
SARPANCH GRAM PANCHAYAT DANDE,2,333500.0,2,1,1
UPPAL TRADERS,3,333494.0,2,1,1
JYOTI JAMWAL,2,333000.0,2,1,1
Guru Nanak Trading Co,3,333000.0,2,1,2
PURNA CHANDRA BARIHA,1,333000.0,1,1,1
Balaji Bhatta Co,1,332750.0,1,1,1
Mahalaxmi Enterprises,1,332715.0,1,1,1
SAROJ KUMAR YADAV,1,332544.0,1,1,1
BRGD ENTERPRISES,1,332421.0,1,1,1
Rakesh  Khajuria,2,332000.0,2,1,1
JAMMU CEMENT STORE,2,331816.0,1,1,1
Nagka Garam Panchayat,1,331662.0,1,1,1
DHAN DHAN BABA VADHBHAG SINGH JI PAINT AND SANITARY HOUSE,4,331490.0,1,1,1
JEPUR GRAM PANCHAYAT,1,331343.0,1,1,1
U N RAMACHANDRAN,1,331306.0,1,1,1
PRIYA ENTERPRISE,1,331112.0,1,1,1
G G TRADERS,3,330981.0,3,1,1
MS RANDHAWA INTERLOCK TILES,3,330860.0,2,1,1
SAKTHI T,1,330780.0,1,1,1
Bolleddu Sangeetha Rao,1,330722.0,1,1,1
NEW SYNDICATE SPORTS,2,330600.0,2,1,1
CK ENTERPRISE,1,330103.0,1,1,1
Savala Gram Panchayat,2,330000.0,2,1,1
GP Bag Pashog,3,330000.0,3,1,1
venkateswara labour contract co operative society,1,329755.0,1,1,1
BABA CHHABALPIR ENTERPRISE,1,329679.0,1,1,1
BHILLOWAL TRADERS,3,329620.0,3,1,1
Pilania Construction,1,329361.0,1,1,1
Sakh Abdul Hannan,1,329079.0,1,1,1
VAJKSR00060651,1,329000.0,1,1,1
Maharishi Durwasha Bricks Kiln Co,1,328928.0,1,1,1
THE SHIV SHAMBHU COOP MULTI PURPOSE SOCIETY LTD,1,328890.0,1,1,1
DEB KUMAR KHAN,1,328622.0,1,1,1
SACHIV GRAM PANCHAYAT BADODIA KALA,4,328000.0,3,1,1
BISWAKARMA ENTERPRISE,1,327978.0,1,1,1
TANKALA RAVISANKAR GUPTA,1,327925.0,1,1,1
AMIRGADH GRUP GRAM PANCHAYAT,1,327648.0,1,1,1
YASHASVI ENTERPRISES,1,327471.0,1,1,1
Quality Contractors,1,327469.0,1,1,1
UJJAWAL ENTERPRISES,1,327450.0,1,1,1
Kuldeep Singh,7,327430.0,6,1,4
JV Engineers,1,327421.0,1,1,1
JS Interlock Tiles Factory Dasuya,8,327220.0,4,1,1
Jai Baba Bhai Gurdas Ji Building Material Store,8,326857.0,4,1,1
TP CENTRAL ODISHA DISTRIBUTION LTD,1,326747.0,1,1,1
Hariram chaudhary,1,326715.0,1,1,1
KASAMPUR GRAM PANCAHAYT,1,326500.0,1,1,1
Janet Syiem,2,326000.0,2,1,1
Salim Akhtar,1,325904.0,1,1,1
HAFIZA ENTERPRISE,1,325777.0,1,1,1
VANSOL Gram Panchayat,1,325581.0,1,1,1
Samim Ahmed,1,325554.0,1,1,1
Dabur Enterprises,3,325359.0,2,1,1
Sparta Fitness,1,325000.0,1,1,1
GRAM PANCHAYAT VANKAL,2,325000.0,2,1,1
RAJYA PRAWARTIT YOJNA G P LAINGA,2,325000.0,2,1,1
Director HAREDA Panchkula,1,325000.0,1,1,1
SARPANCH OF GRAM PANCHYAT SAPALVVA,2,325000.0,2,1,1
GRAM PANCHAYAT UMARIYA,3,325000.0,2,1,2
GP Salooni,4,325000.0,2,1,1
AMDO  NS,1,325000.0,1,1,1
DANGIVADA GRAM PANCHAYAT,1,325000.0,1,1,1
Gram Panchayat Jharumargaon,2,325000.0,2,1,1
N Builders,1,325000.0,1,1,1
GP PARAL,3,325000.0,3,1,1
SARPANCH GRAM PANCHAYAT NARWA KALLAN,1,324900.0,1,1,1
CHAND MAHAMMAD,1,324836.0,1,1,1
SAT NARAIN MODI AND SONS,2,324800.0,2,1,1
MS JAY KISHAN CONTRACTOR,1,324763.0,1,1,1
ELITE CONSTRUCTION,1,324617.0,1,1,1
JASIMUDDIN SEKH,1,324617.0,1,1,1
karmal gram panchayat,1,324536.0,1,1,1
DHARM VIR SINGH,1,324500.0,1,1,1
SWAPNA ENTERPRISE,1,324438.0,1,1,1
SUHANA CONSTRUCTION,1,324298.6,1,1,1
Gokal Chand Pirthi Chand,2,324239.0,1,1,1
K SURYANARYANA,2,324163.0,2,1,1
GRAM PANCHAYATPalaj,1,324149.0,1,1,1
Santokh Singh,6,324142.0,4,1,1
Sri Maheshwari Contract Works,1,324108.0,1,1,1
GRAM PANCHYAT SURANGDOH,1,324000.0,1,1,1
G V KISHANCHAND,2,323862.0,2,1,1
BANDARU CHANDRASEKHAR,1,323756.0,1,1,1
The M P Cooperative Labour and Construction Society Ltd,1,323660.0,1,1,1
SANGAM TRADERS,10,323567.0,2,1,1
Vsmart Energy Solution,2,323473.0,1,1,1
EMPRALA VENKATESULU,1,323407.0,1,1,1
BRUNDABAN BIHARI PANDA,2,323324.0,2,1,1
GANESH SAHOO,1,323157.0,1,1,1
SIBCON ENTERPRISE,1,323100.0,1,1,1
Upendra Kumar Thiady,2,323000.0,2,1,1
GURUKIRPA CONTRACTOR,1,322952.0,1,1,1
Y NAGESWAR RAO,1,322595.0,1,1,1
MD MIJANUR RAHAMAN,1,322580.0,1,1,1
TULARAM MEHER,1,322564.0,1,1,1
AMIT SHARMA,2,322500.0,2,1,1
Guru Nanak Eletrical Works,3,322500.0,3,1,1
ANANT CONSTRUCTION,1,322414.0,1,1,1
Harbhajan Singh,6,322283.0,5,1,2
SHIV SHAKTI CEMENT AND SHUTTERING STORE,4,321999.0,3,1,1
DAS SCIENTFIC HOUSE,2,321965.0,1,1,1
Pigeon Enterprises,4,321918.0,4,1,1
MAA PITAMBRA GROUP,1,321713.0,1,1,1
PREM SHANKAR KUMAR BHARTI AE LAEO WORKS DIVISION SAHARSA,1,321356.0,1,1,1
K JAYASEKHARAN,1,321353.0,1,1,1
DASSAULT ENERGY PRIVATE LIMITED,1,320705.0,1,1,1
ESS KAY BRICKS INDUSTRIES BKO,4,320500.0,3,1,1
The Jai Durga Coop L And C Cons So Ltd Pilni,2,320418.0,2,1,1
FAZIL AHAMMED P,1,320090.0,1,1,1
VADU GRAM PANCHAYAT,2,320000.0,2,1,1
GRAM PANCHAYAT KHOKSARA,1,320000.0,1,1,1
JUNIOR ENGINEER 2 SURESH PUSPALAK,8,320000.0,8,1,1
GRYGRAM PAN SENDMUDA,1,320000.0,1,1,1
SAR AND SAC GRAM PANCHAYAT AAMGAON,2,320000.0,2,1,1
GRAM PANCHYAT  GURIYA,2,320000.0,2,1,1
GP NANDED,1,320000.0,1,1,1
Gram Panchayat Dudhamaniya,2,320000.0,1,1,1
SRYGR PANCH JHIRIPANI,1,320000.0,1,1,1
SIVAM AND CO,1,320000.0,1,1,1
GP Pakhrir,1,320000.0,1,1,1
SUSANTA KUMAR SAHOO,8,320000.0,8,1,1
PRITTAM SINGH,2,320000.0,2,1,1
KGN CONSTRUCTION,2,319974.0,2,2,2
PP MANI,2,319969.0,2,1,1
JYOTIRMAYEE DASH,1,319866.0,1,1,1
Rajindera BKO,1,319800.0,1,1,1
JASPAL SINGH,3,319700.0,2,1,2
charbhuja construction,1,319626.0,1,1,1
BLUE CHIP,1,319598.0,1,1,1
VIKAS,2,319463.0,2,2,2
FORTUNE HEIGHTS,1,319200.0,1,1,1
MK Traders,4,319200.0,4,1,1
JUNIOR ENGINEER,1,318931.0,1,1,1
Thomas George,1,318560.0,1,1,1
CORAL ENGINEERS AND INNOVATIONS,1,317838.0,1,1,1
AVISHKA ENTERPRISES,1,317719.0,1,1,1
Nimma Pothanna,2,317321.0,2,1,1
AJAYA KUMAR SAHOO,1,317166.0,1,1,1
Parshotam Lal Sharma,1,317000.0,1,1,1
PINK SALVAGE SOLUTION,1,316700.0,1,1,1
JP Brothers,2,316344.0,2,1,1
Ms Mittal Bricks Co,11,316155.0,1,1,1
THE SHAKTI CO OP L AND C SOCIETY LTD,1,316141.0,1,1,1
MVVNL,2,316000.0,1,1,1
SHREE BALAJI CONSTRUCTION COMPANY,1,316000.0,1,1,1
Gaurav Trading Company,10,315956.0,3,1,1
Shree Dev Building Material Suppliers,1,315900.0,1,1,1
SARPANCH GRAM PANCHAYAT JATHAUL,1,315650.0,1,1,1
VENKATACHALAM,1,315606.0,1,1,1
MS DULAL DUTTA AND SONS,1,315605.0,1,1,1
AVVNL,2,315492.0,2,1,1
shree chamunda construction company,1,315000.0,1,1,1
PRATIGYA HARDWARE STORE,1,314974.0,1,1,1
Moparthy Srinivasa Rao,1,314762.0,1,1,1
GOPI SINGH,2,314617.0,1,1,1
Zeal Internayional,1,314000.0,1,1,1
PAIDI NARASINGA RAO,1,313756.0,1,1,1
AMIT CONSTRUCTION COMPANY,1,313636.0,1,1,1
Rahul Kesar,1,313500.0,1,1,1
UPPARA RAMACHANDRA,1,313189.0,1,1,1
RUDRA   LAXMIRAJAM,1,312923.0,1,1,1
Gangoni Mallesh,1,312923.0,1,1,1
B Rajendhar,1,312923.0,1,1,1
Muskan Construction,1,312408.0,1,1,1
GRAM PANCHAYAT KINDRI,2,312290.0,1,1,1
SHAREEF U DIN KHATANA,1,312265.0,1,1,1
Ankita Supplier,4,312228.0,1,1,1
EX ENG ELECTRICITY DIST DIV R HALDWAN,2,311988.0,2,1,1
JOGNIYA ENTERPRISES,1,311960.0,1,1,1
ANJALI CONSTRUCTION prop ANJALI SAHOO,1,311824.0,1,1,1
SRI SHIVAGURU INFRA,1,311784.0,1,1,1
Sainik Enterprise,1,311675.0,1,1,1
GLOBAL LOGISTICS AND SUPPLIER,2,311217.0,2,1,1
GAJANAND TRADERS,2,310800.0,1,1,1
RAKESH KUMAR PANDHI,9,310797.0,3,1,1
BHATIYON KI DHANI,1,310699.0,1,1,1
Veerbhadreshwar Majoor Sahakari Sanstha Maryadit,1,310438.0,1,1,1
HRISHIKESH HALDAR,1,310393.0,1,1,1
SURINDER SIGH,2,310000.0,2,1,1
GRAM PANCHAYAT SUDAN,2,309951.0,2,1,1
E AND M UDYOG,1,309838.0,1,1,1
PALAIYA GRAM PANCHAYAT,4,309797.0,4,1,1
Randhaw Cement Tile factory,2,309690.0,2,1,1
VAISHNOBI ENTERPRISE,1,309579.0,1,1,1
Haritham Books,4,309528.0,4,1,1
P B ELECTRICAL,2,309435.0,2,1,1
ASA STEEL TRADERS,1,309407.0,1,1,1
DAYAMAYEE ENTERPRISE prop NABARUN MAITY,1,308875.0,1,1,1
SHREENATH PRASAD,1,308464.0,1,1,1
VISHAL,2,308450.0,2,2,2
MAATARA ENTERPRISE,1,308422.0,1,1,1
KALKA CONSTRUCTION,1,308027.0,1,1,1
Gautam Traders,14,307876.0,2,1,1
Brother Aluminum Fabricator,1,307584.0,1,1,1
SHEMEER M,1,307420.0,1,1,1
CHARBHUJA SUPPLIERS,1,307359.0,1,1,1
The Sanjay CoOp L and C Society LTD,1,307272.0,1,1,1
P M CONSTRUCTION,1,307257.0,1,1,1
SUBHAJIT SAHOO,1,307136.0,1,1,1
RAM PRASAD JAT,1,307107.0,1,1,1
AVVNL AJMER,2,307105.0,2,1,1
AN Enterprise,1,307020.0,1,1,1
MIRAJ ENTERPRISE  PROP SK JAHANGIR,1,306898.0,1,1,1
ANNPURNA BRICK COMPANY,2,306595.0,1,1,1
Krishna Kumar K R,1,306143.0,1,1,1
SHREE JI TRADERS,1,306098.0,1,1,1
Yuvraj Enterprises,4,306000.0,1,1,1
BHABHA SHREE INFRATECH,1,305937.0,1,1,1
NAGNECHA MATERIAL SUPPLIERS,1,305903.0,1,1,1
VEMULA   SRIHARI,1,305428.0,1,1,1
SARRADA MOTOR MART LLP PARTNER,1,305400.0,1,1,1
SAMIT MAITY,1,305166.0,1,1,1
Tammana Sharma,2,305000.0,2,1,1
SHRI HARI TILES COMPANY,1,304941.0,1,1,1
Tulsi Constraction,1,304789.0,1,1,1
SHYAM DAS,3,304624.0,2,1,1
PABITRA SAIKIA,4,304409.0,2,1,1
GANGA CONSTRUCTION AND INFRASTRUCTURE LTD,1,304086.0,1,1,1
VARUGHESE K,1,303975.0,1,1,1
Zimidara Hardware  Cemment Store,2,303263.0,1,1,1
SHAPEGREY CONSTRUCTION PVT LTD,2,303237.0,2,1,1
Balaji Construction Lambi ahir,1,303175.0,1,1,1
DHAN GURU NANAK TILES HUB,1,302900.0,1,1,1
MS BalaJI BRICK CO Intal Kalan,1,302736.0,1,1,1
S SCEMENT PIPE FACTORY,1,302500.0,1,1,1
PARIHAR TRADERS,1,302462.0,1,1,1
OHRI STEEL WORKS,2,302306.0,2,1,2
BHAVYA TRADERS,2,301412.0,2,1,1
M S MAHIPAL SINGH,1,301000.0,1,1,1
SASMITARANI SAHU,8,300800.0,8,1,1
Goldi Enterprises,1,300554.0,1,1,1
MS DRR HARDWARE,1,300440.0,1,1,1
GLOBAL TRADES,3,300250.0,1,1,1
R R CABLE NETWORK,1,300165.0,1,1,1
Seng Pator,1,300144.0,1,1,1
Mido Enterprise,1,300008.0,1,1,1
GRAM PANCHAYAT KANDHRAPUR,3,300000.0,2,1,1
Singh ENgg Works,2,300000.0,1,1,1
HATHNORA B,1,300000.0,1,1,1
ASSISTANT ENGINEER1 BHATLI BLOCK,1,300000.0,1,1,1
ASSISTANT ENGINEER BLOCK DEVELOPMENT,1,300000.0,1,1,1
SEMRI B,1,300000.0,1,1,1
SENG BHALANG KI LONGKMIE UMTARLEN,2,300000.0,1,1,1
VENKATESH S,1,300000.0,1,1,1
DETHALI GRAM PANCHAYAT,2,300000.0,2,1,2
DELWADA GRAM PANCHAYAT,1,300000.0,1,1,1
SINBATH MARAK,2,300000.0,1,1,1
Lionnel Austin Rechil Marak,2,300000.0,1,1,1
Thakur Traders,1,300000.0,1,1,1
ISARI GRAM PANCHAYAT,1,300000.0,1,1,1
Simulbari Anchalik,1,300000.0,1,1,1
Imtijungla,1,300000.0,1,1,1
Shree Naranpar Ravari Gram Panchayat,1,300000.0,1,1,1
KARA GRAM PANCHAYAT,2,300000.0,2,1,1
KARBESTONE K SANGMA,2,300000.0,1,1,1
GRAM PANCHAYAT KUMMI,3,300000.0,2,1,1
Gram Panchayat Bhalgam,1,300000.0,1,1,1
Malsawmtluanga,2,300000.0,1,1,1
HARIHAR GOUDA,1,300000.0,1,1,1
MARAN SECURITY SYSTEM,2,300000.0,2,1,1
Thangela Ramesh,1,300000.0,1,1,1
Rajendra Sethi,1,300000.0,1,1,1
GP Ghoond,2,300000.0,1,1,1
GRAM PANCHAYAT MAHELAJ,3,300000.0,3,1,1
GRAM PANCHAYAT KHONP,2,300000.0,1,1,1
GRAM PANCHAYAT MAHANTPUR JP DAMOH,1,300000.0,1,1,1
NAGAR PALIKA PARISHAD SENDHWA,1,300000.0,1,1,1
NAGAR PARISHAD PALSOOD,1,300000.0,1,1,1
GP Nathan,1,300000.0,1,1,1
GRAM PANCHAYAT KHAMBHALA,1,300000.0,1,1,1
MATHIOUSH SANGMA,2,300000.0,1,1,1
Devika Sangma,2,300000.0,1,1,1
SENGMITHA M SANGMA,2,300000.0,1,1,1
Delvada Gram Panchayat Delvada,1,300000.0,1,1,1
Deri Pipariya Gram Panchayat,1,300000.0,1,1,1
SGP Khukhrana,2,300000.0,2,1,1
Gram Panchayat Balidhar,1,300000.0,1,1,1
SHUBH ENTERPRISES,1,300000.0,1,1,1
kansa gram panchayat,1,300000.0,1,1,1
GP NADOR JP OBEDULLAGANJ,2,300000.0,1,1,1
GP Kelvi,3,300000.0,2,1,1
Srinath jee Intermediate Collage Basdila,2,300000.0,1,1,1
MANDAN KUNDLA GRAM PANCHAYAT,1,300000.0,1,1,1
Standar Kharbani,2,300000.0,1,1,1
Bablu Traders,1,300000.0,1,1,1
MANGALPURA NAGOT GRAM PANCHAYAT,1,300000.0,1,1,1
HAVTAD GRAM PANCHAYAT,1,300000.0,1,1,1
HAWK TRADERS,1,300000.0,1,1,1
Sohlong LP School,2,300000.0,1,1,1
Sollu Surendhar,1,300000.0,1,1,1
GP Majhiwar,6,300000.0,3,1,1
Barwala baval Gram Panchayat,1,300000.0,1,1,1
BD EDUCATIONAL AND SOCIAL SOCIETY,1,300000.0,1,1,1
ROHID GRAM PANCHAYAT,1,300000.0,1,1,1
PRINCIPAL SARASWATI HIGH SC SCHOOL BADAMELRHA,1,300000.0,1,1,1
GP KIRGIKHURD JP UDAIPURA,4,300000.0,2,1,1
PRATAPARA GRAM PANCHAYAT,1,300000.0,1,1,1
GP Neri Kotli,2,300000.0,1,1,1
AKONA GRAM PANCHAYAT,1,300000.0,1,1,1
GP MAKODIYA JP OBEDULLAGANJ,2,300000.0,1,1,1
MANGAROLIYA,1,300000.0,1,1,1
GP Lana Baka,2,300000.0,2,1,1
INFRASTRUCTURE DEV OF SWAHID BEDI AT,1,300000.0,1,1,1
Gram Panchayat Barud,1,300000.0,1,1,1
Anil singh rawat,1,300000.0,1,1,1
Andresh Ch Marak,2,300000.0,1,1,1
Munshi Ram,1,300000.0,1,1,1
SHAKHPUR GRAM PANCHAYAT,1,300000.0,1,1,1
SHANTI KUNJJ SHIKSHA SAMITI TEJGAD,1,300000.0,1,1,1
TREILAN SYNGKLI,2,300000.0,1,1,1
GP SENDAR,2,300000.0,1,1,1
GP LAPHANDI,2,300000.0,1,1,1
Sattin R Marak,2,300000.0,1,1,1
Secretray Rajasthani Bhasha Sahitya and Sanskriti acadmy,1,300000.0,1,1,1
GP DEEHAR,2,300000.0,1,1,1
GP Dalgaon,2,300000.0,1,1,1
Rasanta Kumar Padhi,1,300000.0,1,1,1
GRAM PANCHAYAT NARANPURA,1,300000.0,1,1,1
GRAM PANCHAYAT NARENDRAGARH,1,300000.0,1,1,1
PILUDARA GRAM PANCHAYAT,1,300000.0,1,1,1
PHALGUNI NIAL,1,300000.0,1,1,1
SDSCO Dehra,2,300000.0,1,1,1
PC LALTHANLIANA,2,300000.0,1,1,1
GP CHARBHATTI,2,300000.0,1,1,1
Anupoma M Marak,3,300000.0,1,1,1
PRAMOD KUMAR PADHI,1,300000.0,1,1,1
RUGHNATHPURA GRAM PANCHAYAT,1,300000.0,1,1,1
RUGNATHPURA GRAM PANCHAYAT,1,300000.0,1,1,1
Racharla Ramulu,1,300000.0,1,1,1
PRAFULLA KUMAR MISHRA,1,300000.0,1,1,1
GP KATKI,1,300000.0,1,1,1
PHLANGDILOIN SECONDARY SCHOOL,2,300000.0,1,1,1
Retrofitting in buliding at Krishna nagar,2,300000.0,1,1,1
VARETHA GRAM PANCHAYAT,1,300000.0,1,1,1
JAMANVAV GRAM PANCHAYAT,1,300000.0,1,1,1
Kotada Pitha Gram Panchayat,1,300000.0,1,1,1
Kotali Gram Panchayat,1,300000.0,1,1,1
DANGARWA GRAM PANCHAYAT,2,300000.0,2,1,1
Gram Panchayat Danoa,2,300000.0,2,1,1
Gram Panchayat Chitalur,1,300000.0,1,1,1
Lastborn Jones Shangpliang,1,300000.0,1,1,1
PILATUS RONGHANG,2,300000.0,1,1,1
PIPODARA GRAM PANCHAYAT,1,300000.0,1,1,1
Ranpur Vachala Vas Gram Panchayat,1,300000.0,1,1,1
GRAM PANCHAYAT MOTLA,1,300000.0,1,1,1
Shabhrai Moti Juth Gram Panchayt,1,300000.0,1,1,1
Bijoystar K Lyngdoh,2,300000.0,1,1,1
MAYADHAR BEHERA,1,300000.0,1,1,1
GP Brahlari,3,300000.0,2,1,1
GP Burigati,2,300000.0,1,1,1
PHRINLYSHON K SYIEMLIEH,2,300000.0,1,1,1
GRAM PANCHAYAT MOTAP,1,300000.0,1,1,1
GP Dhandha Bhalla,1,300000.0,1,1,1
PRABHAT ENTERPRISES,4,300000.0,1,1,1
Ramod Gram Panchayat,1,300000.0,1,1,1
PRAVAKAR SAMAL,1,300000.0,1,1,1
GRAM PANCHAYAT KHANDODA,2,300000.0,1,1,1
Shri Ganesh Majoor Sahakari Sanstha Maryadit Khamaswadi Taluka Kallam Dist Dharashiv,1,300000.0,1,1,1
Baxipur Gram Panchayat,1,300000.0,1,1,1
Batabari Ambari Markula,1,300000.0,1,1,1
MANO RANJAN MALLIK,1,300000.0,1,1,1
Raghunath Panda,1,300000.0,1,1,1
RUGANATHPUR GRAM PANCHAYAT,1,300000.0,1,1,1
Gram Panchayat Bhatiya,1,300000.0,1,1,1
DDU KANYA INTER COLLEGE MITHAUWA,1,300000.0,1,1,1
VATAM JUNA GRAM PANCHAYAT VATAM JUNA,1,300000.0,1,1,1
DEDARADA GRAM PANCHAYAT,1,300000.0,1,1,1
Kishan Mahavidyalay Educational Society Khadda,1,300000.0,1,1,1
VAYAD GRAM PANCHAYAT,1,300000.0,1,1,1
GRAM PANCHAYAT KAUDIKASA,2,300000.0,1,1,1
GP Kitpal,2,300000.0,1,1,1
Tarun Vijan,1,300000.0,1,1,1
NANAJAMPUR GRAM PANCHAYAT,1,300000.0,1,1,1
NANA HABIPURA GRAM PANCHAYAT,1,300000.0,1,1,1
NANA KANKOT GRAM PANCHAYAT,1,300000.0,1,1,1
Dhumpeta Venkatesh,1,300000.0,1,1,1
Dharmodhan Baglary,2,300000.0,1,1,1
JANTA INTER COLLEGE BELA PARSA AMBEDKARNAGAR,1,300000.0,1,1,1
Anijabitha Sangma,2,300000.0,1,1,1
VEC Mulang Nongbah,2,300000.0,1,1,1
GP GHONT JP BADI,2,300000.0,1,1,1
GP Dimber,1,300000.0,1,1,1
GP DARCHA,1,300000.0,1,1,1
SATRAMAU B,1,300000.0,1,1,1
KUVARVA GRAM PANCHAYAT,1,300000.0,1,1,1
JEEBAN KUMAR MISHRA,1,300000.0,1,1,1
JE PANCHAYAT SAMITI DASAMANTPUR,1,300000.0,1,1,1
JE XI ATTABIRA BLOCK SUSHIL PRADHAN,2,300000.0,1,1,1
Lalrinzama,1,300000.0,1,1,1
Lalthanhlira,2,300000.0,1,1,1
Bhojpara Gram Panchayat,1,300000.0,1,1,1
MAVJINJAVA GRAM PANCHAYAT,1,300000.0,1,1,1
GP DANOGI,1,300000.0,1,1,1
SARASWATI SANSKAR MANDIR PAIPAKHAR HANUMANA,1,300000.0,1,1,1
ARDUVADA GRAM PANCHAYAT,1,300000.0,1,1,1
KOTODA FO GRAM PANCHAYAT,1,300000.0,1,1,1
Gram Panchayat Nava Ujla,1,300000.0,1,1,1
Moti Kunkavav Gram Panchayat,1,300000.0,1,1,1
ANTALIYA GRAM PANCHAYAT,1,300000.0,1,1,1
GRAM PANCHAYAT ZOZ,1,300000.0,1,1,1
G P HARIPURA,1,300000.0,1,1,1
GRAM PANCHAYATSUNEVKALLA,1,300000.0,1,1,1
VILLAGE PANCHAYAT KHANPUR,1,300000.0,1,1,1
SUDAMA DEVI SAVITRI BAI FULE BALIKA INTER COLLEGE ASHOK ANAGAR JEEVAT,1,300000.0,1,1,1
Gram Panchayat Nani Monpari,1,300000.0,1,1,1
CONST OF COMMUNITY HALLL IN FRONT OF BASUDEV KIRTANGHAR DHARAMPUR,1,300000.0,1,1,1
GRAM PANCHAYAT CHOWK BRADTA,2,300000.0,2,1,1
RABINDRA KUMAR NAYAK,1,300000.0,1,1,1
K D Constructions,2,300000.0,1,1,1
Gram Panchayat Sarangpur,1,300000.0,1,1,1
CMO NAGARPALIKA MANDLA,1,300000.0,1,1,1
CN ATITHI GRIHA PUJA MANDIR KEOTKUCHI,1,300000.0,1,1,1
Gram Panchayat Pithavajal,1,300000.0,1,1,1
DUMPALA SOWMYA,1,300000.0,1,1,1
BHAJPURA GROUP GRAM PANCHAYAT,1,300000.0,1,1,1
M N SHAH HIGHSCHOOL RAMOS,1,300000.0,1,1,1
IMPVT OF ROAD WITH SAND GRAVELLING FROM HARIS RAY HOUSE TO SARBESWAR,1,300000.0,1,1,1
IMRAN ALI BEPARI,1,300000.0,1,1,1
GRAM PANCHAYAT ANDHIYARI BARI,1,300000.0,1,1,1
GRAM PANCHAYAT ANDHRA,2,300000.0,1,1,1
GRAM PANCHAYAT HADWADO JANPAD PANCHAYAT SIDHI,5,300000.0,1,1,1
Piyava Gram Panchayat,1,300000.0,1,1,1
SUDARSAN KATA,1,300000.0,1,1,1
RAJPUR GRUP GRAM PANCHAYAT,1,300000.0,1,1,1
GRAM PANCHAYAT AMJHAR MAL,1,300000.0,1,1,1
TAMARITHA K MARAK,2,300000.0,1,1,1
TAJPAR GRAM PANCHAYAT,1,300000.0,1,1,1
HIRANA GRAM PANCHAYAT,1,300000.0,1,1,1
BHALUHA KOTHAR JP HANUMANA DIST MAUGANJ,1,300000.0,1,1,1
BHANDARIYA GRAM PANCHAYAT,1,300000.0,1,1,1
CONSTRUCTION F RAISED PLATFORM AT MIDDLE BARGHOL,1,300000.0,1,1,1
CONSTRUCTION OF COMMUNITY HALL AT LOKPRIYA GIRLS COLLEGE KALGACHIA,1,300000.0,1,1,1
RAJU KAR,2,300000.0,1,1,1
SHRI JHAGADIA GROUP GRAM PANCHAYAT,1,300000.0,1,1,1
SHRI GANGDA GRAMPANCHAYAT,1,300000.0,1,1,1
GRAM PANCHAYAT BARI,2,300000.0,1,1,1
GRAM PANCHAYAT BARIUMRAON,2,300000.0,1,1,1
SHIYA GRAM PANCHAYAT,1,300000.0,1,1,1
SHNONG MOWKYNDENG,2,300000.0,1,1,1
Adhgam Gram Panchayat,1,300000.0,1,1,1
Karchha Gram Panchayat,1,300000.0,1,1,1
Karabi Hardware Stores,1,300000.0,1,1,1
KOLDA GRAM PANCHAYAT,1,300000.0,1,1,1
Vadaval Grampanchayat,1,300000.0,1,1,1
Kartik Borsaikia,1,300000.0,1,1,1
GRAM PANCHAYAT GOYRA,1,300000.0,1,1,1
GRAM PANCHAYAT GUDAKALA,1,300000.0,1,1,1
GRAM PANCHAYAT GORANA,1,300000.0,1,1,1
saraswati shishu mandir mohkhed,1,300000.0,1,1,1
TANSI Tool  Engineering Works,1,300000.0,1,1,1
TAPAN KUMAR SETHY,1,300000.0,1,1,1
Jordiyali Takhatpura Gram Panchayat,1,300000.0,1,1,1
DORBAR DONG PAHAR UMKIANG,2,300000.0,1,1,1
GRAM PANCHAYAT DALI,2,300000.0,2,1,1
SHREE KAMAGUNA JUTH GRAM PANCHAYAT,1,300000.0,1,1,1
DITLA GRAM PANCHAYAT,1,300000.0,1,1,1
GRAM PANCHAYAT BUMHORI BAHADUR JU,1,300000.0,1,1,1
GRAM PANCHAYAT BUMHORIPURWA,1,300000.0,1,1,1
GRAM PANCHAYAT CHAMPA MULBHOOT,1,300000.0,1,1,1
shree vandaliya gram panchayat,1,300000.0,1,1,1
sotavad gram panchayat,1,300000.0,1,1,1
GRAM PANCHAYAT BARKHEDA,1,300000.0,1,1,1
DHAVA GRAM PANCHAYAT,1,300000.0,1,1,1
GRAM PANCHAYAT BARHAI,5,300000.0,1,1,1
GRAM PANCHAYAT BARMAN KALAN BLOCK KARELI,2,300000.0,1,1,1
GRAM PANCHAYAT BAROLIA,2,300000.0,2,1,1
GRAM PANCHAYAT BAMROLI,1,300000.0,1,1,1
MADHUSUDAN BANCHHOR,1,300000.0,1,1,1
GRAM PANCHAYAT CHHATIBUMHORI,1,300000.0,1,1,1
DORBAR SHNONG MULUM,2,300000.0,1,1,1
DORBAR DONG APHA,2,300000.0,1,1,1
DHARVADI GRAM PANCHAYAT,1,300000.0,1,1,1
GRAM PANCHAYAT BARDAR,2,300000.0,1,1,1
INDIAN SPORTS AND GYM EQUIPMENTS,1,300000.0,1,1,1
Jiedkupar Kharmaw,2,300000.0,1,1,1
poyda gram panchayat,2,300000.0,2,1,1
GRAM PANCHAYAT JOGISONDHA,1,300000.0,1,1,1
GRAM PANCHAYAT JILDA J P PENDRA,2,300000.0,1,1,1
GRAM PANCHAYAT JARONDHA,2,300000.0,1,1,1
PYNDAP MAIN TONGPER,2,300000.0,2,1,1
GRAM PANCHAYAT KADARI,2,300000.0,1,1,1
GP POLAHA JP OBEDULLAGANJ,2,300000.0,1,1,1
SHRI KRISHNA ASSOCIATES PRO ANJALI YADAV,2,300000.0,1,1,1
GRAM PANCHAYAT KAKWADI,1,300000.0,1,1,1
GRAM PANCHAYAT KALANI,2,300000.0,1,1,1
RCC building Rajmita,1,300000.0,1,1,1
BHACHALVA GRAM PANCHAYAT,1,300000.0,1,1,1
BHADARA GRAMPANCHAYAT,1,300000.0,1,1,1
Vasana Sebhar Grampanchayat,1,300000.0,1,1,1
Daljit Industries,1,300000.0,1,1,1
DZIESEVITUO SOLO,2,300000.0,1,1,1
DHANORA GRAM PANCHAYAT,1,300000.0,1,1,1
GP PAHILPAAR JP NAIGARHI,1,300000.0,1,1,1
RIKADIYA GRAM PANCHAYAT,1,300000.0,1,1,1
GP Majhog Sultani,10,300000.0,5,1,1
PURNA CHANDRA SAMAL,2,300000.0,1,1,1
GRAM PANCHAYAT NAVAGAMVANTA,1,300000.0,1,1,1
Mathilla Marak,2,300000.0,1,1,1
DEVLI GRAM PANCHAYAT SWABHNDOL,1,300000.0,1,1,1
Masadara Gram Panchayat,1,300000.0,1,1,1
AV Construction,1,300000.0,1,1,1
SHEL KHAMBHALIYA GRAM PANCHAYAT,1,300000.0,1,1,1
Sumarkynti Swer,2,300000.0,1,1,1
RAMPAR GRAM PANCHAYAT,1,300000.0,1,1,1
PYNKHLAINBOR DHAR,2,300000.0,1,1,1
RATANGADH GRAM PANCHAYAT,1,300000.0,1,1,1
INF DEV DGTL ZAKIR HS SCL,1,300000.0,1,1,1
TRIGARTA SAHU,1,300000.0,1,1,1
TOTU GRUP GRAM PANCHAYAT,1,300000.0,1,1,1
Velkotar Gram Panchayat,1,300000.0,1,1,1
Alvin Jones Nongkhlaw,2,300000.0,1,1,1
VILLAGE PANCHAYAT KASBARA,1,300000.0,1,1,1
GRAM  PANCHAYAT POUNAR,2,300000.0,1,1,1
RANAWAS GRAM PANCHAYAT,1,300000.0,1,1,1
GP Tatiyana,2,300000.0,1,1,1
lifeline22,2,300000.0,2,1,2
lodhi gram panchayat,1,300000.0,1,1,1
BOSS FITNESS EQUIPMENTS and FOODS,1,300000.0,1,1,1
BR ENTERPRISE,2,300000.0,1,1,1
BLUESTAR MARSING,2,300000.0,1,1,1
SHIVANNA T,1,300000.0,1,1,1
DUDHALA BAI GRAM PANCHAYAT,1,300000.0,1,1,1
DHANAVADA GRAMPANCHAYAT,1,300000.0,1,1,1
Geetanjali Pidika,1,300000.0,1,1,1
GRAM PANCHAYAT GHUTAS,1,300000.0,1,1,1
GRAM PANCHAYAT GONI,1,300000.0,1,1,1
GRAM PANCHAYAT BANJARIDAND,2,300000.0,1,1,1
Paulloste Makdoh,2,300000.0,1,1,1
SHRI RELIYA GRAM PANCHAYAT,1,300000.0,1,1,1
VIJAY SAHU,1,300000.0,1,1,1
Alhadpura Gram Panchayat,1,300000.0,1,1,1
Meghpar Grampanchayat,1,300000.0,1,1,1
SHNONG UMKYRPONG,2,300000.0,1,1,1
Gram Panchatyat Ghanahatti,2,300000.0,1,1,1
Gp Khalana,1,300000.0,1,1,1
Gp Zhirniya,1,300000.0,1,1,1
GPDhagali,2,300000.0,1,1,1
GRAM PANCHAYAT IMILIYA,1,300000.0,1,1,1
GRAM PANCHAYAT INDRI MAWAI,1,300000.0,1,1,1
RAMESH CH PANIGRAHI,1,300000.0,1,1,1
SHIRVADA GRAM PANCHAYAT,1,300000.0,1,1,1
Abhrampara Gram Panchayat,1,300000.0,1,1,1
GP THANA JP OBEDULLAGANJ,2,300000.0,1,1,1
Vaninmawia,2,300000.0,1,1,1
MALASIKA GRAM PANCHAYAT,1,300000.0,1,1,1
Phatik Kachari,2,300000.0,2,1,1
principal saraswati shishu mandir mohgaon haweli,1,300000.0,1,1,1
Syndicate gym industries,1,300000.0,1,1,1
Swagatika Chhualsingh,1,300000.0,1,1,1
BISWANATH SAHOO,1,300000.0,1,1,1
MAHIYAL GRAM PANCHAYAT,1,300000.0,1,1,1
ramdev infrastructure,1,300000.0,1,1,1
Vc Sihphir,2,300000.0,1,1,1
KINNESSTAR NONGRANG,2,300000.0,1,1,1
ODA GRAM PANCHAYAT,1,300000.0,1,1,1
JIRA GRAM PANCHAYAT,1,300000.0,1,1,1
Cherak B Marak,2,300000.0,1,1,1
SRI LAXMI BHANDAR,1,300000.0,1,1,1
GRAM PANCHAYAT SHUPATRAI,2,300000.0,1,1,1
GOLAVI GRAM PANCHAYAT GOLAVI,1,300000.0,1,1,1
GRAM PANCHAYAT SHERPURA SEMBHAR,1,300000.0,1,1,1
CHAUDHARY MEHER,1,300000.0,1,1,1
PASUNJ NI MUVADI GRAM PANCHAYAT,1,300000.0,1,1,1
Gram Panchayat Zanzesar,1,300000.0,1,1,1
MR KHANAY GRAM PANCHAYAT,1,300000.0,1,1,1
Gram Panchayat Virpur,1,300000.0,1,1,1
SAJIYAVADAR GRAM PANCHAYAT,1,300000.0,1,1,1
GRAM PANCHAYAT SILON,1,300000.0,1,1,1
GRAM PANCHAYAT SINGARPUR,1,300000.0,1,1,1
KHIRDHAR GRAM PANCHAYAT,1,300000.0,1,1,1
KHODA GRAM PANCHAYAT,1,300000.0,1,1,1
North East Maintenance,1,300000.0,1,1,1
CHAVAND GRAM PANCHAYAT,1,300000.0,1,1,1
Gram Panchayat Lohardi,5,300000.0,3,1,1
Gram Panchayat Kulgaon,1,300000.0,1,1,1
SARPANCH GRAM PANCHAYAT BAL KALAN,1,300000.0,1,1,1
SAROJ KUMAR KATUAL,1,300000.0,1,1,1
FEMINA W MOMIN,2,300000.0,1,1,1
Chandrama Naik,1,300000.0,1,1,1
GANNAMANENI MAHENDER RAO,1,300000.0,1,1,1
GARAM PANCHAYAT BAGDAI,2,300000.0,1,1,1
GARMPANCHAYAT NARSHIPUR,1,300000.0,1,1,1
JUNIOR ENGINEER SANKHA,1,300000.0,1,1,1
Gram Panchayat Ukhali Mehandali,2,300000.0,2,1,1
SUPDT OF POLICE LINE FUND,1,300000.0,1,1,1
Gram Panchayat Vajdi,1,300000.0,1,1,1
CHIBHADA GRAM PANCHAYAT CHIBHDA,1,300000.0,1,1,1
Gram Panchayat Salah Jandrah,2,300000.0,1,1,1
Gram Panchayat Sukhpur,1,300000.0,1,1,1
CHOILA GRAM PANCHYAT,1,300000.0,1,1,1
CHOSTER THANGKHIEW,2,300000.0,1,1,1
CHITRODA GRUP GRAM PANCHAYAT,1,300000.0,1,1,1
GARMPANCHAYAT GOCHARNA MUVADA,2,300000.0,2,1,1
Computer Vision,1,300000.0,1,1,1
Gram Panchayat Katarpara,1,300000.0,1,1,1
SARPANCH GRAM PANCHAYAT RATKHANDI,2,300000.0,1,1,1
Executive Engineer Rural Development Department,1,300000.0,1,1,1
KHARACHIYA GRAM PANCHAYAT,1,300000.0,1,1,1
gram panchayat Kikirpal,1,300000.0,1,1,1
KHIHLANG L P SCHOOL MYNKREM SHANGPUNG,2,300000.0,1,1,1
SARPANCH GRAM PANCHAYAT KHERDHA,1,300000.0,1,1,1
GRAM PNCHAYAT MANIKPUR,2,300000.0,1,1,1
OLVAN GRAM PANCHAYAT,1,300000.0,1,1,1
FARTIKUI GRAM PANCHAYAT,1,300000.0,1,1,1
NIHAR RANJAN PANDA,1,300000.0,1,1,1
Construction of Classroom at Goalpara Girls College Goalpara,1,300000.0,1,1,1
MS W M TRADERS,4,300000.0,4,1,1
SRI HUBRAJ JAISAWAL MAHILA MAHAVIDYALAYA BARIYAWAN,1,300000.0,1,1,1
GRAM PANCHAYAT SINGHPURBADA,2,300000.0,2,1,1
GRAM PANCHAYAT SOLDHARA,1,300000.0,1,1,1
GRAM PANCHAYAT SOSA,1,300000.0,1,1,1
MR OM CONSTRUCTION,1,300000.0,1,1,1
GRAM PANCHYAT SONWADA,1,300000.0,1,1,1
Nongtalang Mission Village Dorbar,2,300000.0,1,1,1
CHARKHA GRAM PANCHAYAT,1,300000.0,1,1,1
SURYAKANT MAJUR SAHAKARI SANSTHA LTD,1,300000.0,1,1,1
SURAJPURA GRAM PANCHAYAT,1,300000.0,1,1,1
SURYA NRN LENKA,1,300000.0,1,1,1
GRAM PANCHAYAT TIMLA,1,300000.0,1,1,1
New vervek Branch YMA,2,300000.0,1,1,1
GAUTAM BUDDHH INTER COLLEGE CHACHIKPUR,1,300000.0,1,1,1
SAMARESH KUMAR BHUYAN,1,300000.0,1,1,1
Community hall at Salbari Bathou Thansali,1,300000.0,1,1,1
gp pindray nainpur,1,300000.0,1,1,1
GRAM PANCHAYAT SAKWAH NAINPUR,1,300000.0,1,1,1
GOPALGRAM GRAM PANCHAYAT,1,300000.0,1,1,1
GRAM PANCHAYAT SALIHABHATA,2,300000.0,1,1,1
MR BHAGABAN SAHOO,1,300000.0,1,1,1
UMESH PRASAD DAS,1,300000.0,1,1,1
Gram panchayat Mehrakhapa,1,300000.0,1,1,1
Gram panchayat Mota Samadhiyala,1,300000.0,1,1,1
Gram panchayat Divi,1,300000.0,1,1,1
chadasana village,1,300000.0,1,1,1
MAA MANGALA TRADERS,1,300000.0,1,1,1
GRAM PANCHAYAT DUNGARIYA,1,300000.0,1,1,1
GRAM PANCHAYAT BHALGAM,1,300000.0,1,1,1
shree isapar gram panchayat,1,300000.0,1,1,1
KALANA GRAM PANCHAYAT,1,300000.0,1,1,1
GRAM PANCHAYAT GHONTKHEDA,1,300000.0,1,1,1
Prettiush D Marak,2,300000.0,1,1,1
Hemanta Kumar Rout,1,300000.0,1,1,1
BHANIYA JUTH GRAM PANCHAYAT,1,300000.0,1,1,1
SUBASH CHANDRA PRADHAN,1,300000.0,1,1,1
BHANUMATI TUDU,1,300000.0,1,1,1
GRAM PANCHAYAT ERAND,1,300000.0,1,1,1
RAJ ENTERPRISES,1,300000.0,1,1,1
GRAM PANCHAYAT BELA,1,300000.0,1,1,1
shelna gram panchayat,1,300000.0,1,1,1
THONTI CHINNA NARSAIAH,1,300000.0,1,1,1
TERSA GRAM PANCHYAT,1,300000.0,1,1,1
R Lalsanghleii,2,300000.0,1,1,1
STAR GALAXY NUTRITION,1,300000.0,1,1,1
GRAM PANCHAYAT DHUKUPATHRA,2,300000.0,1,1,1
GRAM PANCHAYAT BILGAYE,2,300000.0,1,1,1
RAFEEQGANJ  NS,2,300000.0,2,1,1
GRAM PANCHAYAT CHURYARI,1,300000.0,1,1,1
KALOL GRAM PANCHAYAT,1,300000.0,1,1,1
Gram Panchayat Narra,1,300000.0,1,1,1
THADACH GRAM PANCHAYAT,1,300000.0,1,1,1
BHUBANESWARI STEELENIUM,1,300000.0,1,1,1
KADIYALI GRAM PANCHAYT,1,300000.0,1,1,1
SHREE BALA JI PIPE INDUSTRIES,7,300000.0,1,1,1
THE DHANAULA CO OP L and C SOCIETY,1,300000.0,1,1,1
DHRANDAV GROUP GRAM PANCHAYAT DHRANDAV,1,300000.0,1,1,1
VIRPUR GRAM PANCHAYAT SWABHANDOI,1,300000.0,1,1,1
VIRTA GRAM PANCHAYAT,1,300000.0,1,1,1
Golivada Gram Panchayat,1,300000.0,1,1,1
GRAM PANCHAYAT DALKHANIYA,1,300000.0,1,1,1
GRAM PANCHAYAT BUDBUD,2,300000.0,1,1,1
GRAM PANCHAYAT DONGAR MANDLA,1,300000.0,1,1,1
GRAM PANCHAYAT BHEEKAMPUR,1,300000.0,1,1,1
BHAVPUR GRAM PANCHAYAT,1,300000.0,1,1,1
Mr Bikramjit Barik,1,300000.0,1,1,1
National Agro Repair Works,1,300000.0,1,1,1
CN PLT BHEL ST SD BHEL BZ,1,300000.0,1,1,1
GADHADA SHA GRAM PANCHAYAT,1,300000.0,1,1,1
G S Sports and Fitness Industries,1,300000.0,1,1,1
SANTOSH DASH,1,300000.0,1,1,1
G K RAMESH CONTRACT WORKS,1,300000.0,1,1,1
SAPAVADA GRAM PANCHAYAT,1,300000.0,1,1,1
Nani Vavdi Gram Panchayat,1,300000.0,1,1,1
CONSTRUCTION OF OFFICE ROOM OF RAJAHUWA SRI SRI LAKSHMI PUJA COMMITTEE KAWAIMARY,1,300000.0,1,1,1
SUBASH CHANDRA GOCHHAYAT,1,300000.0,1,1,1
Kuvarva Gram Panchayat,1,300000.0,1,1,1
Charseng Chambugong Marak,2,300000.0,1,1,1
LABANYAPRABHA SAGRIA,1,300000.0,1,1,1
Nongbareh SC HWC,1,300000.0,1,1,1
SAJANTIMBA GRAM PANCHAYAT,1,300000.0,1,1,1
GRAM PANCHAYAT TALAPAR,2,300000.0,1,1,1
GRAM PANCHAYAT SURAJPUR,1,300000.0,1,1,1
SALADI GRAM PANCHAYAT,1,300000.0,1,1,1
CHIEF EXECUTIVE OFFICER JANPAD PANCHAYAT KARTALA,1,300000.0,1,1,1
CONST COMMITTEE PROTECT MEASURE VILL PUB MACHARA KASUMARA,1,300000.0,1,1,1
GANESHPURA GRAM PANCHAYAT,1,300000.0,1,1,1
GANESHPURA JUTH GRAM PANCHAYAT,1,300000.0,1,1,1
GRAM PANCHAYAT TRANJA,2,300000.0,2,1,1
SANJALI GRAM PANCHAYAT,1,300000.0,1,1,1
GRAM PANCHAYAT UNDACH VANIYA FALIYA,1,300000.0,1,1,1
SANGLIPONG,2,300000.0,1,1,1
JNC Boundary wall,2,300000.0,1,1,1
Fatma Begum,1,300000.0,1,1,1
NJR ASSOCIATES,1,300000.0,1,1,1
GALIBA GROUP GRAM PANCHAYAT,1,300000.0,1,1,1
VADGAMADA GRAM PANCHAYAT,1,300000.0,1,1,1
VADHAVA,1,300000.0,1,1,1
VADIYA GRAM PANCHAYAT VADIYA,1,300000.0,1,1,1
ST PETER SECONDARY SCHOOL BARATO,2,300000.0,1,1,1
SUKHPUR JUTH GRAM PANCHAYAT,1,300000.0,1,1,1
SUKADHAR MEHER,1,300000.0,1,1,1
MS JB Enterprise,1,300000.0,1,1,1
Gram Panchayat Sanarli,1,300000.0,1,1,1
JUNIOR ENGINEER BDO NARAYANPATNA,1,300000.0,1,1,1
NOKHA GRAM PANCHAYAT NOKHA,1,300000.0,1,1,1
KATVANA GRAM PANCHAYAT,1,300000.0,1,1,1
MOBHA PANCHAYAT,1,300000.0,1,1,1
MITHAPUR NAKKI,1,300000.0,1,1,1
Sarpanch Sachiv Gram Panchayat Beljhiriya,2,300000.0,1,1,1
Sarpanch Gram Panchyat Khola,2,300000.0,1,1,1
Sarpanch Gram panchayat Barlia,2,300000.0,1,1,1
Woman Musafir Khana,1,300000.0,1,1,1
Gram Panchayat Devni,2,300000.0,1,1,1
VATAM NAVA GRAM PANCHAYAT,1,300000.0,1,1,1
Gram Pnachayat Dudhala,1,300000.0,1,1,1
SONPARI GRAM PANCHAYAT,1,300000.0,1,1,1
D Square Enterprises,1,300000.0,1,1,1
GRAM PANCHAYAT NAGESHRI,1,300000.0,1,1,1
KATEDIYA GRAM PANCHAYAT,1,300000.0,1,1,1
Sarpanch Gram Panchayat   JHIRIYA,3,300000.0,2,1,1
MINOLA MAKRI,2,300000.0,1,1,1
Ruvel Gram Panchayat,1,300000.0,1,1,1
GRAM PANCHAYAT PADARSHINGA,1,300000.0,1,1,1
PARDIP KUMAR,1,300000.0,1,1,1
MZP SUBHEADQUARTERS AT ELUNGDAR,1,300000.0,1,1,1
SARPANCH SACHIV GRAM PANCHAYAT MASURIKHAR,2,300000.0,1,1,1
NARENDRA MOHANTY,1,300000.0,1,1,1
GRAM PANCHAYAT PONDI,2,300000.0,2,1,1
PANIYADEV GRAM PANCHAYAT,1,300000.0,1,1,1
GP Bagri,2,300000.0,1,1,1
GP BHOJPUR JP OBEDULLAGANJ,1,300000.0,1,1,1
PARAMESWAR SAHOO,2,300000.0,1,1,1
KENTLI TANGSANG,2,300000.0,1,1,1
KERALA GRAM PANCHAYAT,1,300000.0,1,1,1
Renovation and Repairing of Community Hall near Khanka and Faringapara,1,300000.0,1,1,1
PANCH TALAVADA GRAM PANCHAYAT,1,300000.0,1,1,1
GP BEELKHEDI JP OBEDULLAGANJ,2,300000.0,1,1,1
GP BHAISATARA,2,300000.0,1,1,1
GP Amarpurakalan,2,300000.0,1,1,1
GRAM PANCHAYAT PARAPATTI,2,300000.0,1,1,1
PANDIT SANTRAM AGYARAM SARPANCH PUBLIC SCHOOL,1,300000.0,1,1,1
CHAKRAPANI PRADHAN,1,300000.0,1,1,1
GRAM PANCHAYAT PURWA,1,300000.0,1,1,1
Rennovtion of community hall at khaija dolaigaon,1,300000.0,1,1,1
GP AGHAR,2,300000.0,1,1,1
NARAYANPUR B,1,300000.0,1,1,1
SARTANPAR GRAM PANCHAYAT,1,300000.0,1,1,1
Dranli Roy Mawlong,2,300000.0,1,1,1
NARANPURA KAMPA GRAM PANCHAYAT,1,300000.0,1,1,1
Durai T,1,300000.0,1,1,1
Thordi Gram Panchayat,1,300000.0,1,1,1
MELUSAN GRAM PANCHAYT,1,300000.0,1,1,1
H Rokhuma,2,300000.0,1,1,1
Sarpanch Shri Kadajodara,1,300000.0,1,1,1
SARPANCH SHRI MITHANA MUVADA,1,300000.0,1,1,1
HAJI NOORULLAH J H SCHOOL ILTIFATGANJ,1,300000.0,1,1,1
GP CHHUHIA,2,300000.0,1,1,1
GRAM PANCHAYAT NANI VAHIYA,1,300000.0,1,1,1
gram panchayat pandeytola,2,300000.0,2,1,1
gram panchayat motipur,2,300000.0,1,1,1
gram panchayat muretitola,2,300000.0,1,1,1
GRAM PANCHAYAT DEVARI KHAWASA,2,300000.0,1,1,1
GRAM PANCHAYAT NINGALA 2,1,300000.0,1,1,1
GRAM PANCHAYAT NIWARI,1,300000.0,1,1,1
HADIDA GRAM PANCHAYAT,1,300000.0,1,1,1
SARPANCH SHRI NEDARDI GRAM,1,300000.0,1,1,1
ASHOK KUMAR KHUNTIA,1,300000.0,1,1,1
Sarestar Iawphniaw,2,300000.0,1,1,1
Sarman Patel,1,300000.0,1,1,1
LUCKY SPORTS EQUIPMENTS,1,300000.0,1,1,1
LUNVA GRAM PANCHAYAT,1,300000.0,1,1,1
Robert Lyngdoh,2,300000.0,1,1,1
BANDHIYA GRAM PANCHAYAT,1,300000.0,1,1,1
Sarpanch Gram Panchayat   PHUTERA,4,300000.0,2,1,1
SARPANCHSHRI NAVAPURA GRAM PANCHAYAT,1,300000.0,1,1,1
SARVODYA INTER COLLEGE KOTWA MUHAMMADPUR,1,300000.0,1,1,1
NARAYANA RANGA SWAMY,1,300000.0,1,1,1
DALPUR GRAM PANCHAYAT,1,300000.0,1,1,1
DAHEGAMDA,1,300000.0,1,1,1
DAHIDA GRAM PANCHAYAT,1,300000.0,1,1,1
DAITARI DASH,1,300000.0,1,1,1
BARVALA BAVISHI GRAM PANCHAYAT,1,300000.0,1,1,1
SARPANCHSHREE GERITA GRAM PANCHAYAT,1,300000.0,1,1,1
SARPANCHSHRI KHATASANA GRAM PANCHAYAT,1,300000.0,1,1,1
Sarpanch Gram Panchayat   HIWARKHEDI,7,300000.0,4,1,1
Sachiv Gram panchayat Nanpa,2,300000.0,1,1,1
MOYAD VAS RUPAJI GRAM PANCHAYAT,1,300000.0,1,1,1
Gudla Ashok,1,300000.0,1,1,1
P AND  P INDUSTRIES,1,300000.0,1,1,1
GRAM PANCHAYAT RAMDEVRI,1,300000.0,1,1,1
GRAM PANCHAYAT RAMGADH,1,300000.0,1,1,1
SARPANCH OF GRAM PANCHAYAT BANDHAKHAR,2,300000.0,1,1,1
GODA GRAM PANCHAYAT,1,300000.0,1,1,1
OUM SAI CONSTRUCTION,1,300000.0,1,1,1
EE APSIDC INTREST AND DISBURESEMENT,1,300000.0,1,1,1
GRAM PANCHAYAT SAREKHA KALA,1,300000.0,1,1,1
GRAM PANCHAYAT SHIHOLDI,1,300000.0,1,1,1
GRAM PANCHAYAT SHIVPUR,2,300000.0,1,1,1
GOURA CHANDRA MISHRA,1,300000.0,1,1,1
GOURANG CHARAN LENKA,1,300000.0,1,1,1
SARPANCH SACHIV GRAM PANCHAYAT DONAGARIYA,2,300000.0,1,1,1
SARPANCH SACHIV GP LATA,2,300000.0,1,1,1
SARPANCH SACHIV GP VISESRA,2,300000.0,1,1,1
Construction of Hall at Lakhipur College Lakhipur,1,300000.0,1,1,1
Odhava gram panchayat,1,300000.0,1,1,1
gp bairagiyapukhari,1,300000.0,1,1,1
fatepura gram panchyat,1,300000.0,1,1,1
FATEPUR GRAM PANCHAYAT,1,300000.0,1,1,1
JEYID ENTERPRISE,2,300000.0,1,1,1
PADMALOCHAN DANDSENA,1,300000.0,1,1,1
UCHAIYA GRAM PANCHAYAT,1,300000.0,1,1,1
JAGAT NARAIN MAHAVIDYALAYA ARUSA NARAINPUR AMBEDKARNAGAR,1,300000.0,1,1,1
JADA GRAM PANCHAYAT JADA,1,300000.0,1,1,1
UJJAWAL KUMAR NATH,1,300000.0,1,1,1
GOUTAM KARUAN,1,300000.0,1,1,1
MOTA MACHIYALA GRAM PANCHAYAT,1,300000.0,1,1,1
KRISHNENDU MUKHERJEE,1,300000.0,1,1,1
VARAD,1,300000.0,1,1,1
VARENA BORTIMBA GRAM PAN,1,300000.0,1,1,1
VANKOD GRAM PANCHAYAT,1,300000.0,1,1,1
Gram Panchayat Heerapur,2,300000.0,2,1,1
Const of Community Hall at Bongaigaon District Ex servicemen Asso,1,300000.0,1,1,1
Construction of Additional Room at Bardamal Community Hall near Lakhi Mandir,2,300000.0,1,1,1
Gram Panchayat Jambuda,1,300000.0,1,1,1
UGRESON MOHAPATRA,1,300000.0,1,1,1
GRAM PANCHAYAT PATIMANSH,1,300000.0,1,1,1
PALMATA BUILDING MATERIAL SUPPLIERS,1,300000.0,1,1,1
GRAM PANCHAYAT PRATAPPURA,1,300000.0,1,1,1
GRAM PANCHAYAT PULALIKALA,2,300000.0,1,1,1
S N Brick Field,1,300000.0,1,1,1
GRAM PANCHAYAT PURWABUMHORI,1,300000.0,1,1,1
MURLI MANOHAR SHIKSHA SAMITI PATERA,1,300000.0,1,1,1
Gram Panchayat Gojar,2,300000.0,1,1,1
Construction of Community Hall near Shri Shri Radha Gobinda Mandir Seva Marup at Kekuranagar,1,300000.0,1,1,1
Construction of Rest House at Barchara Samsan Ghat,1,300000.0,1,1,1
GRAM PANCHAYAT PALLA,2,300000.0,2,1,1
GP BINEKA JP OBEDULAGANJ,2,300000.0,1,1,1
GP BHOGRWAN,3,300000.0,2,1,1
Boundary Wall at Bairabpally Near Hanuman Mandir,1,300000.0,1,1,1
CC Construction of Boundary wall at Lutuma Bohagi Utsav Lutuma Kahilipara,1,300000.0,1,1,1
Bringwell Marthong,2,300000.0,1,1,1
gram panchayat kalahod,4,300000.0,2,1,1
EOMC Nahan,1,300000.0,1,1,1
SARPANCH SACHIV GRAM PANCHAYAT KERPANI,2,300000.0,1,1,1
SPI NONGSIEJ,2,300000.0,1,1,1
MUKHAYA KARAYAPALAN ADHIKARI BHANPURA JANADPAD PANCHAYAT,1,300000.0,1,1,1
MUKHYA K J P PONDI UPRORA,2,300000.0,2,1,1
gram panchayat jarol,3,300000.0,2,1,1
Salchina N Marak,2,300000.0,1,1,1
KETSEIYIE CHARLES MERE,2,300000.0,1,1,1
GRAMPANCHAYAT CHIDGAON,1,300000.0,1,1,1
SARPANCH OF MANGAMAR,2,300000.0,2,1,1
GREATFULWELL SOHSHANG,2,300000.0,1,1,1
GRAMPANCHAYAT SARABHAN,1,300000.0,1,1,1
GRAM PANCHAYAT PIPERBAHRA,2,300000.0,1,1,1
SARPANCH SACHIV GRAM PANCHAYAT CHEPA,2,300000.0,1,1,1
AMLAREM SECONDARY SCHOOL,1,300000.0,1,1,1
AMRAPUR GRAM PANCHAYAT,1,300000.0,1,1,1
gram panchayat bharregaon,2,300000.0,1,1,1
Sainborlang Jalong,2,300000.0,1,1,1
CHANDAN TANDI,1,300000.0,1,1,1
Grithing T Sangma,2,300000.0,1,1,1
MOOL BHOOT GRAM SABHA KUDARI,2,300000.0,1,1,1
LONKA GRAM PANCHAYAT,1,300000.0,1,1,1
MOTA BHAMODRA GRAM PANCHAYAT,1,300000.0,1,1,1
GROUP GRAM PANCHAYAT NANIBHUGEDI,1,300000.0,1,1,1
ANJALI GURU,2,299999.0,1,1,1
ALINDRA GRAM PANCHAYAT,1,299999.0,1,1,1
Dimbeswar Borah,2,299999.0,1,1,1
GRAM PANCHAYAT GOLADHAR,1,299998.0,1,1,1
GRAM PANCHAYAT KANBHAIPURA,1,299997.0,1,1,1
Gitartha Bayan,2,299997.0,1,1,1
J M ENTERPRISE,1,299995.0,1,1,1
GRAM PANCJAYAT LAMBORA,1,299995.0,1,1,1
VASAI GRAM PANCHAYAT,1,299994.0,1,1,1
ODC CARD CALENDAR,1,299994.0,1,1,1
GRAM PANCHAYAT HADMATIYA,1,299993.0,1,1,1
SREE FURNITURE,1,299990.0,1,1,1
J K CONSTRUCTION AND BLACK STONE CHIPS SUPPLIERS,1,299989.0,1,1,1
BIKASH ENTERPRISE,1,299987.0,1,1,1
Director HIMURJA,1,299985.0,1,1,1
GRAM PANCHAYAT BAGHIMA,1,299984.0,1,1,1
BHAVANI TRADERS,1,299981.0,1,1,1
DEVA GANAPATHI REDDY,1,299981.0,1,1,1
LAXMAPPA GADDANKERI,2,299979.0,1,1,1
GRAM PANCHAYAT KATHROTA,1,299977.0,1,1,1
KUMARASWAMY,2,299975.0,1,1,1
KOYALKAR KISHAN,1,299975.0,1,1,1
GRAM PANCHAYAT SURELAKALA SFC,2,299973.0,1,1,1
GRAM PANCHAYAT MULER,1,299970.0,1,1,1
SAMANTA ELECTRIC AND SOLAR SOLUTION,2,299970.0,2,1,1
GRAM PANCHAYAT VACHHANAD,1,299970.0,1,1,1
SK ASRAFUL HAQUE,2,299961.0,1,1,1
Beda Gram Panchayat,1,299960.0,1,1,1
UTPAL DAS,6,299956.0,1,1,1
Grama Panchayat Urdara,2,299952.0,1,1,1
ROFIQUL ISLAM,1,299951.0,1,1,1
GRAM PANCHAYAT CHOTILI VIDI,1,299950.0,1,1,1
GORAD GRAM PANCHAYAT,1,299947.0,1,1,1
Ramehar,1,299944.0,1,1,1
Best Grade Solutions LLP,1,299944.0,1,1,1
SAREL GRAM PANCHAYAT,1,299943.0,1,1,1
Grampanchyat Hattij,1,299942.0,1,1,1
NANA JAMBUDA GRAM PANCHAYAT,1,299932.0,1,1,1
BEDA GRAM PANCHAYAT,1,299931.0,1,1,1
SACHIN NAMADEV RATHOD,2,299928.0,1,1,1
VIBHANIYA GRAM PANCHAYAT,1,299927.0,1,1,1
JALANSAR GRAM PANCHAYAT,1,299927.0,1,1,1
HAREN CHAROH,1,299925.0,1,1,1
F A M ENTERPRISE,1,299923.0,1,1,1
Mohammad Fayyaz Ur Rahman,1,299919.0,1,1,1
Gram Panchayat Tol Saladi Choteli,1,299917.0,1,1,1
KHAKHADI GRAM PANCHAYAT,1,299916.0,1,1,1
PRATHUGADH GRAM PANCHAYAT,1,299912.0,1,1,1
RADHAPPA C,4,299908.0,2,1,1
INDARVA JUNA,1,299905.0,1,1,1
gram panchayat janglesar,2,299900.0,1,1,1
MANJU TRADING COMPANY,1,299900.0,1,1,1
GRAM PANCHAYAT KARMADIYA,1,299897.0,1,1,1
NATHAD GRAM PANCHAYAT,1,299892.0,1,1,1
BHARAT TRADING CO,3,299892.0,1,1,1
MANPURA SHI GRAM PANCHAYAT,1,299891.0,1,1,1
GHANSHYAMPUR GRAM PANCHAYAT,1,299889.0,1,1,1
RAMESHA SAMAGARA,1,299885.0,1,1,1
GR Fulfakar Trading Company,1,299880.0,1,1,1
Jyoti Prasad Thakuria,4,299879.0,1,1,1
RATANPAR GRAMPANCHAYAT,1,299877.0,1,1,1
TARORA GRAM PANCHAYT,1,299874.0,1,1,1
NAGRAJ K R,1,299870.0,1,1,1
Vansa Gram Panchayat,1,299869.0,1,1,1
J J DEVELOPERS,1,299868.0,1,1,1
Sahanur Islam Mondal,1,299846.0,1,1,1
Abhijyan Bhuyan,1,299845.0,1,1,1
NAVA DEVALIYA GRAM PANCHAYAT,1,299843.0,1,1,1
ADITYA ENTERPRISES,1,299838.0,1,1,1
GRAM PANCHAYAT NANPULALI,2,299837.0,1,1,1
GRAM PANCHAYAT BASANTPUR J P PENDRA,2,299836.0,1,1,1
Gram Panchayat Chhapariyali,1,299834.0,1,1,1
VELAVADAR GRAM PANCHAYAT,1,299831.0,1,1,1
BUDA GRAM PANCHAYAT,1,299816.0,1,1,1
BORO MAA ENTERPRISE,1,299815.0,1,1,1
R PANDIYAN,1,299814.0,1,1,1
KARASHANPURA GRAM PANCHAYAT,1,299813.0,1,1,1
VIRVIDARKA GRAMPANCHAYAT,1,299810.0,1,1,1
Sarpanch Gram Panchayat Pouni,2,299800.0,1,1,1
MEWAR CONSTRUCTION AND BUILDERS,1,299800.0,1,1,1
RAJESH K,1,299799.0,1,1,1
ZAPODAD GRAM PANCHAYAT,1,299796.0,1,1,1
SHREYAS M D,1,299795.0,1,1,1
R RAMACHANDRAN Contractor,1,299787.0,1,1,1
CHARADVA GRAM PANCHAYAT,1,299786.0,1,1,1
SARPANCH SACHIV GRAM PANCHAYAT SARAIPALI,2,299776.0,1,1,1
GRAM PANCHAYAT MORUKA,1,299762.0,1,1,1
GRAM PANCHYAT GARAMBHADI,1,299757.0,1,1,1
Piluvada Gram Panchayat,1,299756.0,1,1,1
MALSUND GRAM PANCHAYAT,1,299746.0,1,1,1
TAPASI ENTERPRISE,2,299736.0,2,1,1
Sarpanch Sachiv Gram Panchayat Bargawa,2,299735.0,1,1,1
SRK Movers,11,299734.0,1,1,1
GP Ligaa,4,299730.0,2,1,1
ASIT MAITY,2,299716.0,2,1,1
GRAM PANCHAYAT CHOKLI,1,299715.0,1,1,1
GAKUL CHANGMAI,1,299713.0,1,1,1
Biren Sing Hanse,1,299712.0,1,1,1
PARVDI GRAM PANCHAYAT,1,299704.0,1,1,1
NANA KHADABA GRAM PANCHAYAT,1,299703.0,1,1,1
GRAM PANCHAYAT KHANPUR,3,299701.0,3,1,1
GRAM PANCHAYAT DALSATOLA,2,299700.0,1,1,1
GRAM PANCHAYAT GOURMATI,2,299700.0,1,1,1
KUMBHAN GRAM PANCHAYAT,1,299697.0,1,1,1
KARANGADH GRAM PANCHAYAT,1,299695.0,1,1,1
GRAM PANCHAYAT SHANTINAGAR,1,299695.0,1,1,1
KANTHARAJU C,2,299683.0,1,1,1
Bhalana Gram Panchayat,1,299683.0,1,1,1
GRAM PANCHAYAT SAILA,2,299681.0,1,1,1
samser ali khan,1,299676.0,1,1,1
SARPANCH VILLAGE DEVLOPMENT OFFICER GRAM PANCHAYAT JEWALI,1,299674.0,1,1,1
GRAM PANCHAYAT GALIYAVADA,1,299673.0,1,1,1
A G CONSTRUCTION,1,299671.0,1,1,1
Gotarka Gram Panchayat,1,299665.0,1,1,1
GP Manjhli,4,299658.0,2,1,1
KHARVA GRAM PANCHAYAT,1,299657.0,1,1,1
SANJAY B M K SAH SANSTHA PARASTOLA,1,299649.0,1,1,1
Sant Dnyaneshwar Mauli Majoor Sahakari Santha Limited Awarpimpari Taluka Paranda Dist Dharashiv,1,299648.0,1,1,1
TUTU MONI BORA,3,299643.0,1,1,1
BISHT ENTERPRISES,1,299642.0,1,1,1
Malsund Gram Panchayat,1,299630.0,1,1,1
GRAM PANCHAYAT MATARVANIYA,1,299628.0,1,1,1
TIKAR GRAM PANCHAYAT,1,299628.0,1,1,1
BHALANA GRAM PANCHAYAT,1,299620.0,1,1,1
HAREESH SADHU JATHAN,1,299617.0,1,1,1
Ms Dhriti Enterprise,2,299613.0,1,1,1
S S D CONSTRUCTION,1,299604.0,1,1,1
GP Dhourabhatha,2,299601.0,1,1,1
SARKUI GRAM PANCHAYAT,1,299597.0,1,1,1
KHAJURIYA GRAM PANCHAYAT,1,299596.0,1,1,1
JITEN DAS,7,299595.0,1,1,1
G P Limgaon,2,299592.0,1,1,1
Vijaypur GP,1,299590.0,1,1,1
GRAM PANCHAYAT PONDIDIH,2,299571.0,1,1,1
NANDAN GRAM PANCHAYAT,1,299569.0,1,1,1
VINOD KUMAR CONTRACTOR,1,299565.0,1,1,1
METTU SRINIVAS REDDY,1,299553.0,1,1,1
GRAMPANCHAYAT DENVA,1,299539.0,1,1,1
KHIJALPUR VANTA   gram panchayat,1,299536.0,1,1,1
SAJAN JOSE,1,299536.0,1,1,1
NAVAGAM GRAMPANCHAYAT,1,299535.0,1,1,1
HARISHA A,2,299530.0,1,1,1
SHIVENDRANAGAR GRAMPANCHAYAT,1,299527.0,1,1,1
GRAM PANCHYAT NAGOI,2,299520.0,1,1,1
UMESH KAMATAR,2,299508.0,1,1,1
VANODA  GRAMPANCHAYAT,1,299477.0,1,1,1
SABITA ENTERPRISE,1,299463.0,1,1,1
grampanchayat sarola bk,1,299448.0,1,1,1
AKASH SK,1,299434.0,1,1,1
BADALPURA GRAM PANCHAYAT,1,299421.0,1,1,1
Ponnam Sreenivas,1,299418.0,1,1,1
GRAM PANCHAYAT VADAL,1,299412.0,1,1,1
ANANDA,2,299400.0,1,1,1
gram panchayat khalilpur,1,299400.0,1,1,1
MODERN GROWN,2,299370.0,2,1,1
ADITYA RAJU DONODE,1,299369.0,1,1,1
GRAM PANCHAYAT JANIYADRA,1,299364.0,1,1,1
Kureja Gram Panchayat,1,299343.0,1,1,1
PRESIDENT VILLAGE LEVEL COMMITTEE JAGUVARIPALLI GP,1,299340.0,1,1,1
Pali Gram Panchayat,1,299336.0,1,1,1
MOTA MADHAD GRAM PANCHAYAT,1,299331.0,1,1,1
GRAM PANCHAYAT NAVAGAM,1,299331.0,1,1,1
DARSHAN SINGH,11,299314.0,5,1,3
SARPANCHSHREE GRAM PANCHAYAT VEJALKA,1,299311.0,1,1,1
THE PRESIDENT VLC GURRAPPAGARIPALLI OF VEERABALLI,1,299309.0,1,1,1
KANERAV GRAM PANCHAYAT,1,299300.0,1,1,1
Yaragorla Venkataramaiah,1,299297.0,1,1,1
Pitta Vivek,1,299296.0,1,1,1
JALIYA GRAMPANCHAYAT,1,299289.0,1,1,1
D H ENTERPRISE,1,299271.0,1,1,1
GRAM PANCHAYAT DEVDHI,2,299256.0,1,1,1
LERKA GRAM PANCHAYAT,1,299240.0,1,1,1
SNR ENTERPRISES,1,299239.0,1,1,1
TAPASYA CONSTRUCTIONS,1,299227.0,1,1,1
SACHIN AKKAGOL,2,299222.0,1,1,1
SOLGAM GRAM PANCHAYAT,1,299218.0,1,1,1
MAHIITADI   GRAMPANCHAYAT,1,299207.0,1,1,1
B H ENTERPRISE,1,299194.0,1,1,1
Rengka Teronpi,4,299192.0,1,1,1
Gram Panchayt Rajnagar,2,299191.0,1,1,1
Fateh Traders,5,299190.0,3,1,1
Maa Kali Enterprise Jhumpa Barman,1,299186.0,1,1,1
The Chairmen VLWC Kamasamudram,1,299169.0,1,1,1
ANJAN KALITA,1,299160.0,1,1,1
MAGHAPURA  GRAM PANCHAYAT,1,299154.0,1,1,1
uppiretla venkateswarlu,1,299150.0,1,1,1
executive engineer R B BUDGAM,7,299149.0,1,1,1
SARPANCH SACHIV GRAM PANCHAYAT MAJHGAWA,2,299136.0,1,1,1
napadvanta gram panchyat,3,299129.0,3,1,1
Sarpanch Sachiv Gram Panchayat Salhekota,2,299112.0,1,1,1
ARJUN SOLAPURA,2,299109.0,1,1,1
SUNDAR ANCHAN,1,299100.0,1,1,1
SARPANCH SACHIV GRAM PANCHAYAT AMERATIKRA,2,299078.0,1,1,1
THILAKAVALLI,1,299076.0,1,1,1
ABHILASH M S,1,299075.0,1,1,1
BASAVARAJ M ILAGER,2,299068.0,1,1,1
GOKALGADH GRAMPANCHAYAT,1,299065.0,1,1,1
RAMESH B BEEDAGOND,2,299062.0,1,1,1
GRAM PANCHAYAT BHERSAM,1,299060.0,1,1,1
ASSISTANT ENGINEER AC JHAJHA,1,299051.0,1,1,1
BAMBHANIYA GRAMPANCHAYAT,1,299023.0,1,1,1
TAREDI GRAM PANCHAYAT,1,299023.0,1,1,1
SAMADHIYALA PATI GRAM PANCHAYAT,1,299023.0,1,1,1
JAWAL GRAM PANCHAYAT,1,299012.0,1,1,1
GRAM PANCHAYAT NAGRA,1,299008.0,1,1,1
MS GOURAV CONSTRUCTION AND COMPANY,2,299000.0,1,1,1
GRAM PANCHAYAT JASALPUR,2,299000.0,1,1,1
Ewolves Sports and Fitness,1,299000.0,1,1,1
GRAM PANCHAYAT SURVA,1,298991.0,1,1,1
P VISHNU VARDHAN,1,298990.0,1,1,1
DHEDASANA GRAMPANCHAYAT,1,298985.0,1,1,1
VIRUPAKSHAGOUDA,2,298967.0,1,1,1
KARAJALA GRAM PANCHAYAT,1,298944.0,1,1,1
ARITHA GRAM PANCHAYAT,1,298928.0,1,1,1
Bhanwadiya Gram Panchayat,1,298888.0,1,1,1
Garal Gram Panchayat,1,298886.0,1,1,1
SARPANCHSHREE GRAM PANCHAYAT ALAMPUT,1,298886.0,1,1,1
PILUVADA GRAM PANCHAYAT,1,298885.0,1,1,1
KHAD KHAMBHALIYA GRAM PANCHAYAT,1,298800.0,1,1,1
KABITA BISWAS,1,298784.0,1,1,1
SWAPAN DHAR,1,298766.0,1,1,1
MANIK DHIMAN,4,298762.0,2,1,1
GRAM PANCHAYAT TAMSA,1,298735.0,1,1,1
Medishetty Sravan Kumar,1,298702.0,1,1,1
RAROD GRAM PANCHAYAT,2,298700.0,2,1,1
POONAM,6,298677.0,4,2,4
GRAM PANCHAYAT JUNA VAGHANIYA,1,298670.0,1,1,1
DHARAI GRAM PANCHAYAT,1,298658.0,1,1,1
SHRI KOB GRAMPANCHAYAT,1,298649.0,1,1,1
KASALPURA GRAM PANCHAYAT,1,298636.0,1,1,1
Gram Panchayat Desai Vadala,1,298615.0,1,1,1
BORDI gram panchayat,1,298572.0,1,1,1
MAAN CONSTRUCTIONS,1,298567.0,1,1,1
PUNNIYAKHIDI,2,298562.0,1,1,1
AMBIKA TRADERS,4,298500.0,1,1,1
surinder sngh bko,7,298500.0,2,1,1
CHANCHAKVAD GRAM PANCHAYAT,1,298444.0,1,1,1
RAMNIVAS,2,298436.0,2,1,1
FACHARIYA GRAMPANCHAYAT,1,298425.0,1,1,1
BHENKVAD GRAM PANCHAYAT,1,298400.0,1,1,1
CHAKKURU SRINATH,1,298346.0,1,1,1
GRAM PANCHAYAT SARETHI,7,298339.0,1,1,1
DINESH NAYAK,1,298314.0,1,1,1
GRAM PANCHAYAT AMARGADH,1,298300.0,1,1,1
Jilla Dhanunjay,1,298284.0,1,1,1
PRITHWISH ENTERPRISE,1,298251.0,1,1,1
GRAM PANCHAYAT BONAND,1,298185.0,1,1,1
GRAM PANCHAYAT DAILWADA,2,298125.0,1,1,1
DP Enterprises,1,298108.0,1,1,1
GRAM PANCHAYAT BALLA,2,298065.0,1,1,1
AMARANARAYANA N,2,298025.0,1,1,1
Amit tomar,1,298004.0,1,1,1
PARSHOTAM DASS,2,298000.0,2,1,1
BHAGWATI ENTERPRISES,1,298000.0,1,1,1
PALLE SRAVANATH REDDY,1,297994.0,1,1,1
GRAMPANCHAYAT  KAMBARE BUDRAK,1,297993.0,1,1,1
shree ummed surgical  AND equipment,1,297926.0,1,1,1
BORUAH HARDWARE,1,297911.0,1,1,1
Karsan Singla Govt Cont,2,297899.0,1,1,1
RAMBHODA GROUP GRAM PANCHAYAT,1,297880.0,1,1,1
M S SHRI KRISHNA ENTERPRISES,7,297824.0,1,1,1
Sai Anu Enterprises,1,297813.0,1,1,1
Madhvipur Gram Panchayat,1,297783.0,1,1,1
M 4 ENTERPRISES,1,297760.0,1,1,1
dharai gram pamchayat,1,297700.0,1,1,1
N SHOBAN KUMAR,1,297686.0,1,1,1
JEEVANA,1,297663.0,1,1,1
MOHAN SHAW,1,297653.0,1,1,1
TARAK KUNDU,1,297621.0,1,1,1
GRAM PANCHAYAT CHOKI,1,297612.0,1,1,1
Vikas Puri,1,297590.0,1,1,1
ALLAVULA RAJU,1,297566.0,1,1,1
GRAM PANCHAYAT MANADANPARA,1,297526.0,1,1,1
PROJECT AND MAINTENANCE,1,297461.0,1,1,1
VIRADI GRAM PANCHAYAT,1,297439.0,1,1,1
Shri KHAJUDRA GRAM PANCHAYAT,1,297369.0,1,1,1
Sanosari gram panchayat,1,297363.0,1,1,1
JESAR GRAM PANCHAYAT,1,297358.0,1,1,1
KAKARPADA GROUP GRAM PANCHAYAT,2,297327.0,2,1,1
GRAM PANCHAYAT BEDWA,3,297294.0,3,1,1
KUMAR V,1,297283.0,1,1,1
STAR CONSTRUCTION,1,297281.0,1,1,1
JAGDAMBAY BRICKS INDUSTRY,8,297271.0,3,1,2
GRAM PANCHAYAT MEVASA BAVANA,1,297180.0,1,1,1
BHAVYA  CONSTRUCTION,1,297174.0,1,1,1
Shaik Rafi,1,297171.0,1,1,1
B RAMANA MURTHY,1,297145.0,1,1,1
Garmpanchayat Alampur,1,297127.0,1,1,1
Ajmer Vidyut Vitaran Nigam Ltd Ajmer,2,297012.0,2,1,1
GALAKOTI CONSTRUCTION AND SUPPLIER,2,297000.0,2,1,1
Bishnu Pegu,3,297000.0,1,1,1
LACHHMAN DASS CONTRACTOR,1,297000.0,1,1,1
MANJUNATHA TIPPANNA WADDAR,1,296964.0,1,1,1
MAHIYAPUR GRAM PANCHAYAT,1,296964.0,1,1,1
SUBRAT ROUT,1,296950.0,1,1,1
DAN SINGH NEGI,1,296948.0,1,1,1
RAVIKANT D JADHAV,2,296927.0,1,1,1
LAKSHMAN H T,2,296921.0,1,1,1
MEER ENTERPRISE,1,296876.0,1,1,1
The HR Co Op LC Society Ltd,1,296849.0,1,1,1
RUPAVATIRAMPARA GRAM PANCHAYAT,1,296847.0,1,1,1
TRAMBODA GRAM PANCHAYAT,1,296837.0,1,1,1
CHANDGADH GRAM PANCHAYAT,1,296790.0,1,1,1
THE DADAR GRAM PANCHAYAT,1,296744.0,1,1,1
GRAM PANCHAYAT AAMBALIYA,1,296743.0,1,1,1
MS B Kachari Enterprise,2,296702.0,1,1,1
SAMSER JUHA SEKH,1,296679.0,1,1,1
ANIRUDHA PATTANAIK,1,296648.0,1,1,1
K Prabhakar,1,296610.0,1,1,1
SHREE VISHE BHAJE CONTRUCTION CO,2,296584.0,1,1,1
GRAM PANCHAYAT ZALANSAR,1,296556.0,1,1,1
P VINOD KUMAR,1,296474.0,1,1,1
LEKKALA BRAHMAREDDY,1,296424.0,1,1,1
G VENKATESAN,1,296380.0,1,1,1
Narayan Khuntia,1,296377.0,1,1,1
Rajwinder Kaur,3,296337.0,3,1,2
PUNITH BONDADE SRI VENKTESHWARA ENTERPRISES,2,296331.0,1,1,1
Shahul Hameed,1,296265.0,1,1,1
TAPAS KUMAR DAS,2,296250.0,2,1,1
M KASIVISWANATHAN,1,296140.0,1,1,1
Rathod Ramesh,1,296123.0,1,1,1
KS BUILDING MATERIALS,8,296081.0,3,1,1
GAGANDEEP Singh,1,296012.0,1,1,1
NUMBERDAR CEMENT AND CALAB STORE,11,296004.0,3,1,1
CHHARODIYA GRAM PANCHAYAT,1,295909.0,1,1,1
BELIM IRFAN USMANBHAI,3,295875.0,3,1,1
GADAVA GRAM PANCHAYAT,3,295788.0,3,1,1
OMLESHVAR MAHADEV CONSTUCTION,2,295768.0,1,1,1
RAGHUPATHI GUNDUBOINA,1,295753.0,1,1,1
GRAM PANCHAYAT MEVASA KAMARIBAINA,1,295723.0,1,1,1
VANKHUTA GRAM PANCHAYAT,1,295600.0,1,1,1
GANGA VALLEY ENTERPRISE,1,295439.0,1,1,1
JAI LUXMI CEMENT STORE,7,295395.0,2,1,1
GRAM PANCHAYAT BHIMDEVAL,1,295385.0,1,1,1
MANDAL CONSTRUCTION,1,295380.0,1,1,1
103001384008,1,295292.0,1,1,1
THE KHUIYAN NEPALPUR MALIK COOP LC SOCIETY,1,295282.0,1,1,1
kavita construction company,1,295263.0,1,1,1
D GANAPATHI REDDY,1,295243.0,1,1,1
KALESHA GUNDLOOR,1,295164.0,1,1,1
More Hardware,1,295110.0,1,1,1
Sankarlal Agarwala,1,295110.0,1,1,1
Gram Panchayat Samaila,5,295000.0,3,1,1
VILLAGE PANCHAYAT REL,1,295000.0,1,1,1
GP Deola,6,295000.0,6,1,1
Arora Enterprises Dasuya,7,294997.0,2,1,1
M Co,2,294851.0,2,1,1
Gram Panchayat Ratang,1,294836.0,1,1,1
SACHIV SARPANCH VISHESH NIDHI GRAMPANCHAYAT KURANKHED,2,294791.0,1,1,1
George Joseph,1,294725.0,1,1,1
GRAM PANCHAYAT NANA MOTA AVATADIYA,1,294683.0,1,1,1
Ms Sanjeev Kumar BKO Vill Balagan,10,294599.0,5,1,1
SHERGADH GRAM PANCHAYAT,1,294521.0,1,1,1
Shitalnath Enterprises,1,294510.0,1,1,1
SDMC GOVT SEC SCHOOL KHEERWA,1,294500.0,1,1,1
MANOJ KUMAR T M,1,294496.0,1,1,1
MUMTAJ ALI,1,294469.0,1,1,1
NAYINI NARESH,2,294384.0,2,1,1
SAMASPUR GRAM PANCHAYAT,1,294348.0,1,1,1
Shamim Aijaz Bhat,1,294343.0,1,1,1
SHATRUNDA GRAM PANCHAYAT,2,294326.0,2,1,1
ANKOLALI GRAM PANCHAYAT,1,294295.0,1,1,1
VANKANER,1,294287.0,1,1,1
ANITA POWER,1,294286.0,1,1,1
MKM ENTERPRISE,1,294286.0,1,1,1
TERI GRAM PANCHAYAT,1,294228.0,1,1,1
GRAM PANCHAYAT MOSAM,1,294213.0,1,1,1
DAMASA GRAM PANCHAYAT,1,294201.0,1,1,1
BISWAS BROTHERS ENTERPRISE,1,294200.0,1,1,1
ZUDVADALI GRAM PANCHAYAT,1,294199.0,1,1,1
RUDAN GRAM PANCHAYAT,1,294187.0,1,1,1
JARAGALI GRAM PANCHAYAT,1,294185.0,1,1,1
GRAM PANCHAYAT Bamroli,1,294180.0,1,1,1
CHIKHALI GRAM PANCHAYAT,1,294146.0,1,1,1
KANDHI GRAM PANCHAYAT,1,294134.0,1,1,1
NAGADIYA GRAM PANCHAYAT,1,294134.0,1,1,1
BANGAVADI GRAM PANCHAYAT,1,294118.0,1,1,1
Kodidra Gram Panchayat,1,294030.0,1,1,1
SRI MAHADEB MAITY,2,294025.0,2,1,1
Niraj Kumar Sahoo Junior Engineer Bisra,1,294009.0,1,1,1
Mr PASVALA GRAM PANCHAYAT,1,294008.0,1,1,1
ASHWANI KUMAR,1,294000.0,1,1,1
JAVID IQBAL,1,294000.0,1,1,1
NAMBARDAR BRICKS CO,4,294000.0,1,1,1
Aman Contractor,1,294000.0,1,1,1
GRAM PANCHAYAT ATARSUMBA,1,294000.0,1,1,1
Ramakant Rana,1,293996.0,1,1,1
CHENN KRISHN MUTTMSETTI,1,293903.0,1,1,1
Shebbin Sebastian,1,293794.0,1,1,1
GOPAL SINGH RAWAT,1,293761.0,1,1,1
GRAM PANCHAYAT MANDORNA,1,293736.0,1,1,1
Danaiah,1,293687.0,1,1,1
HARIS BABU,1,293676.0,1,1,1
SIDANA TRADERS,2,293668.0,1,1,1
THE MS COOPERATIVE LABOUR AND CONSTRUCTION SOCIETY LIMITED,2,293599.0,2,1,1
MOTATIMBLA GHAGHOSAR GRAM PANCHAYAT,1,293547.0,1,1,1
Dharmender Kumar,1,293398.0,1,1,1
JR WORKS,1,293048.0,1,1,1
Alagandula Ashok,1,293034.0,1,1,1
Punjab Energy Development Agency,1,293025.0,1,1,1
VELAKOT GRAM PANCHAYAT,1,292919.0,1,1,1
TARNETAR GRAM PANCHAYAT,1,292815.0,1,1,1
Divisional Engineer Operation Khammam,1,292815.0,1,1,1
SHRI SATAPADA GRAM PANCHAYAT,1,292735.0,1,1,1
ABDUS SABUR,1,292666.0,1,1,1
KASINATH BARAL,1,292640.0,1,1,1
Nirakar Swain,1,292598.0,1,1,1
Sunil Kumar,4,292465.0,4,3,3
Gram Panchayat Haripur Gir,1,292451.0,1,1,1
Jatinder Singh,2,292290.0,2,2,2
CHARBHUJA HARDROCK DRILLER,1,292199.0,1,1,1
Dhamnej Gram Panchayat,1,292199.0,1,1,1
Dhirendra Singh Jeena Suppliers,5,292100.0,5,1,1
CHAIRMAN NAMDEO MAHARAJ MAJOOR SAHKARI SANSTHA LIMITED LIMBOLI,1,292053.0,1,1,1
KKG,2,291998.0,1,1,1
Rao Construction Company,1,291805.0,1,1,1
SINGLA TRADERS,8,291720.0,2,1,1
GRAMPANCHAYAT UNDEGAON TAL BARSHI,1,291682.0,1,1,1
MOTA AGARIYA GRAM PANCHAYAT,1,291607.0,1,1,1
SEKH ISMAIL,1,291582.0,1,1,1
Ms Shri Bala Ji Traders,2,291479.0,2,1,1
Ashok Kumar Saraswat,1,291333.0,1,1,1
Mc Nagrota Bagwan,3,291245.0,2,1,1
SRIRANGA,1,291181.0,1,1,1
SARAO CEMENT STORE,9,291053.0,2,1,1
BABALU BEHERA,1,291000.0,1,1,1
Vamoj Gram Panchayat,1,291000.0,1,1,1
GRAM PANCHAYAT PALTHANA,2,290931.0,1,1,1
Madhuryamayee Jena,2,290800.0,2,1,1
Shinda Singh,4,290604.0,3,1,1
BLOCK DEV OFFICER NUAGAON,28,290563.0,28,1,1
Bhavani NDCC TB thanda,1,290498.0,1,1,1
A J construction,1,290367.0,1,1,1
MASUD ENTERPRISE PROP SAIFUL MALLICK,1,290250.0,1,1,1
PABITRA HANDIQUE,1,290210.0,1,1,1
Jaswinder Singh,12,290118.0,4,1,1
Gram pancahyat churikhurd,3,290000.0,3,1,1
SUNRISE ASSOCIATES,1,289994.0,1,1,1
GRAM PANCHAYAT DHELANA,1,289882.0,1,1,1
RAGHUPATI PEGU,4,289816.0,2,1,1
GRAM PANCHAYAT SEMARA,2,289738.0,1,1,1
RANVANSHI GRAM PANCHAYAT,1,289710.0,1,1,1
om CEMENT ENT UDYOG,1,289655.0,1,1,1
MD JAHEDUL HOQUE,1,289557.0,1,1,1
ROHIM MORAN,2,289525.0,1,1,1
TAPATI PAL GHOSH,1,289514.0,1,1,1
BABA TRADERS,6,289322.0,1,1,1
THE DHANKAR COOP L AND C SOCIETY LTD,2,289100.0,1,1,1
The Mangwal Coop Labour and Construction Society Limited,1,288896.0,1,1,1
CHIRANJIB GHOSH,1,288758.0,1,1,1
Venkateshwara Orthocare,1,288750.0,1,1,1
SARANGADHAR PRADHAN,1,288327.0,1,1,1
Patto Cement Store  Nihal Singh Wala,4,288321.0,1,1,1
Ishfaq Ahmad MIr,2,288300.0,2,1,1
SHIVA BRICK KILN,9,288212.0,9,1,1
SHRI MADHGAM GRAM PANCHAYAT,1,288113.0,1,1,1
ASHISH RAJENDRA DAHAKE,1,287925.0,1,1,1
THE PRINCIPAL COLLEGE OF ENGINEERING PATHANAPURAM,1,287732.0,1,1,1
Gunukula Madhava Reddy,1,287731.0,1,1,1
MOTI GARAMALI GRAM PANCHAYAT,1,287700.0,1,1,1
Gram Panchayat Balwasa,1,287500.0,1,1,1
Grampanchayat Karyalaya Kininawre,1,287196.0,1,1,1
Gram Panchayat Morth Jasai,2,287123.0,1,1,1
Brij Mohan,1,287000.0,1,1,1
stjudepoonjar,1,286879.0,1,1,1
REJO MATHEW,1,286859.0,1,1,1
Jai Durga Enterprises,4,286750.0,1,1,1
Tridip Das,1,286630.0,1,1,1
ASHOK KUMRA PANDA,1,286452.0,1,1,1
Saminathan,1,286413.0,1,1,1
Aen JDVVNL Rural Sri Ganganagar,2,286306.0,2,1,1
Rakesh Construction,1,286299.0,1,1,1
THIMMARAJU J,1,286240.0,1,1,1
Kanhaiya BKO,9,286200.0,3,1,1
SLH Traders,3,286052.0,3,1,1
Singsar Gram Panchayat,1,286041.0,1,1,1
GULZAR HUSSAIN,1,286000.0,1,1,1
Dhanda Bhatta Co,2,285979.0,2,1,1
Balraj Yadav,1,285411.0,1,1,1
MESERS DEEPURAJ BILDING MATERIAL AND FURNITURE,6,285020.0,1,1,1
PAMALA YAMUNA,1,284908.0,1,1,1
KRISHNA IRON STORE,1,284605.0,1,1,1
MEKPATI KONDALA RAO,1,284601.0,1,1,1
SHABANA BEE,3,284146.0,3,1,1
Abdul Azeez Poonthala,1,284001.0,1,1,1
NALI REDDI PRASAD,1,283452.0,1,1,1
ARUN ELECTRIC,1,283442.0,1,1,1
Dynamic Infratech,1,283045.0,1,1,1
Member GPC GUDAVALI,1,282953.0,1,1,1
gram panchayat usari,1,282800.0,1,1,1
MANDALA LATCHAYYA,2,282651.0,1,1,1
JAY SARDAR CEMENT PRODUCTS,1,282492.0,1,1,1
Sodhana Gram Panchayat,1,282311.0,1,1,1
AJAY SHARMA,1,282000.0,1,1,1
UPENDRA TECH INFRASTRUCTURE AND SOLUTIONS,1,281987.0,1,1,1
MS GANGA NIRMAN ENTERPRISES,1,281983.0,1,1,1
KEBAL ENTERPRISE,1,281579.0,1,1,1
PRATAP KUMAR BEHARI,1,281520.0,1,1,1
SHEIKH ASIF YATOO,1,281500.0,1,1,1
Ms Dhillon  Tile Factory,6,281466.0,1,1,1
N V SURENDRAN,1,281465.0,1,1,1
Rama Chandra Rout,1,281432.0,1,1,1
The Guru kipra CoOp L and C Society LTD,1,281307.0,1,1,1
Suresh K L,3,281250.0,3,1,1
SRI SAI BALAJI AUTOMOBILES AND ELECTRICALS,1,281213.0,1,1,1
SHREE RADHE CONSTRUCTION,1,281046.0,1,1,1
J P ENTERPRISES,3,281030.0,1,1,1
SANDEEP SINGH,3,280982.0,2,1,2
Aman Sanitary Store,2,280974.0,2,1,1
CHAUDHARY TRADERS,5,280627.0,4,1,1
Manoj Chaudharu BKO,6,280600.0,5,1,1
DES RAJ DHINGRA and CO,5,280542.0,2,1,1
new dhiman agra works,1,280060.0,1,1,1
GP Jalari,3,280000.0,2,1,1
GP Bhadyal,5,280000.0,2,1,1
ASSISTANT ENGINEER I NAYAGARH BLOCK,7,280000.0,7,1,1
aman enterprisez,1,280000.0,1,1,1
MEMBER HWC THURPPALEM,1,279988.0,1,1,1
SITAKANTA BEURA,1,279839.0,1,1,1
Nava Ishanpur Gram Panchayat,1,279439.0,1,1,1
The Krishna Co op L and C Society Ltd,1,279233.0,1,1,1
PARAVADA GRAM PANCHAYAT,1,278927.0,1,1,1
RAJ NARAYAN BIND,1,278878.0,1,1,1
Kalsi Iron and Hardware Store,2,278780.0,2,1,1
Mr ABHINAY GOUD DURKI,1,278706.0,1,1,1
DEE Operation Rural Karimnagar,1,278075.0,1,1,1
Gram Panchayat Dhekal Badi,1,277517.0,1,1,1
RABHADA GRAM PANCHAYAT,1,277362.0,1,1,1
MS HP EX SERVICE MAN LEAGE UNIT LAD BHAROL,2,277130.0,1,1,1
KAMAL LOCHAN BHOI JE,1,276844.0,1,1,1
NANA MACHIYALA GRAM PANCHAYAT,1,276630.0,1,1,1
Muhammed Shafi N,1,276409.0,1,1,1
Lavish Enterprises,1,276219.0,1,1,1
PRAVESH GUPTA,2,276190.0,1,1,1
FAROOQ AHMAD BHAT,1,276000.0,1,1,1
shri shyam construction company,1,275866.0,1,1,1
Tarun prajapati,2,275819.0,1,1,1
KUNTA VENUGOPAL REDDY,1,275765.0,1,1,1
RAVINDRA,5,275610.0,2,2,2
Jai Shree Ram Enterprise,3,275554.0,1,1,1
ST LAWRENCE ELECTRICALS AND ENGINEERING WORKS,2,275408.0,2,1,1
VARDHMAN STEELS AND METALS,3,275281.0,1,1,1
Super Tile Works,4,275270.0,2,1,1
CHAVVA RUKMANGADHA REDDY,1,275219.0,1,1,1
DFJUNIOR ENGINEER III BARANGA BLOCK,1,275208.0,1,1,1
SHARA ENTERPRISE,2,275170.0,1,1,1
JANMEJAYA JENA,1,275071.0,1,1,1
Sachiv Ggem panchayat Behrakhedi,4,275000.0,3,1,1
GRAM PANCHAYAT CHARURI,3,275000.0,3,1,1
GRAM PANCHAYAT CHERWAPARA,1,275000.0,1,1,1
gp rampura jp udaipura,3,275000.0,2,1,1
gram panchayat murmunda,2,275000.0,2,1,1
Rasulpura gram panchayat,1,275000.0,1,1,1
BORBORI ENTERPRISE,2,275000.0,1,1,1
GP GUWAD,3,274950.0,2,1,1
RAJANI KUMAR MANDALA,1,274831.0,1,1,1
GRAM PANCHAYAT SARDARPURA,1,274825.0,1,1,1
IQBAL SiNGH,5,274632.0,1,1,1
THE KHARAL SHRI RAM CO OP LC SOCIETY,2,274564.0,2,1,1
VIVEK SHARMA,2,274500.0,2,1,1
MARKANDA COOP LABOUR AND CONSTRUCTION,1,273877.0,1,1,1
MONALISHA CHAKRA,1,273548.0,1,1,1
Vanka Sudhakar,1,273539.0,1,1,1
Sabu R,1,273495.0,1,1,1
NEW BANSAL SUPAR STEEL,1,273323.0,1,1,1
GARG BUILDERS,6,273238.0,1,1,1
Vadlamudi Parvathi,1,273144.0,1,1,1
RUPAK PATEL,1,273046.0,1,1,1
SHRINIVAS SADASHIV MENI,1,273043.0,1,1,1
Dharminder Kumar BKO,10,272808.0,2,1,1
GRAM PANCHAYAT BHETASI BA BHAG,2,272642.0,2,1,1
SATYAM ENTERPRISE,1,272580.0,1,1,1
Jana Enterprise,1,272501.0,1,1,1
NABAJYOTI CHANGMAI,1,272487.0,1,1,1
Saini Cement and Shuttering Store,8,272226.0,2,1,1
NARESH KUMAR BHAWANI SHANKAR BARMER,1,272224.0,1,1,1
QAUDRI FEBRICATION,2,272054.0,2,1,1
VIJAY KUMAR,7,272005.0,6,2,3
MS GAURAV CONTRACTOR,1,271948.0,1,1,1
MUKESH KUMAR,6,271855.0,6,2,5
GRAM PANCHAYAT SUNGAL,3,271715.0,2,1,1
SARASWATI TRADING COMPANY,1,271600.0,1,1,1
DASHMESH HARDWARE AND BUILDING MATERIAL STORE,7,271528.0,6,1,1
Gudupuru Gangayya,1,271522.0,1,1,1
GOVT ELEMENTARY SCHOOL MIRAN CHAK,1,271126.0,1,1,1
TABASUM ASHRAF,2,271000.0,2,1,1
SHERGILL CEMENT STORE,1,270988.0,1,1,1
PARDEEP KUMAR GOVT CONTRACTOR,1,270913.0,1,1,1
THE HALER JANTA CO OPERTIVE LABOUR AND CONSTRUCTION SOCIETY LIMITED,2,270635.0,2,1,1
PUNEET CONCRETE PRODUCTS,6,270575.0,2,1,1
JK Industries,6,270478.0,1,1,1
GANESH IRON STORE,6,270393.0,3,1,1
JAGDAMBEY IRON AND SHUTTERING STORE MANSA,9,270390.0,2,1,1
Rajasthan Construction Company,1,270278.0,1,1,1
BHOLENATH TRADING NAGRIYA PANCHELA,3,270200.0,1,1,1
GP Saklana,3,270000.0,2,1,1
GP CHANDONE,4,270000.0,3,1,1
STAR ELECTRO WORLD,3,270000.0,3,1,1
ARTIFICIAL LIMBS MANUFACTURING,6,270000.0,6,1,2
MARIYAPPAN CONTRACTOR,1,270000.0,1,1,1
Naman Enterprises,1,269986.0,1,1,1
Yeshi Choden Sunickjee,4,269922.0,4,1,1
Prem Singh,2,269756.0,2,1,2
CG State Renewable Energy Development Agency,1,269688.0,1,1,1
LOKNATH ENTERPRISE PRO KOUSHIK MAJEE,1,269532.0,1,1,1
MPTI RAM GARG BKO,7,269530.0,2,1,2
The Malik Co Op L C Society Ltd Dabodha Khurd,1,269310.0,1,1,1
Bilal Ahmad Lone,2,269000.0,2,1,1
BABUN KUMAR SAHU,1,268878.0,1,1,1
fate bahadur singh,1,268568.0,1,1,1
Manpreet Singh,3,268520.0,3,1,2
FATSAR GRAM PANCHAYAT,1,268481.0,1,1,1
AMAR SINGH,3,268444.0,3,1,3
Boddukuri Jalandhar,1,268220.0,1,1,1
Md Azeemuddin,1,268220.0,1,1,1
Gopidi Dhanunjay,1,268220.0,1,1,1
Gaddam Srinivas Reddy,1,268220.0,1,1,1
Chiluveri Satyanarayana,1,268220.0,1,1,1
Thalla Srinivas,1,268220.0,1,1,1
Adepu Narsaiah,1,268220.0,1,1,1
THOTA   RAJA REDDY,1,268220.0,1,1,1
Enugu Ravinder,1,268220.0,1,1,1
NEELESH JAIN,1,268164.0,1,1,1
K  AADHI REDDY,1,268123.0,1,1,1
GRAM PANCHAYAT DHOLARVA,1,268042.0,1,1,1
G ASHOK KUMAR,1,268015.0,1,1,1
Kalleda Vinod,1,268006.0,1,1,1
Illumix LED Lighting Private Ltd,1,268000.0,1,1,1
Poweron Buisness Solutions,1,267960.0,1,1,1
Namala Rakesh,1,267772.0,1,1,1
PRESIDENT VILLAGE LEVEL COMMITTEE KVRR PURAM CHITVEL,1,267654.0,1,1,1
SALKA ENTERPRISE,1,267517.0,1,1,1
MOHAMMAD HASHIM,2,267157.0,1,1,1
MS MEENAKSHI HARDWARE,2,267100.0,1,1,1
KUNDANAM INDUSTRIES,6,266975.0,1,1,1
S A R pharma,1,266000.0,1,1,1
Parul Construction,1,265865.0,1,1,1
Rajendra Kumar,2,265286.0,2,2,2
Bharat Deep Gupta,1,265000.0,1,1,1
SARPANCH MODHERA GRAM PANCHAYAT,2,265000.0,2,1,1
Gram pancahyat chilak,4,265000.0,3,1,1
JAI SACHIDANAND HARDWARE,4,264560.0,2,1,1
Om Concrete Products,1,264424.0,1,1,1
GURU KIRPA TRADING CO,5,264205.0,3,1,1
Pratima Construction,2,264000.0,1,1,1
FUTURE SYSTEM,1,263840.0,1,1,1
Abdul Rasheed P,1,263480.0,1,1,1
K M Joseph,1,263430.0,1,1,1
BACHHALI NARSIMHULU,1,262903.0,1,1,1
PUNJAB CEMENT STORE,11,262895.0,6,1,1
THE SEGA SHREE BALA JI COOP LABOUR AND CONST SOCIETY LTD,1,262744.0,1,1,1
NILKANTH POWER,4,262730.0,4,1,1
EXECUTIVE ENGINEER PANCHYATI RAJ REWARI,1,262730.0,1,1,1
Gram Panchayat Fopnarkala,1,262545.0,1,1,1
C Lalrinliana,1,262500.0,1,1,1
THE SALASAR COOP L 7 C SOCITY LTD KKR,1,262492.0,1,1,1
GP KARSAI,6,262064.0,3,1,1
BHARMAL STEEL TRADERS,6,261900.0,1,1,1
JAI MAA LAXMI TRADER,17,261798.0,4,1,1
A NAGARAJU,1,261727.0,1,1,1
Sukhwinder Singh,8,261684.0,4,1,3
JANTA BKO,4,261440.0,2,1,2
Punjab iron store,1,261249.0,1,1,1
NILKHANTH ENTERPRISE,2,261038.0,2,1,1
Jalpa Trasport Construction,1,260925.0,1,1,1
DINESH SINGH,3,260900.0,3,2,3
MS Hans Raj Amar Nath,1,260731.0,1,1,1
PO HIMURJA MANDI,5,260715.0,5,1,1
AKHILESH SHARMA,1,260665.0,1,1,1
GRAM PANCHAYAT KURUD SILYARI,2,260557.0,1,1,1
VINDHYAVASHINI CONSTRUCTION COMPANY,1,260308.0,1,1,1
VARINDER BUILDING MATERIAL,10,260035.0,3,1,1
GP Kutnasir JP BADi,4,260000.0,3,1,1
Parvez Iqbal,1,260000.0,1,1,1
Lalramchhana,2,260000.0,1,1,1
GP Sorta,3,260000.0,3,1,1
SARPANCH GRAM PANCHAYAT NIPANI,1,260000.0,1,1,1
SARPANCH GRAM PANCHAYAT DANGANIYA B,1,260000.0,1,1,1
GRAM PANCHAYAT BISAPURKALA,3,260000.0,2,1,1
SUKANTA KISHORE BARIK,1,260000.0,1,1,1
LM Zaliana,2,260000.0,1,1,1
SARPANCH GRAM PANCHAYAT JAMGAON M,1,260000.0,1,1,1
Gram Panchayat Kasor,3,259932.0,3,1,1
Padapadar gram panchayat,1,259902.0,1,1,1
GOYAL CEMENT AND IRON STORE,7,259310.0,1,1,1
BHAGAT RAM KISHAN CHAND,1,258841.0,1,1,1
Kapil Enterprises,1,258751.0,1,1,1
Kulwinder Singh,8,258626.0,5,1,3
ABHINANDAN ENTERPRISE,1,258186.0,1,1,1
RANVIJAY CHAUHAN,1,258078.0,1,1,1
Tiwari Electricals,2,258000.0,2,1,1
PUTALIYA GRAM PANCHAYAT,1,258000.0,1,1,1
GANESH KUMAR,1,257900.0,1,1,1
SHRI SAI ENTERPRISES,2,257870.0,1,1,1
Gill Interlock tiles,4,257754.0,2,1,1
Dev iron store,9,257551.0,2,1,1
SOAMI INTERLOCK TILE FACTORY,2,257350.0,1,1,1
BHUPINDER SINGH SO CHUHAR SINGH,2,257240.0,1,1,1
MOHAN SINGH,5,257050.0,4,4,4
PALASH ENTERPRISE,1,256898.0,1,1,1
s s enterprise,1,256687.0,1,1,1
SOOD INTERLOCK TILES,3,256623.0,3,1,1
TANISHA ENTERPRISE,1,256500.0,1,1,1
P D ENTERPRISE PARIMAL,1,256496.0,1,1,1
RANA PAINT AND HARDWARE,2,256374.0,2,1,1
PURAN SINGH SUPPLIERS,2,256279.0,2,1,1
Mangta Sheikh,2,256000.0,2,1,1
Kunhimoidu K K,1,255949.0,1,1,1
PARMINDER SINGH CONTRACTOR,5,255800.0,5,1,1
Fit Sirat,2,255700.0,1,1,1
Shiv Shakti iron and Cement store,4,255556.0,3,1,1
GURWINDER SINGH,5,255314.0,4,1,3
PRANAB HAZARIKA,3,255246.0,1,1,1
LATE HARIHAR PRASAD SAHANI P M V,2,255000.0,1,1,1
CHAPPALA CONSTRUCTION,1,254933.0,1,1,1
sant mahadev building material store,5,254927.0,1,1,1
Anil Eet Udyog,3,254505.0,3,1,1
SARPANCH GRAM PANCHAYAT KANTIYA,1,254475.0,1,1,1
Ms LUXMI STEEL TRADERS,1,254443.0,1,1,1
HOICHOI ENTERPRISE,1,254349.0,1,1,1
PAMPANA  NAGARAJU,1,254158.0,1,1,1
MS SINGLA ENTERPRISES,1,254118.0,1,1,1
Asmatullah Khan,2,254000.0,1,1,1
AEN AVVNL KDL JJM,2,253694.0,2,1,1
RAFIUL ISLAM,1,253660.0,1,1,1
SHREE SHYAM TRADING COMPANY,2,253552.0,1,1,1
POWER FITNESS,1,253323.0,1,1,1
EE  NICHLAUL,1,253299.0,1,1,1
SAHIL CEMENT STORE,2,253019.0,1,1,1
SKINDER KUMAR,2,253000.0,2,1,1
RAM CHANDRA SINGH,1,252857.0,1,1,1
Shanker Traders,7,252847.0,2,1,1
Gram Panchayat Balola,1,252500.0,1,1,1
Sachiv gram panchayat Nitaya,3,252500.0,2,1,1
SHAM LAL BAL MUKAND,3,252070.0,2,1,1
SUNDHA SUPPLIERS,1,252000.0,1,1,1
Om Prakash,1,252000.0,1,1,1
SB TRADING COMPANY,1,251900.0,1,1,1
KURAI GRAM PANCHAYT,1,251700.0,1,1,1
Vikram kumar,1,251547.0,1,1,1
SANWARIYA CONSTRUTION,4,251389.0,3,1,1
Kapila Trading Co,9,251320.0,1,1,1
KARKOLIYA GRAM PANCHAYAT,1,251027.0,1,1,1
BHERUNATH ENTERPRISES,1,251000.0,1,1,1
Gopal Singh,1,250522.0,1,1,1
THE A SQUARE COOP L AND C SOCIETY PANIPAT,1,250512.0,1,1,1
VICKY SINGH,3,250306.0,1,1,1
S Beirahropha,2,250000.0,1,1,1
S Debory,2,250000.0,1,1,1
GP BRGF PAJHRAPALI,1,250000.0,1,1,1
CH Duatsanga,2,250000.0,1,1,1
GRAM PANCHAYAT PADARDI,1,250000.0,1,1,1
GP Bahadkur,1,250000.0,1,1,1
GRAM PANCHAYAT BHAGORI,1,250000.0,1,1,1
RAJA CHIPS CHUGATH HOUSE,2,250000.0,2,1,2
St Francis De Sales Secondary School Mawryngkneng,1,250000.0,1,1,1
TENGKU SANGMA,2,250000.0,1,1,1
PARSANTAJ GRAM PANCHAYAT,1,250000.0,1,1,1
RAYPUR JUTH GRAM PANCHAYAT,2,250000.0,2,1,1
RAWELI,1,250000.0,1,1,1
SubVillage Committee Chhumkhum,2,250000.0,1,1,1
REMIJIUS LYNGSHIANG,2,250000.0,1,1,1
INDRAN GRAM PANCHAYAT,1,250000.0,1,1,1
Suragpur Gram Panchayat,1,250000.0,1,1,1
Sunday Diengdoh,1,250000.0,1,1,1
HELABELI GRAM PANCHAYAT,1,250000.0,1,1,1
LUDARA GRAM PANCHAYAT LUDARA,1,250000.0,1,1,1
Gram Panchayat Gangpur,1,250000.0,1,1,1
Gram Panchayat Gangibahara,1,250000.0,1,1,1
SARPANCHSHRI KARANPUR GRAM PANCHAYAT,1,250000.0,1,1,1
Gram Panchayat Godri,1,250000.0,1,1,1
SARPANCHSHREE KOTADI GRAM PANCHAYAT,1,250000.0,1,1,1
Susanlu Kri,1,250000.0,1,1,1
Surma Nongsiej,1,250000.0,1,1,1
South Garo Hills Academy For Cricket Foundation,1,250000.0,1,1,1
Akummeren Sanglir,1,250000.0,1,1,1
GP AMODA JP OBEDULLAGANJ,2,250000.0,1,1,1
KUKARWADA GRAM PANCHAYAT,2,250000.0,2,1,1
JBBL SOLAR,1,250000.0,1,1,1
KANDA JUTH GRAM PANCHAYAT,1,250000.0,1,1,1
KANSARI GRAM PANCHAYAT,1,250000.0,1,1,1
VAJAPUR GRAM PANCHAYAT,1,250000.0,1,1,1
GP NIYUL,1,250000.0,1,1,1
GRAM PANCHAYAT KHALOUDI,1,250000.0,1,1,1
GRAM PANCHAYAT KANHERA,1,250000.0,1,1,1
KANIYEL GRAM PANCHAYAT,1,250000.0,1,1,1
kholvada gram panchayat,1,250000.0,1,1,1
MUP S Sabual,2,250000.0,1,1,1
MUP Ainawn Veng,2,250000.0,1,1,1
Gram Panchayat Gersa,1,250000.0,1,1,1
Gram Panchayat Ganiyar,1,250000.0,1,1,1
SARPANCH SACHIV GRAM PANCHAYAT RATGA,2,250000.0,1,1,1
LANGTOR HIGHER SECONDARY SCHOOL,1,250000.0,1,1,1
GRAM PANCHAYAT AAMGAON,1,250000.0,1,1,1
ADIWADA GRAM PANCHAYAT BECHARJI,1,250000.0,1,1,1
HC Beimatha,2,250000.0,1,1,1
Suresh E,1,250000.0,1,1,1
Vavadi Gram Panchayat,1,250000.0,1,1,1
Dashmesh Agriculture Works,1,250000.0,1,1,1
GRAM PANCHAYAT BANKI,1,250000.0,1,1,1
Mawkhar Christian Secondary School,1,250000.0,1,1,1
Meatchi R Sangma,2,250000.0,1,1,1
Gram Pancchayat Tenda,1,250000.0,1,1,1
Gram Pancchayat Bhengari,1,250000.0,1,1,1
Sarpanch Rojad Panchayat,1,250000.0,1,1,1
Sarpanch Gram panchayat Jhharguda,1,250000.0,1,1,1
Sarpanch Sachiv Gram Panchayat Darri,2,250000.0,1,1,1
Village Council Rangte,2,250000.0,1,1,1
Robetio R Marak,1,250000.0,1,1,1
GRAM PANCHAYAT BARKHEDABUZURAG,1,250000.0,1,1,1
DULANANDA HANSA,1,250000.0,1,1,1
President YCA,2,250000.0,1,1,1
GRAM PANCHAYAT GARAWANDKALA DMFT,1,250000.0,1,1,1
GRAM PANCHAYAT GANIYARI,2,250000.0,1,1,1
GRAM PANCHAYAT GANESHPUR,1,250000.0,1,1,1
GRAM PANCHAYAT GHONGHADIH,1,250000.0,1,1,1
GP Bhail,2,250000.0,1,1,1
GRAM PANCHAYAT BAMRA,1,250000.0,1,1,1
Ruar,1,250000.0,1,1,1
MHIP Khuangleng,2,250000.0,1,1,1
SAMIYALA GRAM PANCHAYAT,1,250000.0,1,1,1
KJP Girls Maintnce Fun,1,250000.0,1,1,1
Gram Panchayat Tendukona,1,250000.0,1,1,1
abhibhashak sangh goharganj,1,250000.0,1,1,1
Gram Panchayat Tejlav,2,250000.0,2,1,1
Gram Panchayat Tupakbora,2,250000.0,1,1,1
GRAM PANCHAYAT TIKARI,1,250000.0,1,1,1
GRAM PANCHAYAT THALA,2,250000.0,2,1,1
GRAM PANCHAYAT TARO,1,250000.0,1,1,1
cmo khargone,1,250000.0,1,1,1
GARM PANCHAYAT METEPAR,1,250000.0,1,1,1
GP Barog,2,250000.0,2,1,1
GRAM PANCHAYAT NAVGAM,1,250000.0,1,1,1
GRAM PANCHAYAT NEWASPUR,1,250000.0,1,1,1
GRAM PANCHAYAT NAWAGAON,1,250000.0,1,1,1
gram panchayat khilra,3,250000.0,2,1,1
Remmawia,2,250000.0,1,1,1
Gram Panchayat Tongkongera,1,250000.0,1,1,1
SANGMA GRAM PANCHAYAT,1,250000.0,1,1,1
Moti Monpari,1,250000.0,1,1,1
Mosa,2,250000.0,1,1,1
Aiborlang Makdoh,2,250000.0,1,1,1
GRAM PANCHAYAT RAYMA,1,250000.0,1,1,1
GRAM PANCHAYAT RATA,1,250000.0,1,1,1
GRAM PANCHAYAT REVDRA,1,250000.0,1,1,1
Grama Panchayat Semardih,1,250000.0,1,1,1
LEGENDARY Distributors Pvt Ltd,1,250000.0,1,1,1
Sahaylu Kri,1,250000.0,1,1,1
GramPanchayat Bahgavan,1,250000.0,1,1,1
Hemant Singh Negi,2,250000.0,1,1,1
Jumki Kadu,1,250000.0,1,1,1
sunil ganpat padyar,1,250000.0,1,1,1
Tranlyroy Kharbani,2,250000.0,1,1,1
GRAM PANCHAYAT SALODA,1,250000.0,1,1,1
Akoti Gram Panchayat,1,250000.0,1,1,1
ONUBALLA S MARAK,2,250000.0,1,1,1
SHREE BALAJI METALS,2,250000.0,1,1,1
DIWALIPURA GRAM PANCHAYAT,1,250000.0,1,1,1
DNS WAHLANG MEMORIAL HIGHER SECONDARY SCHOOL,1,250000.0,1,1,1
Mr GP BRGF MOHDA,1,250000.0,1,1,1
Mr G P BANJA,1,250000.0,1,1,1
JAMBU GRAM PANCHAYAT,1,250000.0,1,1,1
DALANI MUVADI,1,250000.0,1,1,1
SARPANCHSHRI UNAVA GRAM PANCHAYAT,1,250000.0,1,1,1
SARPANCHSHRI AITHOR GRAM PANCHAYAT,1,250000.0,1,1,1
SARPANCHSHRI MAHERVADA GRAM PANCHAYAT,1,250000.0,1,1,1
Dilseng M Sangma,1,250000.0,1,1,1
Junior Engineer Dasamantpur Block,1,250000.0,1,1,1
AMUM MOYONG,3,250000.0,3,1,1
pahadpur group gram panchayat,1,250000.0,1,1,1
MALANAKA GRAM PANCHAYAT,1,250000.0,1,1,1
BLOSSOM CLUSTER LEVEL FEDERATIONPYNDENGUMIONG,1,250000.0,1,1,1
VCP Phuldungsei,2,250000.0,1,1,1
VC Thekpui,2,250000.0,1,1,1
dhairya traders,2,250000.0,2,1,1
MR SARPANCH GP BALSI,1,250000.0,1,1,1
Gram pancahyat  bheskhoh,2,250000.0,2,1,1
gram panchayat chamaray tolagaon,1,250000.0,1,1,1
CHANDISAR GRAM PANCHAYAT,1,250000.0,1,1,1
GRAM PANCHAYAT SANKRA,1,250000.0,1,1,1
LC Lalrinchhunga,2,250000.0,1,1,1
Gram panchayat Puhputra,1,250000.0,1,1,1
Gram panchayat poksari,1,250000.0,1,1,1
Gram panchayat Jogibandh,1,250000.0,1,1,1
GRAM PANCHAYAT BEMCHA,1,250000.0,1,1,1
RANELA,1,250000.0,1,1,1
GRAM PANCHAYAT CHITAPUR,1,250000.0,1,1,1
GP SINGAT,1,250000.0,1,1,1
Divisional Forest Officer Palampur,2,250000.0,1,1,1
SATIJA MOTORS P LTD,1,250000.0,1,1,1
Dorbar Shnong Madan And Riat Laban,1,250000.0,1,1,1
Gram Panchayat Chakrampur,1,250000.0,1,1,1
Gram Panchayat Chakli,2,250000.0,1,1,1
Gupta Tele System,1,250000.0,1,1,1
GRAM PANCHAYAT DULAKHEDI,1,250000.0,1,1,1
GRAM PANCHAYAT BORGAON,1,250000.0,1,1,1
GRAM PANCHAYAT BIRANPURKALA,1,250000.0,1,1,1
Gram panchayat Nauni,2,250000.0,1,1,1
garudi group gram panchayat,1,250000.0,1,1,1
ANGOTH SHIVA RAM,2,250000.0,2,1,1
GP AMROL,1,250000.0,1,1,1
GP BHANJRARU,2,250000.0,1,1,1
PANCH PIPLA GRAM PANCHAYAT,1,250000.0,1,1,1
C Malsawmsanga,2,250000.0,1,1,1
Sarpanch Sachiv Gram Panchayat Kothkharra,2,250000.0,1,1,1
ADALWADA GRAM PANCHAYAT,1,250000.0,1,1,1
BILDI GRAM PANCHAYAT,1,250000.0,1,1,1
IATREILANG FISH FARMER FED PRO CO LTD,1,250000.0,1,1,1
Managing Committee Markasa Secondary School,2,250000.0,1,1,1
VC Leithum,2,250000.0,1,1,1
VC Khankawn,2,250000.0,1,1,1
VC Bungzung,2,250000.0,1,1,1
TUPAKULA SRINIVAS GOUD,1,250000.0,1,1,1
Patanvav Gram Panchayat,1,250000.0,1,1,1
GRAM PACNHAYAT KOSMANDA,1,250000.0,1,1,1
GRAM PACHAYAT BADERABUZURG,1,250000.0,1,1,1
SONERIPURA GRAM PANCHAYAT,1,250000.0,1,1,1
Gram Panchayat Dhanpur,1,250000.0,1,1,1
Gram Panchayat Danda,1,250000.0,1,1,1
Gram Panchayat Chonshala Kulmi,1,250000.0,1,1,1
GP Boirdih,1,250000.0,1,1,1
Nirmalkumar Bharatbhai Patel,1,250000.0,1,1,1
GRAM PANCHAYAT TILAKAWADA,1,250000.0,1,1,1
GRAM PANCHAYAT PALNA,1,250000.0,1,1,1
GRAM PANCHAYAT PANDARIYA,1,250000.0,1,1,1
Sarpanch Gram Panchayat   MOARI,2,250000.0,1,1,1
MITHIVAV GRAM PANCHAYAT,1,250000.0,1,1,1
GP Soyal,1,250000.0,1,1,1
GP RASIDPUR JP GAIRATGANJ,2,250000.0,1,1,1
RATANPUR GRAM PANCHAYAT,1,250000.0,1,1,1
GRAM PANCHAYAT JARHATOLA,1,250000.0,1,1,1
GP Tal,2,250000.0,1,1,1
Helen Irene,2,250000.0,1,1,1
GRAM PANCHAYAT FULIPURA,1,250000.0,1,1,1
LOTESHVAR GRAM PANCHAYAT,1,250000.0,1,1,1
TENPUR GRAM PANCHAYAT,1,250000.0,1,1,1
THIRTYDAY SANKLI,1,250000.0,1,1,1
Ajida Marbaniang,1,250000.0,1,1,1
Gram Pnachayat LALPUR,1,250000.0,1,1,1
Gram pancahyat kirda,4,250000.0,2,1,1
SAHID BHAGAT SINGH SEVA SAMITI REWA,1,250000.0,1,1,1
GOKRAN GRAM PANCHAYAT,1,250000.0,1,1,1
MS BORA HARDWARE,1,250000.0,1,1,1
Gram Panchayat salna,1,250000.0,1,1,1
MR KITLANG MASKUT,1,250000.0,1,1,1
MR GP BRGF NAVRANGPUR,1,250000.0,1,1,1
MR SARPANCH SACHIV BIJATIPALI,1,250000.0,1,1,1
MR SARPANCH GP BHUTHIYA,1,250000.0,1,1,1
CHARAN SAMADHIYALA GRAM PANCHAYAT,1,250000.0,1,1,1
Gram pancahyat hadhai,2,250000.0,1,1,1
CHANDRAKANT DIXIT,1,250000.0,1,1,1
GRAM PANCHAYAT SUDLI,1,250000.0,1,1,1
GRAM PANCHAYAT SINGHORI,1,250000.0,1,1,1
GRAM PANCHAYAT SIMALIYA KHURD,1,250000.0,1,1,1
Nora Evalyn Higher Secondary,1,250000.0,1,1,1
Nongsynrieh Deficit,2,250000.0,1,1,1
Nonglatem Secondary School Nonglatem,1,250000.0,1,1,1
GRAM PANCHAYAT PARSADA CHAKWE,1,250000.0,1,1,1
DEVESH ANESH DHAVLE,1,250000.0,1,1,1
Andrew Zorinpuia,2,250000.0,1,1,1
BINOD GOCHHAYAT,1,250000.0,1,1,1
MAHDEV CONSTRACTION COMPANY,1,250000.0,1,1,1
Vicky Pale,1,250000.0,1,1,1
GP JARONDHA,1,250000.0,1,1,1
GRAM PANCHAYAT MAJIGAM,1,250000.0,1,1,1
RUPPURA GRAMPANCHAYAT,1,250000.0,1,1,1
GP Kaleend,2,250000.0,1,1,1
GP KOTRA JP SANCHI,2,250000.0,1,1,1
Bawktlang,1,250000.0,1,1,1
Basenlu Kri,1,250000.0,1,1,1
SARPANCH GRAM PANCHAYAT JANJI,1,250000.0,1,1,1
Chhatral Gram Panchayat,1,250000.0,1,1,1
VC Lianpui,2,250000.0,1,1,1
GP KOSAHARDULI,1,250000.0,1,1,1
BAVALAVADAR GRAM PANCHAYAT,1,250000.0,1,1,1
GRAM PANCHYAT SAKARA J,1,250000.0,1,1,1
SARPANCH GRAM PANCHAYAT OONI,1,250000.0,1,1,1
SARPANCH GRAM PANCHAYAT OKHAR,1,250000.0,1,1,1
SARPANCH GRAM PANCHAYAT LAKHOLI,1,250000.0,1,1,1
SARPANCH GRAM PANCHAYAT KUNDA,1,250000.0,1,1,1
GRAM PANCHAYAT ALSAYAKHEDI,1,250000.0,1,1,1
GRAM PANCHAYAT ARAIBAND,1,250000.0,1,1,1
BIJAYANANDA GOCHHAYAT,1,250000.0,1,1,1
BIDYESWAR KAMAN,1,250000.0,1,1,1
Imtinungsang,1,250000.0,1,1,1
gram panchayat thand,1,250000.0,1,1,1
gram panchayat surgi,1,250000.0,1,1,1
Shri Widnald Marak,1,250000.0,1,1,1
Gram Panchayat Kinjoli,1,250000.0,1,1,1
Lalrinawma,2,250000.0,1,1,1
Lalramsanga,2,250000.0,1,1,1
ST Selua,2,250000.0,1,1,1
Gram Panchayat Piyava,1,250000.0,1,1,1
Gram Panchayat Nandhan,3,250000.0,2,1,1
Caleb Lalrammawia,2,250000.0,1,1,1
Gram Panchayat Bar,1,250000.0,1,1,1
Thannguri,2,250000.0,1,1,1
Benjamina,2,250000.0,1,1,1
YMA New Khawlek Branch,1,250000.0,1,1,1
ARUN K,1,250000.0,1,1,1
Gram Panchayat Kaikhoda,1,250000.0,1,1,1
GRAM PANCHAYAT KOYLARJHORI,1,250000.0,1,1,1
GRAM PANCHAYAT KHARAIDAVAR,1,250000.0,1,1,1
GP Kupahda,2,250000.0,1,1,1
Gram Panchayat Bariya janpad Panchayat gandhwani Dhar,1,250000.0,1,1,1
Gram Panchayat Kando Kansar,2,250000.0,2,1,1
Gram Panchayat Kaliarai,1,250000.0,1,1,1
Construction of Bus Shed near Rongsai Salpara LP School at Badhapur,2,250000.0,1,1,1
Construction of Bus Shed near Arunjyoti Sangha Selapara,2,250000.0,1,1,1
Construction of Bus Shed at Tukura Bormohan,2,250000.0,1,1,1
Beikhaitua,2,250000.0,1,1,1
SARPANCH GRAM PANCHYAT GABDI,1,250000.0,1,1,1
Ebozez T Sangma,2,250000.0,1,1,1
Gram Panchayat Kapasthal janpad Panchayat sardarpur,1,250000.0,1,1,1
Gram Panchayat Kathegra,1,250000.0,1,1,1
MULBHUT YOJNA G P PONDIKHURD,2,250000.0,2,1,1
RAJYA PARIVARTIT YOJNA GP GUDRUMUDA,1,250000.0,1,1,1
Joseph  LAlhmangaiha,2,250000.0,1,1,1
Jolnesh M Sangma,1,250000.0,1,1,1
Gram Panchayat Barkhadi,1,250000.0,1,1,1
FATEPUR VAN JUTH GRAM PANCHAYAT,1,250000.0,1,1,1
ANALGHAD LUNIVAV GRAM PANCHAYAT,1,250000.0,1,1,1
GORAJ GRAM PANCHAYAT,1,250000.0,1,1,1
GRAM PANCHAYAT RANAVADWALA,1,250000.0,1,1,1
GRAM PANCHAYAT SAKARIYA,1,250000.0,1,1,1
GRAM PANCHAYAT SAMNAPUR,1,250000.0,1,1,1
GRAM PANCHAYAT SAMARDAHA,1,250000.0,1,1,1
GRAM PANCHAYAT CHATOUD,1,250000.0,1,1,1
R Marlemba Ao,1,250000.0,1,1,1
GRAM PANCHAYAT CHILHATI,1,250000.0,1,1,1
GRAM PANCHAYAT RANDHANA,1,250000.0,1,1,1
GRAM PANCHAYAT BINDRANAGDH,2,250000.0,1,1,1
A S Traders Amarwara,1,250000.0,1,1,1
GRAM PANCHAYAT CHOURANGA,1,250000.0,1,1,1
KA FUND SHNONG RALIANG,1,250000.0,1,1,1
Thanbanglova,2,250000.0,1,1,1
MALVAN GRAM PANCHAYAT,1,250000.0,1,1,1
GP UMAR,1,250000.0,1,1,1
maubawk Local Council,1,250000.0,1,1,1
GRAM PANCHAYAT DARRABHATHA B,1,250000.0,1,1,1
GRAM PANCHAYAT DHAMARDA,1,250000.0,1,1,1
Wajiajer Presbyterian Secondary School,1,250000.0,1,1,1
Wanbor Nongneng,1,250000.0,1,1,1
Mizo Zirlai Pawl Gen Hqrs,2,250000.0,1,1,1
Mr BERNARD G SANGMA,1,250000.0,1,1,1
Mr Sarpanch Sachiv GP Bhothaldih,1,250000.0,1,1,1
GOURI SHANKAR ROY,1,250000.0,1,1,1
GRAM PANCHAYAT RAIPUR,1,250000.0,1,1,1
Gram panchayat bordi inami,1,250000.0,1,1,1
Gram panchayat Shivnathpur,1,250000.0,1,1,1
DHUNDHAVANA GRAM PANCHAYAT,1,250000.0,1,1,1
CHALINDRA GRAM PANCHAYAT,1,250000.0,1,1,1
GRAM PANCHAYAT KUMHARI,1,250000.0,1,1,1
SARPANCH GRAM PANCHAYAT KHAPARIYA,1,250000.0,1,1,1
SARPANCH GRAM PANCHAYAT JONDHARA,1,250000.0,1,1,1
GRAM PANCHAYAT MAGARWADA,1,250000.0,1,1,1
GP KARCHHARI,2,250000.0,2,1,1
GP KADHAIYA JP GAIRATGANJ,2,250000.0,1,1,1
GRAM PANCHAYAT KUMHALI,1,250000.0,1,1,1
GRAM PANCHAYAT KURRA,2,250000.0,1,1,1
FINE STEEL FURNITURE,1,250000.0,1,1,1
YONGKONGSANGLA R,2,250000.0,1,1,1
SARPANCH DUNGARI GRAM PANCHAYAT,1,250000.0,1,1,1
GRAM PANCHAYAT LOHARDIH,1,250000.0,1,1,1
GRAM PANCHAYAT MADMADA,2,250000.0,2,1,1
Gram Panchayat Khudawali,1,250000.0,1,1,1
SARPANCH GRAM PANCHAYAT CHHOTESALHI,1,250000.0,1,1,1
gram amola,1,250000.0,1,1,1
M S Aulakh Contractors,1,250000.0,1,1,1
SFC MULBHOOT PIPLIYA SISODIYA,1,250000.0,1,1,1
SFC MULBHOOT KISHANGARH,1,250000.0,1,1,1
Muval Gram panchayat,1,250000.0,1,1,1
Kur Sookpoh Khadar Wyrnai Development Society,1,250000.0,1,1,1
GRAM PANCHAYAT HARRAI BLOCK CHAVARPATHA,3,250000.0,2,1,1
RAJYA PRAWARTIT YOJNA GP PO SARMA,2,250000.0,2,1,1
RAJYA PRAWARTIT YOJANA G P TANERA,2,250000.0,2,1,1
GP KOKOBHANTHA,1,250000.0,1,1,1
GP KOKAWADA,1,250000.0,1,1,1
RANCHHODPURA GRAM PANCHAYAT,1,250000.0,1,1,1
GRAM PANCHAYAT CHIMRA,1,250000.0,1,1,1
gram panchat sukhapatha,1,250000.0,1,1,1
gram kurrol,1,250000.0,1,1,1
GRAM PANCHAYAT SAHAJPURI,1,250000.0,1,1,1
Mankima,2,250000.0,1,1,1
Kadampur,1,250000.0,1,1,1
BOMONG MOYONG,1,250000.0,1,1,1
SENG KYNTHEI LAWSOHTUN,1,250000.0,1,1,1
Gamdi gram panchayat,1,250000.0,1,1,1
GRAM PANCHAYAT KESHMARDA,1,250000.0,1,1,1
GRAM PANCHAYAT KAUDIYA,1,250000.0,1,1,1
Baloch Gram Panchayat,1,250000.0,1,1,1
SARPANCH OF GRAM PANCHAYAT EARAF,1,250000.0,1,1,1
SARPANCH SACHIV G P SAKHO,2,250000.0,2,1,1
NC Chhuatha,2,250000.0,1,1,1
GRAM PANCHAYAT KESLA,1,250000.0,1,1,1
Sojendro D Sangma,2,250000.0,1,1,1
GRAM PANCHAYAT KATAGAON,1,250000.0,1,1,1
GP Neen,3,250000.0,1,1,1
Lalsiamthangi,2,250000.0,1,1,1
Nagpal agro industries,1,250000.0,1,1,1
GRAM PANCHAYAT VAVDI DAMRI,1,250000.0,1,1,1
GRAM PANCHAYAT VIRPUR,1,250000.0,1,1,1
Rao Adhikari Srinivasa,1,250000.0,1,1,1
PC CHUAUKUNGA,2,250000.0,1,1,1
Zemabawk Local Council,2,250000.0,1,1,1
LAKSHYE MEHER,1,250000.0,1,1,1
Lalhmingliana,2,250000.0,1,1,1
Gram Panchayat Ramnagar,1,250000.0,1,1,1
B RAVI CHANDRA,1,250000.0,1,1,1
CON REST ROOM PILGRIM NR DHUBRI KALIBARI,2,250000.0,1,1,1
MUNICIPAL COUNCIL KONDAGAON,1,250000.0,1,1,1
SARPANCH SACHIV GRAM PANCHAYAT ANJORA DH,1,250000.0,1,1,1
SARPANCH SACHIV GP PITHAMPUR,1,250000.0,1,1,1
SARPANCH SACHIV GRAM PANCHAYAT DHABA,1,250000.0,1,1,1
M  Ramesh,2,250000.0,1,1,1
GRAM PANCHAYAT ARJUNI,1,250000.0,1,1,1
BHARAT CHANDRA SINGH,1,250000.0,1,1,1
MHIP Chawlhhmun,2,250000.0,1,1,1
gram panchayat kariyan,2,250000.0,1,1,1
HANDA ELECTRIC STORE,1,250000.0,1,1,1
MHIP SAIHAPUI V BRANCH,2,250000.0,1,1,1
MHIP Luangmual,2,250000.0,1,1,1
MHIP LENG BRANCH,1,250000.0,1,1,1
Sarpanch Gram Panchayat Khapariya,1,250000.0,1,1,1
GRAM PANCHAYAT NADHELAV,1,250000.0,1,1,1
Bishimlu Kri,1,250000.0,1,1,1
Sarpanch gp Kundalikala,3,250000.0,2,1,1
Blue Diamond Enterprise,1,250000.0,1,1,1
Gram Panchayat Sonhar,1,250000.0,1,1,1
JUNIOR ENGINEER DASAMANTAPUR BLOCK,1,250000.0,1,1,1
ASST ENGINEER KORAPUT BLOCK2,1,250000.0,1,1,1
Gram Panchayat Shilli,3,250000.0,2,1,1
GANDHRA GRAM PANCHAYT,1,250000.0,1,1,1
JUNIOR ENGINEER BLOCK OFFICE LAXMIPUR GHADEI,1,250000.0,1,1,1
SANJAM KUMAR NAYAK JUNIOR ENGINEER,1,250000.0,1,1,1
GAMOD JUTH GRAM PANCHAYAT,1,250000.0,1,1,1
Gram Panchayat Talbhev,1,250000.0,1,1,1
Gram Panchayat Surajpura jangal,1,250000.0,1,1,1
MADHAVKAMPA GRAM PANCHAYAT,1,250000.0,1,1,1
MADHUPUR GRAM PANCHAYAT,1,250000.0,1,1,1
MADHIYA GRAMPANCHAYAT,1,250000.0,1,1,1
GRAM PANCHAYAT GHATAI,1,250000.0,1,1,1
GRAM PANCHAYAT GARNOYA,1,250000.0,1,1,1
GAMBHIRPURA GRAM PANCHAYAT,1,250000.0,1,1,1
Gram Panchayat Sargawan,1,250000.0,1,1,1
Vishawkarma Engineering and Boring Works,1,250000.0,1,1,1
Gram Panchayat Siwani kala,1,250000.0,1,1,1
GP Dhar Tikkari,2,250000.0,2,1,1
Gram Panchayat Naranpura Janpad Panchayat Nalchha,1,250000.0,1,1,1
Gram Panchayat Maloud,1,250000.0,1,1,1
Gram Panchayat Makhrol,2,250000.0,2,1,1
Gram Panchayat Matnar,1,250000.0,1,1,1
Gram Panchayat Office DODKI,1,250000.0,1,1,1
NUGAR GRAM PANCHAYAT,1,250000.0,1,1,1
gram panchayat sarsai,1,250000.0,1,1,1
GRAM PANCHAYAT MARHATHA,1,250000.0,1,1,1
GRAM PANCHAYAT MINMINIYA MAIDAN,1,250000.0,1,1,1
POOJA CONSTRUCTION,1,250000.0,1,1,1
G P Bhatagaon,1,250000.0,1,1,1
G P NIGARBAND,1,250000.0,1,1,1
UTTARAKHAND POWER CORPORATION LIMITED,1,250000.0,1,1,1
GP Lower Rewalsar,3,250000.0,2,1,1
GP DADAR KOTHAR JP GANGEO,1,250000.0,1,1,1
GP DUBAHA,1,250000.0,1,1,1
GRAM PANCHAYAT GOVARDHAN,1,250000.0,1,1,1
Assistant Engineer Dasamantpur Block,1,250000.0,1,1,1
GRAM PANCHAYT DATARDI,1,250000.0,1,1,1
GRAM PANCHAYT BHUTPADA,1,250000.0,1,1,1
LAKHAN PATEL,5,250000.0,1,1,1
G P Godam,1,250000.0,1,1,1
ST PETER AND UP PRIMARY SCHOOL MAWPAT,1,250000.0,1,1,1
Gram Panchayat Mota Kotda,1,250000.0,1,1,1
SARMILA KUMARI NAYAK,1,250000.0,1,1,1
B Vanlalhriata,2,250000.0,1,1,1
Lalnghakliana,2,250000.0,1,1,1
Lalmuanchhana,2,250000.0,1,1,1
Lalthanliana,2,250000.0,1,1,1
KONDAR,1,250000.0,1,1,1
GP MILLAH,2,250000.0,1,1,1
KANTOL GRAM PANCHAYAT,1,250000.0,1,1,1
Jayant Prasad Yadav,2,250000.0,1,1,1
Gram Panchayat Jujhai,1,250000.0,1,1,1
Gram Panchayat Jaitpur,1,250000.0,1,1,1
Gram Panchayat Ishwariya Mandavad,1,250000.0,1,1,1
Tenesi,2,250000.0,1,1,1
SARPANCH KATKOI JOOTH GRAM PAN,1,250000.0,1,1,1
Construction of Additional Room in existing community hall at Kurung Dodan Lakhipur,2,250000.0,1,1,1
YMA Lallen,2,250000.0,1,1,1
YMA Zawlpui Branch,2,250000.0,1,1,1
YMA Tuivamit Branch,2,250000.0,1,1,1
YMA Putlungasih Branch,2,250000.0,1,1,1
Ashoka Solar Energy Service Ludhiana,2,250000.0,2,1,1
Kalpesh Ram Goje,1,250000.0,1,1,1
GRAM PANCHAYAT MOHANKOT,1,250000.0,1,1,1
Khanduli Village Organisation,1,250000.0,1,1,1
TIROT SING MEMORIAL COLLEGE,1,250000.0,1,1,1
GRAM PANCHAYAT GOLAWAND,1,250000.0,1,1,1
Village Council Hrechuk,2,250000.0,1,1,1
Village Council Chungtlang,2,250000.0,1,1,1
Village Council Bawngthah,2,250000.0,1,1,1
Margam Karlo Riji,1,250000.0,1,1,1
Master N CHAWNPUI BRANCH YMA,2,250000.0,1,1,1
GRAM PANCHAYAT MOTIRAVAL,1,250000.0,1,1,1
SHEKHAR,1,250000.0,1,1,1
Gram Panchayat Badaudakhurda,1,250000.0,1,1,1
GRAM PANCHAYAT VEKARIYA,1,250000.0,1,1,1
GADSAI GRAM PANCHAYAT,1,250000.0,1,1,1
GRAM PANCHAYAT MONGRAGAHAN,1,250000.0,1,1,1
Janpad Gram Panchayat Sejwani,1,250000.0,1,1,1
Khapmaw Pres LP School,1,250000.0,1,1,1
Sudesh Kumar Enterprise,2,249998.0,1,1,1
VIRANI AGRO,1,249998.0,1,1,1
FRONTIM SOLUTIONS LLP,1,249990.0,1,1,1
GRAM PANCHAYAT CHANDROPA,2,249989.0,1,1,1
GRAM PANCHAYAT RALAJ,1,249986.0,1,1,1
Kuthuru Shekar,1,249979.0,1,1,1
Jai Shakti Steel Industry,5,249974.0,4,1,1
NAVA MALANIYAD GRAM PANCHAYAT,1,249973.0,1,1,1
Raj consruction company,1,249970.0,1,1,1
Juna Devaliya Gram Panchayat,1,249966.0,1,1,1
MERUPAR GRAM PANCHAYAT,1,249965.0,1,1,1
BALIJA SHEKAR,3,249964.0,2,1,1
GRAM PANCHAYAT AMJHAR,2,249950.0,1,1,1
MARIDA GRAM PANCHAYAT,1,249949.0,1,1,1
GRAM PANCHAYAT BADHAURA,5,249940.0,1,1,1
GRAM PANCHAYAT BHARI,1,249937.0,1,1,1
RANJITGADH GRAM PANCHAYAT,1,249934.0,1,1,1
NKS Industries,3,249924.0,1,1,1
Radheshyam Singh,1,249920.0,1,1,1
THE CHAIRMAN VLC KALUVAPALLE GP,1,249920.0,1,1,1
Saiful Islam,1,249912.0,1,1,1
GLOMEX HOME APPLIANCES,1,249900.0,1,1,1
MAHOLEL GRAM PANCHAYAT,2,249897.0,2,1,1
SUNDARI BHAVANI GRAM PANCHAYAT,1,249893.0,1,1,1
GRAM PANCHAYAT SIRRI,2,249880.0,1,1,1
JUNEJ GRAM PANCHAYAT,1,249879.0,1,1,1
BEEMAN DHARUAINGAN,1,249870.0,1,1,1
SARPANCH SACHIV GRAM PANCHAYAT TINSARA,4,249868.0,2,1,1
ABUL KALAM KAYAL,1,249867.0,1,1,1
EXECUTIVE ENGINEER EDD LAKSAR,1,249849.0,1,1,1
NANDISH K,2,249846.0,1,1,1
Gram Panchayat Kalavad,1,249832.0,1,1,1
S CONSTRUCTION,1,249825.0,1,1,1
Boparai Building Material,1,249820.0,1,1,1
BONDLA VENKATI,1,249808.0,1,1,1
NANIKORAL GRAM PANCAHAYT,1,249800.0,1,1,1
N A SUBRAMANYA,2,249798.0,1,1,1
RAJYA PARIVARTIT YOJANA GP AMALDIHA,2,249793.0,1,1,1
GP LALAP,2,249782.0,2,1,1
CHETARSUMBA GRAM PANCHAYAT,1,249777.0,1,1,1
PRADIP KUMAR MALLICK,1,249775.0,1,1,1
PRADEEP KUMAR PRADHAN,1,249759.0,1,1,1
VINZOL  gram panchayat,1,249759.0,1,1,1
BABU CHAUDHARI CONTRACTOR,1,249750.0,1,1,1
Yuvaraj A,1,249744.0,1,1,1
Sonu Singh,1,249728.0,1,1,1
SAMADISH MAL,1,249719.0,1,1,1
SK Traders,3,249718.0,1,1,1
BANI SK,1,249713.0,1,1,1
MD SAMIRUDDIN SEKH,1,249708.0,1,1,1
Gram panchayat Khanpur,1,249707.0,1,1,1
NAGAPPA BARAMAPPA HARAWAL,2,249704.0,1,1,1
VIKKEY KUMAR,1,249694.0,1,1,1
MARGHAKUI  gram panchayat,1,249689.0,1,1,1
D B ENTERPRISE,1,249667.0,1,1,1
GRAM PANCHAYAT LANGODRA,1,249662.0,1,1,1
ALAUL ISLAM,1,249653.0,1,1,1
GRAM PANCHAYAT ISHAPUR,1,249649.0,1,1,1
T SHASHI KANTH,2,249635.0,2,1,1
SUSHILA ENTERPRISE,1,249625.0,1,1,1
Paramananda Dutta,1,249623.0,1,1,1
K S ENTERPRISE AND SUPPLIERS,1,249621.0,1,1,1
Jai Baba Barfani trader,1,249621.0,1,1,1
NAVA GHANTILA GRAM PANCHAYAT,1,249617.0,1,1,1
Solanki Bheem Rao,1,249614.0,1,1,1
GOLAM SAROWAR,1,249613.0,1,1,1
DADKA GRAM PANCHAYAT,1,249592.0,1,1,1
AKLACHA  gram panchayat,1,249585.0,1,1,1
GRAM PANCHAYAT KHAMBHALIYA,1,249573.0,1,1,1
JORAPURA  gram panchayat,1,249568.0,1,1,1
Gram Panchayat Leriya,1,249562.0,1,1,1
SRINATH GOWDA M S,1,249559.0,1,1,1
CSUBRAMANIAN,1,249559.0,1,1,1
THE GUJARVADA GRAM PANCHAYAT,1,249556.0,1,1,1
ALAMPUR GRAM PANCHAYAT,1,249532.0,1,1,1
RAJYA PARIVARTIT YOJNA GRAM PANCHAYAT LAD,2,249531.0,1,1,1
GRAM PANCHAYAT SUKHPUR,1,249527.0,1,1,1
SHANTAPPA CHANNAPPA BARADENALA,2,249524.0,1,1,1
GRAM PANCHAYAT JUJARPUR,1,249504.0,1,1,1
Rahul K P,1,249500.0,1,1,1
M SARAVANAN,1,249500.0,1,1,1
SOWMYA EATHAMUKKALA,1,249494.0,1,1,1
Shantanu Borkakoty,1,249483.0,1,1,1
TANIK PAYUM,1,249476.0,1,1,1
GRAM PANCHAYAT VADHAVI,1,249467.0,1,1,1
GRAM PANCHAYAT BAJIPURA VAGPURA,1,249459.0,1,1,1
MAHENDRA SHETTY,1,249447.0,1,1,1
G M ENTERPRISE,1,249432.0,1,1,1
Village Level Committe President Pollopalli GP,1,249431.0,1,1,1
Natarajan Mani,1,249409.0,1,1,1
PIPALVADA  gram panchayat,1,249389.0,1,1,1
Shri Simar Gram Panchayat,1,249385.0,1,1,1
UMBA grampanchayat,1,249332.0,1,1,1
BALADHA GRAM PANCHAYAT,1,249294.0,1,1,1
GRAM PANCHAYAT SAHADA,1,249291.0,1,1,1
GRAM PANCHAYAT NALVAI,1,249291.0,1,1,1
GRAM PANCHAYAT KHARWA,1,249291.0,1,1,1
GRAM PANCHAYATA VAJELAW,1,249291.0,1,1,1
GRAM PANCHAYAT NIMACH,1,249291.0,1,1,1
BALIYAWAD GRAM PANCHAYAT,1,249284.0,1,1,1
shree sidhatri enterprises,1,249282.0,1,1,1
Gram Panchayat Asir,1,249268.0,1,1,1
Shree Hari Traders,5,249230.0,1,1,1
CHANDAPPA S KAREKALLA,2,249229.0,1,1,1
RANA CONTRACTOR,1,249225.0,1,1,1
SARA GRAM PANCHAYAT,1,249216.0,1,1,1
T Lakshmi Narayana Gbn,2,249199.0,1,1,1
T N NAGARAJ,2,249199.0,1,1,1
GRAM PANCHAYAT SINHOL,1,249191.0,1,1,1
Green Construction,1,249178.0,1,1,1
VITTHALPURA  AGRAM PANCHAYAT,1,249164.0,1,1,1
BOINI ASHAPPA,2,249160.0,2,1,1
KAILASH SUBBA,2,249156.0,1,1,1
A A CONSTRUCTION,1,249143.0,1,1,1
TIMBA NA MUVADA GRAM PANCHAYAT,1,249119.0,1,1,1
AGARVA  gram panchayat,1,249119.0,1,1,1
BAL REDDY GUNDAVELLY,1,249112.0,1,1,1
Pathpi Reddy Ramchandra Reddy,1,249084.0,1,1,1
GRAM PANCHAYAT GALALIYAWAD,1,249073.0,1,1,1
SAIYAT GRAMPANCHAYAT,1,249072.0,1,1,1
FERKUVA JUTH GRAM PANCHAYAT,1,249068.0,1,1,1
MARAI MATA CONSTRUCTION COMPANY,2,249039.0,1,1,1
SARPANCH SACHIV GRAM PANCHAYAT BARWASAN,2,249031.0,1,1,1
AMEERAFZAL BAGEWADI,2,249009.0,1,1,1
Sachiv gram panchayat Mohari,2,249000.0,1,1,1
GRAM PANCHAYAT DUNGARA,1,249000.0,1,1,1
JASWINDER STEELS,10,248986.0,3,1,1
DABHALI  GRAMPANCHAYAT,1,248980.0,1,1,1
Anil Kumar Sahoo,1,248960.0,1,1,1
DAKA RAJESHWAR REDDY,2,248954.0,2,1,1
LAKHI BUILDING MATERIAL STORE,5,248950.0,2,1,2
SANDEEP WAGHMORE,2,248884.0,1,1,1
Abduk Rajak,3,248820.0,3,1,1
GURURAJA R,1,248750.0,1,1,1
MD SAHABAT HOSSAIN,1,248606.0,1,1,1
DHARSAN GRAM PANCHAYAT,1,248592.0,1,1,1
PASVARI GRAM PANCHAYAT,1,248556.0,1,1,1
P R SONS,1,248500.0,1,1,1
M B SALES CORPORATION,1,248426.0,1,1,1
GRAM PANCHAYAT  BANDIBAR,1,248388.0,1,1,1
GRAM PANCHAYAT ZARIKHURD,1,248299.0,1,1,1
GRAM PANCHAYAT LIMBASI,3,248295.0,3,1,1
MS NEW LUXMI ELECTRIC CO,4,248185.0,1,1,1
K B MANJUNATHA,2,248106.0,1,1,1
Santosh Billawria,1,248000.0,1,1,1
N MANJUNATHA,2,247960.0,1,1,1
JANARDHANA KULAL,1,247800.0,1,1,1
YAKIYAM PAYUM,1,247783.0,1,1,1
SRINIVAS K,2,247759.0,1,1,1
A Deepa,1,247716.0,1,1,1
RABINDRANTH MONDAL,1,247699.0,1,1,1
Mr Venkata Subba Reddy Suram,1,247659.0,1,1,1
VAGHASI GRAM PANCHAYAT,2,247601.0,2,1,1
PUNEETH M N,2,247588.0,1,1,1
VINOD S CHAVAN,1,247583.0,1,1,1
Karakhedi,1,247500.0,1,1,1
BHUTARDI GROUP GR PANCHAYAT,1,247496.0,1,1,1
SHREE DERVAN GRAM PANCHAYAT,1,247395.0,1,1,1
SEKH ENTERPRISE,1,247250.0,1,1,1
Anandpara Gram Panchayat,1,247234.0,1,1,1
ashipura grampanchyat,1,247186.0,1,1,1
MAHANTESH B KULAKARNI,1,247155.0,1,1,1
OMAN PAYUM,1,247150.0,1,1,1
DALIM SEKH,1,247087.0,1,1,1
Adrija Construction,1,247074.0,1,1,1
Nayan Sekh,1,247070.0,1,1,1
CMO MUNICIPAL COUNCIL KANKER,1,247000.0,1,1,1
INDER PAUL SHARMA,1,247000.0,1,1,1
GRAM PANCHAYAT DANGIYAPURA,1,247000.0,1,1,1
MANVI ENTERPRISES,1,246968.0,1,1,1
Puneet Iron Store,6,246861.0,2,1,1
Shri Jantrakhadi Gram Panchayat,1,246824.0,1,1,1
Shri Kaj Gram Panchayat,1,246824.0,1,1,1
CHAUTA GRAM PANCHAYAT,1,246770.0,1,1,1
RAJMAHAL STONE CO,1,246723.0,1,1,1
UMA KABAK,1,246650.0,1,1,1
SARPANCH GRAM PANCHAYAT BAJJARWADA,6,246485.0,2,1,1
TAD GRAM PANCHAYAT,1,246484.0,1,1,1
HAMADPARA GRAM PANCHAYAT,1,246471.0,1,1,1
GRAMPANCHAYAT SINDHPUR,1,246471.0,1,1,1
GROUP GRAM PANCHAYAT MANDALI,1,246300.0,1,1,1
AM Solar Energy,1,246192.0,1,1,1
Gadhvana Gram Panchayat,1,246176.0,1,1,1
VARSOLA GRAM PANCHAYAT,2,246101.0,2,1,1
AP CO OP L C SOCIETY LTD BIGHAR,1,246089.0,1,1,1
ANIL KUMAR Y,1,246004.0,1,1,1
Dwarka Dass Mohal Lal,1,246000.0,1,1,1
THEPADA GRAM PANCHAYAT,1,245998.0,1,1,1
GRAM PANCHAYAT HIMALA,1,245956.0,1,1,1
GRAM PANCHAYAT JAALAT,1,245955.0,1,1,1
TEM TAKAR,1,245926.0,1,1,1
GRAM PANCHAYAT RAI,1,245900.0,1,1,1
GRAM PANCHAYAT GANGARDI,1,245831.0,1,1,1
GRAM PANCHAYAT JESAWADA,1,245831.0,1,1,1
Avinash H C,2,245824.0,1,1,1
GRAM PANCHAYAT RAYPURA,1,245800.0,1,1,1
Nadeem Chowdhary,1,245800.0,1,1,1
ALOM NYIGANG,1,245631.0,1,1,1
KADEGI GARAM PANCHAYAT,1,245563.0,1,1,1
Mr KALAPAN GRAM PANCHAYAT,1,245516.0,1,1,1
KHAMIDANA GRAM PANCHAYAT,1,245455.0,1,1,1
NAVCHETAN GRAM PANCHAYAT,1,245419.0,1,1,1
NANI ADBOLI GRAM PANCHAYAT,2,245364.0,2,1,1
GRAM PANCHAYAT CHANDAWADA,1,245356.0,1,1,1
Fatsar gram panchayat,1,245256.0,1,1,1
MOTA SAMADHIYALA,1,245256.0,1,1,1
Pichva Pichvi Juth Gram,1,245256.0,1,1,1
PAN KHAN GRAM PANCHAYAT,1,245256.0,1,1,1
MOTISAR GRAM PANCHAYAT,1,245256.0,1,1,1
BIKASH KUMAR BARA,1,245243.0,1,1,1
MPLAD JUELORAM BLOCK ACCOUNT,16,245119.0,15,1,1
GRAM PANCHAYAT BHOOTODI,1,245098.0,1,1,1
SARPANCHSHRI LIHODA GRAM PANCHAYAT,1,245087.0,1,1,1
FAREDA GRAM PANCHAYAT,1,245076.0,1,1,1
Punjab Elec,1,245060.0,1,1,1
Gram Panchayat Gunvantpur,1,245060.0,1,1,1
MS KSK AND CO,1,245006.0,1,1,1
KAKIDI MOLI GRAM PANCHAYAT,1,245000.0,1,1,1
SAHIL SHARMA CONTRACTOR,2,245000.0,2,1,1
CAFE,1,245000.0,1,1,1
ATISHAY TRADERS,2,245000.0,2,1,1
GP DOBHI,1,245000.0,1,1,1
VINAYAK ENTERPRISES,1,245000.0,1,1,1
National cement  store,1,244949.0,1,1,1
ITVAYA GRAM PANCHAYAT,1,244903.0,1,1,1
Shri Bij Gram Panchayat,1,244869.0,1,1,1
BHEBHA GRAM PANCHAYAT,1,244764.0,1,1,1
SHREE KARNI TENT HOUSE AND LIGHT DECORATION,1,244750.0,1,1,1
Shri BHATHROT GRAM PANCHAYAT,1,244700.0,1,1,1
FRER GRAM PANCHAYAT,1,244681.0,1,1,1
G S Contractor,1,244600.0,1,1,1
Jai Ambe Traders,6,244567.0,1,1,1
avani agency,1,244510.0,1,1,1
PRIYANKA ENTERPRISES,1,244230.0,1,1,1
MS Akash Construction,3,244124.0,1,1,1
kalki madhaw hardwear,3,244124.0,1,1,1
Gram panchayat TARVADIYA VAJA,1,243973.0,1,1,1
Shri KHAN GRAM PANCHAYAT,1,243877.0,1,1,1
Ghulam Mohi ud din Sheikh,1,243800.0,1,1,1
MS Radhika Enterprises,1,243775.0,1,1,1
Ms PREETI GARG,1,243587.0,1,1,1
Gram Panchayat Shikarpura Janpad Panchayat Nalchha,2,243579.0,1,1,1
Gram Panchayat Devinawagoan,1,243500.0,1,1,1
Gram Panchayat Sarona,1,243500.0,1,1,1
Sarpancha Sachiv Gram panchayat  Orchha,1,243500.0,1,1,1
KIRAN GOWDA R,1,243406.0,1,1,1
ABDUL LATHEEF K,1,243349.0,1,1,1
Moka Satya Dhana Chandra Sekhar,1,243215.0,1,1,1
Ameer Faisal P,1,243093.0,1,1,1
Ms GOYAL BRICKS,7,243066.0,6,1,1
Shri Sarasva Gram Panchayat,1,243045.0,1,1,1
BAJIPURA GRAM PANCHAYAT,1,243000.0,1,1,1
UDEPUR GROUP GRAM PANCHAYAT UDEPUR,1,243000.0,1,1,1
HARIPURA GRAM PANCHYAT,1,243000.0,1,1,1
PANDERI GRAM PANCHAYAT,1,242960.0,1,1,1
ARUN GAO,3,242819.0,3,1,1
JAI LAKSHMI CEMENT STORE,6,242628.0,1,1,1
GROUP GRAMP PANCHAYAT CHHASIYA 1,1,242600.0,1,1,1
TARPURA GRAM PANCHYAT,1,242295.0,1,1,1
ASHIKA DISTRIBUTORS,1,242100.0,1,1,1
Jai Baba LAl Dyal Kartoli,1,242090.0,1,1,1
MENDAPARA GRAM PANCHAYAT,1,242063.0,1,1,1
SOUMEN HAIT,1,241977.0,1,1,1
shri vithalpur gram panchayat,1,241950.0,1,1,1
A K CONTRACTOR,1,241932.0,1,1,1
EASHWARAN ELECTRICAL WORKS,1,241826.0,1,1,1
RAO CONSTRUCTION CO,1,241300.0,1,1,1
Rishav,1,240969.0,1,1,1
Sikander Industries,5,240956.0,1,1,1
J S ENTERPRISE,2,240900.0,2,1,1
satguru batala,1,240500.0,1,1,1
VADLI GRAM PANCHAYAT,1,240309.0,1,1,1
Karipe Vilas,1,240305.0,1,1,1
E NATARAJ,1,240140.0,1,1,1
Construction of Community Hall near Shri Maa Thakurani Gokhani THan Jogipara Goalpara,1,240000.0,1,1,1
Sarpanch Sachiv Gram Panchayat Matiyadand,1,240000.0,1,1,1
GRAM PANCHAYAT ERORA,1,240000.0,1,1,1
Gram panchayat Seoni,1,240000.0,1,1,1
Construction of Toilet Blocks at Mespara Madhachal Rabha Samaj Rangsai Baida,1,240000.0,1,1,1
KHANDOSAN GRAM PANCHAYAT,3,240000.0,3,1,1
Gram panchayat Bairagad,1,240000.0,1,1,1
CONSTRUCTION OF CULTURAL STAGE AT BARHARID NEAR SRI SRI KALIA NAMGHAR,1,240000.0,1,1,1
Construction of Open Stage near Chandrapur Sarbajanin Durga Mandir,1,240000.0,1,1,1
Narayan Debnath,1,240000.0,1,1,1
EDD 1 HARDOI,2,240000.0,2,1,1
RAAZ STEEL INDUSTRIES,1,240000.0,1,1,1
GP MATODHA BESHAN,1,240000.0,1,1,1
SRI SRI NARASINGHA GOPAL NAMGHAR VILL KAMARGAON,1,240000.0,1,1,1
GRAM PANCHAYAT CHAUBARA,1,240000.0,1,1,1
Rennovation of Natghar at Rabhapara,1,240000.0,1,1,1
GRAM PANCHAYAT BIHTA,1,240000.0,1,1,1
GP Chandyal,5,240000.0,3,1,1
SHREYA TRADING,2,240000.0,1,1,1
GRAM SABHA PATARA,1,240000.0,1,1,1
GP JASGUWANKHURD,1,240000.0,1,1,1
GRAM SABHA MAJHGUWANKALA,1,240000.0,1,1,1
GRAM SABHA LUHARPURA,1,240000.0,1,1,1
Renovation of Natghar at Jogdoba near Brahma Mandir,1,240000.0,1,1,1
GOVT HIGH SCHOOL MEERANKOT KALAN SCHOOL WELFARE FUND,3,240000.0,1,1,1
GP Kharwar,2,240000.0,2,1,1
GRAM PANCHAYAT KHERAKALA,1,240000.0,1,1,1
gp mavaiya nowgong,1,240000.0,1,1,1
GP Vashishth,2,240000.0,2,1,1
GP BILHERA,2,240000.0,2,1,1
Aastha UMV Sonval,1,240000.0,1,1,1
Sarpanch Gram Panchayat   KERIYA,2,240000.0,1,1,1
GRAM PANCHAYAT KOOD,1,240000.0,1,1,1
GRAM PANCHAYAT BUDOUR,1,240000.0,1,1,1
GRAM PANCHAYAT AMRONIYA,1,240000.0,1,1,1
Gram Panchayat Kathog,3,240000.0,3,1,1
GRAM PANCHAYAT SIGOUN,1,240000.0,1,1,1
Sanindra Boro,2,239999.0,1,1,1
RAJHANS,1,239953.0,1,1,1
ARIHANT INDUSTRIAL CORPORATION LIMITED,1,239803.0,1,1,1
SAH CONSTRUCTION,1,239723.0,1,1,1
Edd 4th Jaunpur,1,239600.0,1,1,1
VISHAL DODDI,2,239522.0,1,1,1
SURENDRA TILES UDHYOG,1,239476.0,1,1,1
BOBICONSTRUCTIONCOMPANY,1,239376.0,1,1,1
NIMAIN ROUL,1,239300.0,1,1,1
mitra traders,1,239233.0,1,1,1
HOSPITAL MANAGEMENT COMMITTEE,3,239151.0,1,1,1
Simarjeet Singh,2,239100.0,2,1,1
Jain Industries,1,239085.0,1,1,1
Shri Damali Gram Panchayat,1,239051.0,1,1,1
KAPILA TRADERS,2,238960.0,2,1,1
MS TEJA SINGH PIPE FACTORY,6,238948.0,1,1,1
shivalik engineers and contractors,6,238932.0,2,1,1
Khalid Lathiya,1,238912.0,1,1,1
Ms Shiv Shakti Traders,2,238879.0,1,1,1
Ashiqur Rahman,3,238750.0,1,1,1
Gram Panchayat Hadmatkhuta,1,238700.0,1,1,1
CHIKHALKUBA GRAM PANCHAYAT,1,238587.0,1,1,1
ABDUL NASAR M P,1,238462.0,1,1,1
Abdul Matin,1,238373.0,1,1,1
Rakshita Hardware and Supplier,1,238210.0,1,1,1
Nirmal Singh Terhal,1,238200.0,1,1,1
GRAM PANCHAYAT BHADRAKALI,1,238072.0,1,1,1
UMESH BHUE,1,238065.0,1,1,1
S S INFRATECH,2,237956.0,1,1,1
Bhagirathi Gond,2,237715.0,2,1,1
Kaka Singh,3,237548.0,2,1,1
ASHRAF E,1,237376.0,1,1,1
KAMADGIRI TRADERS,1,237319.0,1,1,1
DEPUTY MANAGER KELTRON,2,237118.0,2,1,1
GANESH DUTT,1,236400.0,1,1,1
THE MM CO OPERATIVE LABOUR AND CONSTRUCTION SOCIETY LTD,1,236297.0,1,1,1
R K CUNSTRUCTION,1,236236.0,1,1,1
UPPAL BUILDING MATERIAL,1,236183.0,1,1,1
Bhatti cement and iron store,1,235990.0,1,1,1
Rampara gram panchayat,1,235847.0,1,1,1
JAMADAR ENTERPRISE,1,235581.0,1,1,1
K KOMURAIAH,1,235421.0,1,1,1
harpreet singh,6,235305.0,3,1,1
AKAL CEMENT TILES,7,235154.0,3,1,1
Gudla Venkata Pavan,1,235134.0,1,1,1
EE PWD CHHATARPUR,2,235000.0,1,1,1
GRAM PANCHAYAT HARSI,2,235000.0,1,1,1
PALLAB JYOTI DUTTA,3,234619.0,3,1,1
Samar Building Point,1,234500.0,1,1,1
RAJUPURA GRAM PANCHAYAT,1,234000.0,1,1,1
RAJ KUMAR N,1,233917.0,1,1,1
MAA DURGA IRON STORE,1,233858.0,1,1,1
AFSANA ENTERPRISE prop SK ANUAR,1,233836.0,1,1,1
Ranjeet Singh,5,233833.0,4,2,2
AASHROY CONSTRUCTION,1,233500.0,1,1,1
LAXMI BRICKS COMPANY,1,233470.0,1,1,1
ANKITA ENTERPRISE,1,233273.0,1,1,1
JAGDEV SINGH,6,233023.0,3,1,2
Kang Iron Cement Store,1,232828.0,1,1,1
FANCY SPORTS,1,232800.0,1,1,1
RAJKISHOR SAHU,1,232795.0,1,1,1
Gram Panchayat Phool Dhawadi,1,232613.0,1,1,1
Gram Panchayat Kotada,1,232613.0,1,1,1
KRISHAN GARG,2,232581.0,2,1,2
SUHAN ENTERPRISE,1,232580.0,1,1,1
Rattan Lal and  Sons,1,232578.0,1,1,1
Assistant engineer dehri,1,232346.0,1,1,1
G D INFRA SERVICES,1,232000.0,1,1,1
Manoj Varma,1,231762.0,1,1,1
REHANSHI MATERIAL SUPPLIERS,1,231300.0,1,1,1
Sri Son Sing Killing,1,231114.0,1,1,1
TYAGI CONSTRUTION AND ORDER SUPPLIERS,1,230926.0,1,1,1
JANVI ENTERPRISES,1,230839.0,1,1,1
MS TATA BRICKS,5,230500.0,2,1,1
Ms Bhumika Welding Shop,1,230423.0,1,1,1
Ms Sikander Industries,5,230346.0,1,1,1
SAMATPARA GRAM PANCHAYAT,1,230103.0,1,1,1
Sarpanch Gram Panchayat   PACHGAON,2,230000.0,2,1,1
BAJWA AIRCON SERVICES,2,230000.0,2,1,1
GP Behal,3,230000.0,2,1,1
Gram Panchayat Sohari,3,230000.0,2,1,1
GRAM PANCHAYAT JETPUR DU,1,230000.0,1,1,1
jopir mize,1,229684.0,1,1,1
Harmesh Lal Enterprises,1,229400.0,1,1,1
Gupta Enterprises,3,229200.0,3,1,1
THE PARVATI DEVI COOPERATIVE LABOUR AND CONSTRUCTION SOCIETY LIMITED BATHERI,1,229157.0,1,1,1
ABDUL MAJEED K,1,229077.0,1,1,1
BDPO Safidon,2,228966.0,2,1,1
SAHIL KUMAR BHOGAL,2,228600.0,2,1,1
CHAND AND SONS Bhatta CO,1,228536.0,1,1,1
Max Sports Floor India,1,228448.0,1,1,1
Bhagirathi Champati,1,228438.0,1,1,1
SAHADEV JANA,1,228034.0,1,1,1
Ashiq Ahmad Bhat,1,227900.0,1,1,1
Dharmendra Biswas,3,227821.0,1,1,1
varija tiles and sanitation,3,227692.0,1,1,1
SOMIK SEN,2,227607.0,1,1,1
SATYA PRIYA PAUL,2,227607.0,1,1,1
JOY DAS,2,227607.0,1,1,1
MAHENDRA YADAV,2,227592.0,1,1,1
MRUTYUNJAYA DAS,1,227549.0,1,1,1
FATEMA ENTERPRISE,1,227401.0,1,1,1
Kapil,3,227300.0,3,2,3
BALVIR SINGH,6,226526.0,2,1,1
TAMILNADU CONSTRUCTION LABOUR WELFARE BOARD,18,226236.0,18,1,5
SHREE BALJI IRON STORE,3,226009.0,2,1,1
The Sharan Coop L and C Society,2,225847.0,1,1,1
SAGGU ENGINEERING WORKS,2,225590.0,1,1,1
LAL SINGH,3,225142.0,2,2,2
THASKA GRAM UDYOG SAMITI,1,225111.0,1,1,1
Gram Panchayt Chapapadar,1,225000.0,1,1,1
Gram Panchayat Jarara,1,225000.0,1,1,1
C S RAMESH,1,225000.0,1,1,1
PRADEEP KUMAR S,1,225000.0,1,1,1
Gram Panchayat Janakur,1,225000.0,1,1,1
GP JANAKPUR JP BADI,1,225000.0,1,1,1
SHIVANAND MALLAPPA MENASINAKAI,1,225000.0,1,1,1
CC for Public Staircase near Kali Mandir Swahid Nagar,2,225000.0,1,1,1
BHAGYAMMA,1,225000.0,1,1,1
Ranjitha,1,225000.0,1,1,1
Gram pancahyat sagoniya,3,225000.0,2,1,1
GRAM PANCHAYAT KHAJARI,1,225000.0,1,1,1
RAJYA PRAWARTIT YOJNA G P KORBI,2,225000.0,2,1,1
GRAM PANCHAYAT CHARI,2,225000.0,2,1,1
GRAM PANCHAYAT VASNA,2,225000.0,2,1,1
GRAM PANCHYAT UMARIA,3,225000.0,3,1,1
Gram Panchayat Dhobiguda,1,225000.0,1,1,1
GP Rajindu,3,225000.0,2,1,1
hanifabad,1,225000.0,1,1,1
GRAM PANCHAYAT DESHAD,1,225000.0,1,1,1
cmo badwah,2,225000.0,1,1,1
ASHWATHAM SHASAPPA REBINAL,1,225000.0,1,1,1
GRAM PANCHAYAT LIGHARI,2,225000.0,2,1,1
GRAM PANCHAYAT KESLI,2,225000.0,2,1,1
GP Sari,3,225000.0,3,1,1
CHANDRU B N,1,225000.0,1,1,1
GRAM PANCHAYAT DANGIDHANA,3,225000.0,3,1,1
Gram Panchayat Minkachh,2,225000.0,2,1,1
GRAM PANCHAYAT PANARJHIR,1,225000.0,1,1,1
Gram pancahyat chopna,3,225000.0,2,1,1
SARPANCH GRAM PANCHAYAT MATWAD,1,225000.0,1,1,1
CHANDRAKANT AIHOLLI,1,225000.0,1,1,1
Jagga singh,1,225000.0,1,1,1
Gram pancahyat sukhapura,3,224971.0,2,1,1
Ms Salasar Construction Company,1,224930.0,1,1,1
DUBEY CONSTRUCTION PRO SANTOSH KUMAR DUBEY,1,224818.0,1,1,1
GP MOUDA,3,224589.0,2,1,1
Avreen Industeries  Mukerian,6,224581.0,2,1,1
Gourav Traders,1,224356.0,1,1,1
Raphi Talom,1,224256.0,1,1,1
BAVANA DILLESWARARAO,1,224217.0,1,1,1
M B CONSTRUCTION,2,224200.0,1,1,1
GRAM PANCHAYAT BAMANGAM,1,224143.0,1,1,1
sokhda khurd gram panchayat,1,224138.0,1,1,1
THE MEHLA COOP LC SOCIETY,2,224006.0,1,1,1
G N SANITARY AND TILE STORE,6,223983.0,2,1,1
Dashmesh Cement store,6,223849.0,2,1,1
ASHADEEP CONSTRUCTION,1,223844.0,1,1,1
Gram Panchayat Amarpur,2,223820.0,2,2,2
Mohd Rafiq Mir,1,223600.0,1,1,1
AKULA rAJA REDDY,1,223517.0,1,1,1
Guru Kirpa,1,223470.0,1,1,1
NANAKSAR PIPES,5,223020.0,1,1,1
NARAYAN ROUT AND SMT SWARNALATA ROUT,1,223000.0,1,1,1
Pentaparthi Sayabu,1,222844.0,1,1,1
Dhanaula BKO,12,222300.0,5,1,1
PARMAR MUKESHBHAI MANSUKHBHAI,1,222300.0,1,1,1
Vasudeva Steel Traders,2,222288.0,2,1,1
LAL JI CEMENT PRODUCTS,4,222230.0,1,1,1
Lalit Trading Co,2,222000.0,1,1,1
Chuni Lal,2,222000.0,2,1,1
GH LANDSCAPES,2,222000.0,1,1,1
MS MANDAL ENTERPRISE,1,221982.0,1,1,1
The Nehla Beniwal Co Op LC Society Ltd,1,221978.0,1,1,1
DILIP CONSTRUCTION,1,221889.0,1,1,1
MS TUSHAR ENTERPRISE,1,221769.0,1,1,1
HARAKRISHNA KAMILA,1,221756.0,1,1,1
MS JANA ENTERPRISE,1,221654.0,1,1,1
SHRABANI ENTERPRISE,1,221468.0,1,1,1
HARPAL,2,221362.0,2,1,1
ILIAS CONSTRUCTION,1,221248.0,1,1,1
MS ISLAM ENTERPRISE,1,221109.0,1,1,1
MS SADDAM CONSTRUCTION,1,221021.0,1,1,1
RS CEMENT STORE,3,220900.0,2,1,1
Laxmi Bricks Manufacturing Co,6,220800.0,3,1,1
Gram Panchayat Madguri,1,220641.0,1,1,1
Sidhu Hardware Paint Store,10,220627.0,4,1,1
Rajalaxmi Singh,1,220595.0,1,1,1
MS R M CONSTRUCTION,1,220585.0,1,1,1
SUSANT KUMAR DAS,1,220092.0,1,1,1
GRAM PANCHYAT NER,3,220000.0,2,1,1
gram panchayat hond,2,220000.0,2,1,1
KARAGHOGHA,1,220000.0,1,1,1
Saduthala Gram Panchayat,2,220000.0,2,1,1
CHITRODA MOTA GRAM PANCHAYAT,1,220000.0,1,1,1
THALOTA GRAM PANCHAYAT,1,220000.0,1,1,1
SANKHEJ GRAM PANCHAYAT,1,220000.0,1,1,1
BAKARPUR GRAM PANCHAYAT,1,220000.0,1,1,1
BECHARPURA GRAM PANCHAYAT,2,220000.0,2,1,1
Gram Panchayat Khadkui,1,220000.0,1,1,1
SARPANCH GRAM PANCHAYAT CHOURAHET,3,220000.0,3,1,1
Raghavendra M H,2,220000.0,2,1,1
RAHIL ENTERPRISE,1,219960.0,1,1,1
Suraj Jassal,4,219600.0,2,1,1
GRAM PANCHYAT JESARVA,1,219587.0,1,1,1
DEE OPERATIONAL RURAL TSNPDCL,1,219582.0,1,1,1
MOHAMEDALI T,1,219548.0,1,1,1
SARADA CONSTRUCTION,1,219101.0,1,1,1
Dhruv Tile Factory,2,219050.0,2,1,1
ASSISTANT ENGINEER ALINAGAR,1,218952.0,1,1,1
MS Lovely Cement Store,5,218824.0,1,1,1
MANIKANDAN,1,218666.0,1,1,1
ISHFAQ AHMAD SHEIKH,1,218400.0,1,1,1
SIMARJEET KAUR,2,218298.0,1,1,1
ANNAPURNA CONSTRUCTION,1,218265.0,1,1,1
ACHOLISH KUJUR,1,218250.0,1,1,1
Santosh Kumar Das,1,218000.0,1,1,1
Pawan Kumar,5,217905.0,4,2,3
JAI DURGA ENTERPRISES,1,217758.0,1,1,1
Rajinder Singh Gill,12,217700.0,3,1,1
SRI LAKSHMI ELECTRICAL SERVICE,1,217548.0,1,1,1
GARM PANCHAYAT KHANDHAURA,2,217487.0,1,1,1
Gangadharam Batta,1,217243.0,1,1,1
SHIVARATHRI NARESH,1,216832.0,1,1,1
THE KRISHNA COOP LC SOCIETY LTD NANGAL,1,216434.0,1,1,1
EEEUDD Town Hall,1,216400.0,1,1,1
Karu Hansdah,1,216139.0,1,1,1
SHERIL CONSTRUCTION,1,216046.0,1,1,1
PSEB NATHANA,1,216000.0,1,1,1
LAXMI AUTO AGENCIES PRIVATE LIMITED,2,216000.0,2,1,1
SARPANCH SACHIV GRAM PANCHAYT SINDEHI,1,216000.0,1,1,1
GANGA SAHAY,1,215925.0,1,1,1
A I ENTERPRISE,1,215807.0,1,1,1
PARVEEN SINGH,1,215600.0,1,1,1
MS Balaji Enterprises,3,215594.0,2,1,1
GRAM PANCHAYAT DABHOU,4,215196.0,4,1,1
Mr Chamoda Gram Panchayat,1,214982.0,1,1,1
Sakshi Cement Store,7,214870.0,2,1,1
EUDD 11 KV LT,1,214837.0,1,1,1
NATIONAL IRON STORE,9,214777.0,7,1,1
SOUVAGYA CONSTRUCTION,1,214722.0,1,1,1
Hardeep Singh,5,214708.0,4,1,3
Bali Tudu,1,214515.0,1,1,1
MAYANK ELECTRICALS BARAN,1,214462.0,1,1,1
ASSISTANT ENGINEER LAEO VSK NAWADA,1,214300.0,1,1,1
Hind Tiles Industry,1,214200.0,1,1,1
GRAM PANCHAYT DHALSHIMAL,1,214000.0,1,1,1
Dhaner Traders Mehal Kalan,5,213960.0,2,1,1
Parwinder Kaur Sarpanch,6,213957.0,3,1,1
LATIF KHAN,8,213900.0,3,2,2
SUN SHINE CONSTRUCTION,1,213891.0,1,1,1
Gandi Krishna,1,213585.0,1,1,1
Mustafa Mustaqul Islam,2,213316.0,2,1,1
Shivam construction,1,213226.0,1,1,1
Sujata Halder,1,213202.0,1,1,1
Sh Ravi Singh So Prem Singh Ro Hoochak Teh Pogal Paristan Ukhral District Ramban Contractor,1,213200.0,1,1,1
Himmat Kumar,4,212600.0,2,1,1
ROYAL BUILDING MATERIAL,2,212500.0,1,1,1
KAMAL KUMAR DASH,1,212396.0,1,1,1
SHRI SHYAM METAL,1,212277.0,1,1,1
Gram Panchayat Moicharni,1,212267.0,1,1,1
INDRA MOHAN BORAH,2,212110.0,1,1,1
BAWA BRICKS SUPPLY CO,4,212100.0,2,1,1
AARADHYA ENTERPRISES,1,212000.0,1,1,1
SANJUKTA BEHURIA,1,211408.0,1,1,1
EDD SARDHANA MEERUT,2,211345.0,2,1,1
YAPUN JERANG,1,211339.0,1,1,1
YAJER TAKOH,1,211086.0,1,1,1
BALJEET TRADERS,2,211050.0,2,1,1
Karan Singh BKO,6,211012.0,2,1,1
Mo Ranjan and sons,1,210570.0,1,1,1
Pankaj Sharma,1,210400.0,1,1,1
SANKARDEV TRADERS,3,210303.0,2,1,1
MUNUSAMY,1,210000.0,1,1,1
gram panchayat kataipali see,1,210000.0,1,1,1
Gram Panchyat Bharadi,3,210000.0,2,1,1
SHRI RADHE KRISHAN ENTERPRISES,1,210000.0,1,1,1
INSTROMEDIX INDIA PVT LTD,1,210000.0,1,1,1
MS VINOD ENTERPRIES,1,210000.0,1,1,1
SANT BRICKS INDUSTRIES,1,210000.0,1,1,1
Prime Sports Surf Aces,1,209596.0,1,1,1
Bhandari Engineering Corp,2,209590.0,2,1,1
RAJU SAHU,1,209555.0,1,1,1
HANDA IRON STORE,8,209245.0,3,1,1
THE SHREE JI COOP L AND C SOCIETY LTD,1,208926.0,1,1,1
EE EUDD 1,1,208800.0,1,1,1
PAITDA KEONJHAR MPLADS,12,208777.0,12,1,1
PURUSOTTAM HEMBRAM,1,208653.0,1,1,1
SHRI BALAJI SERVICES,1,208145.0,1,1,1
SOUMYA RANJAN TARAI,1,207982.0,1,1,1
JAGJIT SINGH,4,207749.0,2,1,2
EEEDD Muradnagar,1,207741.0,1,1,1
SDO OP Division DHBVN UMra,1,207689.0,1,1,1
Gram Panchayat Judawan,2,207640.0,2,1,1
GRAM PANCHAYAT TILA,2,207639.0,2,1,2
GRAM PANCHAYAT TANGA,2,207638.0,1,1,1
Gram Panchayat Bhela,2,207638.0,1,1,1
GRAM PANCHAYAT PHATEHA KA KHIRAK,2,207638.0,1,1,1
gram panchayat sijora,2,207637.0,1,1,1
ASSISTANT ENGINEER BAKHTIYAPUR,1,207553.0,1,1,1
gram panchaayt chandrapura,2,207531.0,1,1,1
gram panchayat nandanwara,2,207520.0,1,1,1
AEN A5 JVVNL,1,207175.0,1,1,1
Rayia bricks co,8,206901.0,4,1,1
AKHILESH CONSRUCTION,2,206882.0,2,1,1
navi sambyal,1,206800.0,1,1,1
gram panchayat bamhori abda,2,206735.0,1,1,1
Arjun Electricals,1,206598.0,1,1,1
Thandi Building Store,4,206484.0,2,1,1
SUPER TILE WORKS,5,206452.0,1,1,1
Lileswar Majhi,1,206000.0,1,1,1
DHARMENDRA KUMAR SAHOO,1,206000.0,1,1,1
BIRANCHI NARAYAN UDANDARAY,1,206000.0,1,1,1
EE PWD CUD GST,2,205912.0,2,1,1
Gram Panchayat Diggi,1,205859.0,1,1,1
Gram Panchayat Bawadi Badi,1,205792.0,1,1,1
SAHOTA CEMENT PIPE WORKS,2,205179.0,2,1,1
Jaideep Singh Cement Store,2,205000.0,2,1,1
SAHIL TRADING COMPANY,5,204869.0,1,1,1
GD GALAXY INFRA,2,204836.0,2,1,1
EEEDD 3 LONI,1,204737.0,1,1,1
Mira Tissopi,3,204671.0,1,1,1
Minu Teronpi,3,204671.0,1,1,1
Sharma Traders,1,204281.0,1,1,1
SARSWATI SHISHU MANDIR SUKWARI,5,204110.0,1,1,1
AEN AVVNL LOSAL,1,203824.0,1,1,1
KARPOORI THAKUR UCHHATAR MADHYAMIC VIDYALAYA,3,203774.0,1,1,1
BASANT LAL SATENDRA KUMAR,1,203374.0,1,1,1
BHARAT BRICKS UDYOG,4,203007.0,2,1,1
The Titani Co op l and C Society LTD,1,202988.0,1,1,1
BANSAL PIPE INDUSTRIES,5,202984.0,1,1,1
Pawan Trading co,6,202890.0,2,1,1
GRAM PANCHAYAT GOTET,2,202623.0,1,1,1
Bhullar Spun Pipe Factory,5,202552.0,2,1,1
Dharmendar Chaudhary,1,202400.0,1,1,1
Kishore Thapa,1,202400.0,1,1,1
SAROJ BALA,1,202000.0,1,1,1
Satguru Traders,7,202000.0,1,1,1
Gram Panchayat Khawasa,1,201843.0,1,1,1
TANVEER Engineering,1,201594.0,1,1,1
GURPREET SINGH,11,201550.0,5,1,3
Koj Puming,2,201452.0,2,1,1
R B TRADING COMPANY,3,201191.0,3,1,1
TARUN TRADERS,3,201180.0,1,1,1
The Ansh Cooperative labour and Construction Society Ltd Sandholi,1,201127.0,1,1,1
Rakesh Kumar,3,200928.0,3,3,3
ASSISTANT ENGINEER DARBHANGA SHAHARI,1,200798.0,1,1,1
SHRINATH ASSOCIATES,1,200769.0,1,1,1
Billa Bricks Manufacting,5,200750.0,2,1,1
OPET TAGGU,1,200568.0,1,1,1
PANKAJ THAKUR,1,200500.0,1,1,1
Goyal Pipe and Hardware Store,1,200455.0,1,1,1
Romeo Talom,1,200373.0,1,1,1
jai mata di enterprises,1,200228.0,1,1,1
RAKESH TERANG,1,200222.0,1,1,1
RAKIBUL ENTERPRISE,1,200014.0,1,1,1
gp tajpura jp obedullaganj,2,200000.0,1,1,1
GP BHOURJHIR,2,200000.0,1,1,1
GRAM PANCHAYAT OBHALA GROUP,1,200000.0,1,1,1
Gram Panchayat Bardu Chaina,1,200000.0,1,1,1
VILLAGE LAD WAHWAPUNG,2,200000.0,1,1,1
Gram Panchayat Banoti,2,200000.0,2,1,1
GRAM PANCHAYAT TALAVCHORA,1,200000.0,1,1,1
Gopu Nyodu Basar,1,200000.0,1,1,1
Gram Panchayat Basnajhar,2,200000.0,2,1,1
JASVANTPURA GRAM PANCHAYAT,1,200000.0,1,1,1
Gram Panchayat Barwas,2,200000.0,1,1,1
Bombay Sports Syndicate,1,200000.0,1,1,1
SHYAM SUNDAR MAJHI,1,200000.0,1,1,1
gp salwan,2,200000.0,2,1,1
Gopi Riba,1,200000.0,1,1,1
K Wati Imchen,2,200000.0,1,1,1
gram panchayat jaitgudra,2,200000.0,1,1,1
GRAM PANCHAYAT DONGAAMA NIRMAN KARYA,1,200000.0,1,1,1
Peter Jyrwa,1,200000.0,1,1,1
GP AJROLI,2,200000.0,1,1,1
Gram Panchayat Barthata,4,200000.0,2,1,1
GRAM PANCHAYAT ANARA,1,200000.0,1,1,1
Pingstarwell Nongphud,2,200000.0,1,1,1
BALAJI ENTERPRISE,3,200000.0,1,1,1
swayam sahayata samiti bahot,2,200000.0,1,1,1
GRAM PANCHAYAT HATHISA,1,200000.0,1,1,1
GRAM PANCHAYAT BHATAGAN,1,200000.0,1,1,1
Sanpray D Sangma,2,200000.0,1,1,1
SUSHANTA DIGAL,1,200000.0,1,1,1
GRAM PANCHAYAT ANITA,1,200000.0,1,1,1
utvad gram Panchayat,1,200000.0,1,1,1
TAKARWADA GRAM PANCHAYAT,1,200000.0,1,1,1
TAJUDEEN,1,200000.0,1,1,1
GRAM PANCHAYAT CHORA DUNGRI,1,200000.0,1,1,1
GRAM PANCHAYAT RAYDI,1,200000.0,1,1,1
gram bharti,1,200000.0,1,1,1
GRAM PANCHAYAT PADMI,2,200000.0,2,1,1
GRAM PANCHAYAT ANTROLI,2,200000.0,2,1,1
PARDHOL GRAM PANCHAYAT,1,200000.0,1,1,1
Hento Kaye,1,200000.0,1,1,1
SHYAM STEEL,2,200000.0,1,1,1
Sarpanch Gram Panchayat Jhaklai,4,200000.0,2,1,1
Sarpanch Gram Panchayat Bhiladiyakhurd,2,200000.0,1,1,1
Sarpanch Gram Panchayat   PIPARIYAKHATI,4,200000.0,2,1,1
DILIP KUMAR DASHORE,7,200000.0,1,1,1
Tralin Mynsong,1,200000.0,1,1,1
GIBONSING KYNTER,1,200000.0,1,1,1
KADHHAIYA PRUTHVIRAJPUR GRAM PANCHYAT,1,200000.0,1,1,1
SHRI GURUJI SHIKSHAN SAMITI SAUSAR,1,200000.0,1,1,1
WAHKAJI SECONDARY SCHOOL,2,200000.0,1,1,1
Gp Ambapada Kala,2,200000.0,1,1,1
GRAM PANCHAYAT CHITALI,1,200000.0,1,1,1
SENG SAMLA DONGIAWPYNGKAT LOCAL COMITTEE,1,200000.0,1,1,1
venpura 1,1,200000.0,1,1,1
Gram Panchyat Bhatgarh,2,200000.0,1,1,1
BHENSHKHETAR GRAM PANCHAYAT,1,200000.0,1,1,1
Gokalpura Gram panchayat,1,200000.0,1,1,1
Junishedhavi Gram Panchayat,1,200000.0,1,1,1
CHHATHIYARDA GRAM PANCHAYAT,1,200000.0,1,1,1
CHHIPIAL GRAM PANCHAYAT,2,200000.0,2,1,1
RAJYA PRAWARTIT YOJNA G P BANJARI,1,200000.0,1,1,1
GRAM PANCHAYAT DHAROI,1,200000.0,1,1,1
Mr MANAS BHANJAN JENA,1,200000.0,1,1,1
GRAM PANCHAYAT DHAKVADA,2,200000.0,2,1,1
BHANPURA GRAM PANCHAYAT,1,200000.0,1,1,1
united impex mohali,1,200000.0,1,1,1
KWINRILAN RYNJAH,1,200000.0,1,1,1
DILSENG A SANGMA,2,200000.0,1,1,1
Kallepsing Marak,2,200000.0,1,1,1
GRAM PANCHAYAT  TABBA,2,200000.0,1,1,1
GRAM PANCHAYAT ACHHARAN,1,200000.0,1,1,1
GRAM PANCHAYAT ERTHAN,1,200000.0,1,1,1
ADORA SNAME M MARAK,2,200000.0,1,1,1
ADMOR GRAM PANCHAYAT,1,200000.0,1,1,1
Nightstar Shangpliang,2,200000.0,1,1,1
BANDISERVAN GRAM PANCHAYAT,2,200000.0,2,1,1
Pilne A Sangma,2,200000.0,1,1,1
Phrangding Lyngkhoi,2,200000.0,1,1,1
RAM VIJAY NAGAR GRAM PANCHAYAT,1,200000.0,1,1,1
PANSOLI GRAM PANCHAYAT,1,200000.0,1,1,1
DHAMMU AGRI Works,1,200000.0,1,1,1
GP Balag,2,200000.0,1,1,1
DKHIAH PRESBYTARIAN SCHOOL,1,200000.0,1,1,1
Paul Ch Sangma,2,200000.0,1,1,1
Pejum Basar,1,200000.0,1,1,1
LUMALITHA SHIRA,2,200000.0,1,1,1
Development Fund Shillong Vidyalaya,1,200000.0,1,1,1
LT COL OC 24MP BN NCC CWA,2,200000.0,1,1,1
gram panchayat fulwari f,1,200000.0,1,1,1
GUTAL GRAM PANCHAYAT,1,200000.0,1,1,1
GARMPANCHAYAT TORNA,1,200000.0,1,1,1
Der Grampanchayat,1,200000.0,1,1,1
GP Bhadarnu,1,200000.0,1,1,1
VIDHAN INFRACON PRO NITIN KUMAR SHUKLA,4,200000.0,4,1,1
Khliehmannup LP School,2,200000.0,1,1,1
K PANDI AND CO,1,200000.0,1,1,1
GP Barkheda setu JP obedullaganj,2,200000.0,1,1,1
GP Barswan,2,200000.0,1,1,1
DESAD GRAM PNCHAYAT,1,200000.0,1,1,1
SILMAN MARAK,2,200000.0,1,1,1
Rikrak M Sangma,2,200000.0,1,1,1
UNTAVA GRAM PANCHAYAT,1,200000.0,1,1,1
KADI GRAMPANCHAYAT,2,200000.0,2,1,1
TABDA GROUP GRAM PANCHAYAT,1,200000.0,1,1,1
TABA NETA GOYANG,1,200000.0,1,1,1
PARUNA GRAM PANCHAYAT,1,200000.0,1,1,1
SAGANPURA GRAM PANCHAYAT,1,200000.0,1,1,1
SHIVANSHI CONSTUCTION,1,200000.0,1,1,1
GRAM PANCHAYAT GHEKTI,2,200000.0,2,1,1
SADHLI GRAM PANCHAYT,1,200000.0,1,1,1
MADHAR GRAM PANCHAYAT,1,200000.0,1,1,1
GOGDIA JUTH GRAM PANCHAYAT,1,200000.0,1,1,1
KEVDI GROUP GRAM PANCHAYAT,1,200000.0,1,1,1
gram panchayat chalha,1,200000.0,1,1,1
LIMBADI GRAM PANCHAYAT GRAM PANCHAYAT,2,200000.0,2,1,1
DHARAMPUR BHALTHI GRAM PANCHAYAT,1,200000.0,1,1,1
GRAM PANCHAYAT SARRA,2,200000.0,1,1,1
TFS ENTERPRISES,3,200000.0,1,1,1
GRAM PANCHAYAT SHAMALDEVI,1,200000.0,1,1,1
DHARALA GRAMPANCHAYAT,1,200000.0,1,1,1
GRAM PANCHAYAT SANDHIER,1,200000.0,1,1,1
Megharin Momin,2,200000.0,1,1,1
GRAM PANCHAYAT ROHINI,1,200000.0,1,1,1
Mirapuri Grampanchayat,1,200000.0,1,1,1
KAJIRAM SALOI HARDWARE,1,200000.0,1,1,1
Saldi Gram Panchayat,1,200000.0,1,1,1
GRAM PANCHAYAT BHADURPURAKHAS,1,200000.0,1,1,1
BALAGAN SIDHU,1,200000.0,1,1,1
GRAM PANCHAYAT RANGOLE,1,200000.0,1,1,1
GRAM PANCHAYAT RAJNAGAR,1,200000.0,1,1,1
Alice Dai,1,200000.0,1,1,1
Kebinal  Momin,2,200000.0,1,1,1
Gritalson Arengh,2,200000.0,1,1,1
BAIDYANATH CHANDAN,1,200000.0,1,1,1
RAJGOPAL MARANDI,1,200000.0,1,1,1
S Srinivas,2,200000.0,2,1,1
DONBOK SYNGKLI,1,200000.0,1,1,1
GRAM PANCHAYAT PRATAPGADH,1,200000.0,1,1,1
DONG ELECTRIC LPS RATACHERRA,2,200000.0,1,1,1
Samir Bisoyi,1,200000.0,1,1,1
CHAMETHA GRAM PANCHAYAT,1,200000.0,1,1,1
SHIVRAJGADH GRAM PANCHAYAT,1,200000.0,1,1,1
PALODAR GRAM PANCHAYAT,1,200000.0,1,1,1
PALASNI JUTH GRAM PANCHAYAT,1,200000.0,1,1,1
VITHODA JUTH GRAM PANCHAYAT,1,200000.0,1,1,1
Adhyaksh sarv samaj utthan sewa samiti imaliya,1,200000.0,1,1,1
Principal Nodal Officer GP Majhwar,1,200000.0,1,1,1
CHANDARDA GRAM PANCHAYAT,1,200000.0,1,1,1
AMODARA GRAM PANCHAYUAT,1,200000.0,1,1,1
GRAM PANCHAYAT BARIAFALI,1,200000.0,1,1,1
MR GELEY SINTANG MARAK,2,200000.0,1,1,1
Press Club Joginder Nagar,1,200000.0,1,1,1
gram panchayat bayla,2,200000.0,1,1,1
GRAM PANCHAYAT BALINTA,2,200000.0,2,1,1
GOTHHADA JUTH GRAM PANCHAYAT,1,200000.0,1,1,1
UDELA,1,200000.0,1,1,1
gram panchayat beena,2,200000.0,1,1,1
THOMSON N MARAK,2,200000.0,1,1,1
MOTASUKAMBA GROUP GRAM PANCHAYAT,1,200000.0,1,1,1
Gram panchayat devarhat,1,200000.0,1,1,1
Mihmyntdu RC EVE Secondary School,1,200000.0,1,1,1
VISATPURA GRAM PANCHAYAT,1,200000.0,1,1,1
GOVT ELEMENTARY SCHOOL MEHLANWALA,1,200000.0,1,1,1
Gram panchayat bhatha,1,200000.0,1,1,1
GOVT ELEMENTARY SCHOOL TALWANDI SIPAHI MAL STATE FUND SCHEME,3,200000.0,1,1,1
GOYASUNDAL GRAM PANCHAYAT,1,200000.0,1,1,1
Tura Christian College,2,200000.0,1,1,1
RAJMEEN TRADERS,1,200000.0,1,1,1
BALASAR GRAM PANCHAYAT,1,200000.0,1,1,1
MR PURNA CHANDRA SAHOO,1,200000.0,1,1,1
KHARA GRAM PANCHAYAT,1,200000.0,1,1,1
devagdh gram,1,200000.0,1,1,1
MOVATPURA GRAM PANCHAYAT,1,200000.0,1,1,1
MOTI BUMADI JUTH GRAM PANCHAYAT,1,200000.0,1,1,1
GRAM PANCHAYAT SUNTHVAD,2,200000.0,2,1,1
MAGROO MANDIR MAHDEV SABHA AVAM VIKAS SAMITTEE MAGROO,2,200000.0,1,1,1
MAHAPURA,1,200000.0,1,1,1
MOTI CHANDUR GRAM PANCHAYAT,1,200000.0,1,1,1
Jorapura Gram Panchayat,1,200000.0,1,1,1
sarvesh construction prop RAJENDRA,1,200000.0,1,1,1
GRAM PANCHAYAT ASNAD,1,200000.0,1,1,1
JAGSEER SINGH,1,200000.0,1,1,1
DHRUBA CHARAN DAS,1,200000.0,1,1,1
VILLAGE PANCHAYAT PACHEGAM,1,200000.0,1,1,1
Sachiv gram panchayat Kerkhidi,3,200000.0,2,1,1
Marcuish R Marak,2,200000.0,1,1,1
CHANDRANAGAR DA GRAM PANCHAYAT,2,200000.0,2,1,1
GRAM PANCHAYAT SYADLA,1,200000.0,1,1,1
DIBASINI SABAR,1,200000.0,1,1,1
TARAKATALAV GRAMAPANCHAYAT,1,200000.0,1,1,1
Henme Kaye,1,200000.0,1,1,1
M S BONIA HARDWARE STORE,1,200000.0,1,1,1
SHREE CHHATAR GRAM PANCHAYAT,1,200000.0,1,1,1
TIYA ENTERPRISES,1,200000.0,1,1,1
GRAM PANCHAYAT DELASA,1,200000.0,1,1,1
MR KAILASH MAJHI,1,200000.0,1,1,1
GRAM PANCHAYAT BAGDHAR,1,200000.0,1,1,1
sarpanch gp khirsadoh,2,200000.0,1,1,1
PADARADI GRAM PANCHAYAT,1,200000.0,1,1,1
GRAM PANCHAYAT SAJORA,1,200000.0,1,1,1
gram panchayat LACHHANPUR,1,200000.0,1,1,1
KALPANA PADHY,1,200000.0,1,1,1
Henpu Kaye,1,200000.0,1,1,1
Mawkohlar,2,200000.0,1,1,1
MADHVAS GRAMPANCHAYAT,1,200000.0,1,1,1
BHOJPURA GRAM PANCHAYAT,1,200000.0,1,1,1
gram panchayat arthi,2,200000.0,1,1,1
SUNARAM MURMU,1,200000.0,1,1,1
PADHORA GRAM PANCHAYAT,1,200000.0,1,1,1
GRAM PANCHAYAT ARARAMA,1,200000.0,1,1,1
KHANPATLA GRAM PANCHAYAT,1,200000.0,1,1,1
DURYODHAN BEHERA,1,200000.0,1,1,1
DURYODHAN DAS,1,200000.0,1,1,1
GP BARAH KALAN JP BADI,1,200000.0,1,1,1
Ghogha Gram Panchayat,1,200000.0,1,1,1
GOYAVANT GRAM PANCHAYAT,1,200000.0,1,1,1
gram panchayat jhanda talab,1,200000.0,1,1,1
AMARVALPUR GRAM PANCHAYAT,1,200000.0,1,1,1
AMBAKHUNT KANPUR GRAM PANCHAYAT,1,200000.0,1,1,1
TATOSAN GRAM PANCHAYAT,1,200000.0,1,1,1
GMG ENGINEERING WORKS,1,200000.0,1,1,1
gram panchayat barto,4,200000.0,2,1,1
Garo Baptist Convention,1,200000.0,1,1,1
GRAM PANCHAYAT SONDAMITHA,1,200000.0,1,1,1
Kantaveda Gram Panchayat,1,200000.0,1,1,1
GRAM PANCHAYAT SONDLAKHARA,1,200000.0,1,1,1
PADMALOCHAN CHANDA,1,200000.0,1,1,1
RESTER BROWN SANGMA,2,200000.0,1,1,1
RIB GRAM PANCHAYAT,1,200000.0,1,1,1
GP Dharmpur,2,200000.0,1,1,1
Gram Panchayat Rama Dhoun,2,200000.0,1,1,1
Canio Salgado M Sangma,2,200000.0,1,1,1
GROUP GRAM PANCHAYAT MOKAL,1,200000.0,1,1,1
NAVGAMA GRAM PANCHYAT GRAM PANCHYAT,2,200000.0,2,1,1
GRAM PANCHAYAT CHHEETAPAR,1,200000.0,1,1,1
GRAM PANCHYAT  CHNIYA KHURD,2,200000.0,1,1,1
SARAS GRAM PANCHAYAT,1,200000.0,1,1,1
Rangpurada Gram Panchayat,2,200000.0,2,1,1
ALAM ENTERPRISES,1,200000.0,1,1,1
GRAM PANCHAYAT VAVKULLI 2,1,200000.0,1,1,1
SPR IMPEX PRIVATE LIMITED,10,200000.0,10,1,1
PREJILIKA SANGMA,2,200000.0,1,1,1
GP MUCHHALI,2,200000.0,1,1,1
NOSHA D SANGMA,2,200000.0,1,1,1
GP Dharara,2,200000.0,2,1,1
GP GAWALI,1,200000.0,1,1,1
Shri Shyam Archery Equipments,1,200000.0,1,1,1
IRANA GRAM PANCHAYAT,1,200000.0,1,1,1
GRAM PANCHAYAT MODIPARA,1,200000.0,1,1,1
SARPANCH KATOL GRAM PANCHAYAT,1,200000.0,1,1,1
GRAM PANCHAYAT MITRAL,1,200000.0,1,1,1
GP Kuthari,3,200000.0,3,1,1
Gram Panchayat Natned,2,200000.0,1,1,1
GRAM PANCHAYAT MIRJAPOR,1,200000.0,1,1,1
GP Kashmaila,1,200000.0,1,1,1
GRAM PANCHAYAT MATAR,1,200000.0,1,1,1
Banbuhaiing Makdoh,1,200000.0,1,1,1
SARPANCH SACHIV BIKOR,2,200000.0,1,1,1
GRAMPANCHAYAT KARRI,1,200000.0,1,1,1
GRAM PANCHAYAT MINDHI,1,200000.0,1,1,1
Chabkha Gram Panchayat,1,200000.0,1,1,1
GP Kothi jhikli,2,200000.0,1,1,1
Ipe Basar,1,200000.0,1,1,1
GRAM PANCHAYAT NARKELI,1,200000.0,1,1,1
HAZRA BUILDERS,1,200000.0,1,1,1
HATHROL GRAM PANCHAYAT,1,200000.0,1,1,1
SARPANCH SHREE GRAM PANCHAYAT,1,200000.0,1,1,1
SARPANCH SHREE TRANSVAD GRAM PANCHAYAT,1,200000.0,1,1,1
NATHAVAS GRAM PANCHAYAT,1,200000.0,1,1,1
PHLANGDILOIN DAY LP SCHOOL,2,200000.0,1,1,1
GP MANDAWAR JP NARSINGARH,1,200000.0,1,1,1
PIMPALDAR GRAM PANCHAYAT,1,200000.0,1,1,1
ASHISH KUMAR KESHARI,1,200000.0,1,1,1
SARPANCH SHRI SALAKI,1,200000.0,1,1,1
SARPANCHASHRI PURAL GRAM PANCHAYAT,1,200000.0,1,1,1
RatanparGramPanchayt,1,200000.0,1,1,1
Gram Panchayat Sarotri,2,200000.0,1,1,1
SARPANCH SHRI NARNAVAT KHAPARESHVAR,1,200000.0,1,1,1
SARPANCH SACHIV GRAM PANCHAYT UFRA,1,200000.0,1,1,1
PGP SAKROH,2,200000.0,1,1,1
gram panchayat shreenagar,2,200000.0,2,1,1
gram panchaytat kamti,2,200000.0,1,1,1
GP DIGHAVAN JP UDAIPURA,2,200000.0,1,1,1
PINGALI GRAM PANCHAYAT,1,200000.0,1,1,1
Gram Panchayat Pokhi,3,200000.0,3,1,1
VALADHARI GRAM PANCHAYAT,1,200000.0,1,1,1
gram panchayat salapar,2,200000.0,1,1,1
gram panchayat ruwaful,1,200000.0,1,1,1
GRAM PANCHAYAT KHALAL,2,200000.0,2,1,1
JONTIL SANGMA,2,200000.0,1,1,1
G P Bagain,1,200000.0,1,1,1
Societyof empowerment education development,1,200000.0,1,1,1
G P LOT,2,200000.0,1,1,1
Sayajinagar Gram Panchayat,1,200000.0,1,1,1
Sibasankar Pradhan,1,200000.0,1,1,1
GRAM PANCHAYAT KHADODHI,1,200000.0,1,1,1
Bijay Routaray,1,200000.0,1,1,1
gram panchayat putarra,1,200000.0,1,1,1
GRAM PANCHAYAT MADAIBHATHA,1,200000.0,1,1,1
GP GOUSHAL,1,200000.0,1,1,1
GP HARNAVDA ASHTA,1,200000.0,1,1,1
The Jai Maa Chintpruni L And C Society,2,200000.0,1,1,1
Imlionen,2,200000.0,1,1,1
MATHASURIYA GRAM PANCHAYAT,1,200000.0,1,1,1
Gram Panchayat Khadki,1,200000.0,1,1,1
Gram Panchayat Khadesra,2,200000.0,1,1,1
Bansal Industries,1,200000.0,1,1,1
Gram Panchayat Lalpur,1,200000.0,1,1,1
SARPANCH GPKHARSALIA 16126,2,200000.0,2,1,1
HARIPURA N GRAM PANCHAYAT,1,200000.0,1,1,1
GRAM PANCHYAT FARHADA SGVY,1,200000.0,1,1,1
GRAM PANCHYAT CHARBHATHA SGVY,1,200000.0,1,1,1
GRAM PANCHYAT CHAKARBHATHA SGVY,1,200000.0,1,1,1
Gram Panchayat Kalu,1,200000.0,1,1,1
Gram Panchayat Kanera,1,200000.0,1,1,1
Gram Panchayat Kudawand,1,200000.0,1,1,1
GRAM PANCHAYAT MAANGROL,1,200000.0,1,1,1
KAPASI GRAM PANCHAYAT,1,200000.0,1,1,1
KARMLA GRAM PANCHAYAT,1,200000.0,1,1,1
GRAM PANCHAYAT LOHANGI,2,200000.0,1,1,1
GRAM PANCHAYAT KUNDARAIYATWADI,2,200000.0,1,1,1
MS TARENDRA KUMAR,1,200000.0,1,1,1
GRAM PANCHAYAT KUTELAMUDA,2,200000.0,1,1,1
RUPPURA MADHA GROUP GRAMPANCHYAT,1,200000.0,1,1,1
SARPANCH GRAM PANCHAYAT JAUNS,2,200000.0,1,1,1
Gram Panchayat Kolar,2,200000.0,1,1,1
Gram Panchayat Kot,1,200000.0,1,1,1
GRAM PANCHYAT KEVLARI,3,200000.0,1,1,1
GRAM PANCHYAT KHAMARIYA,2,200000.0,1,1,1
GRAM PANCHYAT SIMALIA,1,200000.0,1,1,1
GRAM PANCHYAT LAIKDUM SGVY,1,200000.0,1,1,1
JALIYA ANKO GRAM PANCHAYAT,1,200000.0,1,1,1
Eyum Basar,1,200000.0,1,1,1
GP Jaradbhutti Colony,1,200000.0,1,1,1
GRAM PANCHAYAT KORON,1,200000.0,1,1,1
GRAM PANCHAYAT LAMLEHAR,2,200000.0,1,1,1
GRAM PANCHAYAT MALKHEDA,2,200000.0,1,1,1
GP Karbalkhora,2,200000.0,1,1,1
LAITDOM MIHNGI SCHOOL CRC SPORT CLUB,2,200000.0,1,1,1
SARITA PING,1,200000.0,1,1,1
Ashley Ch Momin,2,200000.0,1,1,1
JETPUR GRAM PANCHAYAT,1,200000.0,1,1,1
Laljinagar Gram Panchayat,1,200000.0,1,1,1
IOHHOK L P SCHOOL NONGKYNNYIH,2,200000.0,1,1,1
GRAM PANCHAYAT KHILODI,1,200000.0,1,1,1
YNG FITNESS SHOP,1,200000.0,1,1,1
Construction Of Septic Tank Over Shed For Latrine And Bathroom At Goalpara Girls College Goalpara,2,200000.0,1,1,1
gram panchayat salwana,2,200000.0,1,1,1
JUVAL RUPAVATI GRAM PANCHAYAT,1,200000.0,1,1,1
Gram Panchayat Jhamta,2,200000.0,1,1,1
Ksanbok Pyrtuh,1,200000.0,1,1,1
gram panchayat nandiya,2,200000.0,1,1,1
Lamkyrdan Sungoh,1,200000.0,1,1,1
MAUZA GRAM PANCHAYAT,1,200000.0,1,1,1
SARPANCH GRAM PANCHAYAT RAMPURA,1,200000.0,1,1,1
SARPANCH GRAM PANCHAYAT RUHI,1,200000.0,1,1,1
Ram Bhagwan iron taders,1,200000.0,1,1,1
VAGHRODA GRAM PANCHAYAT,1,200000.0,1,1,1
Gram Panchayat Kalantra,1,200000.0,1,1,1
Gram Panchayat Kalashan,1,200000.0,1,1,1
VADINATH GRAM PANCHAYAT,1,200000.0,1,1,1
MANN ENTERPRISES,1,200000.0,1,1,1
MANKA GRAM PANCHAYAT,1,200000.0,1,1,1
Basanta Kumar Palei,1,200000.0,1,1,1
Rajvadi gram panchayat,1,200000.0,1,1,1
Farod Gram Panchayat,1,200000.0,1,1,1
GRAM PANCHYAT GUNDRAI,1,200000.0,1,1,1
GRAM PANCHYAT GHOGHRI,2,200000.0,1,1,1
gram panchayat vicharpur,1,200000.0,1,1,1
Teilang Diengdoh,1,200000.0,1,1,1
Jajala Jagan Rao,1,200000.0,1,1,1
SATYA PRAKASH NARAYAN BHATTARAY,1,200000.0,1,1,1
MALU GRAM PANCHAYAT,1,200000.0,1,1,1
MALKIAT SINGH,1,200000.0,1,1,1
Jamindro R Marak,2,200000.0,1,1,1
AIMS ENTERPRISES,1,200000.0,1,1,1
AJABPURA GRAM PANCHAYAT,1,200000.0,1,1,1
HILARIOS SYNGKLI,1,200000.0,1,1,1
BASINDRA,1,200000.0,1,1,1
BORU GRAMPANCHAYAT,1,200000.0,1,1,1
Gram Panchayat Bijabhat,1,200000.0,1,1,1
DAVID NOKCHA JAMIR,2,200000.0,1,1,1
KAVACHIYA GRAM PANCHAYAT,1,200000.0,1,1,1
SDMC GPS BAMANIYAWALA,2,200000.0,1,1,1
NAINEE FURNITURE,1,200000.0,1,1,1
Jina Marak,2,200000.0,1,1,1
om sai traders,1,200000.0,1,1,1
BORA HARDWARE AND ELECTRICALS,1,200000.0,1,1,1
SARPANCHSHRI LAXMIPURA GRAM PANCHAYAT,1,200000.0,1,1,1
GANESHPURA ALODA GRAM PANCHAYAT,1,200000.0,1,1,1
SARPANCHSHRI RANCHHODPURA GRAM PANCHAYAT,1,200000.0,1,1,1
SARPANCHSHRI GANGAPURA GRAM PANCHAYAT,1,200000.0,1,1,1
MM Central Avadamy Nebua,2,200000.0,1,1,1
Sarpanch Sachiv Gram Panchayat Katra,2,200000.0,1,1,1
Sarpanch Sachiv Gram Panchayat Karhani,2,200000.0,1,1,1
Sarpanch Sachiv Gram Panchayat Kachhar,2,200000.0,1,1,1
D BHABANI SANKAR DORA,1,200000.0,1,1,1
gram panchayat karelikala,2,200000.0,1,1,1
ANKHOL GRAM PANCHAYAT,1,200000.0,1,1,1
GP Shakra,1,200000.0,1,1,1
GP Shatayan,2,200000.0,1,1,1
JAMANIA GRAM PANCHAYAT,1,200000.0,1,1,1
JAMBA JUTH GRAM PANCHAYAT,1,200000.0,1,1,1
VARKHADIYA GRAM PANCHAYAT,1,200000.0,1,1,1
GAMANPURA GRAMPANCHAYAT,1,200000.0,1,1,1
NANIKADI GRAM PANCHAYAT,1,200000.0,1,1,1
Gram Panchayat Troh,2,200000.0,1,1,1
Gram Panchayat Unchabeda,1,200000.0,1,1,1
gram panchayat khaprikala,1,200000.0,1,1,1
GURUCHARAN KISHAN,1,200000.0,1,1,1
GANESHPURA KALRI GRAM PANCHAYAT,1,200000.0,1,1,1
GURU RAM DASS PIPE AND TILE FACTORY,1,200000.0,1,1,1
GRAM PANCHAYAT UTARDA,1,200000.0,1,1,1
SEBASTIAN KHARMAWPHLANG,2,200000.0,1,1,1
CHOUDHARI CONSTRUCTION,1,200000.0,1,1,1
GP Tapre MPLADs,2,200000.0,1,1,1
GP Tiyali,2,200000.0,1,1,1
GP Suin Kufridhar,1,200000.0,1,1,1
GP TANEHAD,2,200000.0,2,1,1
GP TANGNU JANGLIKH,2,200000.0,1,1,1
Pardhan Gram panchayat kamnala,2,200000.0,2,1,1
ambala village,1,200000.0,1,1,1
Gram Panchayat Samloun,2,200000.0,1,1,1
Zinzari Gram Panchayat,1,200000.0,1,1,1
JUNIOR ENGINEER CHANDRAPUR ONE,1,200000.0,1,1,1
gram panchayat khamhar,1,200000.0,1,1,1
gram panchayat magardha shed,2,200000.0,1,1,1
MALEKPUR GRAM PANCHAYAT,2,200000.0,2,1,1
Rembyrngaw Pres LP School,2,200000.0,1,1,1
PATDI,2,200000.0,1,1,1
Rinchvani Gram Panchayat,1,200000.0,1,1,1
Gram Panchayat DHAMANDRI,1,200000.0,1,1,1
Dhruba Charan Das,1,200000.0,1,1,1
Neri,2,200000.0,1,1,1
RANIGAW,1,200000.0,1,1,1
Jingshai Barit Lower Primary School,1,200000.0,1,1,1
SIMLI GRAM PANCHAYT,1,200000.0,1,1,1
Neog Hardware,1,200000.0,1,1,1
saduthala,1,200000.0,1,1,1
SANDHU FARM  TIPPER TROLRY,1,200000.0,1,1,1
SDSCO Paonta,1,200000.0,1,1,1
GP Shillai,1,200000.0,1,1,1
GP SHAKHOLI,2,200000.0,1,1,1
GP SHEKUKHEDA JAWAR,1,200000.0,1,1,1
RATUL GOWALA,3,200000.0,1,1,1
GP SAMRIBONDA A,1,200000.0,1,1,1
INDRAJIT BHOI,1,200000.0,1,1,1
BENUDHAR GARDIA,1,200000.0,1,1,1
GP CHANDNIYAKHEDI,1,200000.0,1,1,1
BEBETO N MARAK,2,200000.0,1,1,1
SARPANCHSHRI VISHOL GRAM PANCHAYAT,1,200000.0,1,1,1
GP Patnaun MPLads,2,200000.0,1,1,1
khanpura gram panchayat,1,200000.0,1,1,1
GP Chalarg,1,200000.0,1,1,1
karmal pipaliya,1,200000.0,1,1,1
GRAM PANCHAYAT NANDOLI,2,200000.0,2,1,1
Bijay Mahanti,1,200000.0,1,1,1
H K Fabrication,1,200000.0,1,1,1
Gram Panchayat Guruwala Singhpura,2,200000.0,1,1,1
GP Chandrauti,1,200000.0,1,1,1
Ranjitnagar Gram Panchayat,1,200000.0,1,1,1
Nandarkha Group Gram Panchayat,1,200000.0,1,1,1
Nangiairoi LP School,1,200000.0,1,1,1
ISHANPOR,1,200000.0,1,1,1
SAPLA GRAMPANCHAYAT,2,200000.0,2,1,1
MANDROPUR GRAM PANCHAYAT,1,200000.0,1,1,1
KUDIYANA GRAM PANCHAYAT,1,200000.0,1,1,1
GRAM PANCHAYAT KAPKHEDA,2,200000.0,1,1,1
GP PADONIYA JP OBEDULLAGANJ,2,200000.0,1,1,1
GP NANUKHEDA,1,200000.0,1,1,1
GP Nagabari,2,200000.0,1,1,1
GP Muhalkar,2,200000.0,1,1,1
GP Mundu,1,200000.0,1,1,1
kothi Gehari,4,200000.0,2,1,1
GRAM PANCHAYAT KAMROLI,1,200000.0,1,1,1
GRAM PANCHAYAT KANDACH,1,200000.0,1,1,1
GRAM PANCHAYAT KACHAR,1,200000.0,1,1,1
ZARNAVADI GRAM PANCHAYAT,1,200000.0,1,1,1
Gram Panchayat Dharech,2,200000.0,2,1,1
UNDAWA GRAM PANCHAYAT,1,200000.0,1,1,1
GP Ratangarh,2,200000.0,1,1,1
Susanta Kumar Polei,1,200000.0,1,1,1
TUNA GRAM PANCHAYAT,1,200000.0,1,1,1
SARPANCHSHREE GRAM PANCHAYAT DABHALA,1,200000.0,1,1,1
SARPANCHSHREE JANTRAL GRAM PANCHAYAT,1,200000.0,1,1,1
AS ENGINEERING WORKS,1,200000.0,1,1,1
MENCHU SRINIVAS,1,200000.0,1,1,1
NANDEJ GRAM PANCHAYAT,1,200000.0,1,1,1
GANESHPURA GAMBHU GRAM PANCHAYAT,1,200000.0,1,1,1
NANASAKHPAR GRAM PANCHAYAT,1,200000.0,1,1,1
SATRUGHNA SAHOO,1,200000.0,1,1,1
SATMANA GRAM PANCHYAT,1,200000.0,1,1,1
Dojir Doke,1,200000.0,1,1,1
Dream Enterprises,1,200000.0,1,1,1
SARPANCHSHRI VARVADA GRAM PANCHAYAT,1,200000.0,1,1,1
LAVACHHA GRAM PANCHAYAT,1,200000.0,1,1,1
MURLI MOHAN MALPANI,1,200000.0,1,1,1
MANDALI GRAM PANCHAYAT,1,200000.0,1,1,1
Sarpanch Sachiva Gram Panchayat Damdam,2,200000.0,1,1,1
KAMLIYA GRAM PANCHAYAT,1,200000.0,1,1,1
KANBIPALLI GRAM PANCHAYAT,1,200000.0,1,1,1
PYNBIANGBOR SAD,1,200000.0,1,1,1
PYNDENWAR LP SCHOOL,2,200000.0,1,1,1
SANJAY KUMAR PRADHAN,1,200000.0,1,1,1
Gram Panchayat Dongritola p,2,200000.0,2,1,1
VAVAR GRAM PANCHYAT,1,200000.0,1,1,1
MS HARI KRISHAN AGRO,1,200000.0,1,1,1
TRILOCHAN SAHOO,1,200000.0,1,1,1
GP Rinda,2,200000.0,1,1,1
GP RAST,2,200000.0,1,1,1
Gram Panchayat SONDH,1,200000.0,1,1,1
Gram Panchayat Rethvaniya Undhval,2,200000.0,2,1,1
gram panchayat kandar,2,200000.0,1,1,1
COLLECTION ACCOUNTS OF HPSEB,1,200000.0,1,1,1
DHANTI HARDWARE,2,199999.0,1,1,1
Sky Green Systems,1,199999.0,1,1,1
BDO BAIJNATH MPLAD Rajya Sabha,2,199999.0,1,1,1
P S Raveendran Nair,1,199996.0,1,1,1
PANCHAL METAL CAST,2,199996.0,1,1,1
UDAY KUMAR M H,1,199995.0,1,1,1
NAVRANGPURA GRAM PANCHYAT,1,199995.0,1,1,1
A S SIDDIQUE HARDWARE SHOP,2,199986.0,1,1,1
Diganta Kalita,3,199986.0,1,1,1
ABHIMAN HARAPAL,3,199983.0,1,1,1
BORIYAVI GRAM PANCHAYAT,2,199981.0,2,1,1
Durai V,1,199980.0,1,1,1
MARTOLIA TRADERS,1,199980.0,1,1,1
DIAMOND CONSTRUCTION,1,199979.0,1,1,1
Shiv Shakti Enterprises,2,199976.0,2,1,2
RK TRADERS,1,199975.0,1,1,1
GNX IT SHOP AND SERVICES,1,199970.0,1,1,1
EKLAVA GRAM PANCHAYAT,1,199969.0,1,1,1
MUTHULAKSHMI R,1,199969.0,1,1,1
GRAM PANCHAYAT NANAKALODRA,1,199966.0,1,1,1
GRAM PANCHAYAT MOTIPURA KODVA,1,199966.0,1,1,1
ETHIRAJ R,1,199960.0,1,1,1
AKHDOL GRAM PANCHAYAT,1,199953.0,1,1,1
SARPANCHSHREE GRAM PANCHAYAT GODHAVATA,1,199953.0,1,1,1
MESSIAH ENTERPRISES,1,199951.0,1,1,1
KERALA ARTISANS DEVELOPMENT CORPORATION LTD NRO KOZHIKODE,1,199951.0,1,1,1
Kiran Boruah,2,199949.0,1,1,1
ADGAM GRAM PANCHAYAT,1,199946.0,1,1,1
KANPURA SINAJ GRAM PANCHAYAT,1,199936.0,1,1,1
VANPARDI GRAM PANCHAYAT,1,199936.0,1,1,1
SITAPUR GRAMPANCHAYAT,1,199936.0,1,1,1
Kalaimani Nallur,1,199936.0,1,1,1
vahedpura gramm panchayat,1,199926.0,1,1,1
ahima gram panchyat,1,199924.0,1,1,1
VALARMATHI,1,199920.0,1,1,1
SANTI ENTERPRISE,1,199915.0,1,1,1
GRAM PANCHAYAT VATRA,1,199912.0,1,1,1
S SAHADEVA REDDY,1,199910.0,1,1,1
PALON RONGPI,2,199904.0,1,1,1
R D MAHENDRA,1,199900.0,1,1,1
Sachiv gram panchayat Shail,2,199900.0,1,1,1
SachivGramPanchayatPanjarakala,2,199900.0,1,1,1
BHARAT DUTTA,1,199900.0,1,1,1
VEJAVADA GRAM PANCHAYAT,1,199885.0,1,1,1
RAMAN CEMENT AND SHUTTERING Store,5,199881.0,4,1,1
Gram Panchayat Marhana,2,199874.0,1,1,1
SHIVPUR GRAM PANCHAYAT,1,199864.0,1,1,1
RANEKPAR GRAM PANCHAYAT,1,199863.0,1,1,1
RAVALIYA GRAM PANCHAYAT,1,199852.0,1,1,1
KETKI ENTERPRISE,1,199850.0,1,1,1
MS WELCOME CONSTRUCTION,1,199850.0,1,1,1
Sandanboina Kumaraswami,1,199847.0,1,1,1
DEVINAPURA GRAMPANCHAYAT,1,199846.0,1,1,1
JAY SOMNATH CONSTRUCTION,1,199843.0,1,1,1
INGORALA GRAM PANCHAYAT,1,199836.0,1,1,1
DEVAJIT PHUKON,3,199832.0,1,1,1
GRAM PANCHAYAT JALSAN,1,199831.0,1,1,1
Sachiv gram panchyat Singpur,2,199816.0,1,1,1
GIRISH H S,1,199804.0,1,1,1
GRAM PANCHAYAT VASTANA,1,199804.0,1,1,1
UDAYA KANCHAN,1,199804.0,1,1,1
R Kumar,1,199800.0,1,1,1
HIRAPUR GRAM PANCHAYAT,1,199795.0,1,1,1
SUDEEP ACHARY,1,199793.0,1,1,1
SHAILENDRA SINGH PAWAR,1,199790.0,1,1,1
RIMON DEV,3,199786.0,1,1,1
NAVAMANKA GRAM PANCHAYAT,1,199759.0,1,1,1
Bipul Gogoi,3,199754.0,1,1,1
LAKHI HAZARIKA,2,199747.0,1,1,1
Nayan Buragohain,3,199742.0,1,1,1
BHUPESH BAFILA,1,199737.0,1,1,1
C AMBETHKAR,1,199728.0,1,1,1
Gram Panchayat Kathana,1,199725.0,1,1,1
SUNSHINE CONSTRUCTION,1,199719.0,1,1,1
Prabhakaran K,1,199716.0,1,1,1
Shankra Gram Panchayat,1,199716.0,1,1,1
TOPOJI BHAGYALAXMI,1,199704.0,1,1,1
CHHANCHHVA GRAM PANCHAYT,1,199700.0,1,1,1
SINAJ ANANDPURA GRAM PANCHAYAT,1,199699.0,1,1,1
SARPANCH GRUP GRAM PANCHAYAT ZARNA,1,199694.0,1,1,1
DASARATH MAJHI,1,199693.0,1,1,1
Gram Panchayatisarama,1,199692.0,1,1,1
A SURESH,1,199680.0,1,1,1
JYOTI PRASAD BORGOHAIN,2,199678.0,1,1,1
ANBARASAN CONTRACTOR,1,199674.0,1,1,1
NAVEENKUMAR K,1,199670.0,1,1,1
MANORANJAN PATI,1,199668.0,1,1,1
METRO ENTERPRISES,1,199656.0,1,1,1
SARPANCH SACHIV GRAM PANCHAYAT LATKONI,2,199651.0,1,1,1
PALDI KANKAJ GRAM PANCHAYAT,1,199645.0,1,1,1
BAIDYA ENTERPRISE,1,199638.0,1,1,1
GP WANOLI I,1,199636.0,1,1,1
VINOD BUILDERS RAMPURA,6,199629.0,3,1,1
KANCHUMATI NARESH,1,199628.0,1,1,1
Mansa Gram Panchayat,1,199625.0,1,1,1
PIPLANA GRAM PANCHAYAT,1,199605.0,1,1,1
TATARPURA GRAM PANCHAYAT,1,199600.0,1,1,1
A M INFRA SPACE,1,199596.0,1,1,1
BASUDEB ENTERPRISE,2,199581.0,1,1,1
RAJAT ENTERPRISE,1,199576.0,1,1,1
SGP GALAB KALAN,2,199572.0,2,1,1
Shyamal Chakraborty,1,199567.0,1,1,1
MS SHIVALAY TRADERS,1,199566.0,1,1,1
shamsherpura gram panchayat,1,199563.0,1,1,1
MOLLA ENTERPRISE,1,199559.0,1,1,1
ARJUN DAS,1,199553.0,1,1,1
Sarpanch Sachiv Gram Panchayat Dharhar,2,199536.0,1,1,1
GRAM PANCHAYAT JORNANG,1,199532.0,1,1,1
SIDHESWARI CONSTRUCTION,1,199530.0,1,1,1
kalpana enterprise,1,199516.0,1,1,1
Dasari PRaveen,1,199506.0,1,1,1
GP Kharal,2,199503.0,1,1,1
JAKHEL GRAM PANCHAYAT,1,199471.0,1,1,1
SUKVAL GROUP GRAM PANCHAYAT,1,199471.0,1,1,1
PALASAN GRAM PANCHAYAT,1,199464.0,1,1,1
MAGGIDI CHINNA REDDY,1,199454.0,1,1,1
K S PRADEEP,1,199450.0,1,1,1
Thangavel Duraisamy,1,199424.0,1,1,1
Gram Panchayat Kadaiya,2,199401.0,1,1,1
29JHZPS9945H2ZQ,1,199380.0,1,1,1
AYAZ ENTERPRISE,1,199374.0,1,1,1
FAHIM ENTERPRISE,1,199362.0,1,1,1
VEGADAVAV GRAM PANCHAYAT,1,199331.0,1,1,1
NITHIN KUMAR M N,1,199322.0,1,1,1
K MURUSALEEM,1,199321.0,1,1,1
G Sreenivasula Reddy,1,199317.0,1,1,1
TIMBA GRAM PANCHAYAT,1,199308.0,1,1,1
VAMSI KRISHNA CONSTRUCTIONS,1,199300.0,1,1,1
TERESA ENTERPRISE,1,199292.0,1,1,1
MS SOURAV,1,199288.0,1,1,1
Basaveswara Infratech,1,199287.0,1,1,1
Sarpanch Sachiv Gram Panchayat Patharri,2,199276.0,1,1,1
Rinku Borgohain,3,199263.0,1,1,1
SIKHA CHETIA BORUAH,2,199260.0,1,1,1
SARODA GRAM PANCHAYAT,1,199248.0,1,1,1
SARPANCH GRAM PANCHAYAT SORAM,2,199248.0,1,1,1
Maraneni Upender Rao,1,199222.0,1,1,1
ANUPAM MONDAL,1,199218.0,1,1,1
THE BHADRADA JUTH GRAM PANCHAYAT,1,199178.0,1,1,1
ATTARI FABRICATION,1,199125.0,1,1,1
KIRUTHIGA CONSTRUCTION,1,199030.0,1,1,1
gram panchayat batwara,2,199005.0,1,1,1
AAVESH RAUF SHEIKH,1,198998.0,1,1,1
SARPANCH SACHIV GRAM PANCHAYAT BELPAT,2,198977.0,1,1,1
GP Kuthed Budhoda,1,198938.0,1,1,1
RAVIKUMAR KADI,2,198900.0,1,1,1
PARAKHMONI KALITA,3,198890.0,1,1,1
SDS Construction,1,198869.0,1,1,1
Prasanta Dutta,1,198865.0,1,1,1
Kalimata Construction,1,198864.0,1,1,1
R L ENTERPRISE,1,198853.0,1,1,1
Sika Tokbipi,3,198835.0,1,1,1
Shri Ram Traders,1,198800.0,1,1,1
D Sujatha,1,198754.0,1,1,1
ALDESAN GRAM PANCHAYAT,1,198722.0,1,1,1
IRAM ENTERPRISES,1,198720.0,1,1,1
ROSHAN LAL,2,198705.0,2,2,2
Sh Payar Singh So Lal Man Ro Hochak Banjuni District Ramban Contractor,1,198700.0,1,1,1
S K ROMAN  PAINTS HARDWARE AND ELECTRICALS,1,198652.0,1,1,1
The Sharda coop l and socity ltd,1,198644.0,1,1,1
Panchaneni  Samatha,1,198640.0,1,1,1
Karsan Singla Govt Contractor,2,198600.0,1,1,1
GARMPANCHAYAT MAHMMADPURA,1,198587.0,1,1,1
Roshan Infra,1,198561.0,1,1,1
Ahir Construction,1,198516.0,1,1,1
ABHIJIT BORKAKATI,2,198512.0,1,1,1
Ganotra Communications,1,198500.0,1,1,1
R K COMPUTER,1,198500.0,1,1,1
PNASAR GROUP GRAM PANCHAYAT,1,198492.0,1,1,1
DUMKHAL GROUP GRAM PANCHAYAT,1,198460.0,1,1,1
UMIYAPURA GRAM PANCHAYAT,1,198415.0,1,1,1
MANJUNATH M C,1,198410.0,1,1,1
KANTESHWAR JUTH GRAM PANCHAYAT,1,198384.0,1,1,1
SANKLI GRAM PANCHAYAT,1,198371.0,1,1,1
UTHSAV H J,2,198339.0,1,1,1
Sri V Sreekanth Reddy President VLWC Mahanandipalli,1,198331.0,1,1,1
DIVAKARA K H,1,198169.0,1,1,1
JAY SHREE SHITLA MATA BUILDING MATERIAL SUPPLIERS,1,198150.0,1,1,1
SANDEEP CEMENT STORE,2,198053.0,2,1,1
SAINI ENTERPRISES,1,198032.0,1,1,1
M K AGENCY,1,198015.0,1,1,1
gram panchayt khapa,2,198000.0,1,1,1
Sonthar,1,198000.0,1,1,1
Palki,1,198000.0,1,1,1
Tharr,1,198000.0,1,1,1
Avtar Agro Industries,3,198000.0,3,1,1
MS SURGIMAX INSTRUMENTS,1,198000.0,1,1,1
BHAIYAJI SPORTS AND STATIONARY,2,198000.0,2,1,1
BAHANAGA BLOCK JUNIOR ENGINEER III,6,197995.0,6,1,1
PORDA  gram panchayat,1,197883.0,1,1,1
K V GEETHA,2,197878.0,1,1,1
DABKA GROUP GRAM PANCHAYAT,1,197799.0,1,1,1
New Kohinoor Marble Industries,5,197793.0,2,1,1
BABA SADARAM TRADING COMPANY,1,197756.0,1,1,1
Fateh Trading Co,5,197700.0,2,1,1
K Bhaskar Rao,1,197676.0,1,1,1
GRAM PANCHAYAT ROOL CHANDAWAT,1,197668.0,1,1,1
AEN OM AVVNL ROOPANGARH,1,197662.0,1,1,1
Garg Iron Store,3,197571.0,1,1,1
S M BRICK KILN,6,197520.0,2,1,1
SURESH SINGH,2,197500.0,2,1,1
ADITYA CONSTRUCTIONS,1,197499.0,1,1,1
Kasalpura Gram Panchayat,1,197475.0,1,1,1
Patan Ayub Ali Khan VLC President,1,197365.0,1,1,1
BHAGIRATHI TRIPATHY,1,197324.0,1,1,1
CHALODA GRAM PANCHAYAT,1,197324.0,1,1,1
KANTESH DODDHANUMANTHAPPA BASAPPANAVAR,2,197215.0,1,1,1
AMAN ENTERPRISE,1,197133.0,1,1,1
SHER GRAM PANCHAYAT,1,197020.0,1,1,1
Ms Hans raj Brick kiln Owners,3,197000.0,3,1,1
VANDARIYA CHORAMALA GROUP GRAM PANCHAYAT,1,197000.0,1,1,1
Sh Mangal Deep Singh So Arjan Singh Thaker Ro Marog Tehsil and Distt Ramban Contractor,1,197000.0,1,1,1
Amrit E Moters,2,196998.0,2,1,1
MS JK WULLAR TRADERS,1,196968.0,1,1,1
PREMALATHA POLU,1,196883.0,1,1,1
DHINDSA CONTRACTOR,1,196872.0,1,1,1
VILLAGE PANCHAYAT SANTH,2,196843.0,2,1,1
CHHAPRA GRAM PANCHAYAT,1,196650.0,1,1,1
JR INDUSTRIES,5,196544.0,2,1,1
SANSOLI GRAM PANCHAYAT,2,196519.0,2,1,1
NEW SANWARIYA TRADERS DEPALPUR,3,196500.0,2,1,1
VAMALI GRAM PANCHAYAT,1,196460.0,1,1,1
K Sai Kiran,1,196418.0,1,1,1
Bhupinder Kumar,1,196346.0,1,1,1
SARSWATI SHISHU MANDIR CHURAHAT,3,196341.0,1,1,1
SOJALI GRAM PANCHAYAT,1,196313.0,1,1,1
Dolpura gram panchayat,1,196201.0,1,1,1
GUPTA BUILDING MATERIAL,3,196170.0,1,1,1
sundha gram panchayt,1,196099.0,1,1,1
VANSOLI GRAM PANCHAYAT,1,196099.0,1,1,1
ANIL K C,1,196051.0,1,1,1
Ishtiyaq Ahmad Sofi,1,196027.0,1,1,1
Ram Partap Yadav,1,196013.0,1,1,1
DAVINDER KUMAR,1,196000.0,1,1,1
BEJ NATH,1,196000.0,1,1,1
New Balaji Surgicals,1,196000.0,1,1,1
ADHIKARY ENGINEERING WORKS AND CIVIL BUILDING CONTRACTOR,1,195902.0,1,1,1
TRUSTED WALLS,1,195881.0,1,1,1
BHOOP SINGH,1,195791.0,1,1,1
INDUS INITIATIVE COUNCIL,1,195706.0,1,1,1
lolada gram panchayat,1,195694.0,1,1,1
ARETHI GROUP GRAM PANCHAYAT,1,195631.0,1,1,1
BORUAH HARDWARE AND FABRICATION,3,195516.0,1,1,1
RR Fabricater,9,195491.0,1,1,1
Sampat Singh,1,195280.0,1,1,1
JOPAI MIZE,1,195159.0,1,1,1
SRI SAI RAM BOREWELLS CTR,1,195033.0,1,1,1
gram panchayat kapahi,2,195014.0,1,1,1
NEW POPULAR ENTERPRISE,1,194994.0,1,1,1
CHIRAG INDUSTRIES,1,194983.0,1,1,1
ANAND,2,194910.0,2,2,2
SARADA ENGINEERING WORKS,1,194872.0,1,1,1
SHIVA SAI ENTERPRISES,2,194544.0,2,1,1
GANDHINAGAR MUNICIPAL CORPORATION,1,194505.0,1,1,1
DHOLASAN GRAM PANCHAYAT,1,194432.0,1,1,1
Bondla Kishan,1,194383.0,1,1,1
Moina Terangpi,3,194345.0,1,1,1
MS M S I ENTERPRISE,1,194238.0,1,1,1
SUNAMI ENTERPRISE,1,194209.0,1,1,1
KAVYASHREE ENTERPRISES,1,194110.0,1,1,1
Imtiaz Ahmed,1,194000.0,1,1,1
Manzoor Ahmed,1,194000.0,1,1,1
Suresh naika,2,193886.0,1,1,1
DEVENDER REDDY KAVVA,1,193764.0,1,1,1
ee en edd III capital ac electricity,31,193750.0,31,1,1
P C FORMS AND STATIONERY,1,193606.0,1,1,1
NAVNEET SINGH,1,193500.0,1,1,1
Siram Sushma,2,193484.0,2,1,1
Khalsa Exports Pvt Ltd,1,193483.0,1,1,1
CHIEF EXECUTIVE OFFICER,2,193405.0,1,1,1
MS Malik Brothers Prop Shabir Ahmad Malik,1,193156.0,1,1,1
TOPHAN SETHI,1,193039.0,1,1,1
ARMAN TILES INDUSTRIS,4,193021.0,2,1,1
hari ram,4,192552.0,2,1,1
BELWAL TREDERS,2,192543.0,2,1,1
GRAM PANCHAYAT BAGHAYU,6,192500.0,1,1,1
PRAFULLA CHANDRA BEHERA,1,192479.0,1,1,1
GOYAL IRON STORE,5,192252.0,1,1,1
GANPATI PASHU AHAR UDYOG,1,192224.0,1,1,1
ARORA BRICKS,7,192017.0,2,1,1
ARTIFICIAL LIMBS MANUFACTURING CORPORATION OF INDIA,3,192000.0,3,2,2
SHRI RAM TRADERS,2,192000.0,1,1,1
MUNIR AHMED,1,192000.0,1,1,1
Ishfaq Ahmad Sheikh,1,191780.0,1,1,1
DROM CONSTRUCTION,1,191682.0,1,1,1
SURESH CHANDRA SAHOO,1,191602.0,1,1,1
THE BESAR COOPRATIVE LABOUR AND CONSTRUCTION SOCIETY LTD,1,191547.0,1,1,1
Jagdev Singh,2,191313.0,2,2,2
Rivina Construction,1,191309.0,1,1,1
DILSHAN CONSTRUCTION,1,191289.0,1,1,1
MS B ENTERPRISE,1,191281.0,1,1,1
SHIRIN ENTERPRISE,1,190783.0,1,1,1
SAINI CEMENT SARIA STORE,5,190450.0,4,1,1
V PRASAD,1,190163.0,1,1,1
TATEM TABING,1,190129.0,1,1,1
YATING TAKO,1,190129.0,1,1,1
TAKAR GAO,1,190030.0,1,1,1
NONGGER GAO,1,190030.0,1,1,1
Kuldeep Raj,1,190000.0,1,1,1
Sidhu  and CO,1,190000.0,1,1,1
GRAM PANCHAYAT TIRLA JANPAD PANCHAYAT TIRLA,1,190000.0,1,1,1
GHANI SHAM,1,190000.0,1,1,1
M AND M CONSTRUCTION,5,190000.0,1,1,1
HARMAN TRADERS,9,189942.0,4,1,1
Grace Electricals,1,189827.0,1,1,1
Sarpanch Gram Panchayat   SIMARIYAKALA,3,189700.0,2,1,1
GRAM PANCHAYAT BHENDARA,2,189645.0,1,1,1
MS BUILD WORKS CORPORATION,1,189500.0,1,1,1
Santosha Kumar Mallik,1,189488.0,1,1,1
BHIMANUGAM GRAM PANCHAYAT,1,189460.0,1,1,1
om sai builders,2,189457.0,2,1,1
apar construction company,1,189250.0,1,1,1
Sushil Kumar,1,189212.0,1,1,1
ANAND ELECTRICALS AND ELECTRONICS,1,189000.0,1,1,1
Bharat Bhatta Co,2,188833.0,2,1,1
JYOTI SOLAR ENTERPRISE,1,188572.0,1,1,1
Pritam Singh,1,188000.0,1,1,1
MS Manuke Brick Ind,7,187900.0,3,1,1
Pal kaur,4,187861.0,3,1,1
Vikram Singh,5,187810.0,4,2,2
Asif Ahmad Bhat,1,187772.0,1,1,1
SIBANI RAY,1,187560.0,1,1,1
Mohanakumara D G,1,187500.0,1,1,1
REP BEN OF DHARMASALA BINAMANDIR CLB GRP,1,187500.0,1,1,1
REN DSA BUILDING BILASIPARA GROUND FLOOR,1,187500.0,1,1,1
Kamdingliana,1,187500.0,1,1,1
GRAM PANCHAYAT MUDIYA,3,187500.0,2,1,1
SUDHAKAR RATHOD,1,187500.0,1,1,1
UMAKANT,1,187500.0,1,1,1
RAVI RAMU RATHOD,1,187500.0,1,1,1
CON COMMUNITY HALL NR BLP HAJJ BHAWAN,1,187500.0,1,1,1
S R S ENTERPRISES,1,187500.0,1,1,1
CONSTRUCTION OF TOILET BLOCK NEAR HAJI M,1,187500.0,1,1,1
APS POWER SYSTEM,2,187500.0,2,1,1
K S HARISH KUMAR,1,187500.0,1,1,1
Naveen kumar K R,1,187500.0,1,1,1
GURU NANAK CEMENT STORE,5,187500.0,2,1,2
Prakash construction company,1,187500.0,1,1,1
ESHWAR,1,187500.0,1,1,1
SANTOSH KUMAR MALLICK,1,187121.0,1,1,1
EXECUTIVE ENGINEER ELECTRICITY DD GRAMIN BASTI,1,187100.0,1,1,1
HIMANSHU GUPTA,1,187000.0,1,1,1
Subash Chander,1,187000.0,1,1,1
MUNISH TILE FACTORY,6,186806.0,6,1,1
Shri Agrasen Marketing,7,186794.0,1,1,1
RAVINDER SINGH JALALPUR,3,186538.0,2,1,1
Chaman Lal Sharma,1,186500.0,1,1,1
SATWINDER SINGH,2,186484.0,2,1,1
Sri Venkateswaraswami mahila Podupu Sangham Naidupalem,1,186429.0,1,1,1
Shankar Hardware and Cement Store,5,186240.0,2,1,1
Executive Engineer Central store UJS Haldwani,1,186227.0,1,1,1
A M Dan And Son,1,186196.0,1,1,1
GURMEL SINGH,3,186116.0,2,1,2
NARAYANA BEHERA,1,186072.0,1,1,1
Aisurya Rajalaxmi Natha,1,186063.0,1,1,1
Instalimb India Private Ltd,1,186000.0,1,1,1
BUKYA ANIL NAYAK,1,185939.0,1,1,1
Chanchal Singh,1,185900.0,1,1,1
SHANTI CONSTRCTION,1,185793.0,1,1,1
Bhagirathi Bhuiyan,1,185073.0,1,1,1
GP MARHOON,1,185028.0,1,1,1
SOURABH HARDWERE AND CENETARY WARE,2,185000.0,2,1,1
NURISLAM SEKH,1,184777.0,1,1,1
BALKAR SINGH,3,184670.0,1,1,1
SUN ENTERPRISE,1,184506.0,1,1,1
Punjab Electrical,5,184276.0,1,1,1
RAKESH SINGH,5,184252.0,4,3,3
BINALBEN VIPULKUMAR DAVE,1,184056.0,1,1,1
MARUTI BUILDNEST PVT LTD,1,183906.0,1,1,1
Karan Intelock Tiles,5,183683.0,3,1,1
S SAYYADSABVALI,1,183546.0,1,1,1
ALCON CONCRETE PRODUCT,4,183520.0,1,1,1
UT INTERNATIONAL TILES,2,183520.0,2,1,1
SD TILE AND ANDUSTRIES,4,183360.0,1,1,1
SARPANCHSHRI AMUDH GRAM PANCHAYAT,1,183187.0,1,1,1
BIKE SINGH,1,183000.0,1,1,1
Sh Mohd Muzamal Sohil So Abdul Rehman Ro Hewagan Sojmatna Ramoo District Ramban Contractor,1,183000.0,1,1,1
GOURAV SHARMA,1,183000.0,1,1,1
SWARAN SINGH CONTRACTOR,1,182959.0,1,1,1
DELA GRAM PANCHAYAT,1,182718.0,1,1,1
MS Sharma Brock Tech,11,182700.0,2,1,1
Samir Kabi,1,182646.0,1,1,1
NITISH KUMAR,3,182525.0,3,1,1
Mushtaq Ahmad Panjra,1,182300.0,1,1,1
Rakesh Kumar BKO,6,182257.0,4,1,1
Gupta Tiles Studio,2,182169.0,1,1,1
ZARKHALI JUTH GRAM PANCHAYAT,1,182029.0,1,1,1
BHAKTIRATAN DAS,1,182000.0,1,1,1
JATINDER NATH,3,182000.0,3,1,1
Sanjay Kumar,1,182000.0,1,1,1
ANMOL KOHLI,1,182000.0,1,1,1
Ritimukta Swain,1,181621.0,1,1,1
MS Salma Hardware,1,181604.0,1,1,1
BALA JI AND COMPANY,4,181352.0,1,1,1
Chouhan Lokesh,1,181341.0,1,1,1
G KALESHA,1,181073.0,1,1,1
BANSAL BUILDING MATERIALS,9,180660.0,1,1,1
GUPTA STEEL CEMENT STORE,7,180651.0,2,1,1
Rajwinder Kumar,5,180470.0,1,1,1
MIDDID NARASIMHA REDDY,1,180407.0,1,1,1
KALER BRICKS COMPANY,1,180400.0,1,1,1
RAJESH KUMAR PANDHI,1,180008.0,1,1,1
GRAM PANCHAYAT RAGOULI JP BIJAWAR,1,180000.0,1,1,1
GRAM PANCHAYAT PARWA,1,180000.0,1,1,1
GP Barot,2,180000.0,2,1,1
gram panchayat sagarpur,1,180000.0,1,1,1
GP Halyatar,3,180000.0,2,1,1
GP GARROLI,1,180000.0,1,1,1
CC Construction of Community hall near Shiva Mandir Namoni,1,180000.0,1,1,1
RAMA AND COMPANY,2,180000.0,2,1,1
MS BS ENTERPRISE,1,180000.0,1,1,1
GRAM PANCHAYAT DAURIYA,1,180000.0,1,1,1
Gram Panchayat Thach Tharmi,2,180000.0,2,1,1
GRAM PANCHAYAT BRAJPURA,1,180000.0,1,1,1
GRAM PANCHAYAT DERI,1,180000.0,1,1,1
Construction of community hall at Sastrinagar Unnayan Samity,1,180000.0,1,1,1
AEN JDVVNL,1,180000.0,1,1,1
GRAM PANCHAYAT GURSARI,1,180000.0,1,1,1
GP Sariun,1,180000.0,1,1,1
GANESH ENTERPRISE,1,180000.0,1,1,1
GRAM PANCHAYAT BASATA,1,180000.0,1,1,1
GP SINDURKHI,1,180000.0,1,1,1
Late Ram Sunder Shukls Smarak Kanya Inter Collage Sikatiya,1,180000.0,1,1,1
GRAM PANCHAYAT KAKUNPURA,1,180000.0,1,1,1
GRAM PANCHAYAT KADWA,1,180000.0,1,1,1
GRAM PANCHAYAT GATHEWARA,1,180000.0,1,1,1
GRAM PANCHAYAT BANDNI,1,180000.0,1,1,1
GRAM PANCHYAT KHAPAKLA,1,180000.0,1,1,1
Improvement of Bamboo Bridge at Kamalabagan Narengi Guwahati,1,180000.0,1,1,1
Sudavad Gram Panchayat,1,180000.0,1,1,1
GP Manjhiar,3,180000.0,2,1,1
GP Kotla Panjola,1,180000.0,1,1,1
GP Choru,2,180000.0,2,1,1
GRAM PANCHYAT RAJAKHOH,1,180000.0,1,1,1
SHRI SANKAT MOCHAN JAN KALYAN SAMITI,1,180000.0,1,1,1
GP Panoh,1,180000.0,1,1,1
GP PARETHA,1,180000.0,1,1,1
GRAM PANCHAYAT SARANI,1,180000.0,1,1,1
gram panchayat pusalda,1,180000.0,1,1,1
PUSHPANJALI TRADING CO,7,179557.0,2,1,1
GURDIT TILE TRADING CO,1,179550.0,1,1,1
NARSIMULU CHAPALA,1,179444.0,1,1,1
Niraj Sharma,1,179400.0,1,1,1
Niyas Perapurath Keezhuveettil,1,179351.0,1,1,1
harpreet kaur,2,179336.0,1,1,1
Sekhon Cement and Shuttering Store Purkhali,8,179274.0,2,1,1
Amir Khan,2,179056.0,2,2,2
Riaz Ul Haq,1,179000.0,1,1,1
PAWANDEEP KAUR,1,179000.0,1,1,1
RR Enterprise,1,179000.0,1,1,1
Sukhwinder singh Sarpanch,2,178881.0,1,1,1
SHREE KRISHNA ENTERPRISES,1,178842.0,1,1,1
KHEHRA TRADING COMPANY,1,178830.0,1,1,1
MOHINI CONSTRUCTION,2,178813.0,2,1,1
Mir and Co Prop Bilal Ahmad Mir,1,178709.0,1,1,1
MOHD QASIM KHARI,1,178500.0,1,1,1
ANIJLI SHARMA,1,178500.0,1,1,1
RISHAV JAMWAL,1,178500.0,1,1,1
Monumohan Dutta,3,178250.0,1,1,1
R K Scientific and Chemicals,1,178150.0,1,1,1
Bhiwani Singh,1,178085.0,1,1,1
GRAM PANCHAYAT NIMBI KHURD,2,177975.0,2,1,1
KANG METAL AND BLOCK INDUSTRIES,1,177785.0,1,1,1
SHAHID CONSTRUCTION SHAHID KHAN,1,177760.0,1,1,1
MS MAA TARINI SUPPLIERS,1,177701.0,1,1,1
Gagandeep,4,177680.0,3,1,2
NEW BHATIA TRADERS,3,177580.0,1,1,1
SRI AMBEY TILES UDHYOG,3,177544.0,1,1,1
JD WORLD,1,177483.0,1,1,1
Assistant Engineer O M Ajmer Vidyut Vitran Nigam Limited Patan,1,177460.0,1,1,1
Sharma Bricks Supply Co,1,177408.0,1,1,1
Debnath Traders,1,177116.0,1,1,1
GOVARDHAN IRON,1,176919.0,1,1,1
PS ELECTRONICS,1,176915.0,1,1,1
Jito Kaur,2,176814.0,1,1,1
S S CHAUHAN MANUFACTURER,3,176700.0,2,1,1
Dipmal Boro,2,176650.0,1,1,1
Tahasildar Champua,8,176404.0,8,1,1
BOTHI RAMAKRISHNAN S,1,176353.0,1,1,1
SHIVANNA C,1,176250.0,1,1,1
Dabbugunta Bhaktavatsalam,1,176201.0,1,1,1
BASSON CEMENT AND HARDWARE STORE,4,176180.0,1,1,1
Rama Krishana Traders,1,176150.0,1,1,1
MS rAJESH KUMAR,6,176100.0,3,1,1
Hrishikesh Bera,1,176020.0,1,1,1
DEEPAK TREDURS,3,175910.0,2,1,1
NAHAR TRADING,1,175600.0,1,1,1
EVANE TREDURS,3,175200.0,1,1,1
GRAM PANCHAYAT KODA,1,175000.0,1,1,1
GRAM PANCHAYT BAGMOHALI,1,175000.0,1,1,1
GP Barara,2,175000.0,2,1,1
GRAM PANCHAYT ICHHAPUR,1,175000.0,1,1,1
GRAM PANCHAYAT DHAWALPUR,1,175000.0,1,1,1
sarpach gram pachayat badedharaur,1,175000.0,1,1,1
GRAM PANCHAYAT ANTALIA,2,175000.0,2,1,1
GRAM PANCHAYAT GHUGHARA,1,175000.0,1,1,1
Gram Panchayat Bhirinda,1,175000.0,1,1,1
GRAM PANCHAYAT PIPALDHARA,1,175000.0,1,1,1
Sarpanch Sachiv Gram Panchayat Bhejapadar,1,175000.0,1,1,1
SARPANCH SACHIV GP DEVGARH,1,175000.0,1,1,1
MS AMAN MARBEL,4,175000.0,1,1,1
Gram Panchayat Tung,2,175000.0,2,1,1
Commissioner MC Palampur,1,175000.0,1,1,1
GRAM PANCHAYT KARMARI,1,175000.0,1,1,1
GRAM PANCHAYAT JHALOUN SFC,2,175000.0,2,1,1
GRAM PANCHAYT BHOND,1,175000.0,1,1,1
GRAM PANCHAYT CHOKAR,1,175000.0,1,1,1
Gram Panchayat Ulnar,1,175000.0,1,1,1
Gram Panchayat Tarapur,1,175000.0,1,1,1
Gram Panchayat Tumda,2,175000.0,2,1,1
NewDabbu Traders,1,175000.0,1,1,1
Sarpanch Gram Panchayat Ermur,1,175000.0,1,1,1
SARPANCH OF GRAM PANCHAYAT KAPOT,1,175000.0,1,1,1
GRAM PANCHAYAT MALIYADHARA,1,175000.0,1,1,1
GP BASODHAN,2,175000.0,2,1,1
GRAM PANCHAYAT KADRENWA,1,175000.0,1,1,1
MOHD FAZAL,1,175000.0,1,1,1
GRAM PANCHAYT MUNDAPAL,1,175000.0,1,1,1
Gram Panchayat Dhodrepal,1,175000.0,1,1,1
GP Bankavedi,1,175000.0,1,1,1
Gram Panchayat Paikpal,1,175000.0,1,1,1
RAJYA PARWARTIT YOJNA GP PIPARIYA,1,175000.0,1,1,1
GRAM PANCHAYT BHAINSGAON,1,175000.0,1,1,1
shree mahalaxmi stone crusher,2,174930.0,1,1,1
SUM TAGGU,1,174646.0,1,1,1
MEGH RAM AMAR NATH,5,174590.0,2,1,1
JVVNL ITAWA,1,174559.0,1,1,1
DHORIYA HARIPURA GRAM PANCHAYAT,2,174557.0,2,1,1
ZORABER SINGH,1,174500.0,1,1,1
MS AKRUTI SUPPLIERS,1,174269.0,1,1,1
Minour Irrigation,4,174085.0,4,1,1
DS BUILDING MATERIAL,1,174000.0,1,1,1
SDO Sub Urban DHBVN Hansi,1,174000.0,1,1,1
B BALAJI,1,173983.0,1,1,1
Satguru Construction Co,1,173920.0,1,1,1
SAINIK TRADERS,1,173625.0,1,1,1
EDD Mzn,1,173600.0,1,1,1
PUNJAB BRICKS SUPPLY CO,3,173600.0,2,1,1
Dashmesh Febricator,6,173514.0,1,1,1
Tayal Trading Company,4,173444.0,1,1,1
Gram Panchayat Khalkhandvi,1,173249.0,1,1,1
ms santosh traders,1,173131.0,1,1,1
shiva cement store kitdunna,5,173010.0,3,1,2
INDEX ELECTRONICS,1,173000.0,1,1,1
GARG ENTERPRISES,4,172902.0,1,1,1
Husner Machinery Store,3,172749.0,2,1,1
Nishan Singh Sarpanch,3,172619.0,2,1,1
KARAN SINGH,2,172600.0,2,2,2
KETHAMREDDY SANTHISWARUP REDDY,2,172547.0,2,1,1
Sh Kamaljit Kumar Sarpanch GP Hedon Bet,2,172520.0,1,1,1
Sandeep Cement Store baddon,3,172424.0,1,1,1
A S R ENTERPRISE,1,172415.0,1,1,1
SAMEER HYDER,1,172257.0,1,1,1
BALJEET SINGH,3,172200.0,2,1,1
KANG BRICKS,4,172200.0,1,1,1
BALAJI ENTERPRISES Kherent,5,172102.0,1,1,1
lucky Interlock Tiles,2,172050.0,2,1,1
MS SAPRAI TRADING CO,1,172050.0,1,1,1
Alam Hussain,1,172000.0,1,1,1
Smt Shilpa Devi Wo Sone Chand Ro Papriya District Ramban Contractor,1,171900.0,1,1,1
TARA Builder,2,171828.0,2,1,1
AH BUILDER AND CONTRACTOR,1,171820.0,1,1,1
CHANDINI ENTERPRISES,1,171618.0,1,1,1
SHRI GURU ARJAN DEV JI,5,171610.0,2,1,1
SARBESWAR SEKHAR DEO,1,171477.0,1,1,1
TAMEM JAMOH,1,171446.0,1,1,1
Doaba Cemment Mandeep Kumar,5,171435.0,2,1,1
Pratik Automobiles ranchi,1,171391.0,1,1,1
Friends shuttering store,12,171280.0,1,1,1
NARAYAN TRADERS,2,171132.0,2,1,1
Har Enterprises,4,171000.0,1,1,1
Thakur Tile Industries,5,170988.0,2,1,1
R P  ELECTRICALS,1,170987.0,1,1,1
Bharat Paver and Concrete industries,4,170985.0,1,1,1
Bains Cement and Hardware Store,1,170702.0,1,1,1
Waheguru Building Materials Store,2,170645.0,1,1,1
NUNSAVATH JYOTHI,1,170643.0,1,1,1
Gagandeep Singh Mistery Bodal,2,170300.0,1,1,1
GP Deorighat,2,170000.0,2,1,1
GRAM PANCHAYAT BHAMBLA,2,170000.0,1,1,1
SARPANCH GRAM PANCHAYAT HASANPUR,1,170000.0,1,1,1
GOPAL CHAND SHARMA,1,170000.0,1,1,1
UDALPUR GRAM PANCHAYAT,1,170000.0,1,1,1
Shazia Begum,1,170000.0,1,1,1
KTWO Health care pvt ltd,1,170000.0,1,1,1
Gram Panchayat Rigar,4,170000.0,3,1,1
RAJESH THAMADAPALLE,1,169280.0,1,1,1
THE SHREE PARBHU RAM COOPERATIVE LABOUR AND CONSTRUCTION SOCIETY LIMITED,1,169150.0,1,1,1
SHIVARATRI VENKATAIAH,1,169005.0,1,1,1
ABHINANDAN PRESHAR,1,169000.0,1,1,1
SUPRIYO DEB,1,168340.0,1,1,1
PANCHANAN BISOI,1,168300.0,1,1,1
Sudhawati Devi,1,168150.0,1,1,1
BISHAN SINGH,1,168000.0,1,1,1
MAAN CONCRETE,1,168000.0,1,1,1
R D TILES,1,167986.0,1,1,1
SHRI CONSTRUCTION,1,167914.0,1,1,1
The Shakarpura Janta Co op LC Society ltd,1,167830.0,1,1,1
SHREE JI ENTERPRISES,1,167790.0,1,1,1
SPORTS SYNDICATE,1,167760.0,1,1,1
GRAM PANCHAYAT RIYASHYAMDAS,1,167348.0,1,1,1
ATMA RAM SOHAN LAL AGENCIES  PRIVATE LIMITED,5,167130.0,1,1,1
mahi builders,1,167027.0,1,1,1
Sumit patil,5,167000.0,1,1,1
Khamhi Wangsa,1,167000.0,1,1,1
BITTO DEVI,1,167000.0,1,1,1
FARID AKHTER,1,167000.0,1,1,1
Cheema Brick Kiln,4,166954.0,1,1,1
Hari Trading Company,4,166741.0,1,1,1
CHANDIGARH STONE CRUSHER,4,166698.0,2,1,1
SANTOKH SINGH,4,166515.0,2,1,1
MS ANNAPURNA ENTERPRISE,1,166450.0,1,1,1
MS LAKSHMI NARAYAN ENTERPRISE,1,166450.0,1,1,1
Sandhu Cement Store,3,166368.0,1,1,1
BIKKINENI ANITHA,1,166193.0,1,1,1
SINGLA BROTHERS BKO,6,166130.0,5,1,1
Mohd Altaf Mir,1,166089.0,1,1,1
Hygiene Surgical and Chemicals,4,165998.0,1,1,1
VINAYAK CONSTRUCTION,1,165990.0,1,1,1
Sushil Kumar Contractor,1,165980.0,1,1,1
ABHILASH K U,1,165959.0,1,1,1
MS SHYAM CONSTRUCTION COMPANY,2,165917.0,2,1,1
ENDOLITE INDIA LTD,1,165900.0,1,1,1
EX EN EDD Jalalpur,1,165843.0,1,1,1
THE KAILASH CO OP L C SOCIETY LTD,1,165836.0,1,1,1
Kathgarh Tiles,2,165779.0,1,1,1
LAKSHMINARAYAN ENTERPRISE,1,165750.0,1,1,1
Harbans Singh,1,165630.0,1,1,1
Tarlok Singh,4,165417.0,2,1,1
GRAM PANCHAYAT RAIKHEDI SFC,3,165355.0,2,1,1
HP CIVIL Supply Bhaba nagar,2,165244.0,2,1,1
SIDCO SALES EMPORIUM,1,165200.0,1,1,1
vijaynagar gram panchayat,1,165176.0,1,1,1
JAY AMBE BUILDING MATERIAL SUPPLYERS,1,165165.0,1,1,1
THE VRINDAVAN COOP L AND C SOC LTD KTL,1,165000.0,1,1,1
Bajwa Tiles Mart New,4,164900.0,1,1,1
GUPTA TUBEWELL AND MACHINERY STORE,2,164700.0,1,1,1
Kerala State Differently Abled Welfare Corporation Limited,1,164588.0,1,1,1
Guru Nanak Building Material,4,164563.0,3,1,1
Sahi Trading Co,4,164500.0,2,1,1
HABIB AHMED,1,164000.0,1,1,1
Manzoor Iqbal Batt,1,164000.0,1,1,1
Sham Lal,1,164000.0,1,1,1
MEDILINE SURGICALS,1,164000.0,1,1,1
S M CONSTRUCTION,1,163700.0,1,1,1
Gurbakhsh Singh,3,163596.0,1,1,1
GOLUSULA RAMA KRISHNA,1,163507.0,1,1,1
PRADEEP KUMAR P,2,163418.0,2,1,1
Mahadev prasad,1,163113.0,1,1,1
UNIVE TILES,1,163075.0,1,1,1
SURJAN CEMENT AGENCY,5,163002.0,2,1,1
MANPREET SON OF TARSEM LAL,2,162924.0,2,1,1
imagine medical system,1,162800.0,1,1,1
BRAJAKISHORE SAHOO,1,162782.0,1,1,1
Balakrishna Sahoo,1,162738.0,1,1,1
Ashraful Islam,2,162616.0,2,1,1
RANJIT SINGH,7,162573.0,5,1,3
SALUJA ENTERPRISES,2,162545.0,1,1,1
Surinder Nath,3,162500.0,2,1,1
BANDANA SRIVASTAVA,1,162486.0,1,1,1
Assistant Engineer O M Ajmer Vidyut Vitran Nigam Limited Laxmangarh,1,162000.0,1,1,1
GILL PAINTS AND HARDWARE STORE,2,161840.0,2,1,1
ZAQIR HUSSAIN,1,161500.0,1,1,1
SUDHIR KUMAR MOHANTY,1,161274.0,1,1,1
Ms Guru Nanak Pipe Industry,4,161269.0,1,1,1
Byawastha Shulk JVIC Paho,1,161194.0,1,1,1
The Harshit Cooperative L and C Society,1,161189.0,1,1,1
Sunny Paul,2,160945.0,1,1,1
Jahagir Saleem,1,160695.0,1,1,1
Municipal Corporation Bathinda,7,160667.0,7,1,1
THE JEEN MATA COOPERATIVE LABOUR AND CONSTRUCTION SOCIETY LIMITED,1,160642.0,1,1,1
SHAMEER M,1,160603.0,1,1,1
Kashmiri Furniture and Electronics,1,160525.0,1,1,1
Kartar Iron Store,1,160500.0,1,1,1
Pinku Hial,1,160310.0,1,1,1
gp aaju,2,160080.0,2,1,1
sarpanch gp khajriantu,2,160000.0,2,1,1
Billa Da Bhatha,4,160000.0,1,1,1
EDD SAHABAD HARDOI,1,160000.0,1,1,1
GP Sahaj,2,160000.0,2,1,1
RAJINDER NATH SHARMA,1,160000.0,1,1,1
SHREEJI SECURITY AUTOMATION,2,160000.0,2,1,1
VILLAGE PANCHAYAT VARSADA,1,160000.0,1,1,1
GRAM PANCHAYAT SEVRA J P PENDRA,1,160000.0,1,1,1
SARPANCH GRAM PANCHAYAT SHIVPUR,2,160000.0,1,1,1
Lalit Kumar,1,160000.0,1,1,1
SARPANCH GRAM PANCHAYAT BODIDR,1,160000.0,1,1,1
SARPANCH SACHIV GP KUDKAI,1,160000.0,1,1,1
gram panchayat batri,3,160000.0,2,1,1
GRAM PANCHAYAT BICHAUKHURD,3,160000.0,2,1,1
Kasturba Hospital,1,160000.0,1,1,1
GRAM PANCHAYAT KHANSOL,2,159943.0,2,1,1
Ganapathy Electrical,1,159903.0,1,1,1
GRAM PANCHAYAT BORIA,1,159726.0,1,1,1
AMULYA,1,159330.0,1,1,1
PUREWELL,1,159000.0,1,1,1
Sh Sandeep Singh So Gucha Ram Ro Hoochak Ukhral District Ramban Contractor,1,159000.0,1,1,1
K M Ehshanul Karim,1,158924.0,1,1,1
Daljeet SIngh Aithmian,1,158900.0,1,1,1
Tahir Mohiuddin Mir,1,158860.0,1,1,1
ASHOKA TRADING COMPANY,4,158704.0,1,1,1
MANJU DEVI,7,158683.0,7,3,6
Hema Constructions,2,158349.0,2,1,1
GRAM PANCHAYAT KHERDA,1,158047.0,1,1,1
DEVINDER SINGH JAMWAL,1,158000.0,1,1,1
Mohd Iqbal Malik,1,157900.0,1,1,1
RETGARH TRADERS,2,157885.0,1,1,1
KATOSAN GRAM PANCHAYAT,2,157854.0,2,1,1
Kuldeep Kumar,3,157657.0,3,1,3
Sanjay Sharma,1,157500.0,1,1,1
Shri Ganpati Tiles,4,157500.0,1,1,1
Sunil Masih,2,157460.0,2,1,1
Yadav Builders,1,157367.0,1,1,1
TAHASILDAR PIPILI,50,157365.0,49,1,1
Randeep Singh Sandhu,4,157279.0,2,1,1
JAYESHBHAI DHAKADIYA,1,157268.0,1,1,1
JYOTI NYIGANG,1,157132.0,1,1,1
Ajay khare,5,157000.0,1,1,1
Sonia Jasrotia,1,157000.0,1,1,1
Kumar Construction Company,3,156909.0,3,1,1
SKYBOAT MARKETING,1,156900.0,1,1,1
MAHADEV CONSTRUCTION,2,156835.0,1,1,1
PAWAN ENTERPRISES,1,156332.0,1,1,1
SaiRam Construction Co,1,156013.0,1,1,1
S M Bricks,5,155996.0,2,1,2
Aggarwal BKO Sekha,4,155800.0,1,1,1
Jai Jai Mahavir Trading Company,3,155396.0,2,1,1
SARPANCH SACHIV GRAM PANCHAYAT SAKOLA,1,155375.0,1,1,1
Tariq Ahmad Mir,1,155000.0,1,1,1
Shiva Trading Co,1,155000.0,1,1,1
Ms Badyal Brothers Cement Store,4,155000.0,1,1,1
BUSHAN KUMAR,1,155000.0,1,1,1
MODERN FURNITURE,1,154987.0,1,1,1
SARPANCH GRAM PANCHAYAT NAUSHERA KHURD,1,154845.0,1,1,1
P G ENTERPRISE,1,154668.0,1,1,1
Ginda Singh,3,154597.0,2,1,1
Jindal Bricks company,4,154588.0,1,1,1
MERKURY ELECTRICAL CORPORATION,1,154435.0,1,1,1
MS Kinigs Fabrigators,1,154400.0,1,1,1
Kesho Ram Aggarwal and sons,2,153750.0,2,1,1
new prabhu kirpa enterprises2,6,153750.0,3,1,1
Shiv Traders,6,153528.0,3,1,1
Block Development Ofiicer Zaingeer,1,153497.0,1,1,1
MS Daithun Kh Daimari Enterprise,1,153300.0,1,1,1
Navakhal Gram Panchayat,2,153114.0,2,1,1
SOHAN SINGH,1,153000.0,1,1,1
HEADMISTRESS,2,153000.0,2,1,2
H AND C Stores,3,152695.0,3,1,1
ROCKY CEMENT STORE,2,152655.0,1,1,1
VIJAYA GANAPATHI AUTOMOTIVES,1,152500.0,1,1,1
TEAM SPORTS WEARS,2,152269.0,1,1,1
DALJIT SINGH,2,152154.0,2,1,2
SIJIMON K R,1,151769.0,1,1,1
Sanjay BKO,1,151670.0,1,1,1
MS ANG WANG TRADERS,1,151652.0,1,1,1
EX ENGINEER EDD II,1,151313.0,1,1,1
SHANAVANKIYA GRAM PANCHAYAT,1,151273.0,1,1,1
MS HAMDANI SPORTS GALLERY,1,151110.0,1,1,1
KALYANI TRADERS PROP GAGENDRA KHALATKAR,2,151058.0,1,1,1
Deepak Kumar Sahoo,1,151010.0,1,1,1
Gurbaksh kaur,6,150893.0,1,1,1
BALRAJ SINGH,3,150863.0,1,1,1
KARNAIL SINGH,3,150832.0,3,1,3
MS JAY BEE AND COMPANY,4,150675.0,1,1,1
Singhal iron store,5,150660.0,2,1,1
Surinder Kumar,1,150423.0,1,1,1
Saranjit Singh,7,150227.0,7,1,1
BHANU TRADE AND INDUSTRIES,1,150212.0,1,1,1
Mansoor Ali,1,150190.0,1,1,1
Kutubuddin Fakharuddin Ezzy kuaa,1,150070.0,1,1,1
BDS Bricks Industries,1,150039.0,1,1,1
SHREE BALAJI TRADERS,1,150038.0,1,1,1
GRAMPANCHAYAT PACHRA,1,150000.0,1,1,1
GRAM PANCHAYAT MUNGWANI,1,150000.0,1,1,1
SARPANCH GRAM PANCHAYAT PANEKA,1,150000.0,1,1,1
NAMDATBOU,1,150000.0,1,1,1
GRAM PANCHYAT DHANGAON,1,150000.0,1,1,1
akba gram panchayat,1,150000.0,1,1,1
SARPANCH AND SACHIV GRAM PANCHAYAT BANBANDHA,1,150000.0,1,1,1
GP Jangal Ropa,2,150000.0,1,1,1
Finchadi village,1,150000.0,1,1,1
GP BINDLA DIGWA,2,150000.0,1,1,1
GP Bhanota,2,150000.0,1,1,1
GP Bharara,1,150000.0,1,1,1
GP Bhalara,1,150000.0,1,1,1
GP Balh Bihal,2,150000.0,1,1,1
GRAM PANCHAYAT MALAH PIPRIYA,1,150000.0,1,1,1
Katwadi Bagdath,1,150000.0,1,1,1
GRAM PANCHYAT KALYANPUR,1,150000.0,1,1,1
RAJYA PRAVARTIT YOJANA GP ATMA NAGAR,1,150000.0,1,1,1
GP Hanoh,2,150000.0,1,1,1
SAPPIN CH MOMIN,2,150000.0,1,1,1
BAMANVA GRAM PANCHAYAT,1,150000.0,1,1,1
GRAM PANCHYAT  BHESADAND,2,150000.0,1,1,1
GRAM PANCHAYT SUATALA,2,150000.0,2,1,1
Devrasan Gram Panchayat,1,150000.0,1,1,1
HADAMTALA GRAM PANCHAYAT,1,150000.0,1,1,1
AMIT EKKA,1,150000.0,1,1,1
AMBAVA GROUP GRAM PANCHAYAT,1,150000.0,1,1,1
Bansara Rumnong,1,150000.0,1,1,1
GP SATYAS,1,150000.0,1,1,1
GRAM PANCHAYAT BHANWARASA,1,150000.0,1,1,1
Treibor Kharpan,1,150000.0,1,1,1
GP BHAPOO,2,150000.0,1,1,1
EE EDD BSR RURAL,1,150000.0,1,1,1
SARPANCHSHREE SOKHADA GRAM PANCHAYAT,1,150000.0,1,1,1
SARPANCH SACHIV JAMUNIYA,1,150000.0,1,1,1
gram panchayat kirgi,2,150000.0,1,1,1
Sarpanch Gram Panchayat CHACHEDI,1,150000.0,1,1,1
gram panchayat Tinkheda,1,150000.0,1,1,1
gram panchayat budgaon,2,150000.0,1,1,1
GP Mann,2,150000.0,1,1,1
GP Mandhodghat,1,150000.0,1,1,1
GP BORDA JP BIAORA,1,150000.0,1,1,1
GRAM PANCHYAT TENDANI MAL,3,150000.0,2,1,1
G P Kathli Bharan,1,150000.0,1,1,1
HIRPURA GRAM PANCHAYAT,1,150000.0,1,1,1
KOLPURA,1,150000.0,1,1,1
GRAM PANCHAYAT HARI BEHNA,1,150000.0,1,1,1
GRAM PANCHAYAT HADEVA,1,150000.0,1,1,1
GP Gawahi,2,150000.0,1,1,1
GP JAMONIYA JP BIAORA,1,150000.0,1,1,1
Maa Sharda Valding Work Shop,1,150000.0,1,1,1
GP Anu,2,150000.0,1,1,1
G P Talli Bhujjal,1,150000.0,1,1,1
siddhesh sadanand vibhute,1,150000.0,1,1,1
Rishab Dev Agro Tech,1,150000.0,1,1,1
Sachiv Gram panchayat kulamadi,2,150000.0,1,1,1
Gram Panchayat Piplav,2,150000.0,2,1,1
KA PHAN L NONGLAIT MEMORIAL LP SCHOOL NONGTHLIEW,1,150000.0,1,1,1
Charity Dora Ropmay,1,150000.0,1,1,1
PINGALWADA GRAM PANCHAYAT,1,150000.0,1,1,1
Ramenson Ch Marak,2,150000.0,1,1,1
GRAM PANCHAYAT DHOLPUR,1,150000.0,1,1,1
GRAM PANCHAYAT CHHUI,1,150000.0,1,1,1
CHHALVANT JUTH GRAM PANCHAYAT,1,150000.0,1,1,1
GRAM PANCHAYAT SUWASARA BUJURG,2,150000.0,1,1,1
RAJIB CHOWDHURY,1,150000.0,1,1,1
GP SHIVTALA JP BADI,2,150000.0,1,1,1
GRAM PANCHAYAT JOGIPALI,1,150000.0,1,1,1
GRAM PANCHAYAT JIYUNTA,2,150000.0,1,1,1
GP Chhibarra,1,150000.0,1,1,1
GP Dhirar,1,150000.0,1,1,1
GP Dhartrupunu,1,150000.0,1,1,1
K T SOMASHEKHAR,1,150000.0,1,1,1
GRAM PANCHAYAT DELAKHARI,2,150000.0,2,1,1
GRAM PANCHAYAT DHABAI,1,150000.0,1,1,1
GRAM PANCHAYAT DEVGARH,2,150000.0,1,1,1
GRAM PANCHAYAT CHANDANWADA KHURD,1,150000.0,1,1,1
Gram Panchayat Usnar Kalan,2,150000.0,1,1,1
Khonglah RCLP School,1,150000.0,1,1,1
O M Roy Memorial Secondary School,1,150000.0,1,1,1
SREE BALAJI BIKES LLP,1,150000.0,1,1,1
SARSAV GRAM PANCHAYAT,1,150000.0,1,1,1
ARKA ENTERPRISES,1,150000.0,1,1,1
Construction of boundary wall near Krishna Mandir Namghar Kundil Nagar Hirimbapur,1,150000.0,1,1,1
Construction of boundary wall and gate near Rangpur nagar bathow Thansali Mandir,1,150000.0,1,1,1
Gram Panchyat Lana Cheta,2,150000.0,1,1,1
Gram Panchayat Parara,1,150000.0,1,1,1
Khonglah Secondary School,1,150000.0,1,1,1
KADVASAN GRAM PANCHAYAT,1,150000.0,1,1,1
Shala prabandhan Samiti Jasarvani,1,150000.0,1,1,1
Gram Panchayat Bhadarwar,1,150000.0,1,1,1
Manu B Marak,3,150000.0,1,1,1
GRAM PANCHAYAT BHENDRA,1,150000.0,1,1,1
Purno R Sangma,1,150000.0,1,1,1
GP SER JAGAS,2,150000.0,1,1,1
Gram Panchayat Shiva,1,150000.0,1,1,1
GRAM PANCHAYAT KAKARKHAD,1,150000.0,1,1,1
GRAM PANCHAYAT BHANER,1,150000.0,1,1,1
GRAM PANCHAYAT DONDARO,1,150000.0,1,1,1
Gram Panchayat Mandhole,2,150000.0,1,1,1
GRAM PANCHYAT  GONDRA,2,150000.0,1,1,1
GP Baghera,1,150000.0,1,1,1
GP Bagheigarh,1,150000.0,1,1,1
HATHNOLI GRAM PANCHAYAT,1,150000.0,1,1,1
GP PLAHTA,1,150000.0,1,1,1
ALMAVADI GRAM PANCHAYAT,1,150000.0,1,1,1
GRAM PANCHAYAT GOVANDI BHATHALA,2,150000.0,2,1,1
MS SANTOSHI TRADERS,1,150000.0,1,1,1
Richard Nongphlang,1,150000.0,1,1,1
Ribok Kharpran,1,150000.0,1,1,1
GRAM PANCHAYAT BANDHAPALI 14 FIN,1,150000.0,1,1,1
GRAM PANCHAYAT GITHAR,1,150000.0,1,1,1
GRAM PANCHAYAT SULIPUR VADNAGAR,1,150000.0,1,1,1
Gram Panchayat Lower Karsog,1,150000.0,1,1,1
Sh Surjeet Singh So Kahan Chand Ro Hochak Ukhral Ramban District Ramban Contractor PWDJNKCONT202431,1,150000.0,1,1,1
GP ShadiMatiyana,1,150000.0,1,1,1
GP SIHANA,2,150000.0,1,1,1
GP Sheel,1,150000.0,1,1,1
GP Shakrori,1,150000.0,1,1,1
Gram Panchat Pahurbel,1,150000.0,1,1,1
VAISHNAVI ENTERPRISES,1,150000.0,1,1,1
Grama Panchayat Jamdih,1,150000.0,1,1,1
GP Kalinda Matiana,1,150000.0,1,1,1
GP Kaloor,1,150000.0,1,1,1
GRAM PANCHAYAT RAKHOTA,1,150000.0,1,1,1
GP Kholanal,1,150000.0,1,1,1
GRAM PANCHAYAT KRISHNPUR,1,150000.0,1,1,1
GRAM PANCHAYAT  KAPOORNALA,1,150000.0,1,1,1
Threevand Ch Marak,2,150000.0,1,1,1
GP Karot,1,150000.0,1,1,1
GP Karwal,2,150000.0,1,1,1
GPChowki,2,150000.0,2,1,1
GP Khangteri,1,150000.0,1,1,1
GP Kot Shilaru,1,150000.0,1,1,1
Gram panchayat Kamthikala,2,150000.0,1,1,1
CONSTRUCTION OF BOUNDARY WALL OF NABAJYOTI COLLEGE KALGACHIA,1,150000.0,1,1,1
SYRLEIN SECONDARY SCHOOL,1,150000.0,1,1,1
GRAM PANCHYAT SANKH,2,150000.0,1,1,1
GRAM PANCHAYAT KHANORA,2,150000.0,2,1,1
Sunshine  Kharbani,1,150000.0,1,1,1
GP MASHGAN,1,150000.0,1,1,1
MITANIN PROTSAHAN RASHI LEPRA,1,150000.0,1,1,1
sarpanch gp mendki,2,150000.0,1,1,1
sarpanch gp sindraiguraiyathar,2,150000.0,1,1,1
GRAM PANCHAYAT BAMANVA,1,150000.0,1,1,1
sarpanch gp mankadehi khurd,2,150000.0,1,1,1
Debakanta Roy,1,150000.0,1,1,1
gp pukhari,2,150000.0,1,1,1
SARPANCH OF GRAM PANCHAYAT BAXSHAHI,1,150000.0,1,1,1
GP CHAURI,1,150000.0,1,1,1
GP DISWANI,1,150000.0,1,1,1
GP DHANALG,1,150000.0,1,1,1
GRAM PYT  KAILASHPUR INDRA AWAS JIWAN,1,150000.0,1,1,1
Temsumenba Imsong,2,150000.0,1,1,1
Surpanch Shree Gram Panchayat Dhanol,1,150000.0,1,1,1
CHETHAN UDYOG TWOWHEELERS LLP,1,150000.0,1,1,1
BHABOKLANG RYNTATHIANG,1,150000.0,1,1,1
GRAM PANCHYAT SAKARVADA,2,150000.0,1,1,1
gram panchayat rampur,1,150000.0,1,1,1
ZAMOK JAMIR,2,150000.0,1,1,1
GRAM PANCHAYAT MISROD SARPANCH GRAM,1,150000.0,1,1,1
Gram Panchayat JHUROWAL,1,150000.0,1,1,1
GRAM PANCHAYT LATHGAON,2,150000.0,1,1,1
GP Dhamandri,1,150000.0,1,1,1
PRABHAKAR MARBLE EMPORIUM,1,150000.0,1,1,1
JITAN SAH,1,150000.0,1,1,1
Arbinus Lyngdoh,1,150000.0,1,1,1
GRAM PANCHAYAT SARANGBHIRI,2,150000.0,1,1,1
AKRASU Real,1,150000.0,1,1,1
Gram Panchayat Jai Pidi Mata,2,150000.0,1,1,1
GP KUWAR KOTRI JP NARSINGARH,1,150000.0,1,1,1
GP KOTI BOUNCH,3,150000.0,2,1,1
GP KODA JAMUNIYA JP UDAIPURA,2,150000.0,2,1,1
K Imlitemjen Jamir,2,150000.0,1,1,1
Mr PYNDAPBOR MANNER,1,150000.0,1,1,1
GP Pichhalihaar,1,150000.0,1,1,1
GP Pehad,1,150000.0,1,1,1
Robert Benison Wahlang,1,150000.0,1,1,1
GUPTA ENTERPRISES,1,150000.0,1,1,1
GP PAPLAH,1,150000.0,1,1,1
GRAM PANCHAYAT TEDAMA,1,150000.0,1,1,1
GARMPANCHAYAT DAHIYAP,1,150000.0,1,1,1
JAI SHREE CONSTRUCTION CO,1,150000.0,1,1,1
Moti Khakhar,1,150000.0,1,1,1
DODIWADA GRAM PANCHAYAT,1,150000.0,1,1,1
HARINDER SINGH BHAMRA,2,150000.0,1,1,1
Sarpanch sachiv gram panchayat Tekapar,2,150000.0,1,1,1
gram panchayat sonbarsa,1,150000.0,1,1,1
GRAM PANCHAYAT LAXMIPURA,1,150000.0,1,1,1
GP MAU JP SARANGPUR,1,150000.0,1,1,1
Sports Junction,1,150000.0,1,1,1
RIPIL MAWPHNIANG,1,150000.0,1,1,1
RISHA L RANI,2,150000.0,1,1,1
GP Lowerkoti,1,150000.0,1,1,1
Enok A Sangma,3,150000.0,1,1,1
GP CHULHARI,2,150000.0,1,1,1
Elmoon Surong,1,150000.0,1,1,1
NIMAHA KHAKLARY,1,150000.0,1,1,1
gram panchayat baretha,1,150000.0,1,1,1
GP NAYAKHEDA JP UDAIPURA,2,150000.0,1,1,1
Erick Momin,2,150000.0,1,1,1
GRAM PANCHAYAT NIRDHI,1,150000.0,1,1,1
Aarav International Jalandhar,1,150000.0,1,1,1
MULBHUT YOJNA G P SASIN,1,150000.0,1,1,1
sachiv gram panchayat Dolariya,1,150000.0,1,1,1
sachiv gram panchayat Bamhangaonkala,2,150000.0,1,1,1
sachiv gram panchayat Bachavani,2,150000.0,1,1,1
GRAM PANCHAYAT AKOLA,2,150000.0,1,1,1
SDO UHBVN Kalanaur,1,150000.0,1,1,1
MAHALAKSHMI ENTERPRISE,1,150000.0,1,1,1
AGLOD GRAM PANCHAYAT,1,150000.0,1,1,1
GRAM PANCHAYAT MACHWARA,1,150000.0,1,1,1
SARPANCH SACHIV GRAM PANCHAYAT SIRSAKHURD,1,150000.0,1,1,1
NARSANDA GRAM PANCHAYAT,1,150000.0,1,1,1
GRAM PANCHAYAT MOKHALI,1,150000.0,1,1,1
Rangsilchi Ch Marak,2,150000.0,1,1,1
Gram Panchayat Katwadi Bagdath,1,150000.0,1,1,1
GRAM PANCHAYAT DHUBGHAT,2,150000.0,1,1,1
Gram Panchayat Giltari,2,150000.0,1,1,1
GRAM PANCHAYAT MAGHROL,2,150000.0,2,1,1
Gram Panchayat Golwan,1,150000.0,1,1,1
GUNTHALI GRAM PANCHYAT GRAM PANCHYAT,1,150000.0,1,1,1
BORIYA JAGAPUR GRAM PANCHAYAT,1,150000.0,1,1,1
DOMINIC A SANGMA,1,150000.0,1,1,1
DORBAR SHNONG OF MYNTHNING VILLAGE,1,150000.0,1,1,1
DORBAR SHNONG SHANGPUNG MISSION,2,150000.0,1,1,1
CHURIK A MOMIN,2,150000.0,1,1,1
GRAM PANCHAYAT REECHA,2,150000.0,2,1,1
AMODARA GRAM PANCHAYAT,1,150000.0,1,1,1
gp bhajotyra,2,150000.0,1,1,1
GP Kot Dhalyas,1,150000.0,1,1,1
RAMANA MUVADA GRAM PANCHYAT GRAM PANCHYAT,1,150000.0,1,1,1
GP magardha jp badi,2,150000.0,1,1,1
GP samour,1,150000.0,1,1,1
gp summerkot,1,150000.0,1,1,1
gp tigariya jp obedullaganj,1,150000.0,1,1,1
cmobistan,1,150000.0,1,1,1
NADASHA GRAM PANCHAYAT,1,150000.0,1,1,1
NADARKHA GRAM PANCHAYAT,1,150000.0,1,1,1
TAJERI GRAM PANCHYAT,1,150000.0,1,1,1
bechar becharji gram pachayat,1,150000.0,1,1,1
Gram Panchayat Samaruma,1,150000.0,1,1,1
GRAM PANCHAYAT PONDI UPRORA,1,150000.0,1,1,1
John Marbin Kharumnuid,2,150000.0,1,1,1
National Sports and Games,1,150000.0,1,1,1
RAJA K,1,150000.0,1,1,1
SARPANCHSHRI MANEKPURA GRAM PANCHAYAT,1,150000.0,1,1,1
GRAM PANCHAYAT PETLA,1,150000.0,1,1,1
GRAM PANCHAYAT PUSLA,1,150000.0,1,1,1
Gram Panchayat Gounta,1,150000.0,1,1,1
GRAM PANCHAYAT  BADGUAN,1,150000.0,1,1,1
Permithson B Marak,3,150000.0,1,1,1
Gellen Ch Marak,3,150000.0,1,1,1
KALSI INTERLOCK TILES,5,150000.0,1,1,1
GRAM PANCHAYAT CHARBHATA KU,2,149999.0,1,1,1
SHANTHI ELECTRICALS,1,149996.0,1,1,1
Ess Kay Sports,1,149983.0,1,1,1
Kedar industries and technology,1,149978.0,1,1,1
DESANG HARDWARE STORE,2,149974.0,1,1,1
KATIPELLY JAGADHEESHWAR REDDY,1,149972.0,1,1,1
BHAWANA ALMARI BAKSHA UDYOG,1,149968.0,1,1,1
AKHANDALAMANI HARDWARE AND PAINT STORE,1,149959.0,1,1,1
RUBAL TRADING COMPANY,2,149955.0,1,1,1
RAJNAGAR GRAM PANCHAYAT,1,149955.0,1,1,1
GRAM PANCHAYAT MALASONI,2,149940.0,2,1,1
GRAM PANCHAYAT DEVIPUR,1,149928.0,1,1,1
SWATI ENTERPRISE,1,149925.0,1,1,1
PIPLATA GRAM PANCHAYAT,1,149923.0,1,1,1
MEMAR GRAM PANCHAYAT,1,149916.0,1,1,1
Bhunad,2,149908.0,1,1,1
DULUMONI DULAKAKHORIA,2,149907.0,1,1,1
SVS Enterprises,1,149900.0,1,1,1
GP MAHANGVA,2,149840.0,1,1,1
Baharul Islam,1,149833.0,1,1,1
LONGKI PHANGCHO,1,149830.0,1,1,1
Gram Panchayat Sarol,1,149829.0,1,1,1
Mr SARPANCH GRAM PANCHAYAT KUNJNAGAR,1,149823.0,1,1,1
Badhan Traders,3,149800.0,1,1,1
Bagadolla Bhumanna,1,149795.0,1,1,1
GRAM PANCHAYAT JINAJ,1,149775.0,1,1,1
Haridas T,1,149761.0,1,1,1
SUBHASHIS MAHANTA,2,149685.0,1,1,1
ROHIKA GRAM PANCHAYAT,1,149644.0,1,1,1
ISHFAQ ALI DIN,1,149595.0,1,1,1
MUKESH WALDIA,1,149550.0,1,1,1
VAJEWAL grampanchayat,1,149494.0,1,1,1
KOTARIYA  gram panchayat,1,149494.0,1,1,1
Chandan Bordoloi,1,149479.0,1,1,1
MAA SANTOSHI TRADERS,1,149451.0,1,1,1
BANIBRATA CONSTRUCTION,1,149420.0,1,1,1
THE SHRI BABA RUPADASS COOPERATIVE L AND C SOCIETY LIMITED DONGRA AHIR,1,149357.0,1,1,1
RAWAT GOVERNMENT CONTRACTOR,1,149324.0,1,1,1
YOGINDER SINGH,1,149250.0,1,1,1
ZIMIDARA AGRO STORE,3,149215.0,1,1,1
SOHAL CEMENT STORE,4,149200.0,1,1,1
MAMTA CONSTRUCTION AND  MATERIAL SUPPLIERS,1,149180.0,1,1,1
Nallathamby I,1,149171.0,1,1,1
Super Tile Factory,1,149110.0,1,1,1
Prem kumar Nikhil Kumar,1,149104.0,1,1,1
PULPIT,1,149044.0,1,1,1
Virender Kumar,1,149000.0,1,1,1
SUDHA ENTERPRISES,1,148764.0,1,1,1
MS BISWAL TRADERS,1,148698.0,1,1,1
Gurpreet kaur,2,148687.0,1,1,1
RAINU CONSTRUCTION COMPANY,1,148680.0,1,1,1
FORTUNE ENTERPRISE,1,148550.0,1,1,1
SOYEB ENTERPRISE,1,148410.0,1,1,1
SACHIV GRAM PANCHAYAT RAIPUR,2,148400.0,1,1,1
High School Chargoda,2,148300.0,1,1,1
BDO LAKHANPUR,7,148130.0,4,1,1
Sanjeev Building Material,3,148090.0,2,1,1
SANJU MOLLA,1,148064.0,1,1,1
YOGENDRA KUMAR PATEL,1,148020.0,1,1,1
Bansal Cement And  Sanitary Store,3,147960.0,1,1,1
RAJENDRA PRASAD OJHA,1,147913.0,1,1,1
PK Trading Company,1,147886.0,1,1,1
SHIEKH ISLAM TAHIRUL ISLAM,1,147816.0,1,1,1
SHREE COMPUTERS,1,147813.0,1,1,1
NATIONAL BRICKS COMPANY,3,147764.0,2,1,1
ZALBHAI NI MUVADI,2,147677.0,2,1,1
GURU NANAK BUILDING AND MATERIAL STORE,2,147600.0,1,1,1
ACHU ALIAS ALEX,1,147568.0,1,1,1
Chunni Lal,1,147511.0,1,1,1
JALIA GRAM PANCHAYAT,1,147419.0,1,1,1
SATHVAV GRAM PANCHAYAT,1,147236.0,1,1,1
Balbir Kaur,2,147230.0,1,1,1
DEV ENTERPRIESE,1,147140.0,1,1,1
JK Hardware Cement Store,5,147097.0,1,1,1
AKASH  CHANDAN,1,147000.0,1,1,1
KHALSA AND CO,4,147000.0,1,1,1
MS JINDAL BKO,5,146916.0,1,1,1
shri ram trading company,2,146800.0,1,1,1
Saradr Enterprise,4,146595.0,1,1,1
Zimidara Hardware,3,146570.0,1,1,1
Rajat Sharma Contractor,11,146556.0,11,1,1
Balwinder Singh Bodal Mistri,4,146550.0,2,1,1
SURADA SONIYA,1,146346.0,1,1,1
Gunindra Deka,1,146300.0,1,1,1
The MAA DURGA SOCIETY COOPERATIVE LABOUR AND CONSTRUCTION SOCIETY,1,146271.0,1,1,1
Krishna Trading Co Malout,6,146262.0,5,1,1
Kohladi,2,146244.0,1,1,1
KULDEEP KUMAR,1,146000.0,1,1,1
BSG INTERNATIONAL,1,145479.0,1,1,1
Shri Krishna Traders,2,145073.0,1,1,1
RUPESH GENDALAL PRAJAPAT,4,145000.0,1,1,1
Tahasildar Banspal,6,144890.0,6,1,1
MAHI TRADING COMPANY,1,144882.0,1,1,1
KCS Traders,5,144783.0,2,1,1
PJ ENTERPRIESES,1,144664.0,1,1,1
Sh Sadham Hussain So Mohd Rafiq Ro Janoori Dehdah Distt Ramban 182144 Contractor,1,144600.0,1,1,1
Bagga singh Mistery,1,144570.0,1,1,1
HARDEEP WELDING WORKS,2,144408.0,1,1,1
GURU KIRPA INTERLOCK TILES,3,144396.0,1,1,1
MANOJ KUMAR YADAV,1,144320.0,1,1,1
SIRSA HW AND PIPE STORE,1,144296.0,1,1,1
PRABH RCC PIPES,4,144258.0,1,1,1
Jagan Nath Dharam Chand,3,144203.0,1,1,1
Jindal Iron Store Nihal Singh Wala,2,144120.0,1,1,1
SARPANCHSHREE MAHADEVPURA GRAM PANCHAYAT,1,144080.0,1,1,1
Darshan Kumar,3,144000.0,2,1,2
Ms Rajinder Singh Bhagwant Singh And Co,2,144000.0,1,1,1
Paramjit Singh,1,144000.0,1,1,1
ANTONY LYNGDOH,1,144000.0,1,1,1
Surinder Singh,3,144000.0,2,1,1
Bulbul Alam,3,143930.0,2,1,1
SINGH MATERIAL CONSTRUCTION,1,143796.0,1,1,1
RAMESH KUMAR,6,143680.0,6,2,4
BANTU PRASHANTH,1,143565.0,1,1,1
GP KURAL,1,143546.0,1,1,1
The R K Gram Udyog Samiti,1,143500.0,1,1,1
Yudhvir Singh,1,143500.0,1,1,1
AV Traders,7,143400.0,2,1,1
VISWAS COMPUTERS MULTI BRAND SHOPPE,1,143250.0,1,1,1
SB Bricks Gram Udyog,6,143241.0,5,1,1
Guru Nanak Bricks Industries,5,143224.0,3,1,1
MZADA ELECTRICALS,1,143055.0,1,1,1
Ramji Dass Bansal Sons,8,142976.0,4,1,1
GRAM Panchayat JIA KHAS,2,142806.0,1,1,1
harmesh singh,4,142752.0,1,1,1
Vishkarma Cement Store,1,142650.0,1,1,1
Kanwar Tile Factory,5,142550.0,1,1,1
RUBUL BORUAH,1,142264.0,1,1,1
MOHIT GIRDHAR,1,142257.0,1,1,1
INDERJEET PASWAN,4,142178.0,3,1,1
MOHAN LAL,7,142124.0,6,2,5
J S TRADERS,4,142029.0,3,1,2
PREM CHAND HARBHAJAN LAL,4,142000.0,2,1,1
KRISHAN SINGH,6,141740.0,3,1,1
Zimidara Cement Store Mianpur,3,141719.0,1,1,1
Bilal Ahmad Surkha,1,141700.0,1,1,1
JITENDER KUMAR,1,141693.0,1,1,1
SDO GOPAL NAGAR TECH GOPAL NGR SUB DIV PSPCL EAST DIVISION,2,141598.0,2,1,1
Rajat Upadhyay,1,141546.0,1,1,1
JAGMOHAN SINGH DEOL,1,141450.0,1,1,1
Atla gram Udyog Samiti,5,141440.0,4,1,1
Durga Iron Store,2,141427.0,1,1,1
NARESH TRADERS AND SETRING,2,141388.0,1,1,1
Jarnail singh,3,141340.0,2,1,2
KHIZRABAD BRICK KILN,5,141280.0,2,1,1
KK BUILDING MATERIAL STORE,4,141252.0,2,1,1
Hilal E Ahmar Enterprises,1,141000.0,1,1,1
A N SREEDEVI  HEADMISTRESS,1,140999.0,1,1,1
GRAM PANCHAYAT GALABKHURD,2,140780.0,1,1,1
BMN Trading Co,2,140761.0,2,1,1
UGGAR SAIN,6,140532.0,4,1,1
Anmol Kalia,1,140519.0,1,1,1
OMESH SHARMA,1,140500.0,1,1,1
GIRISH CHANDRA JOM,1,140499.0,1,1,1
gram bharti balaghat,2,140286.0,1,1,1
PARVEEN SINGH CO,2,140050.0,2,1,1
NURAIN MIYAN,2,140038.0,1,1,1
SARPANCH GRAM PANCHAYAT BAGALKHEDI,4,140000.0,2,1,1
GRAM PANCHAYAT IKALBIHARI,3,140000.0,3,1,1
MANGA SINGH,5,140000.0,2,1,1
Sri Ragapranitha Speech and Hearing Centre,1,140000.0,1,1,1
GOTTAM KUMAR,1,140000.0,1,1,1
CITY HEARING AIDS SHIMOGA,2,140000.0,2,1,1
ABIKESH SHARMA,1,140000.0,1,1,1
SARPANCH SACHIV GRAM PANCHAYAT USHADH,1,140000.0,1,1,1
Gram Panchayat ACHNAGAON,1,140000.0,1,1,1
Uppu Ram Kishan,1,140000.0,1,1,1
JHOR GSSS LTD JHOR,2,140000.0,2,1,1
Gram Panchayat Badosa,3,140000.0,2,1,1
Ram Nath,1,140000.0,1,1,1
Vishwkarma Interlock Tile,1,139977.0,1,1,1
Sarpanch Gram Panchayat Harsolav,1,139880.0,1,1,1
DKS PRECAST CONCRETE ENGINEERING AND BUILDING,1,139783.0,1,1,1
MS Ganesh cement store,4,139710.0,2,1,1
SOMA SUDARSHAN REDDY,1,139666.0,1,1,1
Satya Laxmi Shankar,2,139651.0,2,1,1
GRAM PANCHAYAT GWALOO,2,139540.0,1,1,1
Abishek Thakur,1,139400.0,1,1,1
PHILLIPS INTERNATIONAL,1,139320.0,1,1,1
Mouttouraman G,1,139304.0,1,1,1
Lambardar Gurbax Cement Store,3,139180.0,1,1,1
Pawan bhalla bko,1,139072.0,1,1,1
Negi supplier,2,139040.0,2,1,1
RAAZ STEEL INDUSTRIES BARNALA,1,138967.0,1,1,1
RAVINDER KUMAR,2,138873.0,2,1,1
AS Trading CO,1,138787.0,1,1,1
Harnaib Singh,9,138750.0,1,1,1
Som Pal Chaudhary,3,138750.0,2,1,1
Baba Deep Singh Cement Store,1,138725.0,1,1,1
HARYANA CEMENT STORE,4,138700.0,1,1,1
SOHI TRADERS,6,138595.0,2,1,1
SHIV TRADING CO,1,138577.0,1,1,1
GRAM PANCHAYAT JOSHIKUVA,1,138100.0,1,1,1
Lovepreet Singh,6,138076.0,4,1,3
Shiva Brick Kiln Enterprises,3,138000.0,1,1,1
RAMENDRANARAYAN KAR,1,138000.0,1,1,1
GURCHARAN SINGH,2,138000.0,2,1,2
GRAM PANCHAYAT BUDHDHA,1,138000.0,1,1,1
PRAVINBHAI MAKVANA,1,138000.0,1,1,1
Shabeer Ahmad,1,137800.0,1,1,1
HEAD MISTRESS,2,137653.0,2,1,2
Khalsa  Cement Store,3,137555.0,2,1,1
MANASH CHETIA,1,137408.0,1,1,1
SAVERA AUTOCRAFT LLP,1,137000.0,1,1,1
SIVAMOTORS,1,137000.0,1,1,1
NB Power Tiles Behnangal,3,136800.0,1,1,1
Sangrur Tiles,2,136800.0,1,1,1
D S Builders,3,136785.0,1,1,1
BHARAT SANITARY HOUSE,4,136401.0,2,1,1
PRATAPBHAI BHUPATBHAI BHAMBHLA,1,136352.0,1,1,1
Sukh Building Material,1,136300.0,1,1,1
BRIGHT CONSTRACTION,3,136298.0,1,1,1
NAMAN TRADERS,1,136261.0,1,1,1
G R Enterprices,1,136045.0,1,1,1
Gouranga Charan,1,136025.0,1,1,1
Nishan Singh,2,136000.0,1,1,1
Ms Ab Traders,2,136000.0,1,1,1
SUKHWINDER SINGH,3,135980.0,2,1,2
Manjit Kaur Sarpanch Hodla Kalan,4,135964.0,4,1,1
AJ BRICK KILN,3,135891.0,1,1,1
Gagandeep Singh,2,135865.0,1,1,1
PEACOCL FEATHERS,8,135841.0,8,1,1
Block Development Officer Daspalla,29,135574.0,29,1,1
Surender Kumar,3,135332.0,1,1,1
EEEDD 2 CHANDPUR,1,135300.0,1,1,1
Gurmeet Singh,7,135270.0,6,1,3
ARIYAN CONSTRUCTION,2,135267.0,2,1,1
OPI GAO,2,135003.0,1,1,1
PASULA GANGA REDDY,1,135000.0,1,1,1
sarpanch gp musadehi,2,135000.0,2,1,1
Dalipa Ram,2,135000.0,2,1,1
Sanjeev bricks field,1,135000.0,1,1,1
Sh Mohd Rafi So Keema Ro Dalwah Sangaldan Tehsil Gool District Ramban Contractor,1,135000.0,1,1,1
BATH AND BHINDER TILE FACTORY,1,134874.0,1,1,1
Dasari Anitha,1,134861.0,1,1,1
NANGKU JERANG,1,134750.0,1,1,1
AAQIB ENTERPRISES,1,134715.0,1,1,1
SUNWORLD SPORTS,1,134600.0,1,1,1
OM IRON AND CEMENT STORE,1,134562.0,1,1,1
Gurnoor building material,1,134400.0,1,1,1
KASANA  BULIDING MATERIAL SUPPLIERS,4,134145.0,4,1,1
AEN O M AVVNL REENGUS,1,134058.0,1,1,1
Rajib Phukan,3,133980.0,2,1,1
Sohal Commission Agent,2,133960.0,1,1,1
WELKIN HEALTH CARE PVT LTD,1,133922.0,1,1,1
Shankar Singh,1,133700.0,1,1,1
Royality Addl Royality,7,133590.0,7,1,1
KALGIDHAR TRADERS,2,133577.0,2,1,1
MANOJ RATILAL SAGAR,1,133367.0,1,1,1
Mehraj ud Din Shah,1,133300.0,1,1,1
PARTHA PRATIM PATHAK,1,133018.0,1,1,1
MOHINDER SINGH,1,133000.0,1,1,1
DIMPLE SHARMA,1,133000.0,1,1,1
HARSIMRAN BKO,4,132765.0,1,1,1
MS VIVEK MARBLES,3,132588.0,1,1,1
SHRI KRISHNA STONE AND M SEND,3,132300.0,1,1,1
Amanpreet  ement and Iron Store,2,132294.0,2,1,1
Tahasildar Nayagarh,8,132183.0,7,1,1
BABA SAHIB DASS ENTERPRISES,4,132147.0,2,1,2
GRAM PANCHAYAT CHAREGAOV,3,132119.0,1,1,1
PUNEET KUMAR SO HEM RAJ,1,132088.0,1,1,1
Jitendra tirole,5,132000.0,1,1,1
Balram Constuction,2,132000.0,1,1,1
KANG TILES,1,131905.0,1,1,1
JASWANT SINGH,2,131824.0,2,1,2
Nagi Building Materials Village Passi Kandi,10,131550.0,5,1,1
Jagtar Inderjit Singh,3,131550.0,1,1,1
B B ENTERPRISE,1,131520.0,1,1,1
GANESH LAL,2,131503.0,2,1,1
Sh Anchal Singh So Khushi Ram Ro Kumate Tehsil Rajgarh District Ramban Contractor,1,131300.0,1,1,1
BJ TRADERS BRICKS AND TILES MANFUFATURES,2,131200.0,1,1,1
BHANWAR SINGH RAJPUROHIT,1,131100.0,1,1,1
EDD Machhalishahar,1,131000.0,1,1,1
Joshy Thomas,1,130930.0,1,1,1
MS Bharta Ram,1,130917.0,1,1,1
GULZAR BIBI,1,130800.0,1,1,1
Baba Bullaji Bricks Co Chowke,4,130700.0,2,1,1
Tirumalasetty Ashok Kumar,1,130677.0,1,1,1
Sanguri Hardware,1,130468.0,1,1,1
SAI KIRSHNA HONDA,1,130165.0,1,1,1
SAVITA ENTERPRISES,1,130080.0,1,1,1
TARABH GRAM PANCHAYAT KACHERI,1,130000.0,1,1,1
GRAM PANCHAYAT AADNAR,1,130000.0,1,1,1
KAIRALI BOOKS PVT LTD,2,130000.0,2,1,2
JETALVASANA GRAM PANCHAYAT,1,130000.0,1,1,1
NAVKAR,2,130000.0,1,1,1
BOKARVADA GRAM PANCHAYAT,1,130000.0,1,1,1
GRAM PANCHAYAT MUNGAWAL,1,130000.0,1,1,1
GRAM PANCHAYAT NAGARI SWACH BHARAT MISSION YOJANA,1,130000.0,1,1,1
SARPANCHSHRI KAMLI GRAM PANCHAYAT,1,130000.0,1,1,1
GUGNANI MOTORS,1,129972.0,1,1,1
AFSAR ENTERPRISE,1,129883.0,1,1,1
MS KHAN CONSTRUCTION,1,129870.0,1,1,1
NS BRICKS IND,4,129810.0,1,1,1
BALAJI BHATTA GRAM UDYOG,1,129744.0,1,1,1
GOWNIPURAM VISALI,1,129616.0,1,1,1
DASHMESH BKO,5,129490.0,1,1,1
ASHOK JANA,1,129039.0,1,1,1
Bhagyoday Rubber Mould,2,129000.0,2,1,1
Bharat Solar And Mechanical Works,1,129000.0,1,1,1
HIMASHREE ENTERPRISE,1,128415.0,1,1,1
SARPANCH SACHIV GRAM PANCHAYAT HARIPUR,1,128400.0,1,1,1
JIWAN INDUSTRIES,1,128384.0,1,1,1
SHANTANU MONDAL,1,128337.0,1,1,1
MS Patial Bricks,4,128003.0,3,1,1
Rajveer Kaur,3,127948.0,2,1,2
Sunil Mankotia,1,127705.0,1,1,1
Des Raj,1,127700.0,1,1,1
Hariom Plywood and Fibre House,1,127558.0,1,1,1
SUNDARAM BUILDING MATERIAL STORE,4,127540.0,1,1,1
Govind pipes,1,127439.0,1,1,1
MS SUPRIYA CONSTRUCTION,1,127360.0,1,1,1
MARUTI HARDWARE,1,127220.0,1,1,1
GURU NANAK BUILDING MATERIAL,3,127200.0,2,1,1
VINOD KUMAR AND COMPANY,4,127100.0,2,1,1
HARMONY MOTORS PVT LTD,1,126851.0,1,1,1
MITTAL IRON STORE,1,126797.0,1,1,1
DASHMESH RETA BAJRI TALL,4,126625.0,2,1,2
GULATI BRICKS,2,126614.0,2,1,1
SHANKER TRADING COMPANY,3,126530.0,2,1,1
Sri Vaishnavi Enterprises,1,126526.0,1,1,1
Ms JHINGER TILE FACTORY,3,126239.0,1,1,1
Gram Panchayat Ban,1,126152.0,1,1,1
UMESH SHARMA,2,126065.0,1,1,1
MS Walia Bricks,3,126000.0,2,1,1
Paramjeet Singh,2,125795.0,2,1,1
PAWAN KUMAR,5,125625.0,2,2,2
SEKHON GRAM UDYOG SAMTI,5,125600.0,4,1,1
Balwinder singh,4,125544.0,3,1,1
VARINDER SAHNI HDFC,2,125283.0,2,1,1
KUMAS GRAM PANCHAYAT,1,125265.0,1,1,1
MS SARMA TIMBER FARNITURE HOUSE,1,125158.0,1,1,1
The New Bharat CoOp L and C Soceity LTD,1,125131.0,1,1,1
SRI TIRUMALA ELEVATORS AND ENTERPRISES,1,125000.0,1,1,1
GRAM PANCHAYAT GHANAUMARI,1,125000.0,1,1,1
Gram panchayat Lonadei,1,125000.0,1,1,1
GRAM PANCHAYAT TANAKHAR,1,125000.0,1,1,1
Gram pancahyat kohpani,1,125000.0,1,1,1
SUNDI,1,125000.0,1,1,1
Jambugoral Gram Panchayat,1,125000.0,1,1,1
Banshngainlang Nongkynrih,1,125000.0,1,1,1
GP Protha,1,125000.0,1,1,1
Abraham Persara UP School,1,125000.0,1,1,1
CMO CHHURIKALA SANSAD MAD,1,125000.0,1,1,1
Gram pancahyat reiyarao,1,125000.0,1,1,1
Gram pancahyat khamtara,1,125000.0,1,1,1
Gram pancahyat samardhoh,1,125000.0,1,1,1
Gram pancahyat saleiybulaki,1,125000.0,1,1,1
gram panchayat pendri,1,125000.0,1,1,1
gram panchayat lalutola,1,125000.0,1,1,1
KANGSI,1,125000.0,1,1,1
Saw Balang U P School Sohphoh,1,125000.0,1,1,1
Suryanarayana Bagepalli,1,125000.0,1,1,1
GRAM PANCHAYAT VANSI,1,125000.0,1,1,1
S NAWAJ REDDY,1,125000.0,1,1,1
GRAM PANCHAYAT VADSANGAL,1,125000.0,1,1,1
GRAM PANCHAYAT MIRJAPORE,1,125000.0,1,1,1
VILLAGE PANCHAYAT DHOLAI,1,125000.0,1,1,1
RAJYA PRAWARTIT YOJNA G P SEMRA,1,125000.0,1,1,1
GRAM PANCHAYAT MALWADA,2,125000.0,2,1,1
RAJYA PRAWARTIT YOJANA G P KUMHARI DARRI,1,125000.0,1,1,1
GRAM PANCHAYAT DIPLA,1,125000.0,1,1,1
GRAM PANCHAYAT MANGROL,1,125000.0,1,1,1
GP BARRAM,1,125000.0,1,1,1
Nagarpalika Amarwara,1,125000.0,1,1,1
GRAM PANCHAYAT DOB,2,125000.0,1,1,1
SARPANCH OF GRAM PANCHAYAT POTAPANI,1,125000.0,1,1,1
SARPANCH OF GRAM PANCHAYAT KARTALA,1,125000.0,1,1,1
MULBHUT G P BARTARAI,1,125000.0,1,1,1
SARPANCH OF GRAM PANCHYAT ALGEDANGH,1,125000.0,1,1,1
KavalYellaiah,1,125000.0,1,1,1
Nagar Palika Parishad chourai,1,125000.0,1,1,1
SARPANCH GRAM PANCHAYAT PATHARI,1,125000.0,1,1,1
Living June Nongbri,1,125000.0,1,1,1
E MADHUSUDHAN REDDY,1,125000.0,1,1,1
SARPANCH SHREE GRAM PANCHAYAT PATI,1,125000.0,1,1,1
SARPANCHSHREE SUNDARPUR GRAM PANCHAYAT,1,125000.0,1,1,1
MULBHUT G P PONDIGOSAI,1,125000.0,1,1,1
SARPANCHSACHIV GRAMPANCHAYATMOHAR,1,125000.0,1,1,1
SARPANCHSHREE TINTODAN GRAM PANCHAYAT,1,125000.0,1,1,1
SARPANCH SHRI GRAM PANCHAYAT MENDHAR,1,125000.0,1,1,1
GRAM PANCHAYAT BELKHEDA,1,125000.0,1,1,1
GRAM PANCHAYAT BHINAR,1,125000.0,1,1,1
GRAM PANCHAYAT PATHA,1,125000.0,1,1,1
BHURADABRA VIKAS DABAR,1,125000.0,1,1,1
GRAM PANCAHYAT UMBHRAT,1,125000.0,1,1,1
GRAM PANCHAYAT PARSOLI,1,125000.0,1,1,1
GRAM PANCHAYAT MAGOB BHATHA,1,125000.0,1,1,1
Gram pancahyat madhi,1,125000.0,1,1,1
Gram pancahyat ghoghri,1,125000.0,1,1,1
GRAM PANCHAYAT  BANGAI,2,125000.0,1,1,1
GRAM PANCAHYAT DELVADA VADOLI ALURA,1,125000.0,1,1,1
GRAM PANCHAYAT PONSRI,1,125000.0,1,1,1
GRAM PANCHAYAT PIPARIYA RAIYAT,1,125000.0,1,1,1
GRAM PANCHAYAT PARUJAN,1,125000.0,1,1,1
Synshai Jana,1,125000.0,1,1,1
cmo sanawad,1,125000.0,1,1,1
GRAM PANCHAYAT KHERGAM,1,125000.0,1,1,1
OTHER RESOURCE GP RODE,1,125000.0,1,1,1
Gram Pancahyat ATRIYA,1,125000.0,1,1,1
DHARAMPAL,1,125000.0,1,1,1
Gram Pancahyat AHARWADA,1,125000.0,1,1,1
GP Sach,1,125000.0,1,1,1
GP Tatohali pardana,1,125000.0,1,1,1
Gram Panchayat Vadi,1,125000.0,1,1,1
Sahanwin,1,125000.0,1,1,1
GRAM PANCHYAT NANDANVADI,1,125000.0,1,1,1
SARPANCH GRAM PANCHAYAT MASA,1,125000.0,1,1,1
GRAM PANCHYAT KHIRETI,1,125000.0,1,1,1
GRAM PANCHYAT KEKADA,1,125000.0,1,1,1
GRAM PANCHYAT CHARGAW PRAHLAD,2,125000.0,1,1,1
GRAM PANCHYAT BANDRA,1,125000.0,1,1,1
GRAM PANCHAYAT SURELA KISHOR SFC,1,125000.0,1,1,1
Gram Panchayat Movasa,1,125000.0,1,1,1
R Mallaiah,1,125000.0,1,1,1
GRAM PANCHAYAT DANTI,1,125000.0,1,1,1
Bhumanna Duda,1,124941.0,1,1,1
VADDE YADAIAH,1,124925.0,1,1,1
CEO Janpad Panchayat Pondi Uprora,1,124896.0,1,1,1
KAMMARI ANURADHA,1,124765.0,1,1,1
P MAHIPAL REDDY,1,124680.0,1,1,1
GUNNALA SRINIVAS REDDY,1,124660.0,1,1,1
CHOUDHRY IRON STORE,3,124640.0,1,1,1
HANAMANT WADDAR,1,124587.0,1,1,1
GRAM PANCHAYAT SILAVAT,1,124582.0,1,1,1
GRAM PANCHAYAT RANIPURA,1,124582.0,1,1,1
GP SARDARPUR,1,124582.0,1,1,1
GRAM PANCHAYAT SARSED,1,124582.0,1,1,1
GRAM PANCHAYAT MATODHA CHOUBAN,1,124582.0,1,1,1
GRAM PANCHAYAT SAHANIYA,1,124582.0,1,1,1
GRAM PANCHAYAT DAMOURA,1,124582.0,1,1,1
GRAM PANCHAYAT DOUNI,1,124582.0,1,1,1
Juntupalli Krishna,1,124518.0,1,1,1
SURINDER PAUL SINGH,1,124500.0,1,1,1
Adarsh Sood,2,124500.0,1,1,1
E RAGHAVENDER GOUD,1,124490.0,1,1,1
L C Agro,2,124400.0,1,1,1
M Raja Reddy,1,124387.0,1,1,1
Ishfaq Shafi,1,124300.0,1,1,1
Gurmel singh,4,124160.0,2,1,1
Executive Engineer iph Division Dharamshala,1,124122.0,1,1,1
PAL TRADING COMPANY,1,124088.0,1,1,1
Ghulam Hussain,1,124000.0,1,1,1
JASVEER KAUR,2,123996.0,1,1,1
THE HEADMASTER PURATHIYIL NEW MOPLA U P,1,123788.0,1,1,1
Darshana Kaur Sarpanch Juglan New,1,123669.0,1,1,1
T NAGARATHNA,1,123576.0,1,1,1
GTB ENTERPRISES,3,123249.0,2,1,1
GRAM PANCHAYAT AMBAV,1,123239.0,1,1,1
Jaspal Singh,3,123228.0,2,1,2
Aggarwal Construction Co,1,123199.0,1,1,1
SARPANCH GRAM PANCHAYAT SURAJGAON,1,123189.0,1,1,1
PURI TRADERS,3,123158.0,1,1,1
LAKH ENTERPRISES,3,123152.0,2,1,1
Kirat Building Material,3,123081.0,1,1,1
SHIVAKUMAR M SARAGANACHARI,1,123009.0,1,1,1
Executive Engineer Operation APEPDCL Kakinada,1,123000.0,1,1,1
JS MALHI TRADING CO,1,123000.0,1,1,1
Vijay Enterprises,2,122976.0,2,1,1
Sahil Precast,4,122850.0,1,1,1
K Narender,1,122742.0,1,1,1
GRAM PANCHAYAT UMETA,1,122642.0,1,1,1
GRAM PANCHAYAT ASARMA,1,122642.0,1,1,1
AHMEDABAD MUNICIPAL CORPORATION,1,122452.0,1,1,1
Rajwinder singh,2,122333.0,2,1,1
BARKAT PAVER INDUSTRY,4,122325.0,2,1,1
bisht trading company,1,122244.0,1,1,1
Baljit Singh,3,122200.0,2,1,2
HIGH RISE ENGINEERS PRIVATE LIMITED,3,122046.0,1,1,1
Amrik Singh,2,122046.0,2,2,2
RK Traders,2,122045.0,1,1,1
Neeraj Thakur,2,122026.0,2,1,1
Pratap Dash,1,122004.0,1,1,1
SHREYA ENTERPRISES,1,122000.0,1,1,1
Singla Bricks Manufacturing Company,1,121990.0,1,1,1
SUNIL BHATT,8,121626.0,8,1,1
RUPA CONSTRUCTION,1,121569.0,1,1,1
ABHISHAK SHARMA,1,121400.0,1,1,1
Gill Transport Co and Building M,4,121385.0,2,1,1
DHARAM PAUL BKO,4,121200.0,2,1,1
laxmita hardware and building materials,2,121020.0,1,1,1
SHAM LAL AND SONS,4,121007.0,3,1,1
Mohd Ishaq Naik,1,121000.0,1,1,1
J and T CONCRETE INDUSTRY,2,120952.0,2,1,1
WELCOM BUILDING MATERIAL,7,120870.0,3,1,1
DIPTI ENTERPRISE,1,120703.0,1,1,1
Sharma BKO,1,120700.0,1,1,1
SONY BUILDING MATERIAL STORE,2,120600.0,2,1,1
YAKEN DARANG,1,120591.0,1,1,1
Ghulam Hassan Mir,1,120515.0,1,1,1
MAJISA BUILDIND MATERIAL and constructon,2,120501.0,1,1,1
GOGOI ENTERPRISE,1,120360.0,1,1,1
Quality Marble Granites,3,120330.0,1,1,1
JINTU SAIKIA,1,120240.0,1,1,1
Malwa enterprise,3,120183.0,1,1,1
MALHAR BUILDING MATERIAL SUPPLIERS,2,120036.0,1,1,1
Pasupula Mounika,1,120003.0,1,1,1
GP Kohla,1,120000.0,1,1,1
Biju Hussain,2,120000.0,1,1,1
GRAM PANCHAYAT JHIJHAN,1,120000.0,1,1,1
GP Pangna,2,120000.0,2,1,1
GP PINGLA MPLADS,1,120000.0,1,1,1
GRAM PANCHYAT KHAIRWAR BAI SGVY,1,120000.0,1,1,1
GRAM PANCHAYAT SIHUNTA,1,120000.0,1,1,1
GRAM PANCHAYAT CHIKATBARRI,2,120000.0,2,1,1
GP Khahan MPLADS,1,120000.0,1,1,1
GYANU WELDING FABRICATION,1,120000.0,1,1,1
Sarpanch Gram Panchayat   BIJHAWADA,1,120000.0,1,1,1
Jiwa Ram Rattan Chand,1,120000.0,1,1,1
GRAM PANCHAYAT DEODARA,1,120000.0,1,1,1
GP TIKKAR,1,120000.0,1,1,1
Gram Panchayat Balghar,1,120000.0,1,1,1
Gram Panchayat Dhotki,1,120000.0,1,1,1
GP KHINWSAR,1,120000.0,1,1,1
GP Hargunen,2,120000.0,2,1,1
GP Dhaned,1,120000.0,1,1,1
Gram Panchayat Ghangret,1,120000.0,1,1,1
THIRUPATHYRAJ R,1,120000.0,1,1,1
GP Larankelo,1,120000.0,1,1,1
Gram Panchayat Gehra,2,120000.0,2,1,1
Gram Panchayat Silh Badhani,1,120000.0,1,1,1
PradhanGP Kufri,1,120000.0,1,1,1
GRAM PANCHAYAT KEHAD,1,120000.0,1,1,1
gram panchayat bhawras,1,120000.0,1,1,1
GRAM PANCHYAT  PINDRIKLA,1,120000.0,1,1,1
GRAM PANCHYAT  THAWRIKLA,1,120000.0,1,1,1
GP Mahori,1,120000.0,1,1,1
BHAGWAN AND CO,4,120000.0,1,1,1
GRAM PANCHAYAT UMRADI,2,120000.0,2,1,1
ABHIJEET SAIKIA,2,120000.0,1,1,1
SARPANCH SACHIV GRAM PANCHAYAT PURAPOSER,1,120000.0,1,1,1
KAMALPUR  KHA GRAM PANCHAYAT,1,120000.0,1,1,1
Cmo kanatafoad,1,120000.0,1,1,1
Gram Panchayat Pali,1,120000.0,1,1,1
GRAM PANCHYAT GOPH,2,120000.0,2,1,1
GP Bajga,1,120000.0,1,1,1
GP Balduhak,1,120000.0,1,1,1
GUPTA IRON STORES,1,120000.0,1,1,1
GRAM PANCHAYAT TARAI,2,120000.0,2,1,1
SRI KRISHNA ENTERPRISE,1,120000.0,1,1,1
LOVEJEET SINGH,1,120000.0,1,1,1
GRAM PANCHAYAT BADI KHAIRI,1,120000.0,1,1,1
GRAM PANCHAYAT BINDRAI,2,120000.0,2,1,1
GRAM PANCHAYAT KAMAH,1,120000.0,1,1,1
ASSAM POWER AND CONSTRUCTION,1,119974.0,1,1,1
Sika Hansepi,1,119938.0,1,1,1
DAPPU MAHENDER,1,119842.0,1,1,1
Hemari Kro,1,119775.0,1,1,1
DAVINDER SINGH,4,119631.0,4,1,2
Adil Gafoor,1,119600.0,1,1,1
ANKIT,3,119543.0,2,2,2
Omprakash,7,119531.0,5,2,5
RAM PARSHAD,1,119500.0,1,1,1
RAM PRAKASH SINGH SIKSHA SAMIT,1,119400.0,1,1,1
KALIGOTA NARSAREDDY,1,119309.0,1,1,1
Mahalaxmi MPS,1,119271.0,1,1,1
MUKTAR HUSSAIN,1,119000.0,1,1,1
GUPTA BRICKS CO,3,118932.0,2,1,1
JAI JAGDAMBEY STEEL TRADERS,1,118873.0,1,1,1
BUGHANI BROTHERS AND COMPANEY,1,118863.0,1,1,1
J P TRADING COMPANY,1,118800.0,1,1,1
TAKIAR GYM INDUSTRY,1,118662.0,1,1,1
SHREE MAHAKAL CONSTRUCTION,2,118650.0,1,1,1
DEV FURNITURE AND ELECTRONICS,1,118600.0,1,1,1
Sahib Preet Traders,1,118556.0,1,1,1
Sekhon Enterprises,3,118476.0,3,1,1
Sree maa Motors,1,118408.0,1,1,1
Sahil TILE INDUSTRIES,3,118300.0,1,1,1
RAKESH,5,118150.0,5,2,4
AEN O M DANTARAMGARH,1,118072.0,1,1,1
TANSI PROJECT CELL ERODE,1,118000.0,1,1,1
Punjab Mechanical Works,1,117965.0,1,1,1
GUPS CHERUPULASSERY,1,117924.0,1,1,1
garg iron and hardware store,3,117917.0,1,1,1
SARPANCH CEMENT IRON STORE,3,117866.0,2,1,1
Guru Nanak Trading Company,3,117660.0,1,1,1
Sh Anchal Singh So Buddhi SIngh Ro Kanthi Teh Distrcit Ramban,1,117000.0,1,1,1
Markanti Sathish,1,116872.0,1,1,1
SADANAND,4,116800.0,1,1,1
Shahnawaz Hussain Wani,1,116758.0,1,1,1
CHAUDHARY TRADING CO,3,116700.0,3,1,1
Sri Krishna Agencies,1,116694.0,1,1,1
SECRETARY PATTIAM GRAMAPANCHAYATH,1,116600.0,1,1,1
Garg Gram Udyog Samiti,3,116600.0,2,1,1
Jagdeesh,2,116560.0,1,1,1
New darbar hardware Singot,2,116508.0,1,1,1
Siddharth Enterprises,1,116490.0,1,1,1
RAMOLA BUILDING MATERIAL SUPPLIER,2,116288.0,2,1,1
Khachora Ahirwar,1,116075.0,1,1,1
Narindera Cement Store,1,116000.0,1,1,1
Global group bricks,3,115982.0,1,1,1
Rajinder Bld Mtrl Str and Rental Service,1,115950.0,1,1,1
Sandeep Kumar Garg Contractor,2,115911.0,2,1,1
JASVIR SINGH SO GULZARA SINGH,4,115804.0,3,1,1
KAMLESH KUBERBHAI CHAVDA,1,115800.0,1,1,1
Durga Steel,4,115625.0,2,1,1
SHIVJI CHOUDHARY,2,115563.0,1,1,1
M S TRADING CO,2,115420.0,2,1,1
Ankit Traders,2,115401.0,2,1,1
Bhupinder Singh,2,115398.0,2,1,2
SOM NATH,4,115357.0,2,1,2
KARANDEEP SINGH,2,115275.0,1,1,1
GRAM PANCHAYAT JAANA,1,115155.0,1,1,1
BALWANT ELECTRIC WORKS,1,115144.0,1,1,1
MS ANAS HARDWARE,2,115020.0,1,1,1
Bashanling Nongrum,1,115000.0,1,1,1
RACHNA ENTERPRISES,1,115000.0,1,1,1
Narinder Pal,3,114975.0,2,1,1
Vishal Iron,2,114918.0,2,1,1
SAPTHAGIRI BOREWELLS,1,114728.0,1,1,1
G S Tiles Factory,1,114700.0,1,1,1
Joginder Singh,2,114700.0,2,1,2
Raja Sahib Ji Traders,1,114700.0,1,1,1
DTC Tiles,4,114696.0,1,1,1
TCM Steels,1,114667.0,1,1,1
ARORA BRICK CO,2,114664.0,1,1,1
Dinesh,3,114600.0,1,1,1
Sharma Cement Store,1,114480.0,1,1,1
MS AGGARWAL ENGINE STORE,1,114400.0,1,1,1
GRAM PANCHAYAT OLADAN,3,114310.0,3,1,1
BARDWA  TIMBER MART,2,114250.0,1,1,1
HARESHBHAI VAJUBHAI MITHAPARA,1,114181.0,1,1,1
DAL SINGH,7,114073.0,1,1,1
KHALSA ENTERPRISES,1,114000.0,1,1,1
Hem Raj,2,114000.0,1,1,1
Malik Coop LC soc Rinku 8168391440,1,113902.0,1,1,1
Ms Shiva Briks Company,4,113884.0,2,1,1
CAPITAL AC EDD BEHAT,1,113721.0,1,1,1
SHAMSHER SINGH,3,113590.0,2,1,2
P S N AUTOMOTIVE MARKETING PVT LTD,1,113446.0,1,1,1
BHUTANI TRADERS,1,113426.0,1,1,1
TALARI UTTANNA,1,113202.0,1,1,1
Sandeep Iron Store Malout,3,113064.0,1,1,1
NSSKPT HS OTTAPPALAM,1,112983.0,1,1,1
Labard Instruchem Pvt Ltd,1,112950.0,1,1,1
MAHENDRA SINGH,6,112908.0,4,2,3
Rajju Sen,1,112897.0,1,1,1
Parkash Chand Pawan Kumar,4,112858.0,1,1,1
Aggarwal Trading Comapny,4,112745.0,2,1,1
SURJEET SINGH,1,112700.0,1,1,1
Jagtar Singh,2,112610.0,2,1,2
Balram,3,112600.0,1,1,1
AMRIT BRICK WORKS,1,112560.0,1,1,1
RUDRA ENTERPRISES,1,112500.0,1,1,1
GRAM PANCHAYAT BACHAI,1,112500.0,1,1,1
GRAM PANCHAYAT PALA,1,112500.0,1,1,1
JASPREET TRADING COMPANY,3,112420.0,1,1,1
HS Steel Store,4,112339.0,1,1,1
BISWAJIT DEB,2,112320.0,1,1,1
DEO BUILDING MATERIAL,2,112250.0,2,1,1
Ramesh Kumar Mistery,3,112192.0,2,1,1
Minu Electricals,1,112172.0,1,1,1
Jhirmal Singh,2,112031.0,1,1,1
Rahul Kamat singh,3,112000.0,1,1,1
R UDHAYAKUMAR,1,112000.0,1,1,1
bhawan nirman,3,111855.0,1,1,1
BS CEMENT STORE,3,111700.0,1,1,1
HARJAP SINGH AND SONS,4,111329.0,2,1,1
Javahar Navodaya Vidyalayam Kottayam,1,111280.0,1,1,1
Shaban,2,111278.0,1,1,1
The Aggarwal Gram Udyog Samti,6,111276.0,1,1,1
Shree Ganesh Iron Store,1,111180.0,1,1,1
GRAM PANCHAYAT SIRAS,2,110902.0,2,1,1
Sarpanch Cement Iron Store,3,110527.0,1,1,1
KAPS MOTORS,1,110518.0,1,1,1
Singla Enterprises,3,110500.0,1,1,1
AEN O M JVVNL NAGAL RAJAWATAN,3,110457.0,1,1,1
PRABHU WELDING WORK SHOP,2,110326.0,1,1,1
NIRMAL SINGH SO BALOR SINGH,2,110208.0,1,1,1
sarabjit cement store vill baddon,3,110071.0,2,1,1
RAMPURA  GRAM PANCHAYAT,1,110000.0,1,1,1
SEVALIYA GRAM PANCHAYAT,1,110000.0,1,1,1
Rampura La Gram Panchayat,1,110000.0,1,1,1
IYASARA GRAM PANCHAYAT,1,110000.0,1,1,1
KIYADAR GRAM PANCHAYAT,1,110000.0,1,1,1
THUMTHAL GRAM PANCHAYAT,1,110000.0,1,1,1
KANSARAKUI GRAM PANCHAYAT,1,110000.0,1,1,1
SHREE DURGA PARAMESHWARI MOTORS PVT LTD,1,110000.0,1,1,1
Kankupura Go Gram Panchayat,1,110000.0,1,1,1
DIRECTOR STATE INSTITUTE OF LANGUAGES,1,110000.0,1,1,1
CHHOGALA GRAM PANCHAYAT,1,109930.0,1,1,1
Shaymalendu Mondal,1,109846.0,1,1,1
MS Shakti Concrete Precasting Works,2,109740.0,2,1,1
Sanjib Narah,1,109713.0,1,1,1
vISHAVKARMA wELDING,1,109710.0,1,1,1
Om Sri Sai Srinivas Motors LLP,1,109585.0,1,1,1
SUYAL TRADERS AND ART,3,109158.0,3,1,1
RAJPOOT AUTO AGENCY SIDHI,1,109153.0,1,1,1
Shri Krishna building material,3,109003.0,1,1,1
KATHGARH TILE CO,1,108870.0,1,1,1
sp singh traders,3,108799.0,1,1,1
Sohan Lal Massean,2,108742.0,1,1,1
rohit kumar,3,108739.0,3,1,1
PUSHPENDRA AHIRWAR,3,108510.0,2,1,1
MS AGGARWAL AND CO,3,108509.0,3,1,1
GURPREET TRADING CO,3,108500.0,2,1,1
Jaswinder Singh Mistry,8,108500.0,1,1,1
Gourav Verma,1,108155.0,1,1,1
BB Bricks,3,108000.0,1,1,1
SIKANDER SINGH CHIB,1,108000.0,1,1,1
Assistant Engineer Gyalshing  District Zilla Panchayat,1,107965.0,1,1,1
Ganpati Brick Industries,2,107833.0,2,1,1
FRIENDS BKO,6,107820.0,5,1,1
VIRK CEMENT STORE,3,107570.0,1,1,1
Bahia building material suppliers,2,107466.0,2,1,1
GRAM PANCHAYAT SADRI,1,107100.0,1,1,1
GRAM PANCHAYAT MUNDRAI KHURD,1,107000.0,1,1,1
Jatinder Kaur,2,106933.0,1,1,1
Radhe Krishna Surgical trading,2,106798.0,2,1,1
MS GURU NANAK TILES,3,106598.0,1,1,1
AHIDUL KHAN,3,106459.0,1,1,1
Lakhwinder Singh,2,106392.0,2,1,1
Shri Ram Trading co,8,106302.0,8,1,1
AMA ZILA PANCHAYAT UTTARKASHI,1,106100.0,1,1,1
Warsi Medico Systems and Services,1,106000.0,1,1,1
PSPCL,1,105791.0,1,1,1
KARATI BUILDERS AND ORDER SUPPLIERS,1,105750.0,1,1,1
RAJENDRA SINGH,7,105643.0,5,3,5
T D Parodkar and Company,1,105600.0,1,1,1
Jasvir Singh Massean,2,105529.0,1,1,1
SUJANPURA GRAM PANCHAYAT,1,105389.0,1,1,1
bashir mohammad,1,105380.0,1,1,1
satnam singh,2,105250.0,2,1,1
Long Kather,1,105223.0,1,1,1
Suresh Kumar,3,105128.0,3,3,3
Ajay Stone Crusher,1,105000.0,1,1,1
JODHPUR VIDHYUT VITRAN NIGAM LTD BHADRA,1,105000.0,1,1,1
Sarpanch Gram Panchayat Pathara,1,105000.0,1,1,1
BHUMI SREE TRADERS,1,104866.0,1,1,1
THE SUNSHINE COOP LABOUR AND CONSTRUCTION SOCIETY LIMITED,1,104603.0,1,1,1
MK Cement and Sanitary Store,3,104380.0,1,1,1
Bahadur Singh,4,104308.0,4,1,1
SGP Aligarh,2,104250.0,1,1,1
KULWINDER SINGH,4,104237.0,4,1,3
RB BUILDERS,1,104195.0,1,1,1
Heer Paint Store,3,104151.0,3,1,1
JAGESHVER TRADERS,1,104150.0,1,1,1
SARPANCH PANCHAYAT MOGAR,1,104000.0,1,1,1
Ranjith Construction,3,104000.0,3,1,1
EDDPipri,1,104000.0,1,1,1
MAHEBACHAKRA4,1,103820.0,1,1,1
MAHEBACHAKRA3,1,103820.0,1,1,1
GRAM PANCHAYAT DOOBDEI,1,103820.0,1,1,1
TOURIYAKHAS,1,103820.0,1,1,1
GRAM PANCHAYAT TALMAU,1,103820.0,1,1,1
KACHHIYAGUDA,1,103820.0,1,1,1
GRAM PANCHAYAT MANPASAR,1,103820.0,1,1,1
GRAM PANCHAYAT LUHARRA,1,103820.0,1,1,1
GRAM PANCHAYAT IMALIYA,1,103820.0,1,1,1
Gram Panchayat Minoura,1,103820.0,1,1,1
GRAM PANCHAYAT MALGUWAN,1,103820.0,1,1,1
GRAM PANCHAYAT PIPRA BILARI,1,103820.0,1,1,1
Gram Panchayat Lar,1,103820.0,1,1,1
SEPURA,1,103820.0,1,1,1
GRAM PANCHAYAT HIRAPUR NAJ SARKANPUR,1,103820.0,1,1,1
HARKANPURA,1,103820.0,1,1,1
Gram Panchayat majna,1,103820.0,1,1,1
GRAM PANCHAYAT JARUWA,1,103820.0,1,1,1
BHAGWANTPURA,1,103820.0,1,1,1
GRAM PANCHAYAT KHARILA,1,103820.0,1,1,1
Gram Panchayat Radhapur,1,103820.0,1,1,1
GRAM PANCHAYAT AIROURA,1,103820.0,1,1,1
Gram Panchayat Kakarwaha,1,103820.0,1,1,1
Gram Panchayat Harpura Madiya,1,103820.0,1,1,1
GRAM PANCHAYAT FUTER CHAK 1,1,103820.0,1,1,1
GRAM PANCHAYAT PACHER KHAS,1,103820.0,1,1,1
Gram Panchayat Pahadi Tilwaran,1,103820.0,1,1,1
Gram Panchayat Dunda,1,103820.0,1,1,1
Gram Panchayat Kumrau Khiriya,1,103820.0,1,1,1
Gram Panchayat Dunda Toura,1,103820.0,1,1,1
GRAM PANCHAYT KOTRA,1,103820.0,1,1,1
Gram Panchayat Kunwarpura,1,103820.0,1,1,1
GRAM PANCHAYAT BADAGHAT,1,103820.0,1,1,1
Gram Panchayat Parakhas,1,103820.0,1,1,1
Gram Panchayat Patha,1,103820.0,1,1,1
Gram Panchayat Bhainswari,1,103820.0,1,1,1
Gram Panchayat Bhaira,1,103820.0,1,1,1
Gram Panchayat Gudanwara,1,103820.0,1,1,1
GRAM PANCHAYAT GUKHRAI,1,103820.0,1,1,1
Gram Panchayat Hiranagar,1,103820.0,1,1,1
GRAM PANCHAYAT PIPRA MADORI,1,103820.0,1,1,1
GRAM PANCHAYAT AHAAR,1,103820.0,1,1,1
TEELANARENI,1,103820.0,1,1,1
GRAM PANCHAYAT BANPURA BUJURG,1,103820.0,1,1,1
GRAM PANCHAYAT SHYAMPURA,1,103820.0,1,1,1
GRAM PANCHAYAT BANERA,1,103820.0,1,1,1
Gram Panchayat Narguda,1,103820.0,1,1,1
DINAU,1,103820.0,1,1,1
Gram Panchayat Bakpura,1,103820.0,1,1,1
GRAM PANCHAYAT JINAGARH,1,103820.0,1,1,1
GRAM PANCHAYAT IMLANA,1,103820.0,1,1,1
Gram Panchayat Jaswantnagar,1,103820.0,1,1,1
GRAM PANCHAYAT KANNPUR,1,103820.0,1,1,1
GRAM PANCHAYAT LADPURA,1,103819.0,1,1,1
GRAM PANCHAYAT KUNWARPURA VIKRAMPURA,1,103819.0,1,1,1
GRAM PANCHAYAT SIMARIYA,1,103819.0,1,1,1
GRAM PANCHAYAT KUWARPURA MOHANGARH,1,103819.0,1,1,1
gram panchayat chipri,1,103819.0,1,1,1
GRAM PANCHAYAT PUCHHIKARGUWAN,1,103819.0,1,1,1
GRAM PANCHAYAT MUHARA,1,103819.0,1,1,1
GRAM PANCHAYAT DEVRINAYAK,1,103819.0,1,1,1
GRAM PANCHAYAT GUJJRAKALAN,1,103819.0,1,1,1
GRAM PANCHAYAT RANIGANJ,1,103819.0,1,1,1
GRAM PANCHAYAT KITAKHERA,1,103819.0,1,1,1
GRAM PANCHAYAT DARGAYN KALA,1,103819.0,1,1,1
GRAM PANCHAYAT PUNOL KHAS,1,103819.0,1,1,1
GRAM PANCHAYAT RATANGUWAN,1,103819.0,1,1,1
GRAM PANCHAYAT VIRAU,1,103819.0,1,1,1
GRAM PANCHAYAT BHACHHODA,1,103819.0,1,1,1
GRAM PANCHAYAT BIHARIPURA,1,103819.0,1,1,1
GRAM PANCHAYAT JARUA,1,103819.0,1,1,1
GRAM PANCHAYAT MOGNA,1,103819.0,1,1,1
GRAM PANCHAYAT VARMADANG,1,103819.0,1,1,1
GRAM PANCHYAT JHINGORA,1,103819.0,1,1,1
GRAM PANCHAYAT SHIVRAJPUR,1,103819.0,1,1,1
GRAM PANCHAYAT LUHARGUWAN,1,103819.0,1,1,1
GRAM PANCHAYAT IQBAL PURA,1,103819.0,1,1,1
GRAM PANCHAYAT NORA,1,103819.0,1,1,1
GRAM PANCHAYAT JAGATNAGAR,1,103819.0,1,1,1
GRAM PANCHAYAT PANCHAMPURA,1,103819.0,1,1,1
GRAM PANCHAYAT MATOL,1,103819.0,1,1,1
GRAM PANCHAYAT KHAKRON KHAS,1,103819.0,1,1,1
Wasim Raja,1,103782.0,1,1,1
Amar Ahirwar,1,103750.0,1,1,1
MS UD ENTERPRISE,1,103735.0,1,1,1
STAR ELECTRICAL,1,103625.0,1,1,1
Raj Brick Industries,3,103470.0,2,1,1
Babita Trading,2,103436.0,1,1,1
SAINI STEEL FABRICATORS,1,103383.0,1,1,1
DEEPIKA,1,103338.0,1,1,1
Rohit,2,103320.0,2,1,1
MAHESHKUMAR NARANBHAI VANOL,1,103130.0,1,1,1
TAHASILDAR BHAPUR,14,103010.0,14,1,1
Mahanbir Singh,2,102965.0,1,1,1
MALWA CEMENT STORE,3,102892.0,2,1,1
Baljinder Singh SGP Ghdella,1,102890.0,1,1,1
A One Electricals and Hardware,3,102830.0,1,1,1
Ms A K Traders,4,102685.0,4,1,1
Arjun Barnasiya,1,102426.0,1,1,1
VENGADACHALAM,1,102421.0,1,1,1
GILL SANITARY AND BUILDING MATERIAL STORE,1,102314.0,1,1,1
GRAM PANCHAYAT KHAMCHAURA,1,102300.0,1,1,1
Bajwa Building Material,2,102006.0,1,1,1
SHANKAR BUILDING MATERIAL STORE,5,102000.0,2,1,1
MS Balwant Singh And Sons,1,102000.0,1,1,1
JVVNL SIKRAI,4,101984.0,4,1,1
Anmol Trading Company,1,101978.0,1,1,1
GURU NANAK BKO JOGA,3,101976.0,2,1,1
RASIK INDUSTRIES,1,101878.0,1,1,1
MEGA INTERPRISE,1,101775.0,1,1,1
Hem raj,1,101696.0,1,1,1
SHER SINGH,5,101603.0,5,2,2
KOURA IRON STORE,4,101598.0,2,1,1
GOUBINDRA DEORI,1,101547.0,1,1,1
JASVEER SINGH SARPANCH,3,101528.0,1,1,1
Headmistress SINI SREEDHARAN,1,101388.0,1,1,1
AM Industries Bhawanigarh,1,101355.0,1,1,1
Balbir Chand,3,101312.0,2,1,1
SUFA ASSOCIATES,1,101080.0,1,1,1
HARBANS LAL AND SONS,2,100938.0,1,1,1
MS Ahuja Transports Co,3,100826.0,1,1,1
SHRI GANESH WELDING WORKS,1,100800.0,1,1,1
RATHOD NILESHKUMAR JERAMBHAI,1,100727.0,1,1,1
Sanjoy Timung,1,100668.0,1,1,1
deepak hardware,2,100657.0,1,1,1
Ms Brothers Sales Suppliers,3,100600.0,1,1,1
Mahesh and Company,1,100555.0,1,1,1
GUPTA BROTHERS,2,100503.0,1,1,1
Vinodan C,1,100500.0,1,1,1
Goodwill Associates,3,100005.0,1,1,1
Drug,1,100000.0,1,1,1
GP Singadhar,1,100000.0,1,1,1
DEV GRAM PANCHYAT GRAM PANCHYAT,1,100000.0,1,1,1
Dorbar Shnong Moorap,1,100000.0,1,1,1
GP Shrauntha,1,100000.0,1,1,1
JB BROTHERS,1,100000.0,1,1,1
Gram Panchayat Badhal,1,100000.0,1,1,1
Gram Panchayat Alampura,1,100000.0,1,1,1
Elizabeth S Marak,1,100000.0,1,1,1
GRAM PANCHYAT PATHARKUHI,2,100000.0,1,1,1
NGIMTALAKPE EHEILUNG,1,100000.0,1,1,1
SARPANCH GRAM PANCHYAT Sipkonha,2,100000.0,1,1,1
GP Changer,2,100000.0,1,1,1
GRAM PANCHYAT SARNA,4,100000.0,2,1,1
GRAM PANCHAYAT MURDAI,2,100000.0,2,1,1
GP SILARIKALA JP UDAIPURA,1,100000.0,1,1,1
GP SIHORA,1,100000.0,1,1,1
gram panchayat maloh,1,100000.0,1,1,1
GP ROPA PADHAR,2,100000.0,1,1,1
GRAM PANCHAYAT TAPPER,1,100000.0,1,1,1
VAKTAPUR GRAM PANCHAYAT,1,100000.0,1,1,1
VADTAL GRAM PANCHAYAT,1,100000.0,1,1,1
Jotvad Gram Panchayat,1,100000.0,1,1,1
GRAM PANCHAYAT BARIUMRAV,1,100000.0,1,1,1
GRAM PANCHAYAT GOTEGAONKHEDA,1,100000.0,1,1,1
CHARADU GRAMPANCHAYAT,1,100000.0,1,1,1
CHANGOD GRAM PANCHAYAT,1,100000.0,1,1,1
MEDA AADARAJ GRAM PANCHAYAT,1,100000.0,1,1,1
Gram Panchayat Navlaye,1,100000.0,1,1,1
GRAM PANCHAYAT GANGIYAL,1,100000.0,1,1,1
Gram Panchayat Sankli,1,100000.0,1,1,1
GRAM PANCHAYAT GOURTALA,1,100000.0,1,1,1
SHUBHAM ENTERPRISES,1,100000.0,1,1,1
GRAM PANCHAYAT TARA,2,100000.0,1,1,1
Gram Panchayat Batuhi,1,100000.0,1,1,1
GRAM PANCHAYAT BARHATTI,1,100000.0,1,1,1
MS LANGSTIEHRIM PRESBYTERIAN LP SCHOOL LANGSTIEHRIM,1,100000.0,1,1,1
GRAM PANCHAYAT SHAKKARJHIRI,2,100000.0,1,1,1
OSLAM GRAM PANCHAYT,1,100000.0,1,1,1
Gram Panchayat Sasej,1,100000.0,1,1,1
ACHARASAN GRAM PANCHAYAT,1,100000.0,1,1,1
GRAM PANCHAYAT GHEJ,1,100000.0,1,1,1
Khandivav Gram Panchayat,1,100000.0,1,1,1
NAAZ Constructions,1,100000.0,1,1,1
GRAM PANCHAYAT KAND,1,100000.0,1,1,1
NANDITA ENTERPRISE,1,100000.0,1,1,1
Sarpanchshri Gram Panchayat Torna,1,100000.0,1,1,1
Sarpanch sachu gram panchayat murmur,1,100000.0,1,1,1
SARPANACH SACHIV GOHGAWARI,2,100000.0,1,1,1
NITISH TRADERS,1,100000.0,1,1,1
Biswajit Guha,1,100000.0,1,1,1
Sarpanch Sachiv Gram panchayat Tuiyapani,1,100000.0,1,1,1
Gram Panchayat Mahratola,1,100000.0,1,1,1
GRAM PANCHAYAT GAONSARI,1,100000.0,1,1,1
LAXMIPURA NAN GRAM PANCHAYAT,1,100000.0,1,1,1
Gram Panchayat Kathyaun,2,100000.0,1,1,1
Rezina R Marak,1,100000.0,1,1,1
GRAM PANCHAYAT KANAJIYA,1,100000.0,1,1,1
RB TRADERS,1,100000.0,1,1,1
GP SATOG,1,100000.0,1,1,1
MAWIONG KHRI PRES LP SCHOOL,1,100000.0,1,1,1
Gram Panchayat Kotha,1,100000.0,1,1,1
BAICHALIKHURD,1,100000.0,1,1,1
PANCHEWA GRAM PANCHAYAT,1,100000.0,1,1,1
Ik Onkar Sharting Store,1,100000.0,1,1,1
Sec GP  Parsda Hawani,1,100000.0,1,1,1
YUVAK MANDAL SAGNEHER,2,100000.0,1,1,1
GP Darin MPLADS,1,100000.0,1,1,1
GP Bani,1,100000.0,1,1,1
HARRAI BELDING WORKS,2,100000.0,1,1,1
GRAM PANCHYAT SEJA,1,100000.0,1,1,1
GUNCHHALI GRAM PANCHAYAT,1,100000.0,1,1,1
WANAKBORI GRAM PANCHYAT GRAM PANCHYAT,1,100000.0,1,1,1
SARPANCH SARDARPUR GRAM PANCHAYAT,1,100000.0,1,1,1
SARPANCHSHREE RANASAN GRAM PANCHAYAT,1,100000.0,1,1,1
SARPANCHSHREE KHANUSA GRAM PANCHAYAT,1,100000.0,1,1,1
YVS Fitness and gym equipment,1,100000.0,1,1,1
GP DharKandru,1,100000.0,1,1,1
PIROJPUR GRAM PANCHAYAT,1,100000.0,1,1,1
GRAM PANCHAYAT KOLASANA,1,100000.0,1,1,1
GRAM PANCHAYAT KISANPUR,1,100000.0,1,1,1
AALELA GRAM PANCHAYAT,1,100000.0,1,1,1
Gram pancahyat  bhalpani,2,100000.0,1,1,1
VEER INTERLOCK TILES,3,100000.0,1,1,1
GRAM PANCHAYAT SIMALGAM,1,100000.0,1,1,1
GRAM PANCHAYAT CHASA,1,100000.0,1,1,1
GRAM PANCHAYAT BUNDIYA,1,100000.0,1,1,1
GP Rahla,1,100000.0,1,1,1
Gram Panchayat Gwarimal,2,100000.0,1,1,1
Jesangpura Gram Panchayat,1,100000.0,1,1,1
GRAM PANCHAYAT ALIPORE,1,100000.0,1,1,1
GRAM PANCHAYAT ALHED,1,100000.0,1,1,1
Alexis A Sangma,1,100000.0,1,1,1
MALOSAN GRAM PANCHAYAT,1,100000.0,1,1,1
Munna Marak,2,100000.0,1,1,1
fram panchayat mekh,1,100000.0,1,1,1
KURALI GRAM PANCHAYT,1,100000.0,1,1,1
GRAM PANCHAYAT MATKULI SFC,1,100000.0,1,1,1
SHRI GIRIRAJ DHARAN GOUSHALA JEEV SEWA SAMITI,1,100000.0,1,1,1
SARPANCH SACHIV GRAM PANCHAYAT SEMARDARRI,1,100000.0,1,1,1
GRAM PANCHAYAT DEVSAR,1,100000.0,1,1,1
GRAM PANCHAYAT BORKHEDI PANDI,1,100000.0,1,1,1
KALA GRAM PANCHAYT,1,100000.0,1,1,1
GRAM PANCHAYAT CHAITMA,1,100000.0,1,1,1
BP Bara,1,100000.0,1,1,1
AARTI BOOK CENTRE,1,100000.0,1,1,1
SUTARIA GRAM PANCHYAT GRAM PANCHYAT,1,100000.0,1,1,1
Gram Panchyat Linga,2,100000.0,2,1,1
GRAM PANCHAYAT GANDEVA,1,100000.0,1,1,1
GRAM PANCHAYAT Silvai,1,100000.0,1,1,1
BILIANCY MANGU,1,100000.0,1,1,1
GRAM PANCHAYAT DEVATAJ,1,100000.0,1,1,1
GRAM PANCHAYAT SIMRIYA KALA,1,100000.0,1,1,1
GRAM PANCHAYAT MOHAGAOKISAN,1,100000.0,1,1,1
Gram Panchayat Seu,1,100000.0,1,1,1
JANOD GRAM C GRAM PANCHYAT,1,100000.0,1,1,1
Lolindha Ch Sangma,1,100000.0,1,1,1
IBHARAMPURA GRAM PANCHAYAT,1,100000.0,1,1,1
SARPANCH SACHIV GRAM PANCHAYAT SIVNI,1,100000.0,1,1,1
DHAVAT GRAM PANCHAYT,1,100000.0,1,1,1
GRAM PANCHAYAT BELKHEDISHED,1,100000.0,1,1,1
Gram Panchayat Bakharot,1,100000.0,1,1,1
GRAM PANCHYAT PULPULDHOH,2,100000.0,1,1,1
The Harihar Cooperative Labour and Construction Society Limited,1,100000.0,1,1,1
GP Sandhu,1,100000.0,1,1,1
gram panchayat maroli,1,100000.0,1,1,1
gram panchayat poniya kuk,1,100000.0,1,1,1
SARPANCHSHREE DEVIPURA GRAM PANCHAYAT,1,100000.0,1,1,1
SARPANCHA SACHIV BARHACHHOTA,1,100000.0,1,1,1
JETHOLI GRAM PANCHYAT GRAM PANCHYAT,1,100000.0,1,1,1
JETPURA GRAM PANCHAYAT,1,100000.0,1,1,1
GRMA PANCHAYAT KATRA,1,100000.0,1,1,1
GRAMPANCHAYAT HINOTIYA,1,100000.0,1,1,1
GP PUJARLI3,1,100000.0,1,1,1
GP PIPLIPADA,1,100000.0,1,1,1
GRAM PANCHAYAT NAGWARA,1,100000.0,1,1,1
GRAM PANCHAYAT NADOD,1,100000.0,1,1,1
SHRI ANANDPURA GRAM PANCHAYAT,1,100000.0,1,1,1
GP Pali,1,100000.0,1,1,1
Gram Panchayat Kathasu,1,100000.0,1,1,1
gram panchayat noni,1,100000.0,1,1,1
GP Tikker Bulha,1,100000.0,1,1,1
Bankiewlang VO NRLM Khlieh Umtrew,1,100000.0,1,1,1
Palak Shikshak Sangh Madhyamik Shala Mangrol,1,100000.0,1,1,1
Panchyat Chhui,1,100000.0,1,1,1
NAVA DEVPURA GRAM PANCHAYAT,1,100000.0,1,1,1
SARPANCH SACHIV GRAM PANCHAYAT KHURSIPAR,1,100000.0,1,1,1
PILODARA GRAM PANCHYAT GRAM PANCHYAT,1,100000.0,1,1,1
Tejpura gram panchayat,1,100000.0,1,1,1
GIRIRAJ DHARAN GAU SHALA JEEV RAKSHA SAMITI RICHHAWAR,1,100000.0,1,1,1
GP Kanjian MPLADS,2,100000.0,1,1,1
GP Kakar MPLADS,2,100000.0,1,1,1
Gandhara Gram Panchayat,1,100000.0,1,1,1
Shri Nagri Mahavir Vyayamshala Samiti,1,100000.0,1,1,1
SURVADA GRAM PANCHAYT,1,100000.0,1,1,1
KAHONA GRAM PANCAHAYT,1,100000.0,1,1,1
GRAM PANCHAYAT NAR,1,100000.0,1,1,1
SARPANCH SACHIV GRAM PANCHAYAT NARAUR,1,100000.0,1,1,1
BENEFIT INDIA,1,100000.0,1,1,1
Luzendro D Sangma,1,100000.0,1,1,1
Lucky Computer Hardware,1,100000.0,1,1,1
GP CHHAWARA JP BADI,2,100000.0,1,1,1
GP Suri,2,100000.0,1,1,1
GP Sundla,1,100000.0,1,1,1
Gosindra  Gram Panchayat,1,100000.0,1,1,1
MANGALPUR GRAMPANCHAYAT,1,100000.0,1,1,1
SOHAR,1,100000.0,1,1,1
Gram Panchayat Ulhawadi,2,100000.0,1,1,1
RUPAL KUKAS GRAM PANCHAYAT,1,100000.0,1,1,1
GRAM PANCHAYAT KHAMKHEDA RYT,2,100000.0,1,1,1
Gram Panchayat Sainthal Padain,2,100000.0,1,1,1
Gram Panchayat Ropri,2,100000.0,1,1,1
GRAM PANCHAYAT KOREGAON,1,100000.0,1,1,1
G P Mudpar Chhote,1,100000.0,1,1,1
THADOD GRAM PANCHAYAT,1,100000.0,1,1,1
GP Banaha Dhini,1,100000.0,1,1,1
Gram Panchayat Gothda,1,100000.0,1,1,1
MOHAMMED KAHAJA RAHAMATHULLAH,1,100000.0,1,1,1
BALIYADEV GRAM PANCHYAT GRAM PANCHYAT,1,100000.0,1,1,1
GP Bandli,1,100000.0,1,1,1
GP Amman,1,100000.0,1,1,1
ZALODA GRAM PANCHAYAT,1,100000.0,1,1,1
Ms Kissan Bhalai Kendra Dasuya,3,100000.0,1,1,1
GRAM PANCHAYAT KATIYA,1,100000.0,1,1,1
GP Nouri,1,100000.0,1,1,1
S BABA SURGICALS,1,100000.0,1,1,1
Kashipura Gram Panchayat,1,100000.0,1,1,1
GRAM PANCHAYATKaniya,1,100000.0,1,1,1
GRAM PANCHAYATDanteli,1,100000.0,1,1,1
GP Badehar,2,100000.0,1,1,1
Toru Danda Anj,1,100000.0,1,1,1
Health and Wellness Sub Centre Pasadwar,1,100000.0,1,1,1
SANIYAD GRAM PANCAHAYT,1,100000.0,1,1,1
GRAM PANCHAYAT RAMHEPUR,1,100000.0,1,1,1
G P Mattal Bakhog,2,100000.0,1,1,1
G P LARKODA MULBHUT,1,100000.0,1,1,1
KHARTHANGMAW LP SCHOOL,1,100000.0,1,1,1
GP Jalpehar,2,100000.0,1,1,1
GP Jagothi,1,100000.0,1,1,1
Gram Panchayat Kothi,2,100000.0,1,1,1
GP Bairi,2,100000.0,1,1,1
GP Katli,1,100000.0,1,1,1
RAJYA PARIVARTIT YOJNA G P JALKEY,1,100000.0,1,1,1
GRAM PANCHAYAT PIPLON,1,100000.0,1,1,1
GRAM PANCHAYAT PURENAKHALSA,2,100000.0,1,1,1
GRAM PANCHAYAT KHOBI,1,100000.0,1,1,1
GP MORSU SULTANI,1,100000.0,1,1,1
GP Ghaini,4,100000.0,2,1,1
SARPANCH SACHIN GRAM PANCHAYAT BEETLI,1,100000.0,1,1,1
GP Chanawag,1,100000.0,1,1,1
GP Chabutra,2,100000.0,1,1,1
Udhavan Gram Panchayat,1,100000.0,1,1,1
GP Kutahar,1,100000.0,1,1,1
VEMARDI GRAM PANCAHAYT,1,100000.0,1,1,1
GRAM PANCHAYAT BHAKARA,2,100000.0,1,1,1
GRAM PANCHAYAT BHADROLI KHURD,1,100000.0,1,1,1
Gram Panchayat Sakroha,2,100000.0,1,1,1
Dindigul District Library,1,100000.0,1,1,1
Nityanand Palariya,1,100000.0,1,1,1
Gram Panchayat Tikri Mushera,2,100000.0,1,1,1
GRAM PANCHAYAT BAGLAI UJAR,1,100000.0,1,1,1
GRAM PANCHAYAT BADJHAR,1,100000.0,1,1,1
SANKAL T JUTH GRAM PANCHAYAT,1,100000.0,1,1,1
GRAM PANCHAYAT Vadadala,2,100000.0,2,1,1
GRAM PANCHAYAT VIROL,1,100000.0,1,1,1
GRAM PANCHAYAT BADAIYAKHEDA,2,100000.0,1,1,1
ST MARYS SECONDARY SCHOOL,1,100000.0,1,1,1
GRAM PANCHAYAT KOLKA SAMANYA,1,100000.0,1,1,1
Gram panchayat Kao Kamaksha,1,100000.0,1,1,1
Gram Panchayat Diur,1,100000.0,1,1,1
Gram Panchayat Diudi,1,100000.0,1,1,1
KOTARBOR GRAM PANCHYAT GRAM PANCHYAT,1,100000.0,1,1,1
sarpanch gram panchayat Damdam,1,100000.0,1,1,1
sarpanch gp tumdi,2,100000.0,1,1,1
Gram Panchayat Mandal,2,100000.0,1,1,1
Gram Panchayat Mamail,1,100000.0,1,1,1
GRAM PANCHAYAT BAMORI,1,100000.0,1,1,1
GRAM PANCHAYAT BAMANWADA,2,100000.0,1,1,1
GP MASERAN,1,100000.0,1,1,1
SARPANCH SACHIV CHHATTARPUR,1,100000.0,1,1,1
SHRI MAA DURGE CONSTRUCTION PRO REETU VERMA,1,100000.0,1,1,1
RANJIT KAUR,2,100000.0,1,1,1
GREEN LAND NURSURY,1,100000.0,1,1,1
SARPANCH SACHIV GRAM PANCHAYAT CHANGERI,1,100000.0,1,1,1
SARPANCH SACHIV GRAM PANCHAYAT BADRAUDI,1,100000.0,1,1,1
KARAN GRAM PANCHAYAT,1,100000.0,1,1,1
KARAJISAN GRAM PANCHAYAT,1,100000.0,1,1,1
Gram Panchayatdhairyapura,1,100000.0,1,1,1
GRAM PANCHAYAT TAJPUR CHHIPA,1,100000.0,1,1,1
ESEKIEL LAPANG,1,100000.0,1,1,1
GOVINDPURA JUTH GRAM PANCHAYAT,1,100000.0,1,1,1
GRAM PANCHAYAT LIMBALI,1,100000.0,1,1,1
GRAM PANCHAYAT MAHALPUR,2,100000.0,1,1,1
BSGS CONSULTANCY AND SERVICES,1,100000.0,1,1,1
GP Karndola Plasi,1,100000.0,1,1,1
MANGLEJDHNORA GRAM PANCHAYT,1,100000.0,1,1,1
Sarpanch Sachiv Gram Panchayat Bagdi,1,100000.0,1,1,1
Sarpanch Sachiv Gram Panchayat Parasi,1,100000.0,1,1,1
GRAM PANCHAYAT JAMUNIYA,1,100000.0,1,1,1
GRAM PANCHAYAT JALAG,1,100000.0,1,1,1
GRAM PANCHAYAT GOLANA,1,100000.0,1,1,1
NOKREY C MARAK,1,100000.0,1,1,1
The Kitab Arr Publication,1,100000.0,1,1,1
Seinraij Shnong Sabahmuswang,1,100000.0,1,1,1
DEHLI GRAM PANCHAYAT,1,100000.0,1,1,1
GRAM PANCHYAT BELKHEDI,1,100000.0,1,1,1
FELSANI GRAM PANCHYAT GRAM PANCHYAT,1,100000.0,1,1,1
GP Bhadrol,1,100000.0,1,1,1
Kanjipani Gram Panchayat,1,100000.0,1,1,1
GP NAWNA BHATWAAD,1,100000.0,1,1,1
Sarpanch Sachiv Gram panchayat Deori,1,100000.0,1,1,1
BHAGWATI MAHILA MANDAL CHATTAR,2,100000.0,1,1,1
gram panchayat khamariya,1,100000.0,1,1,1
gram panchayat katkuhi,1,100000.0,1,1,1
GP Pujarli 4,1,100000.0,1,1,1
GP Kharla,1,100000.0,1,1,1
Garmula Gram Panchayat,1,100000.0,1,1,1
GP Galor Khas,1,100000.0,1,1,1
Gram Panchayat Kuthed,1,100000.0,1,1,1
LACHHMAN SINGH AND SONS,1,100000.0,1,1,1
Gram Panchayat Luhna,1,100000.0,1,1,1
Gudmeny R Marak,1,100000.0,1,1,1
SHIR GRAM PANCHAYAT,1,100000.0,1,1,1
GADHNAMUVADA GRAM PANCHAYAT GRAM PANCHAYAT,1,100000.0,1,1,1
GRAM PANCHAYAT KOTHAVI,1,100000.0,1,1,1
KHOKHARAUMAR GROUP GRAM PANCHAYAT,1,100000.0,1,1,1
BACHAN INTERLOCK TILES,3,100000.0,1,1,1
PADHARIYA GRAMPANCHAYAT,1,100000.0,1,1,1
KOLIYAD GRAMPANCAHYT,1,100000.0,1,1,1
JUNEBIRTH C MARAK,1,100000.0,1,1,1
GP KUI,1,100000.0,1,1,1
sarpanch gp khamrajethu,1,100000.0,1,1,1
sarpanch gp mordongri kala,1,100000.0,1,1,1
G P Nichala Garoru,1,100000.0,1,1,1
Thilode,1,100000.0,1,1,1
Gram Panchayat Bharnal,1,100000.0,1,1,1
Sarpanch Gram Panchayat Khanpur,1,100000.0,1,1,1
Sarpanch Gram Panchayat Chandwad,1,100000.0,1,1,1
SARODA GRAM PANCHYAT GRAM PANCHYAT,1,100000.0,1,1,1
FULETRA GRAM PANCHAYAT,1,100000.0,1,1,1
GRAM PANCHAYAT SANGALI,1,100000.0,1,1,1
GRAM PANCHAYAT SANDIYA SFC,1,100000.0,1,1,1
GRAM PANCHAYAT GHANDALWIN,1,100000.0,1,1,1
Assitant Engineer  Dev ZP Sub Division Bijhari,1,100000.0,1,1,1
GRAM PANCHAYAT NAWATOLA,1,100000.0,1,1,1
GPKalkacch,1,100000.0,1,1,1
GP Bharmoti Khurd,1,100000.0,1,1,1
MITTAL TILES,1,100000.0,1,1,1
MORVAD GRAM PANCHAYAT,1,100000.0,1,1,1
RAJGADH KOSMADI GROUP GRAM PANCHAYAT,1,100000.0,1,1,1
Sachiv gram panchayat Chadone,1,100000.0,1,1,1
Sachiv gram panchyat Piperpani,2,100000.0,1,1,1
Gram Panchayat Nandpur,2,100000.0,1,1,1
Sachiv gram panchayat Saheli,1,100000.0,1,1,1
GRAM PANCHAYAT GONJHIMAL,1,100000.0,1,1,1
GRAM  PANCHAYAT PANDOLI,2,100000.0,2,1,1
GRAM PANCHAYAT NAU,1,100000.0,1,1,1
GP Bela,1,100000.0,1,1,1
GP Batran,1,100000.0,1,1,1
GP Bathmana Jabri,1,100000.0,1,1,1
MEU GRAM PANCHAYAT,1,100000.0,1,1,1
SARPANCH GRAM PANCHAYAT GORA,2,100000.0,1,1,1
mp enterprises sadar bazar ludhiana,1,100000.0,1,1,1
GRAM PANCHAYATBhurakui,1,100000.0,1,1,1
PARABIA JETHOLI GRAM GRAM GRAM PANCHYAT,1,100000.0,1,1,1
San Raid Secondary School Umlaper,2,100000.0,2,1,1
VITTHALGAM GRAM PANCHAYAT,1,100000.0,1,1,1
UMAJ GRAM PANCAHAYT,1,100000.0,1,1,1
Gram Panchayat Hataun,1,100000.0,1,1,1
KAMBOPA GRAM PANCHYAT,1,100000.0,1,1,1
GRAM PANCHAYATManej,1,100000.0,1,1,1
Sarpanch Gram Panchayat Amladakalan,1,100000.0,1,1,1
Sarpanch Gram Panchayat   JAMUNIYA,1,100000.0,1,1,1
Gram Panchayat Dashrangpur,1,100000.0,1,1,1
HASANPUR GRAM PANCHAYAT,1,100000.0,1,1,1
gram panchayat bober,1,100000.0,1,1,1
Kara Gram Panchayat,1,100000.0,1,1,1
Jeon Wala Trading Co,1,100000.0,1,1,1
SILOD GRAM PANCHAYAT,2,99999.0,2,1,1
KALPTARU,1,99991.0,1,1,1
SURGE GLOBAL PRIVATE LIMITED,1,99990.0,1,1,1
V HARI BABU,1,99980.0,1,1,1
BIPLABA KESHARI PRADHAN,1,99962.0,1,1,1
NARMDA CONTRACTION,1,99960.0,1,1,1
KARANPUR GRAM PANCHYAT GRAM PANCHYAT,1,99956.0,1,1,1
JAKSH SPORTS,1,99950.0,1,1,1
GUNDA NA PARA,1,99944.0,1,1,1
PARKASH BRICKS TRADING CO BKO,3,99937.0,3,1,1
GRAM PANCHAYAT ISNAV,1,99932.0,1,1,1
gram panchayat kudhurtal,2,99920.0,1,1,1
GRAM PANCHAYAT BANTVA,2,99916.0,2,1,1
Grama Panchayat Dumardih,2,99899.0,1,1,1
Annai Electricals,1,99867.0,1,1,1
KHANDIVAV GRAM PANCHYAT GRAM PANCHYAT,1,99851.0,1,1,1
PALASH MITRA,1,99831.0,1,1,1
DHANVADA GRAM PANCHAYAT,1,99816.0,1,1,1
SIVA KUMAR AGGI,1,99809.0,1,1,1
CHOUHAN SPORTS,1,99805.0,1,1,1
ANASTU GRAM PANCHAYT,1,99800.0,1,1,1
Mitul Deka,1,99750.0,1,1,1
MR ANSARUL ISLAM,1,99750.0,1,1,1
Oli Ullah Khan,1,99750.0,1,1,1
Yahia Alam,1,99750.0,1,1,1
BATRA TREADING COMPANY,1,99739.0,1,1,1
Jantasing Kro,1,99715.0,1,1,1
Kakrung Teronpi,1,99715.0,1,1,1
Brijita Beypi,1,99715.0,1,1,1
Harpo Sing Ronghang,1,99715.0,1,1,1
KHARSADA GRAM PANCHAYAT,1,99671.0,1,1,1
GP VIKRAMPUR,1,99638.0,1,1,1
SHRINGAAR HARDWARE WORK SHOP,1,99620.0,1,1,1
ANOKH SINGH,6,99596.0,3,1,1
Dane Thirupathi,1,99594.0,1,1,1
MS KISAN ENT BHATTA,1,99556.0,1,1,1
BHAVYA ENTERPRISE,1,99545.0,1,1,1
NAMITA PARIDA,1,99544.0,1,1,1
JAI JAWALA STONE CRUSHER,5,99540.0,1,1,1
GP KASAISODA,1,99540.0,1,1,1
GARMPANCHAYAT GADIYARA,1,99535.0,1,1,1
VR Works,1,99504.0,1,1,1
SODHI ENTERPRISES BATHINDA,1,99500.0,1,1,1
SONU ENTERPRISES,3,99470.0,1,1,1
Gram Panchayat Napa Talpad,1,99462.0,1,1,1
Vijay Book Stall,1,99445.0,1,1,1
SARPANCH ENTERLOCK TILES,1,99400.0,1,1,1
KANBHA GRAM PANCHAT,1,99400.0,1,1,1
MAA BHAGWATI SUPPLIER,1,99296.0,1,1,1
Gram Panchayat DHAR,2,99276.0,1,1,1
KHADANA GRAM PANCHYAT,1,99274.0,1,1,1
GRAM PANCHAYAT MALATAJ,1,99237.0,1,1,1
Gurlab Singh,1,99236.0,1,1,1
MahaDev Profiles and steel Industries,1,99200.0,1,1,1
GRAM PANCHAYAT PALOL,1,99170.0,1,1,1
MS MONDAL ENTERPISE,1,99160.0,1,1,1
SIDHESWAR MAHARANA,1,99131.0,1,1,1
Aquifer Innovations,2,99120.0,2,1,1
SARTHAK ENTERPRISES,1,99120.0,1,1,1
GOEL IRON STORE,3,99106.0,3,1,2
GRAM PANCHAYAT MOHAMMADPURA,1,99061.0,1,1,1
SHEKHADI GRAM PANCHAYAT,1,99054.0,1,1,1
D  LINGARAJU,1,99040.0,1,1,1
GARMPANCHAYAT MOTI ZER,1,99024.0,1,1,1
Nirmal kaur,2,99000.0,1,1,1
SARPANCH PANCHAYAT KANOD,1,99000.0,1,1,1
GURUKRIPA HARDWARE,2,99000.0,1,1,1
RAJHANS TOYS AND SPORTS,1,99000.0,1,1,1
Jammu Cemmnt Store,4,98968.0,1,1,1
ALTERENERGYZ,1,98884.0,1,1,1
KIRMANI BUILDERS AND SUPPLIERS,1,98808.0,1,1,1
Executive Eng MPEB Mandsaur,1,98752.0,1,1,1
GP Sullah,1,98713.0,1,1,1
Nazir Ahmad Surka,1,98700.0,1,1,1
Julka Brick Kiln,1,98600.0,1,1,1
GOYAL CRUCIBLE HOUSE,1,98590.0,1,1,1
Bhookya sathish,1,98536.0,1,1,1
BATHINDA Connectingh Links,1,98452.0,1,1,1
RESILIENT INFRA SOLUTION,2,98446.0,2,2,2
Ao Ce Gr Mpmkvvcl Gwalior,1,98419.0,1,1,1
Udaya Kumar G,1,98346.0,1,1,1
HALDHARVAS GRAM PANCHAYAT,1,98344.0,1,1,1
Lakhbir Singh,1,98000.0,1,1,1
ms brother brick kiln co,3,97944.0,1,1,1
ms Karam Chand hari singh bko,2,97944.0,1,1,1
shri Swastik Bko,3,97944.0,2,1,1
Virdi Chain Linking,1,97873.0,1,1,1
MANDAL PHOTO STUDIO AND HARDWARE,1,97784.0,1,1,1
HP State Civil supplies ws Panchrukhi,3,97750.0,2,1,1
Kiranjeet Kaur Sarpanch Piplian,1,97728.0,1,1,1
Saini Iron Store Ahmadpur,1,97708.0,1,1,1
J S BATTH CONTRACTORS,1,97650.0,1,1,1
MS HARDEV SINGH AND SONS,1,97550.0,1,1,1
NAIB SINGH SO JAGJEET SINGH,2,97516.0,1,1,1
SHRI BALAJI CEMENT STORE,1,97500.0,1,1,1
ONKAAR MEDICAL AND SURGICALS,1,97500.0,1,1,1
RAMA BRICK WORKS,1,97500.0,1,1,1
BIRDI BRICKS,3,97333.0,3,1,1
TABOM MIZE,1,97237.0,1,1,1
Abhi Building Material Store,2,97210.0,1,1,1
Harbhjan Singh Massean,2,97200.0,1,1,1
Gram Panchayat Badehar,2,97194.0,1,1,1
MS Janta Tile Company,1,97137.0,1,1,1
JAGAN NATH BRICKS CO,4,97133.0,3,1,1
Gram Panchayat Maman Banandar,2,97104.0,1,1,1
Ms Aman Kumar,1,97000.0,1,1,1
PARENT TEACHERS ASSOCIATION,1,97000.0,1,1,1
lovish international,1,96996.0,1,1,1
Dada Udal Dev Industries,1,96941.0,1,1,1
MS AMAN ENTERPRISES,2,96900.0,1,1,1
Sachin,2,96722.0,2,2,2
SUKHVINDER CEMENT STORE,2,96700.0,1,1,1
3 Star Enterprises,1,96603.0,1,1,1
ms luxmi bko,2,96602.0,1,1,1
Inderjeet Singh,1,96600.0,1,1,1
Param Enterprises,1,96454.0,1,1,1
GAURAV BRICK FIELD,1,96375.0,1,1,1
Himanshu Book Co,1,96009.0,1,1,1
Devesh pandit,4,96000.0,1,1,1
HARDEEP SINGH MISTRI,3,96000.0,1,1,1
Manju Enterprises,1,96000.0,1,1,1
VARDHAN ENTERPRISE,3,96000.0,2,1,1
RAJ KUMAR BKO,2,96000.0,2,1,2
SUNBEAM,1,96000.0,1,1,1
Rewa International,2,95950.0,2,1,1
bhillowal traders,1,95900.0,1,1,1
MANDEEP SINGH,4,95800.0,2,1,2
SHAJAHAN ALI,1,95760.0,1,1,1
SHIVO BKO,1,95750.0,1,1,1
Param Construction Material,2,95600.0,1,1,1
THIMMANIGUNTA NARSIMULU,1,95525.0,1,1,1
SINGLA Cement Building Material Store,4,95430.0,1,1,1
Som Surgicals,1,95426.0,1,1,1
MS GURU NANAK ENTERPRISES,2,95372.0,2,1,2
Manjit Singh,3,95236.0,2,1,2
LUCKY CEMENT STORE AND BUILDINGH MATERIAL,2,95200.0,1,1,1
Kholiya Enterprises,2,95194.0,2,1,1
ADITI CONSTRUCTION,1,95050.0,1,1,1
BHANTHALA GRAM PANCHYAT GRAM PANCHYAT,1,95031.0,1,1,1
MITTAL BRICKS,2,95000.0,2,1,1
AEE SOUTH SUB DIVISION PSPCL AMRITSAR,1,94889.0,1,1,1
Jirsong Teron,1,94810.0,1,1,1
Gram panchayat Sabha Nidhi Kopra,1,94481.0,1,1,1
I CUBE SOLUTIONS,1,94400.0,1,1,1
Angrej Singh,4,94328.0,3,1,2
K R AND SONS Binta Almora,1,94297.0,1,1,1
DHILON BUILDUP,1,94200.0,1,1,1
Dayal Enterprises,2,94133.0,2,1,1
NIJJAR BUILING MATERIAL,1,94000.0,1,1,1
Numberdar Building Material,1,94000.0,1,1,1
Pardeep Kumar,1,93991.0,1,1,1
Dhillon Constructions,1,93934.0,1,1,1
Jagdeep Singh,2,93800.0,2,1,1
Asha Tissopi,1,93755.0,1,1,1
PREMA KUMAR C V,1,93750.0,1,1,1
dharamjit singh,2,93600.0,1,1,1
VM Enterprises,2,93550.0,2,1,1
Sunnys Stationery World,3,93432.0,3,1,1
GS TILES,1,93200.0,1,1,1
Dasmesh tiles and buliding material,2,93200.0,1,1,1
Sunil Welding Works,2,93167.0,2,1,1
Om Ganesh Enterprise,1,93043.0,1,1,1
DE OPERATION GHANPUR,1,92990.0,1,1,1
VANSHIKA IRON AND STEEL TRADERS,1,92922.0,1,1,1
TK ENTERPRISES,1,92920.0,1,1,1
Cheema Trading,3,92912.0,1,1,1
IA IRON WORKS,1,92800.0,1,1,1
rajveer kaur gill,2,92760.0,1,1,1
MPLAD,2,92754.0,2,1,1
HEADMISTRESS SNUPS CHURULY,1,92752.0,1,1,1
SHRI GANESH BRICK FIELD,1,92655.0,1,1,1
JAGJIT SINGH SO NACHHATAR SINGH,1,92650.0,1,1,1
GS Malik Enterprices Hasanpur,2,92400.0,1,1,1
SHRE DHAKAD BROTHERS,1,92400.0,1,1,1
Balvir Singh maherna kalan,3,92392.0,3,1,1
St Berchmans College,1,92288.0,1,1,1
JANKIT INDUSTRIES,1,92237.0,1,1,1
AMRIK SINGH LALINA,1,92004.0,1,1,1
Aai Mogal Krupa Enterprise,2,92000.0,2,1,1
RK BUILDING MATERIAL,1,92000.0,1,1,1
HP STate Civil Supplies Corporation Limited Shimla,1,92000.0,1,1,1
ADITYA ENGINEERS,1,91999.0,1,1,1
SUMAN INFO,1,91940.0,1,1,1
Kajla Cement and Sanitary Store,2,91884.0,1,1,1
Avon Interlock Tile Industries Barnala,3,91875.0,2,1,1
Ghotra Traders,2,91770.0,2,1,1
RAJU CEMENT STORE,4,91600.0,3,1,1
LALJEET SINGH,1,91500.0,1,1,1
Binder Singh,6,91277.0,4,1,2
FOCUZ COMPUTERS,1,91000.0,1,1,1
Dhira construction co,1,90550.0,1,1,1
Khalsa BKO,3,90500.0,2,1,1
THSHAR TRADING COMPANY,1,90400.0,1,1,1
Kuldeep singh,1,90362.0,1,1,1
MS JAI DURGA IRON STORE,2,90246.0,1,1,1
lakhwinder singh,1,90200.0,1,1,1
MS GMM ENTERPRISES,12,90164.0,12,1,1
Bhim Chand,2,90100.0,1,1,1
sarabjit singh Cemment,2,90050.0,1,1,1
Parbdeal,1,90000.0,1,1,1
GRAM PANCHAYAT MORAHA,1,90000.0,1,1,1
GP CHAMNED,1,90000.0,1,1,1
GRAM PANCHAYAT MANOLA,1,90000.0,1,1,1
Babu Brij Bihari Singhmahavidyalay,1,90000.0,1,1,1
JITENDRA RATHORE,3,90000.0,1,1,1
GR ENTERPRISES SAS Nagar MOHALI,2,90000.0,2,1,1
Sandhu Interlock,1,90000.0,1,1,1
GRAM PANCHYAT  BHONAKHERI,1,90000.0,1,1,1
GRAM PANCHYAT  UMRAHAR,1,90000.0,1,1,1
GRAM PANCHYAT  LONIYA MARU,1,90000.0,1,1,1
Janak Raj Prop Ms Kissan Bhatta co maur kalan,4,89998.0,1,1,1
Pritam Singh and Sons,2,89970.0,2,1,1
R v Sports,2,89970.0,2,1,1
MS TANUJA CONSTRUCTION,1,89953.0,1,1,1
Sawariya Traders Nagpur,3,89941.0,1,1,1
Zenix Computer,1,89845.0,1,1,1
Bharpur Singh,2,89782.0,2,1,1
A One Bricks Dabhota HP,2,89600.0,1,1,1
AAI LAXMI ENTERPRISE,1,89557.0,1,1,1
JAI GIRI MAA Enterprises,1,89552.0,1,1,1
THE ANMOL TURAN COOPERATIVE LABOUR AND CONSTRUCTION,1,89367.0,1,1,1
THE PARDEEP SINGHMAR CO OP L C SOCIETY LTD,1,89315.0,1,1,1
Kanishka enterprises,1,89280.0,1,1,1
Karmjit Singh Mistre,2,89250.0,1,1,1
HARDEV MARBLE INDUSTRIES MANSA,2,89208.0,2,1,1
C Jeevan Babu,1,89163.0,1,1,1
Surya Bricks Company,1,89094.0,1,1,1
SIDHU AND SONS BKO,1,89000.0,1,1,1
bechararam,3,88961.0,3,1,1
Wahe Guru Pipe Store,6,88935.0,3,1,1
Aggarwal Khad Store,4,88850.0,2,1,1
ANIRUDDHA ENTERPRISES,2,88840.0,1,1,1
BALDEV KRISHAN GUPTA AND SANJ,5,88800.0,2,1,1
GRAM PANCHAYAT JHALA,2,88800.0,1,1,1
BDO Kunzer,1,88422.0,1,1,1
MS AGGARWAL PIPE AND SUBMERSIBLE STORE,2,88296.0,1,1,1
aggarwal bko,3,88200.0,1,1,1
kumaon traders,2,88108.0,2,1,1
SAI CONSTRUCTION CO,1,88000.0,1,1,1
Tarlochan Ram Massn,2,88000.0,1,1,1
Bhole Shankar Bricks Industry,4,88000.0,4,1,1
Rajkumar,7,87886.0,6,1,5
Kundan Singh,4,87800.0,3,1,1
Venus Sales Corporation,1,87800.0,1,1,1
GRAM PANCHAYAT USARI,1,87500.0,1,1,1
Kalra Iron And Timber Store,2,87422.0,1,1,1
Teja singh pipe factory,1,87375.0,1,1,1
SHRI KANHA TRADERS,1,87369.0,1,1,1
DIBYA PRASAD NAYAK SUPPLIER,1,87293.0,1,1,1
PRI.G.G.HR.SEC.SCHOOL CHURAHAT,1,87090.0,1,1,1
Keshav Dutt and Brothers,2,87000.0,1,1,1
JASVIR KAUR SARPANCH MALAKPUR,2,86631.0,1,1,1
MS MALWA BKO,2,86450.0,2,1,1
KALURI HEMAKUMAR,1,86411.0,1,1,1
VADAMALAPETA DILLIMMA,1,86411.0,1,1,1
Nemili Rajendran,1,86411.0,1,1,1
BHAG SINGH SON OF GARIB DASS,2,86400.0,2,1,1
HARJAP,2,86350.0,2,1,1
DETECH,4,86327.0,1,1,1
VEERPAL KAUR SARPANCH,1,86238.0,1,1,1
JAMWAL AND  BROS,2,86140.0,1,1,1
GOYAL TRADERS,1,86140.0,1,1,1
JAGTAR SINGH,3,86027.0,2,1,1
State Motor Garages Department,1,85993.0,1,1,1
HEADMISTRESS SNHS NANKICITY,1,85976.0,1,1,1
ANTTAL TILE INDUSTRIES,2,85950.0,1,1,1
GURDEEP SINGH CHAMARHERI,3,85909.0,1,1,1
K Sravanthi,1,85820.0,1,1,1
GP PURLI MPLADS,2,85806.0,1,1,1
Jaspal Singh Sarpanch,2,85805.0,1,1,1
Navnirman Traders,1,85800.0,1,1,1
Manuj Kumar Brahma,1,85750.0,1,1,1
Shakti Ventures,1,85495.0,1,1,1
Krishna Cement Store,2,85400.0,1,1,1
Santosh Kumar Sahu,1,85302.0,1,1,1
HARISH CHANDRA BHATT TRADERS,1,85107.0,1,1,1
PUSHPA KHAD BHANDAR,1,85014.0,1,1,1
Executive Engineer and EO,1,85000.0,1,1,1
Joginder Pal,1,85000.0,1,1,1
HEAD MASTER SNV SANSKRIT H S S,1,85000.0,1,1,1
HEADMISTRESS GUPS NERIAMANGALAM,1,85000.0,1,1,1
HEADMISTRESS GOVT HSS CHOWARA,1,85000.0,1,1,1
RO CARE CENTRE DODA,1,85000.0,1,1,1
Mobility kart,1,85000.0,1,1,1
SAJAN SINGH,3,85000.0,1,1,1
MR ELECTRONIC,1,85000.0,1,1,1
JYOTI PIPE,1,84960.0,1,1,1
Godavari Enterprises,1,84949.0,1,1,1
JAIN PLYWOOD,1,84772.0,1,1,1
TAHASILDAR BARGAON,5,84754.0,5,1,1
JINDAL BRICK KILN CO,3,84700.0,1,1,1
Harbhajan trading company,4,84689.0,1,1,1
Khand vikas adhari,2,84466.0,2,1,1
Ram krishan singh,1,84414.0,1,1,1
MS AJAIB SINGH BKO,5,84378.0,3,1,1
MS Dashmesh Trading Company,3,84354.0,1,1,1
Ramvir,1,84288.0,1,1,1
DEEPAK GOVT CONTRACTOR,1,84252.0,1,1,1
AEN O AND M JODH VVNL MANDAR,1,84238.0,1,1,1
DEKA BROTHERS EMTERPRISE,1,84004.0,1,1,1
Sandhu Bricks,2,84002.0,1,1,1
KMALA RANI BKO,2,84000.0,1,1,1
Samual Masih,1,84000.0,1,1,1
SHARDA BKO,3,84000.0,2,1,1
Hem Raj Darshan Kumar,4,83958.0,1,1,1
ASV Traders,1,83927.0,1,1,1
Head Mistress St Michaels High School Kavil,1,83808.0,1,1,1
SANJU RAM,4,83700.0,2,1,1
BIPUL CHANDRA BORUAH,1,83697.0,1,1,1
Gurukripa marble and tiles,1,83650.0,1,1,1
Hardeep Hardware And Paint Store,6,83580.0,4,1,1
Balwinder Singh Massn,2,83398.0,1,1,1
THE BPR CO OP LABOUR AND CONSTRUCTION SOCIETY LTD,1,83384.0,1,1,1
KAMLA DEVI,11,83253.0,10,2,6
Shagun Bricks Industry,3,83200.0,1,1,1
MPLAD WITHHELD,9,83071.0,8,1,1
Mr MANAS KUMAR SAHOO,1,83000.0,1,1,1
MANMEET SAHEJPAL,1,82979.0,1,1,1
sidhu cement and sanitry store,3,82970.0,1,1,1
GREEN SHINE TRADERS,1,82950.0,1,1,1
SONIA RANI,2,82800.0,1,1,1
AK CEMENT  HARDWARE STORE AHMEDGARH,3,82800.0,1,1,1
Pritpal Singh,1,82740.0,1,1,1
Shiv krapa contstruction company,2,82720.0,1,1,1
Abdul Gani Koka,2,82688.0,1,1,1
GRAM PANCHAYAT GARHIMEWAT,1,82580.0,1,1,1
khiva bricks kiln company,2,82560.0,1,1,1
Bushahr Trades,2,82525.0,2,1,1
DASHMESH TRADING CO,2,82500.0,1,1,1
GURNOOR STEEL SHUTTERING AND CEMENT STOE,2,82490.0,1,1,1
Rajvinder Singh,3,82413.0,3,1,1
Jasveer Singh,1,82368.0,1,1,1
gram panchayat padalwas,1,81994.0,1,1,1
SIDHU CEMENT AND SCRAP STORE,3,81949.0,1,1,1
PUNMA RAM,2,81900.0,1,1,1
LOT INTERNATIONAL,2,81800.0,2,1,1
BS AND SONS,2,81800.0,1,1,1
cheema cement store,3,81691.0,2,1,1
Binud Gogoi,5,81665.0,5,1,1
CHANDAN BRICK KILN,2,81620.0,1,1,1
Ms Ishanta Traders,1,81470.0,1,1,1
RAMA RAM,2,81400.0,2,1,2
MS SON NATH RAM SAROOP,3,81283.0,2,1,1
THE KHARINDWA CO OP LABOUR AND CONST SOCIETY KHARINDWA,1,81259.0,1,1,1
AKASHDEEP,1,81250.0,1,1,1
Sarabjit Singh so Tulsa Singh,1,81209.0,1,1,1
Bhambra Steel and Aluminum Works,1,81206.0,1,1,1
Ms Parveen Trading Co Behbal Manj Mukerian,2,81150.0,1,1,1
Parmjit Kaur,2,81070.0,2,1,1
NEHA PLAYWAYS EQUIPMENTS PRIVATE LIMITED,2,81000.0,2,1,1
Lalit sungat,2,81000.0,1,1,1
Ambika Rai Kalwar,1,80894.0,1,1,1
HEADMISTRESS HOLY FAMILY HIGH SCHOOL PARAMPUZHA,1,80888.0,1,1,1
Parveen kaur,2,80760.0,1,1,1
Kamla Devi,6,80750.0,6,2,4
Parveen Gupta and Co,3,80640.0,1,1,1
SABHARI ELECTICALS,4,80580.0,4,1,1
PRINCIPAL GOVT COLLEGE OF NURSING THRISSUR,1,80455.0,1,1,1
Baba Sher Shah Wali Cement Pipe and Tile Factory,1,80290.0,1,1,1
Guru Kirpa Cement and Shuttering Store,4,80220.0,1,1,1
HEADMASTER,1,80203.0,1,1,1
SARABJIT KAUR WO PRITAM SINGH,1,80102.0,1,1,1
Gurcharan SIngh Mistri,3,80078.0,2,1,1
Shri Raiput Cement Optical and Traders,1,80062.0,1,1,1
Ashok Kumar,3,80050.0,3,2,3
Vikas kumar,1,80028.0,1,1,1
SADHANA MISHRA,2,80000.0,2,1,1
SARPANCH SACHIV GRAM PAN KOTMI KHURD,1,80000.0,1,1,1
Sarpanch Sachiv Gram Panchayat Dhanoura,1,80000.0,1,1,1
DHANANJAY RAI,1,80000.0,1,1,1
GP Baridhar,1,80000.0,1,1,1
sarpanch gp kothar,1,80000.0,1,1,1
GP Himri,1,80000.0,1,1,1
GP Belardhar,1,80000.0,1,1,1
Gram Panchyat Khood Drabil,1,80000.0,1,1,1
GP Goies,1,80000.0,1,1,1
sachiv gram panchyat kandai kala,2,80000.0,2,1,1
TIHRA,1,80000.0,1,1,1
GRAM PANCHAYAT AMBADI,1,80000.0,1,1,1
GP Mandal,1,80000.0,1,1,1
GP Manjheli,1,80000.0,1,1,1
Gram pancahyat ratamati,1,80000.0,1,1,1
GP Bhutli Manal,1,80000.0,1,1,1
GP Urla,1,80000.0,1,1,1
SAR AND SAC GRAM PANCHAYAT JOGISAR,1,80000.0,1,1,1
GP BALT,1,80000.0,1,1,1
GRAM PANCHYAT  THUNIYA UDNA,1,80000.0,1,1,1
SachivSarpanch gram panchayat Semriharchand,1,80000.0,1,1,1
Atul computers,1,80000.0,1,1,1
Gram Panchayat Mayali Jejad,1,80000.0,1,1,1
GRAM PANCHAYAT GHATBAHRA JP PENDRA,1,80000.0,1,1,1
GP Brasli,1,80000.0,1,1,1
Murari Lal,3,80000.0,1,1,1
Gram Pancahyat ANDHOL,1,80000.0,1,1,1
SWAGATIKA DAS,2,80000.0,2,1,1
GP Thali,1,80000.0,1,1,1
Jatinder Puri,1,80000.0,1,1,1
Gram pancahyat mehda,1,80000.0,1,1,1
GP SATHWIN,1,80000.0,1,1,1
SHIVAM Building Material,1,79996.0,1,1,1
GRAM PANCHAYAT MOKALWADI,1,79992.0,1,1,1
HARVINDER SINGH BRAR,1,79880.0,1,1,1
AGGARWAL BRICK WORKS,2,79800.0,2,1,1
CHAHAL TRADING CO,3,79800.0,1,1,1
gp sajjanwas,1,79665.0,1,1,1
manish kumar joshi,6,79646.0,6,1,1
The Mitathal CO OP L and C Society,1,79611.0,1,1,1
Baba Gareeb Das Building Material,1,79500.0,1,1,1
Mohd Basharat Ali,1,79500.0,1,1,1
AK Traders,2,79400.0,1,1,1
PTA GOVT UP SCHOOL KALARCODE,1,79370.0,1,1,1
GOVIND SINGH,5,79324.0,5,2,2
RAJINDER SINGH,3,79245.0,3,1,2
AMEECHAND SINGH,3,79204.0,1,1,1
Rituraj Bhumij,1,79053.0,1,1,1
HUNDAL TREADING COMPANY,2,79050.0,1,1,1
Naveen Kumar,3,78840.0,2,2,2
BHARAT NIRMAN  CO,1,78828.0,1,1,1
Pinninti Ramanamma,1,78792.0,1,1,1
MAA SHAKTI INTERPRAJES,4,78735.0,1,1,1
Amarjit Singh Boring Company,5,78600.0,4,1,1
BHURU KHA,3,78600.0,1,1,1
Jarnail Singh,2,78500.0,2,1,1
GURSEWAK SINGH,5,78400.0,3,1,3
MS BASERA BUILDERS,1,78383.0,1,1,1
SHARMA MILL STORE,1,78340.0,1,1,1
Simranjit Singh,4,78200.0,2,1,1
SS CONSTRUCTION,2,78035.0,1,1,1
BARKAT AND SONS,1,78000.0,1,1,1
Dhan Guru Nanak Tiles Hub,1,78000.0,1,1,1
Ravi Kumar,1,77850.0,1,1,1
Katipelly Jagadeshwar Reddy,2,77670.0,2,1,1
LOVELY BRICK TRADERS,2,77600.0,1,1,1
The Kuber Co Op LC Soc Ltd,1,77432.0,1,1,1
Radhe krishna Solar Energy System,1,77400.0,1,1,1
TAHASHILDAR GANIA,9,77380.0,9,1,1
LOVELY TRADING CO,2,77229.0,2,1,1
sandip singh,2,77225.0,1,1,1
Manik dhoola store dhaula,3,77097.0,1,1,1
YANGPHEL TRADING COMPANY,1,77000.0,1,1,1
INDIA SALES CORPORATION,2,76900.0,2,1,1
SANGAM BRICKS COMPANY,2,76700.0,1,1,1
Divisional Engineer Electrical Operations TGNPDCL Metpally,1,76655.0,1,1,1
GLPS MUNDEKKARADU,1,76627.0,1,1,1
TVS VEHICLE MOBILITY SOLUTION PRIVATE LIMITED,1,76500.0,1,1,1
kASHMIR TRADING CO,3,76490.0,1,1,1
Varun Bhatt,4,76320.0,4,1,1
Jagwinder Singh,1,76216.0,1,1,1
BHANA RAM KESHO DASS DHURI,1,76200.0,1,1,1
GEETA DEVI,9,76143.0,9,2,6
KULWINDER KAUR,1,76010.0,1,1,1
mishraram,2,76000.0,2,1,1
SANJAYAN T K,1,76000.0,1,1,1
UJAGAR BRICKS INDUSTRY,2,75848.0,2,1,2
Suklal Bheel,4,75800.0,1,1,1
Bikramjit Singh,2,75768.0,2,1,1
Executive Engineer Road Division No1,2,75683.0,1,1,1
Director all india institute of speech and hearing,2,75660.0,2,1,1
Jaswinder Khan,2,75565.0,2,1,1
M S 790 NSS KARAYOGAM NADUBHAGAM,1,75558.0,1,1,1
Lakshmi BKO,5,75520.0,2,1,1
Ms Garg Bricks,2,75500.0,1,1,1
SACHIV MP BHAVAN EAVAM ANYA SANIRMAN KARMKAR KALYAN MANDAL BHOPAL,14,75462.0,14,1,2
BT AGRO UDYOG,2,75449.0,1,1,1
ALTAIR CORPORATION,1,75448.0,1,1,1
Ms 3 Star Hardware,1,75442.0,1,1,1
RAHUL,6,75373.0,5,4,4
TALOH TASING,1,75356.0,1,1,1
Rema N R,1,75337.0,1,1,1
N A Contractor,1,75291.0,1,1,1
LENZING MIZE,1,75144.0,1,1,1
mkk iron store,3,75068.0,1,1,1
BALBIR SINGH,1,75056.0,1,1,1
RESHAM SINGH,2,75032.0,2,1,2
FERNANDO LYNGDOH,1,75000.0,1,1,1
GP KATINDHI,1,75000.0,1,1,1
GRAM PANCHYATBINEKI,1,75000.0,1,1,1
GRAM PANCHYAT PURTALA,1,75000.0,1,1,1
kulwinder singh so mahinder singh,1,75000.0,1,1,1
GRAM PANCHYAT PIPARIA RAJGURU,1,75000.0,1,1,1
SARPANCH GRAM PANCHAYAT UNDACH LUHAR FALIYA,1,75000.0,1,1,1
GP DHANDIYA,1,75000.0,1,1,1
SFC GRAM PANCHAYAT MATHNI,1,75000.0,1,1,1
sarpanch gp sirgorikhurd,1,75000.0,1,1,1
GP KASHI KHARI,1,75000.0,1,1,1
Rikse M Sangma,1,75000.0,1,1,1
GP Bhadian Kothi,1,75000.0,1,1,1
GRAM PANCHAYAT JARJOLA,1,75000.0,1,1,1
BDO DEHRA MP RAJYA SABHA,1,75000.0,1,1,1
GRAM PANCHYAT SAUR,1,75000.0,1,1,1
virmani furniture,1,75000.0,1,1,1
GRAM PANCHAYAT BOUCHAR,1,75000.0,1,1,1
Enian N Sangma,1,75000.0,1,1,1
GRAM PANCHYAT TIKTOLI,1,75000.0,1,1,1
GRAM PANCHAYAT BAILLY,1,75000.0,1,1,1
sarpanch gp leekhawadi,1,75000.0,1,1,1
GP KOthuwan,1,75000.0,1,1,1
Mejingstone D Sangma,1,75000.0,1,1,1
GRAM PANCHAYAT NARYAWALI,1,75000.0,1,1,1
BERIN KLEIN,1,75000.0,1,1,1
GRAM PANCHAYAT TIKRI,1,75000.0,1,1,1
GRAM PANCHAYAT BARHETA,1,75000.0,1,1,1
Sarpanch sachiv gram panchayat Sokalpur,1,75000.0,1,1,1
Sarpanch sachiv gram panchayat Jhiriyamata,1,75000.0,1,1,1
Sarpanch Sachiv Gram panchayat Niwari,1,75000.0,1,1,1
sarpanch gp dungariyatitra,1,75000.0,1,1,1
GRAM PANCHAYAT  TIKKAR RAJPUUTAN,2,75000.0,1,1,1
gupta radios,1,75000.0,1,1,1
Warning Marak,1,75000.0,1,1,1
GRAM PANCHAYAT BAKORI,1,75000.0,1,1,1
mohd sadda gamla wala,1,75000.0,1,1,1
Sarpanch Gram Panchayat Bheropur,1,75000.0,1,1,1
Sarpanch Gram Panchayat   BAMHANWADA,1,75000.0,1,1,1
Sarpanch Gram Panchayat   RAMGARH,1,75000.0,1,1,1
Sarpanch Gram Panchayat   KEOLARISAMBHA,1,75000.0,1,1,1
Sarpanch Gram Panchayat   PANJRA,1,75000.0,1,1,1
GRAM PANCHAYAT MEHGAON,1,75000.0,1,1,1
Sarpanch Gram Panchayat   JHILMILI,1,75000.0,1,1,1
GRAM PANCHAYAT AJRAI,1,75000.0,1,1,1
GP SAGONIYA JP BADI,1,75000.0,1,1,1
GP thala jp udaipura,1,75000.0,1,1,1
Sachiv gram Panchayat Bhatti,1,75000.0,1,1,1
Gram Panchayat Menpani,1,75000.0,1,1,1
sarpanch gp mayawadi,1,75000.0,1,1,1
sarpanch gp semartal,1,75000.0,1,1,1
sarpanch gp sethiya,1,75000.0,1,1,1
fasial khan,1,75000.0,1,1,1
GP Ghorna,1,75000.0,1,1,1
GRAM PANCHAYAT JANGAL,1,75000.0,1,1,1
SARPNACH SACHIV GRAM PANCHAYAT UMMEDPURA,1,75000.0,1,1,1
Ram Murti,1,75000.0,1,1,1
GRAM PANCHAYAT MADPAL JAGDALPUR,1,75000.0,1,1,1
asian brick klin,1,75000.0,1,1,1
sarpanch gp ambada,1,75000.0,1,1,1
sarpanch gp jatachhapar,1,75000.0,1,1,1
sarpanch gp kohka,1,75000.0,1,1,1
sarpanch gp bhamodi,1,75000.0,1,1,1
GRAM PANCHAYAT GORAKHPUR,1,75000.0,1,1,1
Sachiv gram panchayat Somalwada khurdChadone,1,75000.0,1,1,1
Slowrina Ch Marak,1,75000.0,1,1,1
GRAM PANCHAYAT PASTANA,1,75000.0,1,1,1
Gram Panchayat Jamli,1,75000.0,1,1,1
GRAM PANCHAYAT VASAN,1,75000.0,1,1,1
sarpanch gp darbai,1,75000.0,1,1,1
sarpanch gp budlapathar,1,75000.0,1,1,1
gram panchayat gundrai,1,75000.0,1,1,1
GP Neri,2,75000.0,1,1,1
GP MAHGUWAN NIJOR,1,75000.0,1,1,1
GRAM PANCHAYAT PASI,1,75000.0,1,1,1
GP Kihar,1,75000.0,1,1,1
Greden M Marak,1,75000.0,1,1,1
BALAJI CONTRACTION KAPNI TAKIPURA,1,75000.0,1,1,1
gram Panchayat Rangari,1,75000.0,1,1,1
GRAM PANCHAYAT DONGARGAON  ANDIA,1,75000.0,1,1,1
GRAM PANCHAYAT DUDWARA,1,75000.0,1,1,1
GRAM PANCHAYAT SURAJGAO,1,75000.0,1,1,1
Gram Panchayat Sirhkund,1,75000.0,1,1,1
shantaram vitthal shelke,1,75000.0,1,1,1
MR KURWAN GRAM PANCHAYAT KURWAN,1,74945.0,1,1,1
Jasvir Khan Kami Khurad,2,74900.0,1,1,1
Azgor Ali,1,74852.0,1,1,1
AS Kalra,1,74801.0,1,1,1
Brar Associates,2,74800.0,2,1,1
Akash Pipes,1,74701.0,1,1,1
Gagandeep Singh Sidhu,2,74620.0,2,1,1
ST ANTONYS HS KOKKOTHAMANGALAM,1,74587.0,1,1,1
RAM KUMAR THERI SARPANCH,1,74540.0,1,1,1
Raghbir Singh,1,74520.0,1,1,1
UNLIMITED INC,2,74520.0,2,1,1
Executieve Engineer,1,74498.0,1,1,1
MALKIT SINGH,1,74436.0,1,1,1
DD BKO,2,74400.0,1,1,1
punjab iron,4,74375.0,1,1,1
Shivan Bricks Industries,2,74350.0,2,1,1
ABHINAV TRADERDS,3,74265.0,2,1,1
NARESH KUMAR,7,74255.0,7,1,4
GMLPS THRIKKALLUR,1,74237.0,1,1,1
ANIL BHATT,3,74235.0,3,1,1
The Raily Co op L and C Society ltd,1,74177.0,1,1,1
Gram Panchayat Bhetasi Talpad,1,74174.0,1,1,1
Videya vanti,1,74124.0,1,1,1
GURU TEG BAHADUR CEMENT AND MATERIAL STORE,3,74118.0,2,1,1
MISSER STEEL AND IRON WORKS,2,74072.0,2,1,1
ULTIMATE SOLUTION,2,74000.0,1,1,1
Balaji Enterprises,2,73950.0,1,1,1
P S GURUNDIA MPLADS AC,2,73861.0,2,1,1
NADARI GRAM PANCHAYAT,1,73650.0,1,1,1
LAVISH ENTERPRISES,1,73390.0,1,1,1
Lassara Pohlewas Sakinder Singh,1,73344.0,1,1,1
Lassara Lakhowas Swaranjit Kaur,1,73344.0,1,1,1
SHARADA CONSTRUCTION AND SUPLIERS,1,73331.0,1,1,1
HM Govt High School Mudical,1,73307.0,1,1,1
AARTI AND COMPANY,1,73276.0,1,1,1
Punjab Building Material,2,73275.0,1,1,1
ANSAMMA THOMAS HEADMISTRESS,1,73271.0,1,1,1
SR THRESIAMMA JOSEPH HEADMISTRESS,1,73271.0,1,1,1
Kamlesh Kumari Massn,2,73200.0,1,1,1
GRAM PANCHAYAT  BANDHA CHOUTH,1,73150.0,1,1,1
SWASTIK TRADERS,1,73025.0,1,1,1
Kamaljit Singh so Ram Kishan,1,73000.0,1,1,1
Biswajit Paul,1,72940.0,1,1,1
gram panchyat padalwas,1,72875.0,1,1,1
ASHARAF V P,1,72863.0,1,1,1
ST JOSEPHS UP SCHOOL  KARITHALA,1,72799.0,1,1,1
JAGSEER SINGH SO BHOLA SINGH,2,72783.0,1,1,1
JB TRADERS,1,72700.0,1,1,1
Satgur Simran Traders,4,72681.0,2,1,1
Ralh Steel,2,72605.0,2,1,1
KAMAL KUMAR,3,72600.0,3,2,2
KARAMJIT KAUR SARPANCH BATTA,1,72597.0,1,1,1
Billa Bricks Industries BKO,2,72500.0,1,1,1
Sidhu bko,3,72400.0,1,1,1
VIKRANT CEMENT STORE,2,72220.0,1,1,1
KSP BUILDER,2,72200.0,1,1,1
Rajesh Vishnu,3,72200.0,1,1,1
HARPREET SINGH SARPANCH,1,72178.0,1,1,1
Jashanpreet Singh so Balwant Singh Mistri,1,72158.0,1,1,1
MS Milkhi Ram BKO,2,72080.0,1,1,1
GIAN SINGH,3,72065.0,1,1,1
Dev Raj Massean,3,72000.0,3,1,1
Joginder Singh And Compony,1,72000.0,1,1,1
Paras Ram Som Nath Barnala,4,71903.0,4,1,1
VIKASH ELECTRICALS,1,71800.0,1,1,1
HM UHSS ANNANAD,1,71489.0,1,1,1
sharda motors,1,71480.0,1,1,1
CHARANJIT SINGH,3,71473.0,3,1,1
Gill Trading Company,2,71311.0,1,1,1
Beant Singh,1,71218.0,1,1,1
MANSURI BUILDING MATERIAL,2,71200.0,1,1,1
MAHENDRA,7,71187.0,6,1,4
amar nath bagli kalan,2,71162.0,1,1,1
B  AND C INDUSTRIES,1,71000.0,1,1,1
Sunil Kumar Sharma,1,71000.0,1,1,1
AEN AVVNL CSD I SIKAR,1,70941.0,1,1,1
prince  marbles and granite,1,70873.0,1,1,1
SWASTIK IDUSTRIES,1,70800.0,1,1,1
Mukul Durgapal,3,70700.0,3,1,1
JAI SHANKAR TRDING CO,3,70663.0,1,1,1
BDPO ATELI NANGAL,1,70525.0,1,1,1
moti lal,6,70481.0,6,1,1
MANAGER DC BOOKS,1,70201.0,1,1,1
MITTAL ENTERPRISES,1,70150.0,1,1,1
RAJA STEEL CENTRE,1,70120.0,1,1,1
MANAGER KAIRALI PUSTHAKASHALA,1,70066.0,1,1,1
GAGANDEEP SINGH,2,70050.0,2,1,1
Gram Panhayat Tullah,1,70000.0,1,1,1
Gram Panchayat Simas,1,70000.0,1,1,1
Gram Panchayat Dhelu,1,70000.0,1,1,1
Sewa Bharti samitti Ropri Kalehru,1,70000.0,1,1,1
Gram Panchayat Galu,1,70000.0,1,1,1
Gram Panchayat Bihun,1,70000.0,1,1,1
Gram Panchayat Nauhali,1,70000.0,1,1,1
Gram Panchayat Bharol,1,70000.0,1,1,1
Gram Panchayat Bhadyara bhulla,1,70000.0,1,1,1
Gram Panchayat Langna,1,70000.0,1,1,1
DHIR BUILDING MATERIAL STORE,2,70000.0,1,1,1
AISHWARY ELECTRICALS,1,70000.0,1,1,1
Gram Panchayat Khadiar,1,70000.0,1,1,1
SINGLA SUBMERSIBLE PIPE STORE,1,70000.0,1,1,1
Gram Panchayat Kathaun,1,70000.0,1,1,1
DS VIRK BUILDING MATERIAL,1,70000.0,1,1,1
BALJINDER PAL SONI,1,70000.0,1,1,1
Gram Panchayat Talkehar,1,70000.0,1,1,1
Gram Panchayat Kuthera,1,70000.0,1,1,1
Bhagat Singh Yuva Club,1,70000.0,1,1,1
Gram Panchayat Chauntra,1,70000.0,1,1,1
Gram Panchayat  Matehar,1,70000.0,1,1,1
Shiva Mahila Mandal,1,70000.0,1,1,1
Gram Panchayat  Khaddar,1,70000.0,1,1,1
Gram panchayat Kolang,1,70000.0,1,1,1
MS JANTA SUBMERSIBLE AND ELECTRICAL STORE,1,70000.0,1,1,1
Mata Bhabori Mandir Nirman Samiti,1,70000.0,1,1,1
Gram Panchayat Trembli,1,70000.0,1,1,1
Gram Panchayat Utpur,1,70000.0,1,1,1
Gram Panchayat  Panjahal,2,70000.0,1,1,1
Gram Panchayat  Tikroo,1,70000.0,1,1,1
Gram Panchayat  Pihar  Bhedlu,1,70000.0,1,1,1
Gram Panchayat Bhadyara,1,70000.0,1,1,1
gp damari,1,69970.0,1,1,1
MRINAL PHUKON,1,69949.0,1,1,1
MOHAN SPORTS,2,69910.0,1,1,1
MEDITECH CORPORATIONS,1,69900.0,1,1,1
Dhan singh,2,69807.0,1,1,1
Rapal Cement Store,2,69700.0,2,1,1
DHIMAN WELDING WORKS,2,69678.0,2,1,2
Saini Sanitary Wares Bath Collection,1,69650.0,1,1,1
RANDHAWA BRICK KILN,2,69650.0,2,1,1
PRABHU,4,69565.0,4,1,1
R K Cement Store,1,69500.0,1,1,1
Ayyappa Borewells,1,69367.0,1,1,1
CAPITAL STEEL CORPORATION,1,69359.0,1,1,1
JB Traders,3,69217.0,3,1,1
JASVIR KAUR SARPANCH,1,69137.0,1,1,1
MS BEHRU BUILDING MATERIALS,2,69100.0,2,1,1
ASIAN SPORTS,1,69080.0,1,1,1
RATNA ENGINEERING CORPORATION,1,68935.0,1,1,1
LUXMI SALES,1,68920.0,1,1,1
SHUTTERING,2,68900.0,2,1,1
SUNIL KUMAR S,1,68896.0,1,1,1
S A TRADERS,4,68865.0,3,1,1
SUKHPAL SINGH SO CHET SINGH,2,68799.0,2,1,1
Kamla,6,68744.0,5,2,3
Banty Electrical,1,68668.0,1,1,1
Kesar singh,1,68640.0,1,1,1
Ms Krishna Bhatta,2,68476.0,2,1,1
VIVEK PANDEY,5,68425.0,5,1,1
MS Rana Tiles Maker,2,68400.0,1,1,1
HOSPITAL MANAGEMENT COMMITTE CHC CHUNGATHARA,3,68286.0,1,1,1
Amar Agro Industries,1,68250.0,1,1,1
MS Goldy Cement Store,2,68130.0,1,1,1
Narender Building Material,2,68040.0,1,1,1
SACHIV GRAM PANCHAYAT BIOARA,2,68000.0,1,1,1
Shiva Bricks Kiln Company,1,68000.0,1,1,1
Dhiraj Singh Bisht,4,67877.0,4,1,1
Pan Singh Jeena,3,67840.0,3,1,1
Baraq Enterprise,1,67800.0,1,1,1
SANJAY DIWAKER,3,67549.0,3,1,1
GIAN SAHOTA,1,67544.0,1,1,1
Sukhwinder Kaur,6,67543.0,1,1,1
beant singh,2,67514.0,1,1,1
SHIV OM ENTERPRISES,1,67500.0,1,1,1
Swran Singh,2,67440.0,1,1,1
Hara Ram,2,67422.0,2,1,1
NACHHATTAR SINGH,2,67340.0,1,1,1
GP FATHPUR KALAN,1,67320.0,1,1,1
JAI BABA KHAK NATH WELDING WORKSHOP,1,67260.0,1,1,1
Ms Shivaay Enterprises Jind,1,67257.0,1,1,1
SANDHU BROTHER CEMENT STORE,1,67100.0,1,1,1
BHOOMI ELECTRONICS AND HOME APPLIANCES,1,67000.0,1,1,1
TONDON IRON STORE,2,67000.0,1,1,1
Sarup Singh,1,66917.0,1,1,1
dalbara singh,2,66780.0,1,1,1
MS SHIV SHAKTI BKO,4,66752.0,1,1,1
DEVARAM,3,66750.0,3,1,3
RAJENDRA SINGH JEENA,4,66618.0,4,1,1
deepak enterprises,1,66500.0,1,1,1
Sona Singh,1,66400.0,1,1,1
BHAGAL TRADING CO,1,66300.0,1,1,1
MANJINDER SINGH SHANKARPUR SAR,1,66300.0,1,1,1
Ram Lal,3,66230.0,2,2,2
R S Traders,1,66167.0,1,1,1
KANTILAL,3,66150.0,3,1,1
MEENA ENTERPRISES,1,66000.0,1,1,1
Ms Krishan Kumar Bko,2,66000.0,2,1,1
RSS TRADERS,5,66000.0,1,1,1
Sandeep Kumar,3,65996.0,2,2,2
ANUPAM GHOSH,1,65676.0,1,1,1
HM SNDPHSS PALISSERY,1,65539.0,1,1,1
NSS GIRLS HIGH SCHOOL KARUKACHAL,1,65500.0,1,1,1
Guru Hargobind Sahib Bricks Udyog,2,65400.0,2,1,1
ORILAL BRICK FIELD,1,65387.0,1,1,1
cheema paint bulding gujjarwal,2,65198.0,1,1,1
Daljit Kumar Thakerwal,1,65020.0,1,1,1
Parkash Iron Store,1,65000.0,1,1,1
GRAM PANCHAYAT KHANNI JHIKLI,1,65000.0,1,1,1
Rajinder Singh,1,65000.0,1,1,1
Ashish patel,1,65000.0,1,1,1
Bhadur Singh Gour,3,65000.0,1,1,1
Gram panchyat Manjhgran Ladwar,1,65000.0,1,1,1
UBHI STEEL WORK,3,64998.0,2,1,1
Hardial Singh,1,64820.0,1,1,1
KULDEEP SINGH SO KEWAL SINGH,1,64786.0,1,1,1
MC REWARI,1,64727.0,1,1,1
MR BOOTA SINGH,1,64711.0,1,1,1
PADAM SINGH,6,64671.0,6,1,2
Yuvraj Singh,3,64645.0,3,1,1
HEAD MISTRESS ST MARCELLINAS GHS NATTASSERY,1,64642.0,1,1,1
Govind singh chouhan,3,64500.0,1,1,1
DEVILAL,2,64350.0,2,1,2
munish kumar,1,64350.0,1,1,1
BHULLAR FARMS,2,64250.0,2,1,1
Rameshji and Sons,1,64227.0,1,1,1
Ms Kalsi Building Material Dasuya,1,64100.0,1,1,1
Happy cement store,2,64100.0,2,1,1
BABA FARID BKO,2,64050.0,1,1,1
GP KHEDATHAKUR,1,64045.0,1,1,1
JAGDISH CHANDRA KANDPAL,4,64028.0,4,1,1
HEADMASTER GUPS KAMBALAKKAD,1,64000.0,1,1,1
HM GOVT LPS PALLIKKAL,1,64000.0,1,1,1
L R URADE BILDING MATERIAL SUPLAYARS,2,64000.0,1,1,1
Harwinder Singh so Ujagar Singh,2,64000.0,1,1,1
Deepak Sales Company,3,63997.0,3,1,1
Nilachakra Hardware Store,1,63963.0,1,1,1
diparam,4,63939.0,4,1,1
wapcos ltd,3,63867.0,3,1,1
Sachin Gupta,3,63600.0,3,1,1
JAYAKUMARI S,1,63538.0,1,1,1
Kumar Anurag,1,63512.0,1,1,1
Raj tiles And Sanitary Store upper bham,2,63407.0,1,1,1
LILU RAM,2,63392.0,2,1,1
SATLUJ BRICKS INDUSTRY,2,63269.0,2,1,1
A K TRADERS,1,63189.0,1,1,1
MAYANK SHREE,4,63150.0,1,1,1
Sukhdev Building Material,2,63138.0,2,1,1
Rattan Shuttering  Building Material Store,2,63090.0,1,1,1
S Virat Contractor,3,63030.0,1,1,1
SHIVRAJ,2,63021.0,2,1,2
D R BUILDING MATERIAL SUPPLIER,1,63000.0,1,1,1
M MOHAN,1,62974.0,1,1,1
Ajit Kumar,1,62900.0,1,1,1
VISHAL MOTOR BODY BUILDERS,1,62894.0,1,1,1
Ajit Pipe Store,1,62732.0,1,1,1
sata ram,4,62644.0,3,1,1
TAHASILDAR GHATGAON,8,62459.0,7,1,1
HONEY SAHOTA,2,62400.0,1,1,1
SHRI KRISHNA CONTRACTORS,1,62330.0,1,1,1
RAMESH KUMAR BKO,2,62310.0,2,1,1
GARG PIPE STORE,1,62260.0,1,1,1
KABDWAL GENERAL STORE,1,62256.0,1,1,1
Vishkarma Kalab Store,1,62200.0,1,1,1
Navajivan Trust,2,62181.0,1,1,1
HP STATE CIVIL SUPPLY CORPORATION  LTD SHIMLA,2,62159.0,2,1,1
SUNITA,12,62146.0,10,1,6
HOSPITAL MANAGEMENT COMMITTE,2,62068.0,1,1,1
Nehali Ram and Co,1,62006.0,1,1,1
DAVY ELECTRONICS,1,62000.0,1,1,1
MANJINDER SINGH,2,62000.0,1,1,1
Jagan Nath Aggarwal BKO,1,62000.0,1,1,1
Neha Creations,2,62000.0,2,1,1
Lahori Ram,2,62000.0,1,1,1
Sagandeep Singh,2,61932.0,2,1,1
Baru Khan Boring Company,4,61900.0,4,1,1
Amarjeet Kaur Kailey,2,61840.0,2,1,1
SHIVKUMAR,3,61800.0,3,1,1
SUKHWINDER SINGH SO MEJOR SINGH,2,61796.0,1,1,1
MAKHAN SINGH,2,61778.0,1,1,1
Kisan Building material supplier,3,61707.0,3,1,1
SANDEEP,6,61605.0,5,1,3
CHIEF EXECUTIVE OFFICER DMF,48,61547.0,46,1,1
SURINDER SINGH BOLAR,2,61509.0,1,1,1
Bhodipura JCB Service,2,61500.0,1,1,1
NSR TRADING CO,1,61500.0,1,1,1
pardhan singh,2,61462.0,1,1,1
chiranji lal madan lal,2,61450.0,1,1,1
Laxmi Health Agencies,1,61425.0,1,1,1
Sanjay Pandey,4,61343.0,4,1,1
MADHAV ASSOCIATES,1,61257.0,1,1,1
MOHD IKRAMUL HUSSAIN,1,61250.0,1,1,1
JAYDEEP ENTERPRISE,1,61200.0,1,1,1
JASPREET SINGH,2,61200.0,1,1,1
RAJWINDER KAUR,1,61160.0,1,1,1
Ms Sri Gurunadha Enterprises,1,61154.0,1,1,1
BHAGWATI BRICKS KILN COMPANY,2,61065.0,1,1,1
Shahi Brothers,2,61056.0,1,1,1
H MARISWAMY AND SONS,1,60950.0,1,1,1
SUMAT PRASAD SATISH KUMAR JAIN,1,60723.0,1,1,1
Raam singh,3,60688.0,3,1,1
JAGJIWAN SINGH SO GURPIAR SINGH,2,60638.0,1,1,1
AJAY SINGH,3,60495.0,3,1,3
TIWARI TRADERS,1,60480.0,1,1,1
JITENDRA MISHRA,5,60480.0,5,1,1
KERALA SURGICAL EQUIPMENT COMPANY,1,60416.0,1,1,1
Gurdeep Kumar So Tarsem Lal Mistri Passi Pandi,3,60400.0,2,1,1
Lakhvir Cemnt Store,1,60300.0,1,1,1
Hannu Singh Rathi EnterPrises,1,60245.0,1,1,1
Dhanna jatt trading company,1,60200.0,1,1,1
MAA BHAWANI COMPUTER ZONE,1,60180.0,1,1,1
EXECUTIVE ENGINEER PANCHAYATI RAJ,3,60176.0,3,1,1
JASVIR SINGH,2,60050.0,2,1,2
KAMAL POKHARIYA,4,60024.0,4,1,1
Sumitra Kaur,1,60023.0,1,1,1
GP Bhararoo,1,60000.0,1,1,1
GRAM PANCHAYAT CHANDRIKAPUR,1,60000.0,1,1,1
Pradhan GP Dhart Bagla Sec GP Dart Bagala,1,60000.0,1,1,1
Gram Panchayat Hati,1,60000.0,1,1,1
PradhanGP Kadhar,1,60000.0,1,1,1
GRAM PANCHAYAT KARHAIYA,1,60000.0,1,1,1
GRAM PANCHYAT TEMARU,1,60000.0,1,1,1
GRAM PANCHAYAT SATGAWARI,1,60000.0,1,1,1
Ashik Ahmed Saikia,1,60000.0,1,1,1
CMO TONK KHURD,1,60000.0,1,1,1
GP Chukku,1,60000.0,1,1,1
GRAM PANCHAYAT MUNGNAPAR,1,60000.0,1,1,1
GRAM PANCHYAT THAWRI TEKA,1,60000.0,1,1,1
Pradhan GP Masoli,1,60000.0,1,1,1
Gram Panchayat Devi,1,60000.0,1,1,1
GP Batheri,1,60000.0,1,1,1
Mahila Mandal Kaflon,1,60000.0,1,1,1
Sarpanch Gram Panchayat   SINGODI,2,60000.0,2,1,1
GP MANIKPUR JP KARANJIYA,1,60000.0,1,1,1
Gram Panchayat Latran,1,60000.0,1,1,1
BALWANT URF BANTA SINGH CHAN SINGH,1,60000.0,1,1,1
Gram Panchayat Kida,1,60000.0,1,1,1
Gram Panchayat Maharajganj,1,60000.0,1,1,1
Gram Panchayat Khadbeli,1,60000.0,1,1,1
Gram Panchayat Bhager,1,60000.0,1,1,1
Gram Panchayat Bhalaniya,1,60000.0,1,1,1
SB Intermediate collage Sandi,1,60000.0,1,1,1
GP Kunnu,1,60000.0,1,1,1
Gram panchayat Siratha,1,60000.0,1,1,1
GRAM PANCHYAT SANGAKHEDA,1,60000.0,1,1,1
sarpanch gp sabladhana,1,60000.0,1,1,1
Sarpanch Gram Panchayat   PAUNIYA,2,60000.0,2,1,1
GRAM PANCHAT JHAPIYA,1,60000.0,1,1,1
GRAM PANCHYAT ALMOD,1,60000.0,1,1,1
BALISTER PATEL,4,60000.0,1,1,1
jai ganesh bko,2,60000.0,1,1,1
GRAM PANCHAYAT HIRDAGARD,1,60000.0,1,1,1
PANNALAL MASRE,2,60000.0,1,1,1
sarpanch gp dhala,1,60000.0,1,1,1
Jagan Nath BKO,2,60000.0,1,1,1
Gram Panchayat Gumtra,1,60000.0,1,1,1
Gram Panchayat Gumma,1,60000.0,1,1,1
GP Khalaihal,1,60000.0,1,1,1
Ms Mahajan Traders,1,60000.0,1,1,1
Prashar Yuvak Mandal Rehardhar,1,60000.0,1,1,1
Gram panchayat Dholankhapa,1,60000.0,1,1,1
GRAM PANCHAYAT TELIBAT,1,60000.0,1,1,1
Gram panchayat Nandanwadi,1,60000.0,1,1,1
Gram panchayat Narsala,1,60000.0,1,1,1
Ravi Dass,1,60000.0,1,1,1
GRAM PANCHAYAT CHINDIKAMATH,1,60000.0,1,1,1
GRAM PANCHAYAT CHARGAONKARBAL,1,60000.0,1,1,1
GRAM PANCHAYAT CHAUMAU,1,60000.0,1,1,1
GRAM PANCHAYAT BHARDAGARD,1,60000.0,1,1,1
GRAM PANCHAYAT BHARDI,1,60000.0,1,1,1
GRAM PANCHYAT KOBAJHIRI,1,60000.0,1,1,1
GRAM PANCHAYAT JHOTKALA,1,60000.0,1,1,1
VASUDEV CHOUHAN,1,60000.0,1,1,1
GRAM PANCHAYAT DHAKARWADI,1,60000.0,1,1,1
Gram pancahyat tinsai,2,60000.0,1,1,1
GRAM PANCHAYAT BHATODIYAKHURD,1,60000.0,1,1,1
GRAM PANCHAYAT CHAVDA,1,60000.0,1,1,1
Shri Radha Krishan Contractor,1,59991.0,1,1,1
KRISHNA TILES GALLERY,2,59982.0,1,1,1
Manjinder Kaur,1,59964.0,1,1,1
Narayan anokhilal patel,1,59790.0,1,1,1
Ms Bharti Kissan Shuttering Store,2,59729.0,1,1,1
Kamat Shankar,2,59692.0,1,1,1
BABA NAND SINGH BRICK WORKS,2,59500.0,2,1,1
SHIVA SPUN PIIPES,2,59472.0,1,1,1
JK TRADERS,2,59458.0,1,1,1
MUNNI DEVI,8,59455.0,7,2,4
Aman Khare,1,59400.0,1,1,1
LAKHWINDER SINGH,2,59400.0,1,1,1
AVTAR SINGH SO BALVIR SINGH,2,59366.0,1,1,1
AG ENTERPRISES,2,59365.0,1,1,1
JAY BALAJI BOREWELL,1,59221.0,1,1,1
JADU RAIDANGIA,1,59200.0,1,1,1
Biswanath Majhi,1,58998.0,1,1,1
BDO Champua MP LADS,10,58971.0,10,1,1
RAHUL KUMAR SO MEGHA RAM,1,58900.0,1,1,1
Hitesh Kumar,1,58900.0,1,1,1
GIYAN KAUR SARPANCH BHATHERI KALAN,1,58858.0,1,1,1
SURENDRA KUMAR MISHRA CONSTRUCTION,1,58808.0,1,1,1
GP nagariya panchela,1,58800.0,1,1,1
S K Trading Co Bablu,2,58800.0,1,1,1
Nitesh Trading Company,3,58750.0,1,1,1
BDO RAJGANGPUR DEDUCTION,10,58547.0,7,1,1
GRAM PANCHAYAT MAWAI,1,58510.0,1,1,1
AMARCHAND,3,58500.0,2,1,2
B S Building Material,2,58500.0,1,1,1
Aulakh Home Solutions,2,58435.0,2,1,1
Bimal Debbarma,1,58400.0,1,1,1
JAGDEEP BUILDING MATERIAL,5,58200.0,3,1,1
Jai Shree Jai Sachidanand Iron and Steel shuttering Store,1,58163.0,1,1,1
LAKHAN LAL,1,58092.0,1,1,1
Deepu Singh,1,58000.0,1,1,1
HM OF  GHSS MARUTHA,1,57999.0,1,1,1
HM OF GLPS CHADANGAMKULAM,1,57999.0,1,1,1
BROTHER BUILDCON,1,57992.0,1,1,1
Ms Vanshika Enterprises,1,57971.0,1,1,1
GURTEJ SINGH PANCH,2,57918.0,2,1,1
Tarsem lal,2,57862.0,1,1,1
GARG CEMENT STORE,1,57610.0,1,1,1
MATIYALI TRADERS,2,57600.0,2,1,1
Bhgwan Das,2,57600.0,2,1,1
Nissan Singh Sarpanch Achanak,2,57503.0,2,1,1
Ashni Kumar Mistery Sehrak,2,57500.0,1,1,1
18th MP LAD,10,57495.0,9,1,1
Kumra Sanitation Gallery,2,57484.0,1,1,1
MS Kirti Kiran Brick Industry,3,57400.0,1,1,1
Mangat Ram,2,57400.0,1,1,1
TEJAS TILES FACTORY,1,57350.0,1,1,1
Jagtar Singh Sarpanch,1,57218.0,1,1,1
LAKHVEER SINGH,5,57036.0,1,1,1
Saini Brothers,2,57000.0,2,1,1
KISHAN LAL,3,56988.0,3,1,3
SARWAN,1,56930.0,1,1,1
BS JOHAL TILE FACTORY,1,56880.0,1,1,1
AMAR NATH SHANKAR DASS,1,56848.0,1,1,1
Ms Mistry Traders,1,56842.0,1,1,1
M H Bricks,2,56816.0,1,1,1
AGRI BUSINESS CENTER SHAPAR,2,56800.0,1,1,1
M K TRADERS,2,56790.0,2,1,1
SARATH S R,1,56755.0,1,1,1
Tahasildar Kusumi,2,56724.0,2,1,1
Amrit Lal and com,2,56550.0,1,1,1
Prince Manhas Iron Store Chathial,2,56500.0,1,1,1
Dhillon building Material,1,56500.0,1,1,1
Ms Singla Bricks Majri Jattan Ropar,2,56392.0,1,1,1
HARIKRISHNAN G,1,56311.0,1,1,1
ANGREJ SINGH,2,56285.0,2,1,2
Ms G S CHAHAL,1,56250.0,1,1,1
Swaran Building material,1,56150.0,1,1,1
Sarpanch Kulwant Kaur,1,56100.0,1,1,1
Ms BK Bricks Industries,2,56004.0,1,1,1
MS BAL AND  CO,2,56000.0,1,1,1
Sachiv gram panchayat Padraithakur,1,56000.0,1,1,1
SAGGU BUILDING MATERIAL,1,56000.0,1,1,1
SIX FILTERS TECHNOLOGY,1,56000.0,1,1,1
Kavita Pandey,3,55968.0,3,1,1
gram panchayat ekta,1,55922.0,1,1,1
Najar Singh,3,55850.0,1,1,1
Lakhvir Chand,1,55850.0,1,1,1
MS BALJINDER SINGH,1,55806.0,1,1,1
HEAD MASTER IN CHARGE RSMHS PAZHANGALAM,1,55692.0,1,1,1
SHRI RAM CEMENT STORE,2,55690.0,1,1,1
Amarjit singh,2,55629.0,1,1,1
New Bharat Treders,3,55620.0,2,1,1
Omkar,1,55600.0,1,1,1
HM Account of VRVMGHSS VAYALAR,1,55396.0,1,1,1
GRAM PANCHAYAT PARASWARA,1,55385.0,1,1,1
MOMIN,1,55250.0,1,1,1
Chhotu Ram,2,55250.0,1,1,1
RAKEEB MOH.,1,55250.0,1,1,1
Gone Shankar,1,55245.0,1,1,1
DEVRAJ SO KHAJAN CHAND,2,55222.0,2,1,1
MS Amrit Brick Co,1,55200.0,1,1,1
MUKESH,5,55185.0,5,1,4
Nagarkoti Stationers  Gerneral Order Suppliers,1,55099.0,1,1,1
ANITA,11,55072.0,10,1,6
Pankaj,1,55000.0,1,1,1
SATUSANA GRAM PANCHAYAT,1,55000.0,1,1,1
Maa Vaishno Marbles And Sanitary Ware,1,54950.0,1,1,1
HARISH,5,54929.0,5,2,3
jitendra devasi,4,54875.0,4,1,1
Riar cement store,1,54750.0,1,1,1
RAM LAL JAI PAL BRICKS CO,1,54750.0,1,1,1
EE Rural Division APSPDCL Tirupati,1,54699.0,1,1,1
DHILLON CEMENT STORE,2,54437.0,1,1,1
DILBAG CHHILLAR,1,54344.0,1,1,1
Hari Krishan,1,54344.0,1,1,1
GURJEET SINGH SEKHON,1,54298.0,1,1,1
SUGRIV,3,54035.0,3,1,1
RAKRESH DEHARIYA,3,54000.0,3,1,1
Shaik Rahil Faraz,1,53978.0,1,1,1
MANIRAM,3,53915.0,2,1,2
JAMES GAO,1,53911.0,1,1,1
ASHAK MASIH MISTRY,2,53904.0,1,1,1
Vinod Kumar Tiwari,3,53528.0,3,1,1
AVTAR TRADING COMPANY,1,53400.0,1,1,1
AZAD CEMENT STORE,1,53400.0,1,1,1
Jaspal Masih,3,53320.0,1,1,1
Puspadhar Gogoi,1,53315.0,1,1,1
SANDEEP KUMAR BKO,2,53250.0,1,1,1
GOEL STEEL TRADERS,1,53147.0,1,1,1
BHANWAR SAJJAN SINGH,1,53105.0,1,1,1
BUDH SINGH,1,53105.0,1,1,1
BHOPAL SINGH,1,53105.0,1,1,1
Khajan Chandra Tiwari,3,53084.0,3,1,1
MS Guru Nanak Traders,1,53070.0,1,1,1
MPLAD Holding Account,2,53031.0,2,1,1
Man Shuttering And Hw Store,2,53000.0,2,1,1
Dhillon Shutring Store,1,53000.0,1,1,1
BDO OKHALKANDA,5,52956.0,4,1,1
SEIJAL ENTERPRISES,2,52937.0,2,1,1
Sadha SIngh,1,52936.0,1,1,1
Manish Kumar,3,52920.0,2,2,2
Satpal and Sons,1,52900.0,1,1,1
MEDICAL OFFICER PHC THENHIPALAM,2,52885.0,1,1,1
GARG BKO PANJGRAIAN,2,52850.0,1,1,1
Abdul Gafoor,1,52824.0,1,1,1
KISHAN RAM,2,52822.0,1,1,1
Garg Iron Store Barnala,1,52805.0,1,1,1
FAUJI CEMENT STORE,1,52700.0,1,1,1
Block Development Officer,9,52617.0,6,1,1
RK Trader,2,52400.0,1,1,1
Jagdish yadav,1,52391.0,1,1,1
Shyam patel,1,52391.0,1,1,1
mahendra kumar,4,52332.0,4,2,2
Variety Book Store,4,52310.0,1,1,1
Sidhi Lal So Mukhtiar Shing Mistri,2,52161.0,1,1,1
RAVI KANT,1,52095.0,1,1,1
GURPREET SINGH SARPANCH BATTI,1,52040.0,1,1,1
MR ALBERT MASIH,1,52000.0,1,1,1
Rohit Traders,2,52000.0,1,1,1
Ramesh Kumar and Co,2,52000.0,1,1,1
IQBAL SINGH,1,52000.0,1,1,1
BDO BARGAON WITH HELD MONEY,5,52000.0,5,1,1
Naib Singh,1,51969.0,1,1,1
MAA CHINTPURNI BUILDING MATERIAL,1,51830.0,1,1,1
Rajinder Kaur Sarpanch Thali Khurd,2,51792.0,1,1,1
PA ITDA NABARANGPUR,18,51723.0,17,1,1
Balwinder Singh,3,51600.0,1,1,1
HEADMISTRESS ALAVIL NORTH LP SCHOOL,1,51564.0,1,1,1
RANA BUILDING MATERIAL STORE,8,51493.0,1,1,1
CHANDRABHAN,1,51450.0,1,1,1
GANESHA RAM,1,51450.0,1,1,1
manohar lal,1,51450.0,1,1,1
chela ram,1,51450.0,1,1,1
MANCHHA RAM,1,51450.0,1,1,1
MANDRUP GURJAR,1,51450.0,1,1,1
sarpanch building matiral store,2,51430.0,1,1,1
jai  Isht dev supplier,1,51307.0,1,1,1
TARSEM BRICKES COMPANY,2,51300.0,1,1,1
NIJJAR ENTERPRISES,2,51250.0,2,1,1
BEENA NAULA,4,51240.0,4,1,1
MINA RAWAT,5,51240.0,5,1,1
MANAK RAM,1,51205.0,1,1,1
BHUPINDER PAL SINGH,1,51170.0,1,1,1
Modran Agro Machinery Store,2,51090.0,1,1,1
KERIYA GRAM PANCHAYAT,1,51000.0,1,1,1
VALA RAM,2,51000.0,2,1,2
HARDWARE KING,1,51000.0,1,1,1
BANSAL BRICKS COMPANY,2,50967.0,1,1,1
HEAD MISTRESS ST MARYS U P SHOOL,1,50874.0,1,1,1
dala ram,3,50858.0,3,1,1
Jodh Singh Sarpanch Rabbon Uchi,1,50848.0,1,1,1
PRINCE STEELS,1,50800.0,1,1,1
SHIV SHAKTI BKO,3,50772.0,1,1,1
FRONTLINE SYSTEMS,1,50680.0,1,1,1
MS New Shiv Shakti Paint Store,1,50480.0,1,1,1
NARMADA STONE CRUSHER,1,50400.0,1,1,1
PAPPU RAM,2,50350.0,2,1,2
GOPAL BALAI,2,50250.0,1,1,1
THE L D COOPERATIVE LABOUR AND CONSTRUCTION SOCIETY LTD,1,50134.0,1,1,1
Mr Raju,1,50132.0,1,1,1
H M NSS UP SCHOOL THRIKKARIYOOR,1,50080.0,1,1,1
Sarpanch Gram Panchayat   AMABOH,2,50000.0,1,1,1
JASPAL SINGH JAFARPUR,1,50000.0,1,1,1
Gram Panchayat Dahevan,1,50000.0,1,1,1
GP Uhal MPLADs,1,50000.0,1,1,1
GRAM PANCHYAT BABAII,1,50000.0,1,1,1
GP Bardhyad,1,50000.0,1,1,1
SARPANCH OF GRAM PANCHAYAT DUMARKACHAR,1,50000.0,1,1,1
Sarpanch Gram Panchayat Somalwada,1,50000.0,1,1,1
GRAM PANCHAYAT GHURPUR,1,50000.0,1,1,1
Sarpanch Gram Panchayat Vasaniyakalan,1,50000.0,1,1,1
GRAM PANCHYAT BADEGAON,1,50000.0,1,1,1
GRAM PANCHYAT LACHUA,1,50000.0,1,1,1
NARESH KUMAR SAHU,1,50000.0,1,1,1
GRAM PANCHYAT MANDANGADH,1,50000.0,1,1,1
Modgil Concrete industry,1,50000.0,1,1,1
Gram Panchayat Kufridhar,1,50000.0,1,1,1
SARPANCH GRAM PANCHAYAT TALKESLI,2,50000.0,1,1,1
SARPANCH GRAM PANCHAYAT GURANJAGHAT,1,50000.0,1,1,1
GRAM PANCHYAT MURGIDHANA,2,50000.0,1,1,1
PIYUSH CONSTRUCTION,1,50000.0,1,1,1
SEDARADI GRAM PANCHAYAT,1,50000.0,1,1,1
GP KUCHWADA JP UDAIPURA,1,50000.0,1,1,1
GP KHURSHURU JP UDAIPURA,1,50000.0,1,1,1
Govind Law Agency,1,50000.0,1,1,1
GRAM PANCHAYAT SALIBADA,1,50000.0,1,1,1
GRAM PANCHAYAT PANARI BLOCK CHICHALI,1,50000.0,1,1,1
Sarpanch Gram Panchayat   SIREGAON,1,50000.0,1,1,1
Krishna Machinery Store,1,50000.0,1,1,1
Gram panchayat Devtikra,1,50000.0,1,1,1
Surjit Agriculture Repair works Matti,1,50000.0,1,1,1
Gram panchayat Kunkuri,1,50000.0,1,1,1
Gram Panchayat Sondka,1,50000.0,1,1,1
Sarpanch Gram Panchayat   GHORAWADI,2,50000.0,1,1,1
Sarpanch Gram Panchayat   DEORIMAL,1,50000.0,1,1,1
GRAM PANCHYAT SINGODI,1,50000.0,1,1,1
GP GADARWAS JP BADI,1,50000.0,1,1,1
gram panchayat kanjai,1,50000.0,1,1,1
GRAM PANCHAYAT  KAREAAM RATED,1,50000.0,1,1,1
GRAM PANCHAYAT  HARRAKACHHAR,1,50000.0,1,1,1
GRAM PANCHAYAT   BANKI,1,50000.0,1,1,1
GRAM PANCHAYAT  BHODIYAPANI,1,50000.0,1,1,1
Gawalu,1,50000.0,1,1,1
GRAM PANCHAYAT PALAMAU,1,50000.0,1,1,1
GRAM PANCHAYAT PATHRANAI,1,50000.0,1,1,1
GRAM PANCHAYAT PONIYA DUNGARIYA,1,50000.0,1,1,1
BABA SAI TRADERS,1,50000.0,1,1,1
Narmada furniture and Interior,1,50000.0,1,1,1
Gram Panchayat Kharshali,1,50000.0,1,1,1
GP Lana Bhalta,1,50000.0,1,1,1
GRAM PANCHAYAT RICHHEDA,2,50000.0,1,1,1
RK light and sound,1,50000.0,1,1,1
SHANKAR LAL PUNAMCHAND,2,50000.0,1,1,1
GRAM PANCHAYAT KUSHMAL BHAGOTLA,1,50000.0,1,1,1
SURINDERA MACHINERY STORE,1,50000.0,1,1,1
GRAM PANCHAYAT CHIKHLI,1,50000.0,1,1,1
GP KARALASH,1,50000.0,1,1,1
GP KENKDA JP UDAIPURA,1,50000.0,1,1,1
MAHENDRA MASARE,2,50000.0,1,1,1
Gram Panchayat Umlav,1,50000.0,1,1,1
Gp gurariya Jp badi,1,50000.0,1,1,1
GRAM PANCHYAT CHIMOA,1,50000.0,1,1,1
KARNAIL SINGH HUSSIANPUR JOHLA,1,50000.0,1,1,1
GP JimJima,1,50000.0,1,1,1
LAZARUS KLEIN,1,50000.0,1,1,1
GRAM PANCHAYAT CHIMLA,1,50000.0,1,1,1
GRAM PANCHAYAT VANZNA,1,50000.0,1,1,1
GRAM PANCHAYAT PADIARKHAR,1,50000.0,1,1,1
GRAM PANCHAYAT  LOTIYA,1,50000.0,1,1,1
GRAM PANCHAYAT  KUMHADI,1,50000.0,1,1,1
GP BHARKACHHA KHURD JP BADI,1,50000.0,1,1,1
GRAM PANCHAYAT  CHOPNA,1,50000.0,1,1,1
GP BORAS JP UDAIPURA,1,50000.0,1,1,1
NATIONAL BOOK STALL KOTTAYAM,1,50000.0,1,1,1
Daljit Singh,1,50000.0,1,1,1
JASWINDER SINGH SO DARSHAN SINGH,1,50000.0,1,1,1
Sarpanch Gram Panchayat Hirankheda,1,50000.0,1,1,1
Sarpanch Gram Panchayat RUPADEH,1,50000.0,1,1,1
Rehal Agri works,1,50000.0,1,1,1
GRAM PANCHAYAT CHHINDI,1,50000.0,1,1,1
B B Kang Enterprises,1,50000.0,1,1,1
Sushil Kalita,1,49998.0,1,1,1
Daljit Singh XBAS,6,49987.0,4,1,1
Talwar Mill Stores,1,49985.0,1,1,1
PRINCE SPORTS,1,49980.0,1,1,1
SUNRISE ENTERPRISES,1,49900.0,1,1,1
THEJAS TRADING CORPORATION,1,49899.0,1,1,1
Jaswinder Kumar so Ramesh Kumar,1,49880.0,1,1,1
Aggarwal Steel Traders,1,49855.0,1,1,1
SANJEEV KUMAR AND BROS,1,49810.0,1,1,1
Ram Battery,1,49800.0,1,1,1
B P LAB SOLUTION,1,49800.0,1,1,1
SUSHIL TRADERS,1,49742.0,1,1,1
SDO OP Division DHBVN Mundhal,1,49676.0,1,1,1
Shree Hargobind Sahib Entt Udyog,1,49600.0,1,1,1
RD enterprises,1,49600.0,1,1,1
Gram Panchayat Madiyadaroi,1,49500.0,1,1,1
HARJIT SHUTTERING STORE,1,49500.0,1,1,1
MPLAD Holding Account Jujomura Block,3,49356.0,3,1,1
DEV RAJ GUPTA AND SONS,1,49304.0,1,1,1
dal bab bidhi chand bricks udyog samiti,1,49290.0,1,1,1
Jai Bhole Shankar BKO,3,49284.0,1,1,1
PREM BMS,2,49280.0,1,1,1
LUXMI PIPE STORE,1,49230.0,1,1,1
Jaswal Traders,1,49199.0,1,1,1
Ravi Electricals,2,49189.0,1,1,1
JASWINDER KAUR,1,49164.0,1,1,1
Satnam Singh,2,49121.0,2,1,2
Saini Welding Store,4,49086.0,3,1,1
JIMMY PLYWOOD AND HARDWARE,1,49070.0,1,1,1
HM NSS HSS MANAKKAD,1,49066.0,1,1,1
Kumar Traders,1,49059.0,1,1,1
BISHT TRADING COMPANY,1,49011.0,1,1,1
Durga devi jat,1,49000.0,1,1,1
Daya singh,1,49000.0,1,1,1
MS New VIjay Brick Works,1,49000.0,1,1,1
sukhwinder singh,1,49000.0,1,1,1
TAWDEER ENTERPRISES,1,48996.0,1,1,1
Sarat Chandra Jena,1,48992.0,1,1,1
Dayal singh,2,48981.0,2,1,1
SIDDHI VINAYAK BKO,2,48972.0,2,1,1
DHALIWAL CEMENT STORE,4,48808.0,1,1,1
GRAM PANCHAYAT MEGHPAR,1,48781.0,1,1,1
Paras Bricks Industry,2,48750.0,2,1,1
Amninder Pal,1,48728.0,1,1,1
GURU KIRPA SCRAP STORE,1,48675.0,1,1,1
Paramjit Singh Massean,1,48600.0,1,1,1
Rajiv Enterprises Bajwara,1,48594.0,1,1,1
Shri Vishvakarma Traders,2,48593.0,1,1,1
MAHAVIR SINGH,1,48580.0,1,1,1
Prem Sagar,2,48572.0,2,1,1
ROOP LAL,1,48500.0,1,1,1
RUPINDER MARBLES,1,48439.0,1,1,1
Girish Chandra,3,48290.0,3,1,1
kuldip Kumar,1,48180.0,1,1,1
TARSEM SINGH SO SURJIT SINGH,2,48162.0,2,1,1
Manju Bala Massn,2,48072.0,1,1,1
MANGAL SINGH,1,48048.0,1,1,1
Kaushal Bricks Industries,1,48048.0,1,1,1
Vikram singh,4,48026.0,3,2,3
Interiors Studio,1,48000.0,1,1,1
Mansa Bricks,2,48000.0,1,1,1
PREM SINGH,1,48000.0,1,1,1
Harpreet Singh,4,48000.0,4,1,1
TITU B K O,1,48000.0,1,1,1
Pati Ram,1,48000.0,1,1,1
AVTAR SPEECH AND HEARING CLINIC,1,47980.0,1,1,1
JORAWAR TRADING CO,1,47933.0,1,1,1
JAGRAJ SINGH SO SARBAN SINGH,1,47910.0,1,1,1
GP KHEMRA,1,47804.0,1,1,1
M s Goraya Brick Kiln Co,2,47800.0,2,1,1
Arshpreet Singh,1,47710.0,1,1,1
JANTA STONES PVT LTD,1,47691.0,1,1,1
MPLADS HOLDING ACCOUNT,6,47676.0,6,1,1
MEDICAL OFFICER AND PRESIDENT,2,47671.0,1,1,1
NEW ARORA SANITARY STORE,1,47660.0,1,1,1
KUMMARA BABU,1,47627.0,1,1,1
Dhaliwal Cement Store,2,47620.0,1,1,1
Buta Singh and Sons,1,47600.0,1,1,1
RAMPRASAD,4,47600.0,2,1,1
GRAM PANCHAYAT JANUTHAR,1,47600.0,1,1,1
JITENDRA SINGH,3,47567.0,2,1,2
JINDAL STEEL SALES,1,47500.0,1,1,1
KRISHNA SHUTTERING STORE,1,47481.0,1,1,1
SHAKTI TRADING CO,2,47350.0,1,1,1
parveensingh,1,47250.0,1,1,1
Mobera Singh,1,47250.0,1,1,1
TALWINDER SINGH,1,47250.0,1,1,1
Raman So Satnam,1,47210.0,1,1,1
Mahila Mandal,4,47101.0,1,1,1
Sumit Lal Sah,1,47099.0,1,1,1
BHUPINDER KUMAR AND SONS,3,47090.0,1,1,1
Surendra Singh,3,46994.0,3,2,2
Health Solutions,1,46950.0,1,1,1
BDO TILEIBANI MPLAD,2,46864.0,2,1,1
Jaswinder Singh Sarpanch,1,46818.0,1,1,1
B K International,1,46800.0,1,1,1
pawan kumar,1,46800.0,1,1,1
Baldev Chand,1,46800.0,1,1,1
Ramlal,2,46800.0,1,1,1
Kanech Building Material Store,2,46770.0,1,1,1
Veer Narmad South Gujarat University General Fund,1,46760.0,1,1,1
National Rexine Cloth House,3,46584.0,2,1,1
ANMOL SALES CORPORATION,1,46544.0,1,1,1
Fulpreet Singh,1,46516.0,1,1,1
Green Nursery,1,46500.0,1,1,1
JAI DURGA BRICKS,1,46428.0,1,1,1
Sanjeev Bricks Co Gehri Bhagi,2,46400.0,1,1,1
Ram Shuttering and Cement Store,4,46373.0,2,1,1
TAHASILDAR PATNA,9,46358.0,8,1,1
Block Developement Officer,4,46345.0,4,1,1
Satnam singh,3,46309.0,2,1,2
Arora Building Material Store,1,46211.0,1,1,1
BALAJI CEMENT STORE,4,46050.0,1,1,1
Panch Agro Industries,1,46000.0,1,1,1
SATBIR KHAN,2,46000.0,1,1,1
Gurtaj Welding Works,1,46000.0,1,1,1
SALEEM ALI,2,45900.0,2,1,1
RATAN SINGH,4,45855.0,4,1,1
Mana ram,1,45803.0,1,1,1
gurwinder singh,3,45800.0,1,1,1
Kalzidhar Cement,2,45750.0,1,1,1
SAHIL TRADING CO,2,45600.0,2,1,1
RN BRICKS GRAM UDYOG SAMITI,3,45525.0,2,1,1
Ganpati Enterprises,3,45500.0,3,1,1
Roop Lal and Sons,1,45500.0,1,1,1
Om Parkash So Ratan Chand Mistery,1,45450.0,1,1,1
KALA SHUTTERING,2,45432.0,1,1,1
BDO Champua Royalty,2,45406.0,2,1,1
BEANT SINGH,4,45385.0,2,1,2
NRUSINH CONSTRUCTION,1,45321.0,1,1,1
Resham Singh Contractor,1,45284.0,1,1,1
PREET PAINT STORE,1,45250.0,1,1,1
SINGLA SANITARY AND PAINT STORE,4,45210.0,1,1,1
JINDAL MARBLE HOUSE,2,45130.0,2,1,1
nathu lal,5,45107.0,5,1,1
BHULLAR STEEL STORE,1,45076.0,1,1,1
RUPALI,4,45017.0,1,1,1
Goyal Sports And  Trophy House,1,45000.0,1,1,1
Manpreet singh,1,45000.0,1,1,1
Dhillon Brick,2,45000.0,2,1,1
GORELAL TIROLE,1,45000.0,1,1,1
RAKESH DEHARIYA,3,45000.0,3,1,1
THE PANILION,1,45000.0,1,1,1
Khalsa Trading Co,1,45000.0,1,1,1
MS Garg BKO,1,45000.0,1,1,1
MR GRAM PANCHAYAT MANGLA SAMANYA,2,45000.0,2,1,1
Murli Manohar Joshi,1,45000.0,1,1,1
GP DATHLOTHI,1,44985.0,1,1,1
DINESH,5,44974.0,5,1,4
JAGJIT SINGH SO SUKHWINDER KAUR,1,44877.0,1,1,1
Ghanshyam Pandey,3,44870.0,3,1,1
SATYANARAYAN,2,44825.0,2,1,1
nashir khan,4,44741.0,4,1,1
RUDRA HARDWEAR,2,44726.0,1,1,1
MUKESH SINGH,1,44716.0,1,1,1
sandeep,1,44601.0,1,1,1
AGGARWAL TRADING COMPANY,2,44479.0,1,1,1
HANSA KANWAR,2,44460.0,1,1,1
SEXNA CABLE INDUSTRIES,1,44412.0,1,1,1
The Shree luxmi Cooperative labour and,1,44408.0,1,1,1
Parveen Kumar bko,2,44400.0,1,1,1
MANJU,12,44348.0,10,1,8
HARSH CONSTRUCTION CO,1,44326.0,1,1,1
Fojraj,2,44296.0,2,1,1
BDO NAYAGARH,9,44235.0,8,1,1
Goparam Saini,1,44200.0,1,1,1
Sahil Gupta Mistri,1,44100.0,1,1,1
GANPAT LAL,3,44068.0,3,1,2
ROOR CEMENT STORE,1,44050.0,1,1,1
GURU NANAK AGRI HARDWARE AND SANITARY STORE,1,44000.0,1,1,1
palla JCB,1,44000.0,1,1,1
GURDHIYAN SINGH,2,43960.0,1,1,1
Shivdeep Singh,1,43950.0,1,1,1
Shree Balaji Sanitary and Hardware Store,1,43901.0,1,1,1
JAI KISSAN BKO,1,43857.0,1,1,1
DHILLON UDYOG COMPANY,1,43680.0,1,1,1
GURU NANAK TRACTOR WORKS,1,43668.0,1,1,1
CHEEMA ENTERPRISES,2,43622.0,2,1,1
ANSUL SUPPLIERS,1,43534.0,1,1,1
CHAMPA,4,43503.0,4,2,3
JASWINDER KUMAR,2,43400.0,1,1,1
SUBEDAR PRITAM SINGH,1,43360.0,1,1,1
MEDSOR IMPEX,1,43316.0,1,1,1
Aggarwal Brick Copany,2,43216.0,2,1,1
sehaj building mterial,1,43155.0,1,1,1
Shree Bala Ji Computer,1,43150.0,1,1,1
Jai Shree Ram Enterprises,3,43074.0,2,1,1
Davinder Singh mistri,1,43056.0,1,1,1
Gurveer Cement and Verka Feed Store Lodhi Majra,2,43003.0,1,1,1
Shiv Shakti Hardware Store,2,43000.0,1,1,1
NEW ZIMIDARA CEMENT STORE,3,42980.0,1,1,1
Variety Stationary Store,4,42884.0,1,1,1
REHMET BUILDING MATERIAL SANITARY,1,42684.0,1,1,1
MAHAVEER,2,42558.0,2,1,2
KRISHNA TILES AND BATH,3,42447.0,1,1,1
Randhir Singh,1,42420.0,1,1,1
Dashmesh brick traders,1,42400.0,1,1,1
NEHRA ELECTRICALS AND CONSTRUCTION COMPNAY,1,42242.0,1,1,1
Deepak Cement and Hardware Store,1,42090.0,1,1,1
uttam Tradres,1,42055.0,1,1,1
KARAN TRADING COMPANY,1,42032.0,1,1,1
Ravi Kumar So Satnam Singh Mistri Patti Chhourian,1,42000.0,1,1,1
Ms Ashok Kumar Avinash Kumar,1,42000.0,1,1,1
M S KAUSHAL BROTHERS BKO,1,42000.0,1,1,1
CO HARMAN BRICKS SUPPLY CO,1,42000.0,1,1,1
Ms Balaji Brick Ind Dasuya,3,42000.0,1,1,1
Harshit Jeena,2,41995.0,2,1,1
Surinderjeet Singh and Sons,2,41976.0,1,1,1
BCS  ENTERPRISES,1,41924.0,1,1,1
Sukhdev Singh,2,41880.0,2,1,2
NARAYAN DUTT JOSHI,3,41850.0,1,1,1
Pocket Book Center,1,41810.0,1,1,1
Tahasildar Erasama,1,41753.0,1,1,1
dalip singh,3,41724.0,3,1,1
sandeep kumar,3,41715.0,3,1,1
Hari Om Paint  And  Iron Store,1,41642.0,1,1,1
SUKHWINDERA MACHINERY STORE,1,41630.0,1,1,1
AMANDEEP SINGH,4,41610.0,2,1,2
Kamlesh Jeena,2,41610.0,2,1,1
PRAVEEN KUMAR,4,41600.0,2,1,2
RAJ MAL,1,41572.0,1,1,1
FERULAL HIGHER SECONDARY,1,41560.0,1,1,1
Inderpal Singh,5,41500.0,3,1,1
balbir singh co,1,41500.0,1,1,1
SUDHIR BHATT,3,41410.0,3,1,1
GOVIND RAM,4,41400.0,2,1,2
BHARAT PAINT,2,41336.0,2,1,1
AMRIK SINGH SO MOHINDER SINGH,1,41144.0,1,1,1
AMANPREET SINGH,1,41130.0,1,1,1
Lakhvir Kaur Sarpanch,3,41018.0,1,1,1
Mughal Filling Station,3,41000.0,3,1,1
VIRAT BRICKS KILN INDUSTRIES,1,41000.0,1,1,1
SHAILENDRA,2,41000.0,2,1,1
SWanjee Kumar Mister Khokhar Dwakhari,1,41000.0,1,1,1
UKA RAM,1,40950.0,1,1,1
PARVEEN SINGH LAADI HDFC,2,40860.0,1,1,1
SSK SANITATION,1,40828.0,1,1,1
HEM RAJ,2,40810.0,2,1,1
NEW MAHA LUXMI BRICKS,2,40809.0,1,1,1
Manjit Kaur,1,40750.0,1,1,1
Bhuwan Chandra Bhatt,2,40698.0,2,1,1
KARTARAM,3,40678.0,3,1,1
Parkash Singh Mistri So Mahinder Singh Vill Kaluwal,1,40600.0,1,1,1
GOYAL PAINT AND HARDWARE STORE,5,40520.0,1,1,1
MS KAMLA RANI BKO,1,40500.0,1,1,1
Arjun Bhatt,2,40299.0,2,1,1
PABU SINGH,4,40254.0,4,1,1
KHATRRA SANITARY AND TILE MART,3,40232.0,1,1,1
sagar general store,1,40230.0,1,1,1
Dhaman Bricks Traders Bagwali,2,40200.0,1,1,1
Bishna Ram and Sons,1,40194.0,1,1,1
jai baba maya giri ji interlock tiles,1,40169.0,1,1,1
HARNOOR BUILDING MATERIAL,1,40163.0,1,1,1
SHREE VISHWAKARMA RCC PIPES AND PAVERS,1,40144.0,1,1,1
TAHASILDAR TANGARPALI,5,40100.0,4,1,1
VIJAY PAL,3,40100.0,2,2,2
PANNU BRICKS GRAM UDYOG SAMITI,2,40068.0,2,1,1
LACHHMI DEVI,1,40040.0,1,1,1
AGGARWAL STEEL IMPORTERS,3,40005.0,3,1,1
MS Dhillon Buildingh Material and Earth Remover,1,40005.0,1,1,1
GRAM PANCHAYAT DHAGADIYAMAL,1,40000.0,1,1,1
Saaz Building,2,40000.0,1,1,1
GRAM PANCHAYAT LAVAGHOGRI,1,40000.0,1,1,1
MOHAN LAL GURNAM SINGH BKO,1,40000.0,1,1,1
GRAM PANCHAYAT MUJABARMAL,1,40000.0,1,1,1
Ravinder Kaur,1,40000.0,1,1,1
Balwant Gram Udyog Samiti,1,40000.0,1,1,1
Vijay Electric Traders,1,40000.0,1,1,1
GRAM PANCHAYAT ARJUNWADI,1,40000.0,1,1,1
GRAM PANCHAYAT RAJADA,1,40000.0,1,1,1
GRAM PANCHAYAT UMARDOH,1,40000.0,1,1,1
GRAM PANCHYAT KAKI,1,40000.0,1,1,1
GRAM PANCHYAT KHUTIYA,1,40000.0,1,1,1
GRAM PANCHAYAT JAMUNIYAMAL,1,40000.0,1,1,1
GRAM PANCHYAT RHONA KHURD,1,40000.0,1,1,1
MISTRI BALWINDER SINGH,2,40000.0,1,1,1
Sachiv gram panchyat,1,40000.0,1,1,1
BHOGAL PAINTS AND TRADERS,1,40000.0,1,1,1
Mo karul,3,40000.0,1,1,1
Rajinder Pal So Chhaju Ram Misteri  Vill Tihara,2,40000.0,1,1,1
Ms Friend Brick Kilen,2,40000.0,1,1,1
SSK GROUPS,1,40000.0,1,1,1
GRAM PANCHYAT  MHALNWADA,1,40000.0,1,1,1
GRAM PANCHAYAT GUBRAIL,1,40000.0,1,1,1
RAJEBUL,3,40000.0,1,1,1
JITENDRA VISWAKARMA,1,40000.0,1,1,1
Kapil Singh Bagri,2,40000.0,2,1,1
GRAM PANCHAYAT GADMAU,1,40000.0,1,1,1
Ashoka Hardware Paint Cement Store,2,40000.0,2,1,1
SARPANCH GRAM PANCHAYAT ANCHALKHEDA,1,40000.0,1,1,1
GRAM PANCHYAT PAKHADIYA,1,40000.0,1,1,1
Gram pancahyat  bichhua,1,40000.0,1,1,1
Gram pancahyat saldhana,1,40000.0,1,1,1
GRAM PANCHAYAT CHUDABOH,1,40000.0,1,1,1
Gram pancahyat ojhaladhana,1,40000.0,1,1,1
FAUJI IRON AND CEMENT STORE,1,40000.0,1,1,1
GRAM PANCHYAT DHAMNIYA,1,40000.0,1,1,1
MS JOSHI ENTERPRISES,1,40000.0,1,1,1
GRAM PANCHAYAT SAROTH,1,40000.0,1,1,1
Amandeep Singh,1,40000.0,1,1,1
GP Sirmouri Mandir,1,40000.0,1,1,1
Jagseer Singh,2,39961.0,2,1,1
SHREE GANESH TRADING CO,2,39960.0,2,1,1
Ravinder singh,1,39952.0,1,1,1
BRIJESH YADAV,2,39900.0,2,1,1
VIKARAM YADAV,2,39900.0,2,1,1
Jorpuri,1,39900.0,1,1,1
RAMESH CHANDRA,3,39886.0,3,1,2
KRISHAN SINGH DHARARI JATTAN,2,39881.0,1,1,1
WARAICH TRADERS,2,39857.0,1,1,1
Laddi Sanitary and Tiles Store Passi Kandi,2,39800.0,1,1,1
GOBINDGARH IRON STORE,1,39707.0,1,1,1
MINKENG NONANG,2,39682.0,2,1,1
BHANGAL TRADERS,1,39680.0,1,1,1
Ganesh Bricks Co,1,39600.0,1,1,1
Sandeep Khan,1,39598.0,1,1,1
S M ENTERPRISES,1,39550.0,1,1,1
SWATI NIGALTIYA,3,39528.0,3,1,1
RANJNA,3,39528.0,3,1,1
ARIHANT STEELS MOONAK,1,39468.0,1,1,1
Ram Kumar,1,39312.0,1,1,1
RAJENDRA KUMAR,4,39300.0,3,1,2
BABA BHODEWALAL JI BUILDING MATERIAL,1,39250.0,1,1,1
MOHIT KANDPAL,3,39162.0,3,1,1
PRASANTA KUMAR BEHERA,1,39100.0,1,1,1
Mahak International,1,39086.0,1,1,1
RAJU,3,39082.0,2,1,2
RAJMAL MALI,2,39026.0,2,1,1
MITHU LAL,2,39026.0,2,1,1
SANTOSH DEVI,5,39022.0,5,1,3
BDO GHATGAON ROYALITY,5,39008.0,5,1,1
Gurwinder Singh so Amarjit Singh,1,39000.0,1,1,1
Muna Lal Massean,1,39000.0,1,1,1
Bheem singh gajraj,1,39000.0,1,1,1
PARAMHANS CEMENT AND IRON STORE,1,39000.0,1,1,1
SUKHDAS,3,39000.0,3,1,1
AMRIK SINGH,2,39000.0,2,1,1
Davinder Singh,1,39000.0,1,1,1
Nirmal Khan Kami Khurad,2,38934.0,2,1,1
HEMLATA,5,38919.0,3,2,3
Goel Marble,1,38916.0,1,1,1
Sukhdev Pesticide safera,1,38870.0,1,1,1
MAKHA STEEL WORKS,1,38822.0,1,1,1
manju naula,3,38796.0,3,1,1
Baldev Raj massn,1,38700.0,1,1,1
New Soni Cement Store,1,38659.0,1,1,1
GAGANDEEP SINGH SARPANCH SO KAKU SINGH,1,38632.0,1,1,1
SHREE SHYAM TRADING CO,3,38560.0,1,1,1
MANOJ,2,38550.0,2,1,2
HANUMAN,4,38550.0,4,1,2
MAA TARATARINI TRADERS,1,38546.0,1,1,1
NARAYAN SINGH,2,38514.0,2,1,1
Indal Paswan,1,38495.0,1,1,1
NEW GURU NANAK WELDING WORKS,4,38477.0,3,1,1
Amar Singh,3,38470.0,3,1,2
BALJIT RAM,1,38470.0,1,1,1
MANJOT ENTERPRISES COMPANY,1,38400.0,1,1,1
AJIT,3,38380.0,3,1,1
O P GRAM UDYOG BKO,2,38250.0,1,1,1
BDO HARICHANDANPUR MP LADS,4,38250.0,4,1,1
SUBHASH CHAND,2,38250.0,2,1,1
Neeraj bricks klin,1,38250.0,1,1,1
Churanji Lal Ved Parkash,2,38220.0,1,1,1
KHALSA CEMENT STORE,2,38182.0,2,1,1
Dinesh Bhatt,2,38160.0,2,1,1
Bahia Tile Factory,1,38115.0,1,1,1
MAHADEV BUILDING MATERIALS,1,38000.0,1,1,1
TARSEM CHAND CONTRACTOR,1,37975.0,1,1,1
Chintpurni Bricks Co,1,37944.0,1,1,1
HIMANSHU,3,37875.0,3,1,1
Parmar Iron Store,2,37857.0,1,1,1
Ms Om Parkash BKO,2,37845.0,2,1,1
VIMLA,6,37845.0,6,2,5
DHNNA JATT TRADING COMPANY,1,37832.0,1,1,1
TAHASILDAR ANANDAPUR,2,37828.0,2,1,1
PRAKASH KUMAR,2,37800.0,1,1,1
RATAN SOLANKI,2,37800.0,2,1,1
The Dhirowal Bricks Kiln Gram Udyog Samiti,1,37800.0,1,1,1
KHETARAM,4,37728.0,4,1,2
JOGINDER CEMENT STORE,1,37700.0,1,1,1
Rana Paint Hardware and Cement Store Passi Pandi,4,37700.0,3,1,1
Laxman,4,37661.0,3,1,1
GRAM PANCHYAT  DEV NAGAR NEW,1,37500.0,1,1,1
COMPUTER HUT,1,37500.0,1,1,1
kirat bko,1,37500.0,1,1,1
pirsingh,2,37416.0,2,1,1
Gurkirpa Steel,1,37398.0,1,1,1
SUSHIL BHATT,3,37379.0,3,1,1
MANGI LAL,4,37111.0,4,1,2
Nalla Ramesh,1,37077.0,1,1,1
GAURAV ENTERPRISES,2,37033.0,2,1,1
NAHAR SINGH AND CO,1,37000.0,1,1,1
Kartar Building Material Store,4,37000.0,2,1,1
shoaib malik,2,36998.0,1,1,1
BABA VISHWAKARMA CEMENT STORE,3,36930.0,1,1,1
MS ROYALTY DASARATHPUR BLOCK,1,36927.0,1,1,1
Laimber Ram Massn,3,36900.0,2,1,1
Gupta Building Material Malout,1,36900.0,1,1,1
GARJA SINGH,3,36893.0,1,1,1
Kamlesh kumawat,4,36800.0,2,1,1
GODHA RAM,1,36750.0,1,1,1
cHAUDHARY tRADING CO,1,36709.0,1,1,1
Bhatia Tading Co,1,36451.0,1,1,1
Jamuna Prasad,1,36402.0,1,1,1
Jai Bairo Shatring Store,1,36400.0,1,1,1
Ramesh,4,36400.0,4,2,3
Buta Singh So Ruliya Ram Mistery Kular,1,36400.0,1,1,1
TINESH JAIN,3,36386.0,3,1,1
Vikram Kumar,2,36353.0,2,1,1
Manpreet Singh So Hans Singh,1,36340.0,1,1,1
BALJINDER SINGH,1,36327.0,1,1,1
Ms Priya Fabrication,2,36319.0,2,1,1
BHAIRU LAL,6,36290.0,4,1,2
BHANWAR LAL,6,36195.0,4,1,3
VICKY ELECTRICALS,2,36070.0,1,1,1
VISHAL CEMENT STORE,2,36051.0,2,1,1
Ravindra singh,3,36021.0,2,2,2
davinder singh,1,36000.0,1,1,1
Guru Nanak Gram udyog Samiti,1,36000.0,1,1,1
HARPAL SINGH,1,36000.0,1,1,1
Ms Raza Welding Works,1,35913.0,1,1,1
HM GUPS PULLIYIL,1,35884.0,1,1,1
GURLAL SINGH,5,35881.0,2,1,2
JOD SINGH,2,35855.0,2,1,1
OM RAWAT,2,35855.0,2,1,1
RATAN LAL,4,35810.0,3,1,2
KULWANT SINGH MISTRY,1,35786.0,1,1,1
SUMIT RANA,1,35778.0,1,1,1
Lamba Cement and Iron Store Ghanauli,2,35700.0,1,1,1
BANWARI LAL SURESH KUMAR,1,35669.0,1,1,1
KARNARAM,3,35640.0,3,1,1
jaswinder singh,1,35638.0,1,1,1
ASSISTANT ENGINEER ZILLA PANCHAYAT OFFICE,1,35620.0,1,1,1
MP LAD BDO KUSUMI,3,35576.0,3,1,1
P S Enterprises,2,35560.0,2,1,1
THE JAI BALAJI COOP L AND C SOCIETY LTD,1,35556.0,1,1,1
NAGAR PALIKA ALMORA,1,35530.0,1,1,1
MS ASIATIC BRICK COMPANY,1,35500.0,1,1,1
BALWINDER SINGH,2,35466.0,2,1,2
OM SHRI RAMA KRISHNA MARBLE,1,35400.0,1,1,1
MAMTA DEVI,7,35340.0,4,2,3
MAM RAJ,1,35300.0,1,1,1
PUSHPA KANDPAL,2,35257.0,2,1,1
TARUN GANGADHAR PATEL,1,35200.0,1,1,1
KAMLESH SINGH,2,35138.0,2,1,1
RANVIR,1,35100.0,1,1,1
GAJANAND,1,35100.0,1,1,1
SURYA KUMAR,1,35100.0,1,1,1
BIRBALRAM,1,35100.0,1,1,1
Menjer khan,1,35100.0,1,1,1
DEEPA RAM,1,35100.0,1,1,1
V K BROTHER,2,35100.0,2,1,1
GURDEEP SINGH SO AJAIB SINGH,1,35091.0,1,1,1
Bachhi devi,2,35090.0,2,1,1
Ankush Iron Store,1,35046.0,1,1,1
Major Singh,1,35035.0,1,1,1
MP SPORTS AND STATIONARS,1,35000.0,1,1,1
Bala Rani BKO,1,35000.0,1,1,1
RADHA SWAMI BKO,1,35000.0,1,1,1
MERCURY MEDITECH,1,35000.0,1,1,1
NIJJAR INFRASTRUCTURES,1,35000.0,1,1,1
Faqir Chand IRON WORKS,1,35000.0,1,1,1
ARORA TARDERS,1,35000.0,1,1,1
jai mahavir bhatha co DEHLIZ KALAN,1,35000.0,1,1,1
Laroyia Brick Kiln Chhokran,1,35000.0,1,1,1
KERALA SAHITYA ACADEMY,1,34998.0,1,1,1
POOJA,6,34965.0,5,1,4
Manjeri Medical College Government Employees Co Operative Society Ltd,1,34941.0,1,1,1
Pardeep Electrical,1,34920.0,1,1,1
MS RAJ ELECTRIC STORE,1,34915.0,1,1,1
PANKAJ DEEPAK CEMENT AND PAINT STORE,1,34910.0,1,1,1
Sudhir Bare,1,34900.0,1,1,1
JASWANT KAUR SARPANCH DHARARI JATTAN,1,34877.0,1,1,1
pintu kumar,3,34811.0,3,1,1
Vikram,3,34810.0,2,1,2
Honey cement store,1,34800.0,1,1,1
Dilip Patel,1,34800.0,1,1,1
Subham Jantwal,1,34713.0,1,1,1
Amit singh Jantwal,1,34713.0,1,1,1
Ajay singh Jantwal,1,34713.0,1,1,1
EXECUTIVE ENGINEER DHBVNL MAHENDERGARH,1,34687.0,1,1,1
mukesh kumar,3,34650.0,3,2,3
Ganesh Singh Mehra,2,34573.0,2,1,1
MUNISH BUILDING MATERIAL,2,34532.0,1,1,1
Modi Sanitary store,2,34500.0,1,1,1
BALWINDER PAL,1,34496.0,1,1,1
SATYAM SALES,4,34466.0,2,1,1
DASHMESH PIPE STORE,1,34450.0,1,1,1
CHAMOLI GENRAL STORE,1,34440.0,1,1,1
PAWAN Kumar and Company,1,34350.0,1,1,1
DHAVAL KUMAR,1,34200.0,1,1,1
MAMRAJ,1,34200.0,1,1,1
Sitaram,1,34200.0,1,1,1
BHERU LAL,2,34195.0,1,1,1
mohan singh,3,34170.0,3,2,3
Iqbal Singh Cement Store,2,34125.0,2,1,1
JBD TILES AND SANITATION,1,34070.0,1,1,1
Raman Kumar,1,34000.0,1,1,1
chouhan brick company,1,34000.0,1,1,1
LADU LAL,5,33986.0,5,1,2
SALASAR ENTERPRISES,1,33984.0,1,1,1
Medicom Health care,1,33940.0,1,1,1
Trilok Chandra Tiwari,2,33920.0,2,1,1
Manoj Kumar BKO,1,33920.0,1,1,1
EDUSPORTS,1,33830.0,1,1,1
Prakash Chandra Budhlakoti,2,33821.0,2,1,1
TARA SINGH  BKO,1,33818.0,1,1,1
ASHISH,4,33812.0,3,2,3
BIJNESH,2,33800.0,1,1,1
SS TRADING COMANY,1,33730.0,1,1,1
Sunny Kumar,1,33720.0,1,1,1
KRISHAN,2,33600.0,2,1,1
Lokesh omprakash,1,33600.0,1,1,1
SUBHASH CHANDRA,1,33600.0,1,1,1
RAMSAWROOP,2,33600.0,2,1,1
KARTAR,2,33550.0,2,1,2
Tahasildar Umerkote,6,33529.0,5,1,1
Gurinderpal Singh Mistry,1,33500.0,1,1,1
GURBAKSH TRADERS,1,33483.0,1,1,1
Madan Sigh,2,33423.0,2,1,1
BAHADUR SINGH,2,33408.0,2,1,2
HARWINDER SINGH,3,33400.0,1,1,1
Khurana Paint Hardware and Sanitary Store,1,33334.0,1,1,1
HEMA KORANGA,2,33306.0,2,1,1
PUSHPENDRA,1,33300.0,1,1,1
SATVEER,2,33300.0,1,1,1
Rajendra Singh,3,33244.0,3,2,3
Vinod Raut so Munna Raut,5,33200.0,1,1,1
HP STATE CIVIL SUPPLY NURPUR,1,33200.0,1,1,1
TAHASILDAR BALIANTA,4,33188.0,4,1,1
Umiya Assembly Technologies,1,33160.0,1,1,1
Laxman Singh,2,33150.0,1,1,1
Mukesh Kumar Saini,2,33150.0,1,1,1
IMRAN SILAWAT,1,33150.0,1,1,1
Mahendra,2,33150.0,2,1,1
Dharma Ram bhakar,2,33150.0,1,1,1
RAHUL KUMAR,1,33073.0,1,1,1
BHUWAN CHANDRA,3,33054.0,3,1,2
GAGANDEEP SINGH SARPANCH,1,33017.0,1,1,1
MOHAL LAL MISRTI,1,33000.0,1,1,1
SARABJEET SNGH HARBANS SINGH,1,33000.0,1,1,1
SARABJIT SINGH,3,33000.0,1,1,1
The Defence Engineering Company,1,32949.0,1,1,1
BHUPAL SINGH,2,32940.0,2,1,1
HEMA PETROLEUM,1,32794.0,1,1,1
CHARANJIT KAUR,2,32784.0,2,1,2
LUXMI HARDWARE STORE,3,32732.0,1,1,1
Ramsingh,2,32700.0,1,1,1
SB TRADERS FABRICATIONS,1,32672.0,1,1,1
Vinita Devi,2,32671.0,2,1,1
Champa Devi,2,32671.0,2,1,1
AARAV BRICKS INDUSTRY,1,32648.0,1,1,1
SIDHI VINAYAK BKO,1,32648.0,1,1,1
NIRWAN BRICKS UDYOG,1,32640.0,1,1,1
HARENDRA SINGH,2,32472.0,2,1,1
East Wood Enterprise,1,32439.0,1,1,1
MS RADHE RADHE ENTERPRISES SHADIPUR JULANA,2,32435.0,1,1,1
Manpreet Singh Mistery,1,32422.0,1,1,1
BARNALA BRICKS MANUFACTURE,1,32398.0,1,1,1
MITTAL BATH CARE,3,32337.0,2,1,1
Garg Dhula Store,2,32301.0,1,1,1
Madan Singh,2,32247.0,2,1,1
INDRA,7,32059.0,7,1,5
PRATAP SINGH,3,32042.0,2,1,2
SATGURU SANITATION,1,32033.0,1,1,1
kulwinder singh bhwanpura,1,32000.0,1,1,1
RANI RANI MAJRI SARPANCH,1,32000.0,1,1,1
YASH PAUL AND CO BKO,2,32000.0,2,1,1
HEAD MISTRESS ST MARY S CG HS SCHOOL,1,32000.0,1,1,1
Star Bricks Company,1,32000.0,1,1,1
GURJANT SINGH WELDING WORKS,1,31950.0,1,1,1
Nachhatar Singh,1,31940.0,1,1,1
KAILASH BRICK TRADERS,1,31920.0,1,1,1
Happy Cement store,2,31869.0,1,1,1
RANJIT,2,31850.0,2,1,2
MAYANK PANDEY,2,31815.0,2,1,1
Dhanetha Bko,1,31808.0,1,1,1
SHIEKH NAJEER,3,31800.0,3,1,1
SEEMA,5,31779.0,5,1,4
Jagdev singh mistary,1,31760.0,1,1,1
GS ANTTAL TRADING CO,1,31600.0,1,1,1
Labh Singh,2,31540.0,2,1,1
Bhagwan Singh,2,31510.0,2,2,2
Prem Bricks Industry,1,31500.0,1,1,1
BDO Banspal Withheld,6,31500.0,6,1,1
Lovekush,3,31450.0,3,1,1
jabar singh,3,31445.0,3,1,1
Mohan Chandra,2,31430.0,2,1,1
Tricholan,2,31430.0,2,1,1
atma hardware cement store,1,31326.0,1,1,1
PINKI BISHT,2,31310.0,2,1,1
RAMSURAT,2,31310.0,2,1,1
RAM LAL PYARE LAL,1,31277.0,1,1,1
GOYAL STEEL CORPORATION,2,31207.0,1,1,1
MS CHAMANLAL,1,31200.0,1,1,1
Ruldu  Singh,1,31200.0,1,1,1
NARENDRA SINGH,1,31200.0,1,1,1
GOPAL LAL,1,31200.0,1,1,1
bhawani singh,2,31200.0,2,1,2
ramesh,3,31160.0,3,1,1
RAMBAI,1,31100.0,1,1,1
Kuliyal Constructions,4,31085.0,4,1,1
KHETA RAM,2,31045.0,2,1,2
harish singh,2,31034.0,2,1,1
Iqwal Massean,3,31000.0,3,1,1
Gopi Cemment Store,1,31000.0,1,1,1
Sukhdev balai,1,31000.0,1,1,1
Sarpanch Sotal,1,30950.0,1,1,1
HARMEET SINGH,2,30800.0,1,1,1
Shree Bala ji Cement and Building Material,1,30800.0,1,1,1
SHIV JOT TRADING COMPANY,4,30766.0,2,1,1
NORAT,1,30764.0,1,1,1
SRI VENKATESHWARA PARKING TILES  PAVERS,1,30665.0,1,1,1
Harpreet Kaur,1,30610.0,1,1,1
Jitendra,2,30600.0,2,1,1
Vipin Hardware,1,30600.0,1,1,1
HEMRAJ MALI,5,30589.0,4,1,2
MAHAKAL TRADING COMPANY,1,30568.0,1,1,1
The Dhaula Gram Udyog Samiti Dhaula,2,30525.0,2,1,1
SUKHBIR SINGH,3,30511.0,1,1,1
Pawan,2,30500.0,2,1,2
ANAND SANITARY AND HARDWARE STORE,2,30500.0,1,1,1
Taggar Trading Company,1,30410.0,1,1,1
Amna Jain,1,30400.0,1,1,1
SATINDERPAL SINGH,1,30376.0,1,1,1
Gaurav Concrete,1,30302.0,1,1,1
MAIHAR TRADING COMPANY,1,30240.0,1,1,1
GUMAN MAL,1,30225.0,1,1,1
Bdo Niali MP Lad Holding Account,1,30194.0,1,1,1
MS Chahal Buliders,4,30138.0,2,1,1
MS Satkar BKO,3,30131.0,3,1,1
Matrix Solution,1,30124.0,1,1,1
HARBANS KAUR,1,30120.0,1,1,1
INDIA BOOK STORES,1,30114.0,1,1,1
BDO MANESWAR MPLAD HOLDING,2,30085.0,2,1,1
Sunil Enterprises Dirba,1,30078.0,1,1,1
GEETA,5,30063.0,4,2,2
ms biswas enterprises,1,30049.0,1,1,1
Himanshu Jeena,2,30031.0,1,1,1
KARMJIT SINGH,1,30000.0,1,1,1
Kartar Cement Store Lamin,1,30000.0,1,1,1
Suresh Kumar Massean,1,30000.0,1,1,1
Neekita brick klin,1,30000.0,1,1,1
S S HARDWARE AND PAINT STORE,1,30000.0,1,1,1
GRAM PANCHAYAT TIKKAR,1,30000.0,1,1,1
Resham Singh,1,30000.0,1,1,1
SHIV CONTRUCTION,1,30000.0,1,1,1
MEWA RAM,1,30000.0,1,1,1
Ritesh soni,1,30000.0,1,1,1
GEETLAL,3,30000.0,3,1,1
BALLU RAM KUMHAR,2,30000.0,2,1,1
BHAKTI CEMENT PRODUCTS,1,30000.0,1,1,1
SATYAM TRADERS,1,30000.0,1,1,1
Bikram Singh JCB Service,2,30000.0,1,1,1
VINOD,3,30000.0,3,1,1
GRAM PANCHAYAT HIWRAVASUDEV,1,30000.0,1,1,1
NATIONAL BOOK STALL,1,30000.0,1,1,1
GP Dhalara,1,30000.0,1,1,1
RANJEET,1,30000.0,1,1,1
SHRI RAM BKO,1,30000.0,1,1,1
Mittal BKO,1,30000.0,1,1,1
VSR Agencies,1,29998.0,1,1,1
Pradeep singh,2,29979.0,2,1,1
MPLADS HOLDING ACCOUNT TALUKA PANCHAYT KACHERY SAYLA,6,29967.0,6,1,1
PANKAJ ELECTRICALS,1,29965.0,1,1,1
TAHASILDAR HARICHANDANPUR,4,29963.0,4,1,1
Chattha Transport,1,29925.0,1,1,1
SANAJAY SINGH NAYAL,1,29925.0,1,1,1
MOHAMMAD JAVEEDUDDIN,1,29923.0,1,1,1
SHIVIRAJ MALI,1,29914.0,1,1,1
Wishwakarma Welding,3,29886.0,3,1,1
Balvir Singh,1,29808.0,1,1,1
Hardev singh,2,29802.0,2,2,2
ARSH SEKHON INDUSTRIES,2,29789.0,1,1,1
Rajesh Traders,2,29755.0,1,1,1
Guru Building Material Berchha,2,29700.0,1,1,1
RATANLAL,2,29680.0,2,1,2
Amit Kumar,2,29666.0,2,1,2
SHIVRAJ GURJAR,1,29600.0,1,1,1
SHIV OM GRAM UDYOG SAMITI,2,29400.0,1,1,1
TAHASILDAR GHASIPURA,2,29380.0,2,1,1
BALWANT SINGH,3,29325.0,2,2,2
DSS ENTERPRISES,2,29256.0,1,1,1
KAILASH KUMAWAT,1,29250.0,1,1,1
Ganesh Jat,1,29250.0,1,1,1
Mukesh kumar,1,29250.0,1,1,1
sukh dev balai,1,29250.0,1,1,1
Krishan Gopal Teli,1,29250.0,1,1,1
Santosh Kumar Raut,1,29237.0,1,1,1
HIND HARDWERE,1,29200.0,1,1,1
Ms RK Builders,1,29197.0,1,1,1
ms vishavkarma,2,29190.0,2,1,1
PRADOSHAN U,1,29112.0,1,1,1
Shovan singh,2,29008.0,2,1,1
RIHAN CEMENT SARIA STORE,2,29001.0,1,1,1
sunil kumar massean,1,29000.0,1,1,1
NEW BHINDER TRADERS,2,28960.0,2,1,1
Kansal Enterprises,2,28940.0,1,1,1
RAMUNA DEVI,3,28914.0,3,1,1
Sunny ACC Cement And TMT Saria Store,1,28868.0,1,1,1
DURGA DEVI,6,28812.0,6,1,4
MAHAVEER SINGH RAWAT,1,28800.0,1,1,1
PUNJAB BRICK INDUSTRIES,1,28800.0,1,1,1
AMBEY BRICKS KILN CO,1,28800.0,1,1,1
RAMANDEEP BRICKS,1,28800.0,1,1,1
SEETA RAM,1,28800.0,1,1,1
HOSPITAL MANAGEMENT COMMITTEE PHC ANGADIPURAM,1,28784.0,1,1,1
raj kumar,2,28772.0,2,1,1
dilkush prajapat,2,28772.0,2,1,1
SUMAN DEVI,7,28768.0,6,1,4
KUNDAN SINGH BISHT,1,28730.0,1,1,1
GURBINDER SINGH,2,28620.0,1,1,1
ARUN VISHVAKARMA,1,28600.0,1,1,1
MANOHAR SINGH,3,28585.0,3,2,2
KUSHI DEVI,3,28548.0,3,1,1
Baba Haridas Febrication,1,28540.0,1,1,1
GANGA DEVI,3,28539.0,3,2,3
SABBIR MOHAMMAD,1,28500.0,1,1,1
SOHAN LAL REGAR,1,28500.0,1,1,1
Vinod,1,28500.0,1,1,1
jaspreet kaur wo Sandeep Singh,2,28400.0,1,1,1
Akshay Traders,2,28333.0,1,1,1
Tahasildar Daspalla,8,28320.0,8,1,1
DIGAMABAR SINGH,1,28288.0,1,1,1
SHER RAM,1,28280.0,1,1,1
bahadur,2,28224.0,2,1,1
Hanumana ram suthar,2,28224.0,2,1,1
Naveen chandra,2,28224.0,1,1,1
Mittal paints and hardware store,1,28210.0,1,1,1
MAHIPAL,2,28182.0,2,1,1
RAKHI,2,28182.0,2,1,1
DINESH CHNDRA,2,28182.0,2,1,1
NAVEEN JOSHI,2,28182.0,2,1,1
CHANDAN,2,28182.0,2,1,1
NEW RANJIT STEEL WORKS,1,28169.0,1,1,1
Sachin Kumar Kol,1,28120.0,1,1,1
GEETA RAWAT,2,28113.0,2,1,1
Kamal Hardware And Cement Store,2,28070.0,1,1,1
Rakesh Kumar Pandhi,1,28063.0,1,1,1
KHAJAN SINGH AND BROTHERS,1,28001.0,1,1,1
Chand Singh So Yodha Singh,1,28000.0,1,1,1
Salman Khan,1,28000.0,1,1,1
THE GUNIA BRICK KILN GRAM UDYOG SAMITI,1,28000.0,1,1,1
MALWA PIPE INDUSTRIES,1,28000.0,1,1,1
MOHAN SUTHAR,1,28000.0,1,1,1
Swaran Singh Tarlochan Singh,1,28000.0,1,1,1
SARWAN NATH AND BROTHERS,1,28000.0,1,1,1
PUSHKAR SUTHAR,1,28000.0,1,1,1
NEW SHIV ELECTRIC STORE,1,27958.0,1,1,1
MS TEKSENG PRINTING ENTERPRISES,3,27943.0,3,1,1
SAKIL MOHMMAD,2,27900.0,2,1,1
JUNED DEVDA,2,27900.0,2,1,1
SAZID TAK,2,27900.0,2,1,1
FARDEEN TAK,2,27900.0,2,1,1
IKRAM TAK,2,27900.0,2,1,1
Baljit Kaur,1,27828.0,1,1,1
NARENDER,3,27750.0,3,1,2
Bansal Brothers,2,27615.0,1,1,1
Lakshmi,2,27605.0,2,2,2
Anil Kumar,4,27600.0,4,1,1
LALU CHOUHAN,2,27561.0,1,1,1
Bdo Bhapur Mplad,10,27556.0,10,1,1
Yashpal Chandra,1,27531.0,1,1,1
Jyoti Rawat,1,27531.0,1,1,1
jashandeep singh,1,27500.0,1,1,1
KALU,5,27475.0,5,1,4
HARISH CHANDRA,2,27475.0,2,1,1
GANGA ARYA,2,27450.0,2,1,1
KARISHAN,3,27435.0,3,1,1
JETARAM,3,27435.0,3,1,1
Rajan Building Material Malout,1,27400.0,1,1,1
sandeep Kumar,1,27400.0,1,1,1
hitesh suyal,1,27389.0,1,1,1
NEELAM,2,27372.0,2,1,1
Prakash Chandra,2,27300.0,1,1,1
PABBI SALES,1,27300.0,1,1,1
mahesh chandra arya,2,27300.0,1,1,1
DEVENDRA SINGH NAYAL,1,27300.0,1,1,1
KUP SINGH,3,27300.0,1,1,1
TEJMAL,1,27300.0,1,1,1
PANKAJ SINGH,3,27300.0,1,1,1
LAXMAN PALIWAL,1,27300.0,1,1,1
dayaram,1,27300.0,1,1,1
Chandra Kant Saini,3,27300.0,2,1,1
RAM SWARUP,2,27279.0,2,1,1
NEERAJ KUMAR,2,27279.0,2,1,1
ASHU,2,27279.0,2,1,1
BHIKH SINGH,4,27258.0,4,1,1
SAROJ,7,27253.0,6,1,3
BABA RAM DEV BKO,1,27200.0,1,1,1
KANHAIYALAL,3,27170.0,2,1,1
Girdhari Singh,2,27136.0,2,1,1
shubhan Rawat,1,27132.0,1,1,1
Guru Nanak Welding,1,27095.0,1,1,1
manisha suyal,2,27084.0,2,1,1
shaitan kumawat,2,27050.0,2,1,1
DIPALI GOYAL,3,27007.0,3,1,1
GURJINDER SINGH PLUMBER,1,27000.0,1,1,1
jeewan chandra joshi,1,27000.0,1,1,1
Makhan Singh,1,27000.0,1,1,1
Hansraj Meghwanshi,1,27000.0,1,1,1
SATNAM SINGH,3,27000.0,2,1,2
Harchand Singh,1,27000.0,1,1,1
BDO KANTAMAL MPLAD,1,26974.0,1,1,1
RAJNESH SINGH,1,26964.0,1,1,1
BHIM SAIN MEGH NATH,1,26950.0,1,1,1
Pappu So Rishipal Mistery Vill Khokhar,1,26900.0,1,1,1
SUBHASH SINGH KACHAAVA,2,26832.0,2,1,1
MISC ACCOUNT BDO RANPUR,67,26800.0,67,1,1
Banwari,5,26765.0,4,1,3
ANIL KUMAR BHATT,1,26765.0,1,1,1
MITTAL MARBLE AND CEMENT STORE,3,26740.0,3,1,1
Kamal Belwal,1,26730.0,1,1,1
Sarpanch Pavandeep Kaur Daulatpur,1,26724.0,1,1,1
ADARSH,2,26723.0,2,1,1
MANDEEP KAUR,1,26608.0,1,1,1
B S TRADERS,1,26560.0,1,1,1
BANSAL BKO,4,26550.0,4,1,1
JK TILE FACTORY,1,26550.0,1,1,1
JASAKARAN,1,26531.0,1,1,1
MEDDEY TECHNOLOGIES PVT LTD,2,26499.0,2,2,2
MPLADS,3,26413.0,3,1,1
KARANVEER SINGH,1,26400.0,1,1,1
REKHA DEVI,3,26379.0,3,2,3
PARSI DEVI,2,26340.0,2,1,2
Paras Belwal,1,26325.0,1,1,1
kissan Bhatta maur kalan,2,26317.0,1,1,1
EMF,153,26315.0,146,1,11
GHUMAN BKO,1,26246.0,1,1,1
NANKANA IRON STORE,2,26240.0,2,1,1
JASWINDER SINGH,4,26232.0,4,1,2
Kala Ram,2,26208.0,2,1,1
NARSI RAM,1,26208.0,1,1,1
Sarabjit Singh,1,26152.0,1,1,1
ms vansh Brick kiln,2,26117.0,1,1,1
bhairu lal hira jat,1,26100.0,1,1,1
Nishu Gupta,1,26080.0,1,1,1
BHUWAN CHANDRA JOSHI,3,26028.0,2,1,2
Gurbaksh Traders,2,26025.0,1,1,1
Talvir Singh so Sohan Singh,1,26000.0,1,1,1
M M Technologies,1,26000.0,1,1,1
Parmjit Singh Massean,1,26000.0,1,1,1
MulaKH Raj Kataria,1,26000.0,1,1,1
SHARAN RAM,2,25922.0,1,1,1
KULDEEP KUMAR LUHAR,2,25922.0,1,1,1
DHEERAJ LUHAR,2,25922.0,1,1,1
Naresh Kumar So Sohan Lal Mistery Rai Chak,1,25915.0,1,1,1
devendra kumar,1,25870.0,1,1,1
S S TRADERS,1,25840.0,1,1,1
Dharmpal,2,25805.0,2,1,1
Heer Hardware Paint Store,1,25800.0,1,1,1
RADHESHYAM,5,25770.0,3,1,3
Tejendra Singh,2,25755.0,2,1,1
Mandeep Singh,2,25600.0,2,1,2
DIVYA INDUSTRIES,1,25584.0,1,1,1
DHAN GURU NANAK CEMENT SANITARY AND  SHUTTRING STORE,1,25556.0,1,1,1
ramesh swami,1,25500.0,1,1,1
Kamal Kishore,2,25500.0,2,1,1
HARPREET TRADERS,1,25471.0,1,1,1
Parvesh,1,25456.0,1,1,1
RADHA,2,25455.0,2,2,2
ASHA,2,25455.0,2,2,2
BHAMRAH AGRICULTURE WORKS,1,25420.0,1,1,1
DEDHNA MACHINERY STORE,2,25400.0,1,1,1
NIRAJ SINGH BISHT,1,25350.0,1,1,1
ANITA BISHT,1,25350.0,1,1,1
TAHASILDAR RAJGANGPUR,7,25335.0,5,1,1
indrajeet,2,25320.0,1,1,1
Foji Cement store,1,25300.0,1,1,1
Khalsa Building Materials,1,25250.0,1,1,1
Dasmesh Traders Ghanauli,1,25200.0,1,1,1
BHOLLA TRADING CO,1,25200.0,1,1,1
Jaspal9855924367,1,25200.0,1,1,1
VIKASH,3,25160.0,3,1,3
BABU KHAN,2,25115.0,2,1,2
SURJIT SINGH BKO,1,25098.0,1,1,1
Manju Devi,5,25080.0,5,1,3
Suman,2,25080.0,2,2,2
JAGDAMBA IRON CEMENT STORE,2,25071.0,1,1,1
Ranjodh Singh,3,25000.0,3,1,1
GURTEJ SINGH SO JAGRAJ SINGH,1,25000.0,1,1,1
JUGRAJ SINGH WELDING WORKS,1,25000.0,1,1,1
GRAM PANCHAYAT TRONKALA SFC,1,25000.0,1,1,1
Sarpanch Gram Panchayat Umariya,1,25000.0,1,1,1
NEBHNANI STONE CRUSHER,1,25000.0,1,1,1
SAHIL MOHAMMAD,1,25000.0,1,1,1
MAM Bharat Engineers,2,25000.0,2,1,1
MP Lad Samirpur,1,25000.0,1,1,1
HMS Medical System,1,24997.0,1,1,1
JAGDEEP KAUR MEHTON,1,24960.0,1,1,1
DISESH SINGH BISHT,1,24960.0,1,1,1
Daniel,1,24950.0,1,1,1
Om Steel,2,24947.0,2,1,1
CHINA RAM,2,24930.0,2,1,1
Farid Building Material,1,24901.0,1,1,1
Amandeep singh,2,24900.0,1,1,1
Vajeer Singh,1,24900.0,1,1,1
TAHASILDAR JHUMPURA,8,24868.0,7,1,1
Sukhchain singh,1,24840.0,1,1,1
Naran singh,3,24795.0,3,1,1
Ramesh Kumar,3,24795.0,3,1,3
GURDEV SINGH SO GULJARI,1,24794.0,1,1,1
THOR INDUSTRIES PRIVATE LIMITED,1,24790.0,1,1,1
shivoham by Gajanan,1,24720.0,1,1,1
Jai Golu Farnichar Garur,1,24720.0,1,1,1
AMANDEEP SINGH RAIPUR,1,24719.0,1,1,1
KAILASH KUMAR,4,24700.0,3,1,3
RAMESHWAR,3,24661.0,2,1,1
SARDAR CHOUDHARY,3,24661.0,2,1,1
BALVEER,3,24661.0,2,1,1
bdo lamgara royalty,3,24593.0,3,1,1
BASNTI DEVI,1,24570.0,1,1,1
ATUL PLYWOOD AND GLASS HOUSE,1,24544.0,1,1,1
mumal,4,24531.0,4,1,1
PAYARI,4,24510.0,4,1,1
Pawan Kumar Kamat,1,24504.0,1,1,1
Sonu Cement Store,1,24500.0,1,1,1
Raman Kumar Massean,1,24500.0,1,1,1
HARJINDER SINGH,2,24500.0,1,1,1
rajendra singh,3,24495.0,3,2,3
Amar Bricks,1,24485.0,1,1,1
SHANTI,5,24450.0,4,1,4
Ridhi Sidhi Paint Traders,1,24449.0,1,1,1
RAJURAM,3,24405.0,2,1,2
SHIV KUMAR,3,24400.0,2,2,2
J S TRADING,1,24389.0,1,1,1
Anandi Devi,2,24375.0,1,1,1
Jagdev Singh urf Bhola Singh,1,24330.0,1,1,1
Block Development Officer Royalty,1,24274.0,1,1,1
M J Cement Store and Building Material,1,24254.0,1,1,1
SHWETA NEGI,1,24240.0,1,1,1
SONALI,1,24240.0,1,1,1
KOMAL,1,24240.0,1,1,1
RAHUL MAURYA,1,24240.0,1,1,1
TAJ TRADING COMPANY,3,24221.0,3,1,1
DAYA ENTERPRISES,1,24209.0,1,1,1
PARAS MAL MEENA,2,24192.0,2,1,1
MARUTI TRADERS,1,24180.0,1,1,1
PRAHLAD SINGH,1,24167.0,1,1,1
Jagdish Singh,1,24128.0,1,1,1
neeraj kumar massean,1,24000.0,1,1,1
Parkesh Chand,1,24000.0,1,1,1
Pratham sungat,1,24000.0,1,1,1
Vinod Singh,1,24000.0,1,1,1
ms Ghuman Cement Store,1,24000.0,1,1,1
Sita Devi,3,23964.0,3,1,3
MS Ambala Bricks Centre,1,23850.0,1,1,1
SUKHPAL,2,23800.0,2,1,1
SINGLA SANITARY STORE,1,23796.0,1,1,1
MAMTA JOSHI,2,23790.0,2,1,1
SUNIL KUMAR BKO,3,23680.0,2,1,1
BINDER PAL,1,23676.0,1,1,1
GAURAV,3,23675.0,2,2,2
GELU DEVI,1,23655.0,1,1,1
CTRACE SOFT SOLUTIONS PVT LTD,1,23600.0,1,1,1
JINDAL CONSULTANTS,1,23600.0,1,1,1
bagha Hardware Paint Store,1,23590.0,1,1,1
REKHA BHATT,2,23568.0,2,1,1
sohan,2,23564.0,2,1,2
AGGARWAL IRON STORE,3,23557.0,2,1,1
Raju Cement Stote,1,23525.0,1,1,1
PUNAM JOSHI,3,23436.0,1,1,1
SEEMA NAULA,2,23424.0,2,1,1
jagdish singh,2,23424.0,2,1,1
KAILASH PURI,2,23420.0,2,2,2
Tahasildar Begunia,5,23402.0,5,1,1
BHAIRU SINGH,1,23400.0,1,1,1
Surendar kumar nayak,1,23400.0,1,1,1
Nasarin Bano,1,23400.0,1,1,1
Heeralal,1,23400.0,1,1,1
Laxman Nath,2,23400.0,1,1,1
Nathmal,1,23400.0,1,1,1
Meetu Ram,1,23400.0,1,1,1
KHETA RAM SARAN,1,23400.0,1,1,1
Moolchand,1,23400.0,1,1,1
Hanuman,1,23400.0,1,1,1
RAMCHANDRA SWAMI,1,23400.0,1,1,1
Norang lal,1,23400.0,1,1,1
Sethi EnterPrises,1,23400.0,1,1,1
GOPI RAM,1,23400.0,1,1,1
JAYVARDHAN SINGH,2,23400.0,1,1,1
Bholu,2,23400.0,1,1,1
Pramod Meghwal,1,23400.0,1,1,1
Keshar Dev,1,23400.0,1,1,1
Girdhari Lal Nayak,1,23400.0,1,1,1
SANWAR MAL,1,23400.0,1,1,1
Lal Chand Meghwal,1,23400.0,1,1,1
NARAYAN SINGH RAWAT,1,23400.0,1,1,1
Kishni,1,23400.0,1,1,1
OMPRAKAS RAIGAR,2,23400.0,1,1,1
JAGDISH CHAND,1,23400.0,1,1,1
TIKU RAM MEGHWAL,1,23400.0,1,1,1
Sharwan Kumar,1,23400.0,1,1,1
Subhash Singh,1,23400.0,1,1,1
Punam,1,23400.0,1,1,1
Bhanwar Lal,1,23400.0,1,1,1
NIRANJAN SINGH,1,23400.0,1,1,1
Govind singh,1,23400.0,1,1,1
Shree Krishna Cement Store,1,23400.0,1,1,1
DURGADAT,1,23400.0,1,1,1
Bhanwar Lal Nayak,1,23400.0,1,1,1
Hariom,2,23400.0,1,1,1
Javed Khan,1,23400.0,1,1,1
MAHAVEER KISHANLAL,2,23361.0,2,1,1
KAILASH MANGLA,2,23361.0,2,1,1
rahul omprkash,2,23361.0,2,1,1
RAMDHAN CHOTU,2,23361.0,2,1,1
GURVINDER KAUR,1,23348.0,1,1,1
Sukhminderjit Singh,1,23310.0,1,1,1
SHAH BUILDING MATERIAL,1,23300.0,1,1,1
LAXMI,3,23286.0,3,1,2
AMAR AGRO WORKS,1,23257.0,1,1,1
BHADUR SINGH,1,23230.0,1,1,1
VIMALA DEVI,2,23193.0,2,2,2
NAV DURGA TRADERS,1,23175.0,1,1,1
somatmal,3,23162.0,3,1,1
BANSHI LAL,4,23160.0,3,1,2
Shobharam jat,1,23140.0,1,1,1
KANARAM,2,23123.0,2,1,2
ABHISHEK,3,23110.0,2,2,2
arjun ram,2,23100.0,2,1,1
RITA BISHT,2,23058.0,2,1,1
UPASNA BISHT,2,23058.0,2,1,1
KULDEEP WELDING AND TRACTOR WORKSHOP,1,23035.0,1,1,1
Punjab Cement Store,2,23000.0,2,1,2
SURJIT SINGH,1,23000.0,1,1,1
Gurpreet Steel Seetring store,1,22940.0,1,1,1
Surbhi Trading Company,1,22874.0,1,1,1
Rajnish Hardware Store,1,22865.0,1,1,1
TARA SINGH BKO,1,22854.0,1,1,1
ARORA PAINT STORE,1,22850.0,1,1,1
bharat marbles,1,22841.0,1,1,1
PRAKASH CHANDRA,2,22836.0,2,1,2
TARACHAND,2,22815.0,2,1,2
Radheshyam Kumawat,2,22815.0,2,1,1
Bhuwan Chandra,2,22800.0,1,1,1
Baglamukhi Construction Kartoli,1,22800.0,1,1,1
MS Bhangu and Bhangu Tile Industries,1,22798.0,1,1,1
prakash chandra arya,2,22725.0,2,1,1
Shere Punjab Trading Co,1,22656.0,1,1,1
RAJINDER SINGH SARPANCH TALWANDI KHOTE,2,22595.0,1,1,1
Kochar Hardware Store Upper Bham,2,22580.0,1,1,1
Sumit Iron Store,1,22550.0,1,1,1
Shubham Singh Goud,1,22500.0,1,1,1
Manoj kumar,1,22500.0,1,1,1
ACHALA RAM,1,22500.0,1,1,1
Ms Ajmer Paul Singh BKO,1,22500.0,1,1,1
Bhalla Telecom,1,22500.0,1,1,1
SEEMA KUNWAR,2,22500.0,1,1,1
SHRAWAN REGAR,1,22500.0,1,1,1
raghvendra singh chouhan,2,22461.0,2,1,1
GUDDI,5,22431.0,5,1,3
KAMLESH,5,22425.0,5,1,5
Lakhvir Singh,1,22360.0,1,1,1
dropati,3,22293.0,3,1,1
Prabhleen Enterprises,1,22250.0,1,1,1
LAD KANWAR,1,22230.0,1,1,1
GANI MOHAMMAD,1,22230.0,1,1,1
VINOD KANWAR,1,22230.0,1,1,1
VIJENDRA KUMAR,2,22230.0,1,1,1
NAYAN KANWAR,1,22230.0,1,1,1
lakshman singh,1,22220.0,1,1,1
R SS CEMENT STORE,1,22200.0,1,1,1
Sunil,2,22200.0,2,1,2
MAHENDRA KUMAR,2,22165.0,2,1,1
Manoj Kumar,3,22165.0,3,1,1
Kamla devi,2,22128.0,2,2,2
CHUKI DEVI,1,22125.0,1,1,1
JOGA RAM,2,22125.0,2,1,2
PRUTHVIRAJ GURJAR,1,22125.0,1,1,1
MAMTA GURJAR,1,22125.0,1,1,1
GYANDEEP SINGH,2,22102.0,1,1,1
PRITHVIPAL SINGH,2,22102.0,1,1,1
Ladu Singh,1,22100.0,1,1,1
Nema Ram,2,22100.0,1,1,1
Shravan Ram,1,22100.0,1,1,1
Jeet Ram Choudhary,1,22100.0,1,1,1
Premaram,1,22100.0,1,1,1
Parsa Ram,2,22100.0,1,1,1
NARENDRA,2,22100.0,2,1,2
ASHISH KUMAR JAISWAL,1,22050.0,1,1,1
SANDEEP KUMAR,2,21992.0,2,2,2
MS Noor Cement Works,1,21960.0,1,1,1
Clearway Enterprises,1,21958.0,1,1,1
KHIMA DAS,1,21945.0,1,1,1
jyoti,1,21945.0,1,1,1
CHUNNI LAL,1,21945.0,1,1,1
Geeta devi,1,21945.0,1,1,1
SITA DEVI,1,21945.0,1,1,1
Leela devi,1,21945.0,1,1,1
NARPAT KUMAR,1,21945.0,1,1,1
DHEPIDEVI,1,21945.0,1,1,1
PUNJAB IRON STORE,1,21902.0,1,1,1
BHAGWATI ELECTRIC SERVICE,2,21902.0,1,1,1
NIRANA RAM,1,21900.0,1,1,1
Bhawari Devi,2,21840.0,2,1,2
manju devi,5,21837.0,5,2,2
hem chandra,1,21816.0,1,1,1
Sandeep Kumar SoNasib Chand Mistri Bhudhobarkat,1,21800.0,1,1,1
MS  NIMA ENTERPRISES,1,21771.0,1,1,1
SHRI SHIV SHANKAR BRICKS COMPANY GIDDAR,1,21760.0,1,1,1
jagdish,3,21696.0,3,2,3
CHAMPA JOSHI,3,21672.0,1,1,1
MONU,1,21660.0,1,1,1
Palwinder Singh saholi,1,21644.0,1,1,1
Sant lal nayak,1,21600.0,1,1,1
UDAY LAL,1,21600.0,1,1,1
SUSHILA DEVI,5,21469.0,4,2,4
NARAYAN LAL GADARI,3,21450.0,2,1,1
DASHMESH ELECTRICALS,2,21435.0,2,1,1
Subhash Trading Co,1,21420.0,1,1,1
Jaspal singh so dhana singh,1,21376.0,1,1,1
Rnbir singh,2,21350.0,1,1,1
Anuradha tomar,2,21350.0,1,1,1
Vishal chauhan,2,21350.0,1,1,1
sanjay tomar,2,21350.0,1,1,1
Symbiosis Computer Visions,1,21350.0,1,1,1
MAYA,4,21333.0,4,1,3
KHUSHIRAM,3,21325.0,2,1,2
dharmendr bhairu jat,1,21276.0,1,1,1
Harkaran Bairwa,2,21250.0,1,1,1
Shankar Lal Bairwa,2,21250.0,1,1,1
Gajendra Bairwa,2,21250.0,1,1,1
Gurmukh Singh Thekedar,1,21250.0,1,1,1
KALURAM JAT,1,21240.0,1,1,1
DEEP SIDHU TRADING COMPANY,1,21240.0,1,1,1
AKSHYA KUMAR,1,21210.0,1,1,1
KAMAL KISHORE JOSHI,2,21210.0,2,1,1
RAJESH CHAUDHARY,2,21210.0,2,1,1
SANTOSH PALADIYA,2,21210.0,2,1,1
ASMAT BB,1,21201.0,1,1,1
MAA LAKSHMI TRADING COMPANY,3,21195.0,1,1,1
Gurjant Singh,1,21170.0,1,1,1
DUNGRA RAM,2,21165.0,2,1,1
Jetha Ram,2,21165.0,2,1,1
Ishwar singh Jantwal,1,21103.0,1,1,1
MS DALIP SINGH BKO,1,21000.0,1,1,1
GURU RAMDASS BRICKS CO,1,21000.0,1,1,1
BABA DAYA SINGH BKO,1,21000.0,1,1,1
satish Kumar,1,21000.0,1,1,1
SUKHJINDER SINGH,1,21000.0,1,1,1
Sohal Fabricators and Engg Works,1,21000.0,1,1,1
CHANDRA SHEKHAR,2,20916.0,2,1,2
ISHWAR SINGH,2,20900.0,2,1,1
AJAY BUILDING MATERIAL,1,20878.0,1,1,1
MITTAL BUILDING MATERIALS,1,20877.0,1,1,1
himanshu mishra,2,20862.0,2,1,1
neeraj singh,2,20862.0,2,1,1
AVTAR TREADING COMPANY,1,20850.0,1,1,1
SUKHA,1,20800.0,1,1,1
mukesh harkaran,1,20800.0,1,1,1
Kalyanmal gurjar,1,20800.0,1,1,1
LALURAM,1,20800.0,1,1,1
babu lal,2,20800.0,2,1,1
satyanarayan pareek,1,20800.0,1,1,1
Mahavir Prasad,2,20800.0,2,1,1
SUNDARESH G,10,20726.0,10,1,1
Sohal traders,1,20700.0,1,1,1
KRISHAN  SINGH,1,20696.0,1,1,1
pushpa devi,2,20664.0,2,1,2
Executive Engineer Public Health Works Division Morbi,1,20662.0,1,1,1
Nandan singh,1,20654.0,1,1,1
Mittal Iron and Cement Store,2,20645.0,1,1,1
Laxmi Devi,3,20613.0,2,1,2
JAIN SANITARY STORE,1,20602.0,1,1,1
SATISH KUMAR,3,20580.0,3,1,2
Madhu,2,20568.0,2,2,2
Navdeep Singh,1,20552.0,1,1,1
Shri Durga Bhatta Company,1,20550.0,1,1,1
SUMAN,5,20550.0,5,1,4
SATJIT TRACTOR TROLLY JCB CRANE SERVICE,1,20532.0,1,1,1
Sopu devi,3,20520.0,3,1,1
VARDHMAN MARBLES,1,20515.0,1,1,1
NIRBHAI CEMENT AND AGRICULYURE WORKS,1,20500.0,1,1,1
Rai Pipe and Hardware Store,1,20500.0,1,1,1
VK KRISHANA BROTHERS,1,20500.0,1,1,1
VALYA DEVI,1,20496.0,1,1,1
NEETA ARYA,1,20496.0,1,1,1
GORKHA KHAN,1,20484.0,1,1,1
BDO LATHIKATA,1,20482.0,1,1,1
GALBARAM,1,20460.0,1,1,1
umeed singh,1,20455.0,1,1,1
Suleman,2,20400.0,1,1,1
Radhey Shyam Rawat,1,20400.0,1,1,1
Ranjeet Singh Rawat,1,20400.0,1,1,1
Gopi Singh Rawat,1,20400.0,1,1,1
KARAN SANITARY STORE,1,20385.0,1,1,1
NARAYAN HARDWARE,1,20352.0,1,1,1
Ms SIDHU BRICKS,1,20352.0,1,1,1
MEHAR SINGH AND SONS,1,20350.0,1,1,1
sushma devi,1,20349.0,1,1,1
DEEPAK,3,20347.0,3,2,2
R K Darshan Electric Store,1,20315.0,1,1,1
SANWAR MAL JAT,1,20250.0,1,1,1
Rup Lal,1,20250.0,1,1,1
ANKIT KUMAR,1,20250.0,1,1,1
Prahalad Rebari,1,20250.0,1,1,1
VARDHMAN STEELS,1,20239.0,1,1,1
HARI SINGH,3,20235.0,2,1,2
Lalit mohan,1,20200.0,1,1,1
GILL BOOK DEPOT,1,20160.0,1,1,1
Satyanarayan samatiya,1,20150.0,1,1,1
Ganesh Joshi,2,20144.0,2,1,1
MUNICIPAL COUNCIL GADARWARA,1,20124.0,1,1,1
HITESH KUMAR,2,20108.0,2,1,2
JAGSIR SINGH,1,20100.0,1,1,1
New Sirsa Steel Workshop,1,20060.0,1,1,1
Pardeep Trading Agency,1,20000.0,1,1,1
BRIJESH,2,20000.0,1,1,1
Krishan singh,1,20000.0,1,1,1
ASHOK KUMAR RATHORE,3,20000.0,1,1,1
PRABHULAL,1,20000.0,1,1,1
JASSAL TENT HOUSE,1,20000.0,1,1,1
SETHI RADIOS,1,20000.0,1,1,1
Kashmir Lal Massean,1,20000.0,1,1,1
ATHULYA BOOKS,1,20000.0,1,1,1
RAMRAJ,1,20000.0,1,1,1
Bhart kumar sharma,1,20000.0,1,1,1
BHUSHAN TRADING CO,3,19981.0,1,1,1
prem,2,19971.0,2,2,2
sangeeta arya,1,19950.0,1,1,1
bhagwati suyal,1,19950.0,1,1,1
AAsha,1,19950.0,1,1,1
Vipin Chandra,1,19928.0,1,1,1
Himani Belwal,1,19928.0,1,1,1
PAVITAR SINGH,1,19912.0,1,1,1
SHIV LAL MEENA,1,19890.0,1,1,1
HAKRU MEENA,1,19890.0,1,1,1
CHETAN PRAKASH MEENA,1,19890.0,1,1,1
GOPAL LAL MEENA,1,19890.0,1,1,1
Bhupinder kaur,1,19803.0,1,1,1
karmjeet kaur,1,19803.0,1,1,1
MANAK BRAJLAL EVANE,1,19800.0,1,1,1
Udit Nainwal,1,19796.0,1,1,1
AMANDEEP SHUTTERS MANSA,1,19782.0,1,1,1
KAJAL CHAUHAN,2,19764.0,2,1,1
Shri Bala Ji Company,1,19696.0,1,1,1
SUJANA RAM,2,19679.0,2,1,1
KAILASH,3,19650.0,3,1,2
Shiv Ram Traders,1,19600.0,1,1,1
Indu Hardware,1,19598.0,1,1,1
Gora Bricks Company,1,19576.0,1,1,1
SWASTIK ROLLING SHUTTER,1,19558.0,1,1,1
AGGARWAL MARBLE HOUSE,1,19550.0,1,1,1
Santaram Saini,5,19515.0,3,1,1
AGGARWAL TRADING CO,1,19500.0,1,1,1
Predeep Kumar,1,19500.0,1,1,1
SAGAR MAL,2,19500.0,1,1,1
Ramsukh ojha,1,19500.0,1,1,1
Dalu Kumawat,1,19500.0,1,1,1
MANA RAM,1,19500.0,1,1,1
Prabhudayal ojha,1,19500.0,1,1,1
ROSHAN LAL KUMAWAT,1,19500.0,1,1,1
Narendra Singh,1,19500.0,1,1,1
Kanaram jat,1,19500.0,1,1,1
ROSHAN GURJAR,1,19500.0,1,1,1
LEHRU LAL VYAS,1,19500.0,1,1,1
BALMUKUND KUMAWAT,2,19500.0,1,1,1
Rajpal,1,19500.0,1,1,1
Parbhu Lal Khatik,1,19500.0,1,1,1
BABU RAM VINOD KUMAR,1,19500.0,1,1,1
bhagchand,1,19500.0,1,1,1
bhupendra singh,1,19500.0,1,1,1
GHASIRAM,1,19500.0,1,1,1
Hem Singh,2,19500.0,1,1,1
MAN MOHAN,1,19500.0,1,1,1
ARJUN GURJAR,1,19500.0,1,1,1
TEJA RAM,1,19500.0,1,1,1
RATAN KUMAWAT,1,19500.0,1,1,1
prabhulal,1,19500.0,1,1,1
kaluram,2,19500.0,1,1,1
rajesh kumar,1,19500.0,1,1,1
pyarchand,1,19500.0,1,1,1
bhanwar singh kajla,2,19500.0,1,1,1
madhulal,1,19500.0,1,1,1
PARMESHWAR KUMAWAT,2,19500.0,1,1,1
DURGA TRADERS,2,19454.0,1,1,1
NABHA TUBEWELL CO,1,19446.0,1,1,1
Rahul Dev,1,19425.0,1,1,1
Gyan Singh,2,19422.0,2,1,1
SAROJ BHATT,2,19398.0,2,1,1
MAMTA BHATT,2,19398.0,2,1,1
Sarwanjeet,1,19340.0,1,1,1
Karamjeet Kaur,2,19274.0,1,1,1
Shiv Shakti Gram Udyog Samiti,1,19250.0,1,1,1
GHISHA,1,19200.0,1,1,1
ROHIT PANDEY,1,19190.0,1,1,1
RIYAS ALI,1,19190.0,1,1,1
ISHWAR SINGH TARAGI,1,19190.0,1,1,1
GULAB SINGH,2,19125.0,2,2,2
KS cement store,1,19020.0,1,1,1
Jinki,2,19011.0,2,1,1
Rajendr Singh,2,19000.0,1,1,1
Tahasildar Raighar,3,18926.0,3,1,1
rajnedra singh,1,18900.0,1,1,1
Sangha Builders,1,18900.0,1,1,1
Karan Traders,1,18900.0,1,1,1
Sushila,3,18862.0,3,1,3
SUMAN CHOUDHARY,3,18837.0,3,1,2
CHYANAN,2,18825.0,2,1,1
Narpat Singh,2,18765.0,2,1,1
PARKASH,3,18765.0,3,1,1
Babaljeet  Majri New,1,18756.0,1,1,1
RATAN,1,18750.0,1,1,1
ARVIND KUMAR PAREEK,1,18750.0,1,1,1
SULEMAAN SEKH,1,18750.0,1,1,1
GAJRAJ,1,18750.0,1,1,1
Shankar Lal,1,18750.0,1,1,1
NARAYAN LAL,1,18750.0,1,1,1
KISHAN,1,18750.0,1,1,1
AMBEY BRICKS KAMALU,1,18739.0,1,1,1
NAGINA CEMENT STORE,1,18700.0,1,1,1
Tarsem Kaur SBI,1,18700.0,1,1,1
ISHWAR,2,18620.0,2,1,2
Rajan Magar,1,18600.0,1,1,1
Kashi Ram,1,18600.0,1,1,1
GYARSI DEVI,1,18585.0,1,1,1
GULABI DEVI,1,18585.0,1,1,1
Nirmla pandey,2,18584.0,2,1,1
Govind bhallabh,2,18584.0,2,1,1
govind singh,2,18570.0,2,2,2
SURAJ MEHTA,1,18564.0,1,1,1
JAGDISH SINGH BISHT,1,18564.0,1,1,1
PREM,3,18555.0,2,1,2
NIMRAT INTERLOCK TAILES,1,18550.0,1,1,1
SHYAM LAL,2,18525.0,2,1,1
Saroj,2,18525.0,2,1,2
JAHANGIR,1,18525.0,1,1,1
SAJIDA BANO,1,18525.0,1,1,1
FIROJA BANO,1,18525.0,1,1,1
Subhash,2,18460.0,2,1,2
MOH.RAFIK SILAWAT,1,18460.0,1,1,1
Shree Balaji Cement Store,1,18450.0,1,1,1
KRISHNA STEEL,1,18450.0,1,1,1
MAHESH KUMAR MEENA,2,18400.0,1,1,1
HARDAYAL,1,18400.0,1,1,1
Mahaveer Parsad Mali,1,18400.0,1,1,1
govind sharma,1,18400.0,1,1,1
HANUMAN SINGH KUMAWAT,2,18400.0,1,1,1
UMMED SINGH SHEKHAWAT,2,18400.0,1,1,1
VEROKE CEMENT STORE,1,18394.0,1,1,1
PUSHPA DEVI,3,18387.0,2,2,2
SANWAR LAL,1,18375.0,1,1,1
TEJ SINGH,1,18375.0,1,1,1
CHOTHMAL,1,18375.0,1,1,1
VISHAL BAIRWA,1,18375.0,1,1,1
Lata arya,1,18354.0,1,1,1
sumit jantwal,1,18354.0,1,1,1
jeewanti devi,1,18354.0,1,1,1
nitin jantwal,1,18354.0,1,1,1
vishal,1,18300.0,1,1,1
MEENA DEVI,1,18300.0,1,1,1
Additional Charge,1,18285.0,1,1,1
Kewal Singh,1,18230.0,1,1,1
GUPTA CEMENT STORE,1,18220.0,1,1,1
Tej singh and sons,4,18220.0,1,1,1
Karanveer Singh,2,18200.0,1,1,1
Bhupendra kumawat,2,18200.0,1,1,1
TULSHI RAM,2,18200.0,1,1,1
Mitha lal kalbeliya,2,18200.0,2,1,1
PYARELAL,2,18200.0,1,1,1
AINUR SEKH,2,18200.0,2,1,1
Sansar Chand Mistari Upper Bhambotar,2,18200.0,1,1,1
Heera lal kalbeliya,2,18200.0,2,1,1
UDAY LAL GADRI,2,18200.0,1,1,1
HASIMUDDIN SEKH,2,18200.0,2,1,1
DINESH CHOUDHARY,3,18122.0,3,1,1
MITTAL TRADING COMPANY,1,18100.0,1,1,1
SONA,3,18063.0,3,1,2
CT Industries,1,18020.0,1,1,1
Chaudhary Building Material Store and Supplier,1,18000.0,1,1,1
PRABHU DAYAL,2,18000.0,1,1,1
RAMLAL SWAMI,1,18000.0,1,1,1
Wishavkarma,1,18000.0,1,1,1
MOHAN BALAI,1,18000.0,1,1,1
RAMARAM,1,18000.0,1,1,1
Nirmal Singh,1,18000.0,1,1,1
INFIEDGE VENTURES PRIVATE LIMITED,1,18000.0,1,1,1
SHARMA ELECTRICAL STORE,1,18000.0,1,1,1
PRAVEEN CHOUDHARY,1,18000.0,1,1,1
Bhagvan Singh Savner,1,18000.0,1,1,1
BHAJAN LAL,2,18000.0,2,1,1
Hemkunad Scintific,1,18000.0,1,1,1
Verna Sports,1,18000.0,1,1,1
Gupta machinery Store,1,18000.0,1,1,1
POORANARAM,2,18000.0,1,1,1
VIMLA DEVI,2,18000.0,2,2,2
SANGAT SINGH AND SON,1,18000.0,1,1,1
KALU GURJAR,1,18000.0,1,1,1
KALU BALAI,1,18000.0,1,1,1
Gopa ram meghwal,1,18000.0,1,1,1
sorav kumar,2,18000.0,1,1,1
SANJAY,2,18000.0,2,1,1
Satpal Singh Massn,1,18000.0,1,1,1
PARVEEN,2,18000.0,2,1,1
BHOJARAM,3,17980.0,3,1,1
KALURAM,3,17970.0,2,1,2
Hemant singh,1,17960.0,1,1,1
suraj paladiya,1,17955.0,1,1,1
VIVEK JOSHI,1,17934.0,1,1,1
NANDAN SINGH,2,17934.0,2,1,2
SAKSHI SANWAL,1,17934.0,1,1,1
NIRMALA JOSHI,1,17934.0,1,1,1
SHANKAR DUTT JOSHI,2,17892.0,1,1,1
BHAWAN SINGH,1,17876.0,1,1,1
Bhagu,2,17871.0,2,1,1
Mahesh chanrd melkani,1,17850.0,1,1,1
RAJESH BISHT,1,17850.0,1,1,1
FARAJ KHAN,1,17850.0,1,1,1
Krishna Melkani,1,17850.0,1,1,1
KAMALJIT,2,17850.0,2,1,1
sarfraz khan,1,17850.0,1,1,1
LAKHVIR SINGH,2,17750.0,2,2,2
KHOKER LAND SURVEY AGENCY,1,17700.0,1,1,1
devendra mehra,1,17675.0,1,1,1
Raga Ram,1,17670.0,1,1,1
Nilesh Kumar,1,17670.0,1,1,1
Raju Kumar,1,17670.0,1,1,1
Kevla Ram,1,17670.0,1,1,1
BDOSAHARPADA,3,17632.0,3,1,1
RAJBALA,3,17617.0,3,1,3
Manjeet singh,1,17600.0,1,1,1
TAHASILDAR NIMAPARA,5,17571.0,5,1,1
mahesh,1,17568.0,1,1,1
Babita Joshi,1,17556.0,1,1,1
HARISH CHANDRA AGRWAL,1,17556.0,1,1,1
Krishna Devi,1,17556.0,1,1,1
Chandra Devi,1,17556.0,1,1,1
Makani Devi,4,17538.0,1,1,1
Aman Choudhary,1,17529.0,1,1,1
Krimta Devi,1,17509.0,1,1,1
MADAN LAL BHIL,2,17500.0,1,1,1
Mahima Singh,2,17500.0,1,1,1
ramswaroop gurjar,1,17500.0,1,1,1
KALRA BROS TRADING CO,1,17500.0,1,1,1
AD Udyog Samiti,1,17500.0,1,1,1
ghisa lal gurjar,1,17500.0,1,1,1
ms goyal  company BKO bhikampur,1,17500.0,1,1,1
chhitar lal gurjar,1,17500.0,1,1,1
WINDRA ELECTRIC STORE,2,17471.0,1,1,1
gurmeet singh,1,17400.0,1,1,1
GURMAIL SINGH SARPANCH,1,17400.0,1,1,1
Champa Kumari,1,17385.0,1,1,1
Mohan singh,1,17384.0,1,1,1
Jugdish singh,1,17384.0,1,1,1
Gaurav singh,1,17384.0,1,1,1
SEETA DEVI,2,17367.0,2,1,2
balkishan bhatt,1,17290.0,1,1,1
SHATISH CHANDRA BHATT,1,17290.0,1,1,1
navin chandra bhatt,1,17290.0,1,1,1
Laharu Mali,1,17250.0,1,1,1
JAGDISH PRASHAD,2,17250.0,2,1,1
SUMIT KUMAR,2,17250.0,2,1,1
Mukesh Bhat,1,17250.0,1,1,1
Bharu,1,17250.0,1,1,1
JAYPAL,2,17250.0,2,1,1
Manohar Bhat,1,17250.0,1,1,1
RAMKARAN,2,17250.0,2,1,1
Dinesh Chandra,1,17250.0,1,1,1
mahendar singh,2,17222.0,2,1,1
Bhajan Lal Saini,3,17210.0,3,1,1
Mana singh,1,17179.0,1,1,1
Nab singh,1,17179.0,1,1,1
Lakhwinder singh,1,17179.0,1,1,1
SEWAK KHAN,1,17179.0,1,1,1
Mashhoor ali,1,17179.0,1,1,1
Sukhdev  singh,1,17179.0,1,1,1
bhuvendra singh,1,17170.0,1,1,1
asok,1,17158.0,1,1,1
GS Building Material Store,1,17150.0,1,1,1
BDO,2,17110.0,2,1,1
GS RAJPUT,1,17100.0,1,1,1
MOHANI DEVI,3,17097.0,3,1,3
ramesh kumar,2,17075.0,2,1,2
CHOTE LAL,2,17050.0,2,1,2
MOHIT STEEL MANUFACTURING,1,17038.0,1,1,1
DHARMENDRA KUMAR,2,17037.0,2,2,2
Ratan jat,1,17030.0,1,1,1
RAMLAL,2,17025.0,2,1,2
TIRUPATI ASSOCIATES,1,17010.0,1,1,1
Darshan lal and brothers,1,17000.0,1,1,1
BHARAT Hardware,1,17000.0,1,1,1
DINESH KUMAR CHOUDHARY,1,17000.0,1,1,1
jain iron store,1,16997.0,1,1,1
ASHOK CEMENT AND IRON STORE,1,16990.0,1,1,1
Parma Nand,1,16950.0,1,1,1
Kunju Ram,1,16950.0,1,1,1
Trilok Chand,1,16950.0,1,1,1
Naini enterprises,1,16936.0,1,1,1
Jethi Devi,1,16900.0,1,1,1
SAMPAT LAL SUTHAR,1,16900.0,1,1,1
RAJU GADRI,1,16900.0,1,1,1
BDO GHASIPURA ROYALTY,1,16869.0,1,1,1
Amandeep Singh Joginder Singh,2,16850.0,1,1,1
Gagga Ram Banarsi das,2,16850.0,1,1,1
RAMANDEEP SINGH,2,16849.0,1,1,1
MALKEET SINGH,2,16849.0,1,1,1
janki devi,1,16836.0,1,1,1
jyoti mehra,1,16836.0,1,1,1
BHEMA RAM,1,16800.0,1,1,1
Ms Ranjan Brothers Miani Road Dasuya,3,16800.0,1,1,1
MANOJ SINGH,1,16800.0,1,1,1
Shishupal,1,16800.0,1,1,1
Bhuwan Chandra Arya,2,16775.0,1,1,1
Manpreet singh labour Upper bham,2,16750.0,1,1,1
SATPAL,2,16750.0,2,2,2
TAHASILDAR SAHARPADA,3,16749.0,3,1,1
Mahaveer,2,16735.0,2,1,1
Sanvala Ram,2,16731.0,2,1,1
Subham Agencies,1,16700.0,1,1,1
RAVI CHANDRA BHUDHANI,1,16665.0,1,1,1
JASPAL,1,16665.0,1,1,1
Gaurav belwal,1,16632.0,1,1,1
Parduman thaliya,1,16632.0,1,1,1
Poonam Belwal,1,16632.0,1,1,1
Rekha joshi,1,16632.0,1,1,1
PRADHAN SINGH,2,16611.0,2,1,1
SHRIKANT,2,16611.0,2,1,1
IRFAN KHAN,2,16611.0,2,1,1
HANUMAN PRASAD,2,16611.0,2,1,1
Satpal Singh,1,16560.0,1,1,1
Radha kuriya,1,16536.0,1,1,1
kamala kuriya,1,16536.0,1,1,1
Jaswant Singh,1,16506.0,1,1,1
Dipak Khatik,1,16500.0,1,1,1
MEHARCHAND,2,16500.0,1,1,1
YOGESH SINGH,1,16470.0,1,1,1
PREMA DEVI,1,16470.0,1,1,1
HIMASNHU BISHT,1,16470.0,1,1,1
ANITA PANDEY,1,16470.0,1,1,1
Reeta,1,16469.0,1,1,1
Bhupesh Kumar,1,16469.0,1,1,1
Jag Mohan Singh,1,16469.0,1,1,1
RESHAB NEGI,1,16469.0,1,1,1
MAHENDER SINGH,1,16469.0,1,1,1
Santosh Kumari,1,16469.0,1,1,1
ROBHI,1,16469.0,1,1,1
Govind Singh,1,16469.0,1,1,1
Kiran Prabha,1,16469.0,1,1,1
GOURAV SINGH,2,16448.0,1,1,1
HARI RAM,3,16410.0,2,1,2
CHANDAN SINGH BISHT,1,16380.0,1,1,1
PRATAP SINGH BISHT,1,16380.0,1,1,1
LEELA BISHT,1,16380.0,1,1,1
BHAWNA,2,16362.0,2,1,2
MS DIMPY BRICKS,1,16324.0,1,1,1
NEERAJ,2,16305.0,2,1,1
BHEEM SINGH,2,16270.0,2,2,2
GOYAL CEMENT STORE,2,16216.0,1,1,1
GENI DEVI,2,16209.0,2,1,1
Aggarwal Sanitary Store,1,16201.0,1,1,1
SATNAM RAM,1,16200.0,1,1,1
Shanti Devi,4,16185.0,2,1,2
PANKAJ MEHRA,1,16160.0,1,1,1
Karam Singh,1,16160.0,1,1,1
Balveer Singh Rawat,1,16150.0,1,1,1
DEVI LAL,2,16146.0,2,1,2
THE BHANRA GRAM UDYOG SAMITI,1,16128.0,1,1,1
Bhupal Singh,1,16112.0,1,1,1
Ramesh Singh,1,16112.0,1,1,1
Mohit Joshi,1,16112.0,1,1,1
NIRMAL JOSHI,1,16104.0,1,1,1
THE SARSAWATI CO OP,1,16102.0,1,1,1
Shamsher Singh Labour Upper Bhambotar,2,16100.0,1,1,1
LADDI SINGH,1,16000.0,1,1,1
RAMPHOOL BODYA,1,16000.0,1,1,1
vishwakarma Surting Store,1,16000.0,1,1,1
Balram Singh Mehrowal,1,16000.0,1,1,1
DEU BALAI,1,16000.0,1,1,1
M S SHIVA TRADERS,1,16000.0,1,1,1
Girraj prasad meena,1,16000.0,1,1,1
Kanku  Balai,1,16000.0,1,1,1
MAHAVEER PRASHAD SAINI,2,16000.0,1,1,1
Balmukand Vaishanv,1,16000.0,1,1,1
Badami,3,15960.0,3,1,1
sharma sanitations,1,15940.0,1,1,1
Nenu,2,15904.0,2,1,1
Manisha,2,15904.0,2,1,1
Muni Lal,1,15800.0,1,1,1
Darshan Singh Amarjeet kaur,2,15770.0,1,1,1
Charanjit Kaur,2,15770.0,1,1,1
Kamaldeep Singh,2,15770.0,1,1,1
Amarjit Kaur,2,15770.0,1,1,1
PARAMJIT KAUR,2,15769.0,1,1,1
MANJIT KAUR,2,15769.0,1,1,1
GODHAN,1,15756.0,1,1,1
jaswanth singh,1,15756.0,1,1,1
SANJAY YOGI,1,15750.0,1,1,1
SUJARAM,1,15750.0,1,1,1
PANKAJ SUWALKA,1,15750.0,1,1,1
LAKSHMAN BAIRWA,1,15750.0,1,1,1
Pushpa Punetha,2,15738.0,2,1,1
GARIMA UPRETI,2,15738.0,2,1,1
NEEMA UPRETI,2,15738.0,2,1,1
HITESH TIWARI,2,15738.0,2,1,1
KAMAL PANDEY,2,15738.0,2,1,1
BHAGWATI KAMAL KISHORE,2,15738.0,2,1,1
BINA PATHAK,2,15738.0,2,1,1
Manthan Trading Co,1,15718.0,1,1,1
Bhoovan chandra,1,15715.0,1,1,1
Jeevan Chandra,1,15715.0,1,1,1
REKHA KANWAR,3,15701.0,3,1,2
Chanan Singh,1,15700.0,1,1,1
PREM BAI,2,15690.0,2,1,2
MANDEEP,2,15660.0,2,1,2
RAHIMA KHATUN,4,15600.0,2,1,1
Rakesh Kaur Massn,1,15600.0,1,1,1
Sarabjit Heer,1,15600.0,1,1,1
HIMMAT,1,15600.0,1,1,1
Bhagat Singh Building Material Store,1,15600.0,1,1,1
SHREE BALAJI CEMENT STORE,1,15592.0,1,1,1
panveet singh narula,1,15590.0,1,1,1
guneet kaur,1,15590.0,1,1,1
Gulab singh,2,15582.0,2,2,2
ROHIT,1,15561.0,1,1,1
SHIV LAL,3,15535.0,3,1,2
Gobind Welding Aluminium Fabrication,1,15535.0,1,1,1
harveer,2,15525.0,1,1,1
BABA BHOLE NATH FILLING STATION,1,15500.0,1,1,1
RAJESH CHOUDHARY,4,15444.0,2,1,1
DINESH  SINGH,1,15420.0,1,1,1
DHARMENDRA SINGH,1,15420.0,1,1,1
Satnam Singh Labour Upper Bhambotar,2,15400.0,1,1,1
Tarlok  Singh Labour Upper Bhambotar,2,15400.0,1,1,1
SATYNARAYAN GURJAR,2,15400.0,1,1,1
Kissan Electricals,1,15375.0,1,1,1
KAMAL UPRETI,2,15372.0,2,1,1
RUCHI PATHAK,2,15372.0,2,1,1
Haripriya Pathak,2,15372.0,2,1,1
abhishek,1,15372.0,1,1,1
kailash,2,15350.0,2,1,2
MAHALLAXMI TRADERS,1,15340.0,1,1,1
Agardeep Singh Gurmeet Singh,2,15332.0,1,1,1
GURNAM SINGH,3,15300.0,1,1,1
BHAJAN SINGH,3,15300.0,1,1,1
PUSHPINDER SINGH,3,15300.0,1,1,1
lovjeet singh,2,15263.0,2,1,1
Guru Nanak Cement Store Kahangarh,1,15225.0,1,1,1
Khajan chandra Melkani,1,15225.0,1,1,1
Urmila,2,15211.0,2,1,2
Vardhman Iron Store,1,15200.0,1,1,1
Sunil Khati,1,15200.0,1,1,1
Mahaveer Parsadh Mantri,1,15200.0,1,1,1
SHREEPAL LAXMAN,1,15200.0,1,1,1
BHairav singh,1,15162.0,1,1,1
LAVI JOSHI,1,15150.0,1,1,1
VINOD CHANDRA BHATT,1,15150.0,1,1,1
HARISH CHANDRA BHATT,1,15150.0,1,1,1
NAVEEN CHANDRA BHATT,1,15150.0,1,1,1
Thakur Steel Engg Works,1,15142.0,1,1,1
NAWAB WELDING WOKS,2,15109.0,2,1,1
DHANA RAM,3,15105.0,3,1,2
KANTA DEVI,3,15105.0,3,1,2
OM PRAKASH,3,15078.0,3,1,2
GURU NANAK SANITARY STORE,1,15067.0,1,1,1
Sugi,2,15058.0,2,1,1
PARVATI DEVI,3,15025.0,3,1,2
NAVAL TARAGI,1,15006.0,1,1,1
SOBHITA BHATT,1,15006.0,1,1,1
RAM LAL,1,15000.0,1,1,1
BHANWAR LAL SEN,1,15000.0,1,1,1
DESHABHIMANI PUBLICATIONS,1,15000.0,1,1,1
Nikhl,1,15000.0,1,1,1
Pardeep Singh Massn,2,15000.0,1,1,1
MOHAN MINA,1,15000.0,1,1,1
Ms Sukhdev Parshad  Maini and Company,1,15000.0,1,1,1
Bhupinderjit Singh Massn,1,15000.0,1,1,1
Mahavir Singh,1,15000.0,1,1,1
Sharmila,1,15000.0,1,1,1
VISHAVKARMA WALDING WORKS,1,15000.0,1,1,1
KAMBO TRADING,1,15000.0,1,1,1
heera bai bagri,1,15000.0,1,1,1
MR BALWINDER,1,15000.0,1,1,1
Birma Devi,1,15000.0,1,1,1
Anita Kumari,1,15000.0,1,1,1
Dhaukal Dhula And Machinery Store,1,15000.0,1,1,1
Padam Dev,1,15000.0,1,1,1
GOVT ELEMENTRY SCHOOL KISHANPURA,1,15000.0,1,1,1
ARTISANS DEVELOPMENT CO OPERATIVE LTD,1,15000.0,1,1,1
Ambaji Traders,1,14998.0,1,1,1
MALTI SONS,1,14986.0,1,1,1
SHUBHAM JINDAL INCOME TAX AND GST ADVISOR,1,14977.0,1,1,1
Durga welding works Bari,1,14966.0,1,1,1
INDIAN FOUNDARY AND STEEL INDUSTRIES,1,14868.0,1,1,1
mahendea singh,3,14847.0,3,1,2
GURJINDER SINGH,1,14841.0,1,1,1
DEVKARAN,2,14835.0,2,1,2
AMRIT SINGH,1,14822.0,1,1,1
Kailash Chandra,1,14820.0,1,1,1
MEERA DEVI,3,14820.0,2,1,2
Rameti,1,14820.0,1,1,1
Godavari,1,14820.0,1,1,1
DEVLI,1,14820.0,1,1,1
Madan lal,1,14820.0,1,1,1
sadaam husain,1,14820.0,1,1,1
Banarasi Devi,1,14820.0,1,1,1
FHARJANA BANU,1,14820.0,1,1,1
SIMA BAI,1,14820.0,1,1,1
Pema Ram,1,14820.0,1,1,1
Aarti Devi,1,14820.0,1,1,1
RAMKANYA BAI,1,14820.0,1,1,1
Aasha Devi,1,14820.0,1,1,1
SHYAMA BAI,1,14820.0,1,1,1
BIMLA DEVI,1,14820.0,1,1,1
SURESH BHATT,1,14756.0,1,1,1
HARISH PANDEY,1,14756.0,1,1,1
KIRANJEET KAUR,2,14734.0,1,1,1
Budhlada Bricks Kiln,2,14700.0,1,1,1
Vimlesh,4,14698.0,4,1,2
CHANCHAL SINGH,1,14645.0,1,1,1
GANESH,1,14645.0,1,1,1
VISHAL KUMAR,1,14645.0,1,1,1
PRATAP SINGH TARAGI,1,14640.0,1,1,1
sawan negi,1,14640.0,1,1,1
BDO GHATGAON,13,14603.0,12,1,1
Pooja,3,14578.0,2,2,2
pohap singh,2,14567.0,1,1,1
BALRAM,4,14555.0,3,1,3
BDO KUSUMI,1,14542.0,1,1,1
PARDEEP CHOUDHARI,2,14532.0,2,1,1
MAHAVIR MARBLES,1,14500.0,1,1,1
HARDEEP SINGH,1,14500.0,1,1,1
BARTHI DEVI,2,14484.0,2,1,1
SEETA,2,14475.0,2,1,2
narendra kumar,2,14470.0,2,1,1
Ram Chand,1,14400.0,1,1,1
Bawa Building Material,1,14400.0,1,1,1
SUNNY KUMAR,2,14400.0,2,1,2
RATAN LAL GURJAR,3,14380.0,3,1,2
Basant lal,1,14368.0,1,1,1
KAMLESH MALI,2,14352.0,2,1,1
KALI,2,14352.0,2,1,1
Rajendra singh,2,14326.0,2,1,2
Ganesh Ram,1,14300.0,1,1,1
MIYARAM,1,14300.0,1,1,1
Deepak lega,2,14261.0,2,1,1
Chogaram,1,14250.0,1,1,1
sitaram kumawat,1,14250.0,1,1,1
champalal,1,14250.0,1,1,1
mohnlal,1,14250.0,1,1,1
Santosh devi,1,14250.0,1,1,1
BNARSI,2,14250.0,2,1,1
AKSHAY Brothers,2,14237.0,1,1,1
Hetram,2,14205.0,2,1,1
JATINDER KUMAR,2,14200.0,2,1,2
SURJIT ENTERPRISES,2,14170.0,2,1,1
Tahasildar Nandahandi,2,14167.0,2,1,1
GURU KIRPA GATE STORE,2,14160.0,2,1,1
NAMITA,2,14112.0,1,1,1
Neelam,1,14112.0,1,1,1
Jagat prakash nainwal,1,14112.0,1,1,1
NEHA,2,14112.0,1,1,1
SUBASH,2,14112.0,1,1,1
Dewas nainwal,1,14112.0,1,1,1
Tejpal Saphiya,1,14112.0,1,1,1
ARTHI DEVI,2,14112.0,1,1,1
ROHAN,2,14112.0,1,1,1
Pramod Singh Saphiya,1,14112.0,1,1,1
NITIN SINGH,2,14112.0,1,1,1
Shambhu dutt,1,14112.0,1,1,1
BHIM SINGH,3,14100.0,3,1,1
lala,2,14061.0,1,1,1
Sabi Electrical,1,14041.0,1,1,1
inderjeet singh,2,14040.0,1,1,1
Munni Devi,2,14020.0,2,2,2
MS Dev Ichhya and Company andwarpatti,1,14013.0,1,1,1
THE GILL GRAM UDYOG SAMITI BKO,1,14005.0,1,1,1
VIKAS ADHIKARI P S KATHOOMAR,13,14000.0,13,1,1
DAL CHAND KHATIK,1,14000.0,1,1,1
DEVI LAL SALVI,1,14000.0,1,1,1
Sahil Cement and Hardware Store,1,14000.0,1,1,1
Ravindra patel,1,14000.0,1,1,1
SHIVA PAINTS AND HARDWARE STORE,1,14000.0,1,1,1
JHAMKA,3,13992.0,3,1,1
Chander,2,13973.0,2,1,1
Mamta Devi meghwal,1,13965.0,1,1,1
Kanaka Devi,1,13965.0,1,1,1
Bhanwar Lal meghwal,1,13965.0,1,1,1
Jhamku Chouhan,1,13965.0,1,1,1
Bimla,2,13954.0,2,1,1
Rakesh Chouhan,1,13950.0,1,1,1
CHUNA RAM,1,13950.0,1,1,1
Tej Singh,1,13950.0,1,1,1
Shubham Kumawat,1,13950.0,1,1,1
Sagat Singh,1,13919.0,1,1,1
Naveen Singh,1,13919.0,1,1,1
Jaspal Dass,1,13910.0,1,1,1
BHAWANA PATHAK,2,13908.0,2,1,1
KUNAL PANT,1,13908.0,1,1,1
Mohd Rizwan,1,13908.0,1,1,1
om,1,13905.0,1,1,1
SWEAT IT SPORTS,1,13818.0,1,1,1
KAVYA CHOPRA,1,13800.0,1,1,1
prakash chnadra,1,13736.0,1,1,1
Jagdish chandra,1,13736.0,1,1,1
Puran chandra,1,13736.0,1,1,1
SHREE JAGDISHWAR INTERNATIONAL,2,13700.0,1,1,1
RAJWINDER BAWA,1,13688.0,1,1,1
HARDAYAL GURJAR,1,13662.0,1,1,1
LALARAM,1,13662.0,1,1,1
JEEVRAJ,1,13662.0,1,1,1
rakesh kumawat,2,13660.0,2,1,1
CHANDA,2,13653.0,2,1,2
narayan lal gurjar,1,13650.0,1,1,1
ramdhan gurjar,1,13650.0,1,1,1
gopal bairwa,1,13650.0,1,1,1
deepak singh,1,13650.0,1,1,1
DPC SSA FATEHABAD,2,13643.0,2,1,1
SHER MOMHAD,1,13635.0,1,1,1
SAMSHAD,1,13635.0,1,1,1
IMRAN,1,13635.0,1,1,1
MS Krish Brick Kiln,1,13602.0,1,1,1
MEHAKDEEP SINGH,1,13600.0,1,1,1
SHIVAM GRAM UDYOG,1,13589.0,1,1,1
karam chand pardeep kumar,1,13553.0,1,1,1
LALI DEVI JAIN,1,13500.0,1,1,1
Shiv Kripa Hardware and Sanitary Store,1,13490.0,1,1,1
Aanad singh,1,13470.0,1,1,1
sanjay,1,13470.0,1,1,1
Heera singh,1,13470.0,1,1,1
SEEHRA BROTHERS STEEL WORKS,1,13440.0,1,1,1
MOSAM DEVI,1,13416.0,1,1,1
Mukesh Sharma,2,13390.0,2,1,2
Shaina iron store ritu,1,13360.0,1,1,1
LAVISH RAMOLA,1,13356.0,1,1,1
NIKIT,1,13356.0,1,1,1
ANSHUMAN PARMAR,1,13356.0,1,1,1
JANAK SINGH,1,13356.0,1,1,1
KALAYAN SINGH,1,13356.0,1,1,1
rakesh chand,1,13356.0,1,1,1
PURNIMA,1,13356.0,1,1,1
GAGAN RATURI,1,13356.0,1,1,1
DEV CHAND,1,13356.0,1,1,1
NEELIMA,1,13356.0,1,1,1
BDO RAJGANGPUR,3,13306.0,2,1,1
BADRI,2,13305.0,2,1,2
Sadhu ram,2,13305.0,2,1,1
BANVARI,2,13300.0,2,1,2
Shyam Mohan Meena,2,13300.0,1,1,1
DOLARAM,1,13300.0,1,1,1
Dhanaram,1,13300.0,1,1,1
SHYAM LAL GEHLOT,1,13300.0,1,1,1
Hitesh,1,13300.0,1,1,1
naresh,2,13300.0,1,1,1
Panaram,1,13300.0,1,1,1
SATISH,2,13300.0,1,1,1
RANJEET DAN,1,13300.0,1,1,1
Mahipal Singh,1,13300.0,1,1,1
Jhunjar singh,1,13300.0,1,1,1
SHANKER SALES CORPORATION,1,13260.0,1,1,1
RAGUNATH GURJAR,1,13260.0,1,1,1
GEHRI DEVI,1,13260.0,1,1,1
NARAYAN GURJAR,1,13260.0,1,1,1
DINESH CHANDRA GURJAR,1,13260.0,1,1,1
NAVIN CHANDRA,2,13222.0,2,1,1
MAHLA AUTO STORE,1,13219.0,1,1,1
BASANT KUMAR,1,13176.0,1,1,1
SURAJ,1,13176.0,1,1,1
Bhawani Devi,1,13167.0,1,1,1
NITESH MEWARA,1,13165.0,1,1,1
JAGDEEP SINGH,1,13150.0,1,1,1
balkar singh,2,13140.0,1,1,1
najar singh,2,13140.0,1,1,1
kuldeep singh,2,13140.0,1,1,1
MAHAVEER GURJAR,1,13134.0,1,1,1
basant ballbh joshi,1,13130.0,1,1,1
PRADEEP SINGH BISHT,1,13125.0,1,1,1
SAMMEEN,1,13125.0,1,1,1
BALVEER SINGH,1,13125.0,1,1,1
DAN SINGH,1,13125.0,1,1,1
KARAN SINGH BIST,1,13125.0,1,1,1
BHARAT SINGH GANGOLA,1,13125.0,1,1,1
BANWARI LAL,2,13117.0,2,1,2
Ashok,2,13100.0,2,1,2
Rajesh Kumar,2,13074.0,2,1,2
SANJANA,2,13068.0,2,1,1
bharat singh,1,13068.0,1,1,1
SHAILENDRA SINGH RAWAT,1,13068.0,1,1,1
MANISH BRICKS INDUSTIES,2,13050.0,1,1,1
Pappu Ram,1,13020.0,1,1,1
BANWARI,2,13020.0,2,1,2
Dhanna Lal kumawat,2,13000.0,1,1,1
Surendra singh chundawat,2,13000.0,1,1,1
Bajwa Boring And Hardware Store,1,13000.0,1,1,1
Raju kalbeliya,2,13000.0,2,1,1
Sita kalbeliya,2,13000.0,2,1,1
Avtar Singh Glass Agency upper Bham,1,13000.0,1,1,1
MD FAHAN RAJA,2,13000.0,2,1,1
Jeet Electric Works Sekha,1,13000.0,1,1,1
MAHAJAN TRADERS,1,12999.0,1,1,1
Karmveer,2,12990.0,2,1,2
HARMAN  ENTERPRISES,1,12980.0,1,1,1
durgsingh,1,12961.0,1,1,1
chailsingh,1,12961.0,1,1,1
ratanaram,1,12961.0,1,1,1
BHIYA RAM,1,12961.0,1,1,1
VIRMA DEVI,3,12950.0,1,1,1
JODH RAM,3,12950.0,1,1,1
MPLAD ANANDAPUR,2,12940.0,2,1,1
BLOCK DEVELOPMENT OFFICER KUJANG ROYALTY,1,12933.0,1,1,1
Surjeet singh,1,12928.0,1,1,1
Surat singh,1,12928.0,1,1,1
Gurcharan Singh and sons,1,12900.0,1,1,1
BACHNA DEVI,2,12852.0,1,1,1
PUNAM NAYAL,1,12852.0,1,1,1
SHIVANI,2,12852.0,1,1,1
Sangmeshwar cement and shuttering store,2,12850.0,1,1,1
Surendra Kumar,1,12825.0,1,1,1
Mahipalsingh,1,12825.0,1,1,1
Dalpat,1,12825.0,1,1,1
panku,1,12825.0,1,1,1
Govindsingh,1,12825.0,1,1,1
Tola,1,12825.0,1,1,1
SUSHILA DEVI TELI,1,12810.0,1,1,1
AMIT NAINWAL,1,12810.0,1,1,1
YOURAJ,1,12800.0,1,1,1
DINESH RATHORE,2,12800.0,1,1,1
Bhagat Ram so hari ram,1,12760.0,1,1,1
SHANKAR GURJAR,1,12750.0,1,1,1
Prem Balai,1,12750.0,1,1,1
Prakash Chand,1,12750.0,1,1,1
JIVRAJ,1,12750.0,1,1,1
PARVEEN KUMAR,1,12750.0,1,1,1
RANGLAL,1,12750.0,1,1,1
DESRAJ,1,12750.0,1,1,1
rahul,1,12750.0,1,1,1
LALARAM MEGHWANSHI,1,12750.0,1,1,1
Ramesh Chand,1,12750.0,1,1,1
NAHAR SINGH,1,12750.0,1,1,1
RAMAVATAR,1,12750.0,1,1,1
SUNIL GURJAR,1,12750.0,1,1,1
JEETRAM MEGHWANSHI,1,12750.0,1,1,1
Lila Kumawat,2,12750.0,1,1,1
PRAKASH MATWA,1,12750.0,1,1,1
KALA RAM SO DESU RAM,1,12748.0,1,1,1
LOVELY ENTERPRISES,1,12696.0,1,1,1
DAS ENTERPRISE,1,12680.0,1,1,1
Mittal Machinery store,1,12655.0,1,1,1
Krasni Devi,1,12600.0,1,1,1
LAXMI LAL TELI,1,12600.0,1,1,1
SUNIL BOHRA,1,12600.0,1,1,1
NANA,1,12600.0,1,1,1
ROOPSHANKAR  PALIWAL,1,12600.0,1,1,1
LALIT KUMAR PALIWAS,1,12600.0,1,1,1
DALZIT SINGH,1,12600.0,1,1,1
ANUJ  Panwar,1,12600.0,1,1,1
ROOPA DEVI,3,12584.0,1,1,1
SHIRIKISHAN,2,12550.0,2,1,2
Devraj Bhat,1,12550.0,1,1,1
CHAJURAM,2,12550.0,2,1,2
SULEMAN,2,12550.0,2,1,2
DHARAM SINGH MEENA,2,12550.0,2,1,2
The Tribune Trust,5,12541.0,3,1,1
HARVEER SINGH,4,12540.0,1,1,1
RAMDEI DEVI,1,12474.0,1,1,1
JODHARAJ,1,12474.0,1,1,1
LAXMAN CHOUDHARY,1,12474.0,1,1,1
mamta rawat,1,12474.0,1,1,1
NATHI,1,12474.0,1,1,1
VIJENDRA SINGH,1,12474.0,1,1,1
SURESH PRAJAPAT,1,12474.0,1,1,1
OMA KANWAR RANAWAT,1,12474.0,1,1,1
PRDHAN CHOUDHARY,1,12474.0,1,1,1
SURESH CHOUDHARY,1,12474.0,1,1,1
pooja rawat,1,12474.0,1,1,1
AJIT SINGH RATHORE,1,12474.0,1,1,1
KANCHAN KANWAR,1,12474.0,1,1,1
MOHIT AINGH,1,12474.0,1,1,1
ghisalal choudhary,1,12474.0,1,1,1
TAHASILDAR LATHIKATA,1,12431.0,1,1,1
Project Officer ITDP Nedumangad,1,12430.0,1,1,1
HARIRAM,2,12410.0,2,1,1
shree ganesh BKO,1,12400.0,1,1,1
Kailash singh,1,12369.0,1,1,1
MOHAN CHANDRA,2,12356.0,1,1,1
JINDAL PLY AND PAINT STORE,1,12353.0,1,1,1
Bhima Ram,1,12350.0,1,1,1
Bharat Kumar,1,12350.0,1,1,1
akash mali,1,12350.0,1,1,1
MANOJ GEHALOT,1,12350.0,1,1,1
DINESH BAIRWA,1,12315.0,1,1,1
MOHHMAD RIYAJUDHAN,1,12294.0,1,1,1
Mamatakunwar,1,12255.0,1,1,1
MANISHA KANWAR,2,12255.0,2,1,1
SHANTA,2,12255.0,2,1,1
manju,3,12255.0,3,1,2
Happy Sanitary and Paint Store,1,12237.0,1,1,1
PRITHVI RAJ,2,12225.0,1,1,1
GURPREET SINGH ELECTRICAN,1,12224.0,1,1,1
AGGARWAL SANITARY STORE,1,12217.0,1,1,1
ROHITASH,2,12200.0,2,1,2
antri devi,3,12177.0,2,1,1
MAHESH CHAND,2,12155.0,2,1,2
Sukhdev singh,1,12150.0,1,1,1
Manpreet Sapra,1,12150.0,1,1,1
Gurpreet singh,1,12150.0,1,1,1
madan singh,1,12123.0,1,1,1
Sanwar Mal,1,12114.0,1,1,1
Shanti pandey,2,12096.0,2,1,1
bhuwan chandra joshi,1,12096.0,1,1,1
diksha joshi,1,12096.0,1,1,1
Nutan pandey,2,12096.0,2,1,1
VIJAYVEER,1,12096.0,1,1,1
Punam Devi,1,12096.0,1,1,1
hansa devi,1,12096.0,1,1,1
KHASTI DEVI,1,12078.0,1,1,1
NITESH CHANDRA,1,12078.0,1,1,1
KAJAL,1,12078.0,1,1,1
HEMA,3,12057.0,3,2,3
Bansal Hardware and cement store,1,12036.0,1,1,1
CHANAN RAM AND SONS,2,12032.0,2,1,1
RAMESHWARI,1,12025.0,1,1,1
Hamandeep Singh,2,12000.0,1,1,1
Fateh Agro Works,1,12000.0,1,1,1
MADHAV INDUSTRIES,1,12000.0,1,1,1
ramavtar,1,12000.0,1,1,1
ms anshveer contractor,1,12000.0,1,1,1
Vinayak Enterprises Nangal Bihalan,1,12000.0,1,1,1
RV BUILDING MATERIAL,1,12000.0,1,1,1
NARAYAN LAL GURJAR,1,12000.0,1,1,1
ROSHAN LAL GURJAR,1,12000.0,1,1,1
VIKAS ENTERPRISES,1,11990.0,1,1,1
PAWANI,2,11970.0,2,1,1
Mani UPVC Window and Doors,1,11947.0,1,1,1
Anjana,2,11944.0,2,1,2
Kunda ram,1,11900.0,1,1,1
suwa lal meena,1,11900.0,1,1,1
Ramswroop kumawat,1,11900.0,1,1,1
DHIRASINGH,1,11900.0,1,1,1
chetaram,1,11900.0,1,1,1
Surendra Kumar Sharma,1,11900.0,1,1,1
kishor kumar,1,11900.0,1,1,1
AVTAR MARBLES,1,11897.0,1,1,1
KALI DEVI,2,11886.0,2,1,1
Bheem Singh so surjit singh,1,11880.0,1,1,1
MURTI DEVI,1,11844.0,1,1,1
VIRENDRA SINGH,1,11844.0,1,1,1
jairam,1,11844.0,1,1,1
RAJARAM,2,11825.0,2,1,1
KHALSA ENGINEERS ANF ASSOCIATES,1,11800.0,1,1,1
Sumitra,3,11729.0,3,1,3
OM PARKASH RAIGAR,2,11705.0,1,1,1
TARA CHAND,2,11705.0,1,1,1
ASHOK KUMAR MEENA,2,11705.0,1,1,1
RAMNIVAS SWAMI,1,11700.0,1,1,1
RAMESH MEGHWAL,1,11700.0,1,1,1
Dharmendra Nain,1,11700.0,1,1,1
DINE KHAN,1,11700.0,1,1,1
GYANI,1,11700.0,1,1,1
Deepak,1,11700.0,1,1,1
RAMCHANDRA,1,11700.0,1,1,1
VIJAYPAL SINGH,1,11700.0,1,1,1
Aanand Sharma,1,11700.0,1,1,1
shyam sundar,1,11700.0,1,1,1
pyare lal maghwanshi,1,11700.0,1,1,1
MAHESH SARAN,1,11700.0,1,1,1
BABULAL,1,11700.0,1,1,1
BAJRANG LAL,1,11700.0,1,1,1
BASANTI,1,11700.0,1,1,1
SAKIR KHAN,1,11700.0,1,1,1
DHARM PAL,1,11700.0,1,1,1
KAMAL BOHRA,1,11700.0,1,1,1
PREM PRAKASH,1,11700.0,1,1,1
gumansingh,1,11700.0,1,1,1
Ram kanwari,1,11700.0,1,1,1
Ubhi Enterprises Tihara,1,11700.0,1,1,1
UMMED SINGH,1,11700.0,1,1,1
parmeshwar rawat,1,11700.0,1,1,1
Mahendra Kumar,1,11700.0,1,1,1
sagwan gurjar,1,11700.0,1,1,1
sanwar lal,1,11700.0,1,1,1
mahaveer rawat,1,11700.0,1,1,1
MAHBOOB KHAN,1,11700.0,1,1,1
KANTI BAI,1,11700.0,1,1,1
Maniram Hukmaram,1,11700.0,1,1,1
ram singh rawat,1,11700.0,1,1,1
Manohar lal kahar,1,11700.0,1,1,1
pahalvan rawat,1,11700.0,1,1,1
NORAT MAL,1,11700.0,1,1,1
Nizam Khan,1,11700.0,1,1,1
mahendra rawatr,1,11700.0,1,1,1
RAMAVTAR,1,11700.0,1,1,1
KAN SINGH,1,11700.0,1,1,1
SITARAM RAIGAR,1,11700.0,1,1,1
Chandi bai,3,11700.0,3,1,1
sunil singh,1,11700.0,1,1,1
prem raj,1,11700.0,1,1,1
PARMESHVAR LAL SARAN,1,11700.0,1,1,1
shivani,1,11700.0,1,1,1
LILADHAR,1,11700.0,1,1,1
Bharat Singh Rawat,1,11700.0,1,1,1
KAMLESH BAI,1,11700.0,1,1,1
INDAR MOPRKASH,2,11661.0,2,1,1
sunita devi,1,11648.0,1,1,1
uma devi,1,11648.0,1,1,1
Preet Electricals,1,11642.0,1,1,1
YUVRAJ SINGH,2,11620.0,2,1,1
Sagar singh,1,11592.0,1,1,1
GIRDHARI,3,11583.0,2,1,1
Shravan lal,3,11583.0,3,1,1
NERAJ,3,11583.0,2,1,1
keshar singh,2,11583.0,2,1,1
SARWESHWAFR,3,11583.0,2,1,1
Rajesh,3,11583.0,3,1,1
CHENARAM,3,11583.0,2,1,1
Gora,3,11583.0,2,1,1
PAREEK CONSULTANCY,1,11520.0,1,1,1
Uganti,3,11508.0,3,1,2
Priyanka,2,11505.0,2,1,2
Anita,2,11479.0,2,1,2
RAJAT KUMAR,1,11475.0,1,1,1
SANTOSH KUMARI,1,11475.0,1,1,1
BHAGRATI,1,11440.0,1,1,1
AH GLASS AND ALUMINIUM POINT,1,11420.0,1,1,1
Sandeep,2,11410.0,2,1,1
SS TOHI STEEL FURNITURE HOUSE,1,11401.0,1,1,1
Kavita,3,11400.0,3,1,3
Manoj,1,11400.0,1,1,1
NILESH,1,11400.0,1,1,1
JAYNTILAL,1,11400.0,1,1,1
Shishpal,1,11375.0,1,1,1
Madan singh,1,11375.0,1,1,1
RAJWATI DEVI,1,11360.0,1,1,1
MAHAKAURI DEVI,1,11360.0,1,1,1
Tahasildar Dabugam,2,11357.0,2,1,1
Dhapu,2,11335.0,2,1,2
Baltej Singh,1,11313.0,1,1,1
Lokesh pandey,1,11312.0,1,1,1
Tribhuwan Chandra,1,11312.0,1,1,1
Tara dutt pandey,1,11312.0,1,1,1
Deepak kumar Tiwari,1,11312.0,1,1,1
Pushpesh pandey,1,11312.0,1,1,1
Ajeet,1,11275.0,1,1,1
Kailash Chandra Teli,1,11250.0,1,1,1
Rakesh Jatav,1,11250.0,1,1,1
Davinder Singh BKO,1,11250.0,1,1,1
RAMESH CHANDRA BALAI,1,11250.0,1,1,1
DHANRAJ SANTOSH RAVANDHE,1,11200.0,1,1,1
Laxmi,3,11130.0,2,1,2
SHRWAN KUMAR MEGHWAL,1,11115.0,1,1,1
Bajrang Lal,1,11115.0,1,1,1
Hema Ram,2,11115.0,1,1,1
Sundar Devi,2,11115.0,1,1,1
DIPAK,2,11115.0,2,1,1
NIRMA DEVI,1,11115.0,1,1,1
RAM SINGH,1,11115.0,1,1,1
Guddi Banu,1,11115.0,1,1,1
SATVIR,1,11115.0,1,1,1
Jamna devi,1,11115.0,1,1,1
RAMNIWAS,2,11115.0,2,1,1
RUKHSANA,1,11115.0,1,1,1
NAJMA BANO,2,11115.0,2,1,1
SACHIN,1,11115.0,1,1,1
BHIVA RAM,1,11115.0,1,1,1
Vimla,2,11115.0,1,1,1
HUNATA RAM,1,11115.0,1,1,1
Birdi devi,2,11115.0,1,1,1
GANGA RAM,1,11115.0,1,1,1
DEV DUTT,1,11115.0,1,1,1
NIWAS KUAMAR,1,11115.0,1,1,1
Kishori Saini,3,11115.0,2,1,1
TOLARAM JAT,1,11115.0,1,1,1
SUBHASH JAKHAR,1,11115.0,1,1,1
JAREENA,1,11115.0,1,1,1
SITA,1,11115.0,1,1,1
SHYAM SUNDER,1,11115.0,1,1,1
Feroz Khan,1,11109.0,1,1,1
Hakam Khan,1,11109.0,1,1,1
AALAM KHAN,2,11095.0,2,1,1
Kamal Singh,2,11076.0,1,1,1
Munesh Kumar Saini,1,11050.0,1,1,1
Surendra kumar yadav,1,11050.0,1,1,1
Ramji Lal Choudhary,1,11050.0,1,1,1
Ramnarayan Yadav,1,11050.0,1,1,1
Godaram Yadav,1,11050.0,1,1,1
Babulal saini,1,11050.0,1,1,1
Ramesh Mahala,1,11050.0,1,1,1
Dashrath Kumar Yadav,1,11050.0,1,1,1
MOOLCHAND KUMAWAT,1,11050.0,1,1,1
Om Prakash Bairwa,1,11050.0,1,1,1
Ravi Prakash Saini,1,11050.0,1,1,1
Ramesh Chand Choudhary,1,11050.0,1,1,1
SHANKER LAL VAISHNAV,1,11050.0,1,1,1
Kushal,1,11050.0,1,1,1
pankaj kumar,1,11050.0,1,1,1
babulal,1,11050.0,1,1,1
Shubh ram,1,11050.0,1,1,1
Sundaram yadav,1,11050.0,1,1,1
TAHIR KHAN,1,11050.0,1,1,1
SANWAR MAL KUMAWAT,1,11050.0,1,1,1
ANIL KUMAWAT,1,11050.0,1,1,1
VIKRAM,1,11050.0,1,1,1
Pankaj Kumar Saini,1,11050.0,1,1,1
BANSAL ELECTRICAL STORE BHIKHI,1,11045.0,1,1,1
Bakhshish contractor,1,11025.0,1,1,1
GAUTAM KUMAR,2,11005.0,2,1,2
SAMAY SINGH MEENA,2,11005.0,2,1,2
Ms Cee Kay Trading Co Bhatti Da Pind,1,11000.0,1,1,1
Jain Sanitary and Hardwere,1,11000.0,1,1,1
GAJANAD PATEL,1,11000.0,1,1,1
ASHOK KUMAWAT,2,11000.0,1,1,1
LABOUR CESS MPLADS DUDCTION,3,10990.0,3,1,1
urmila,3,10986.0,3,1,2
CHAHAT ENTERPRISES,2,10983.0,2,1,1
ANSUL RANA,1,10981.0,1,1,1
Keshar Singh,1,10981.0,1,1,1
SURESH SINGH CHAUHAN,1,10981.0,1,1,1
SURESH CHAUHAN,1,10981.0,1,1,1
Neeraj Nautiyal,1,10981.0,1,1,1
HARISH CHANDRA JOSHI,1,10980.0,1,1,1
TIRLOCHAN,1,10980.0,1,1,1
PAWAN BHATT,1,10980.0,1,1,1
KK PLYWOOD AND HARDWARE,1,10971.0,1,1,1
Contigency BDO Champua,4,10956.0,4,1,1
Amar Ujala Ltd,6,10956.0,6,1,1
vikram,1,10950.0,1,1,1
mahednra,1,10950.0,1,1,1
abdul rehman,1,10950.0,1,1,1
Ambalal jat,1,10920.0,1,1,1
Kalyan jat,1,10920.0,1,1,1
Ramlal Jat,1,10920.0,1,1,1
Radha jat,1,10920.0,1,1,1
Chandrashekar pandey,1,10908.0,1,1,1
KULDEEP SINGH,3,10908.0,3,2,2
Puran mehra,1,10908.0,1,1,1
Singla Machinery Store,1,10878.0,1,1,1
KRISHNA ELECTRIC STORE,2,10874.0,1,1,1
Amar Ujala Limited,1,10859.0,1,1,1
VEERPAL SINGH,2,10836.0,1,1,1
GUDDI DEVI,3,10836.0,2,2,2
NELAM,2,10836.0,1,1,1
JYOTI,2,10836.0,1,1,1
BEENA DEVI,2,10836.0,1,1,1
ANJALI,2,10836.0,1,1,1
PRAMILA DEVI,2,10836.0,1,1,1
Rajnesh Kumar,1,10830.0,1,1,1
TEENA DEVI,1,10830.0,1,1,1
DROPTI,1,10830.0,1,1,1
PARSA RAM MEGHWAL,2,10830.0,2,1,1
Manesh,1,10830.0,1,1,1
CHANDRIKA RAWAL,1,10830.0,1,1,1
Karni Ram,1,10830.0,1,1,1
Narendra kumar,1,10830.0,1,1,1
NIRMLA,1,10830.0,1,1,1
KANTI LAL,1,10830.0,1,1,1
anand singh bhati,2,10830.0,2,1,1
Sumer devi,1,10830.0,1,1,1
RUKMANI,1,10830.0,1,1,1
Bimala,1,10830.0,1,1,1
MOHAR SINGH,2,10830.0,2,1,1
Dara Singh,1,10824.0,1,1,1
HIMANSHI,1,10800.0,1,1,1
RAMANDEEP,1,10800.0,1,1,1
RAVI BOHRA,1,10800.0,1,1,1
GOVIND BOHRA,1,10800.0,1,1,1
RANCHHA RAM CHOUDHARY,1,10800.0,1,1,1
HOSHYAL SINGH,1,10800.0,1,1,1
JAI SHARDHA TRADERS,1,10800.0,1,1,1
OM OPRAKASH,1,10800.0,1,1,1
Jeewan Kumar,1,10800.0,1,1,1
DARA SINGH,1,10800.0,1,1,1
HANUMAN RAM,1,10800.0,1,1,1
JAGROOP KUMAR,1,10800.0,1,1,1
Rajni,2,10790.0,2,2,2
Geeta,2,10790.0,2,2,2
NARULA AND SONS,1,10750.0,1,1,1
ganga singh,1,10738.0,1,1,1
raja singh,1,10738.0,1,1,1
Kirpal Singh,1,10738.0,1,1,1
manjit kaur,1,10738.0,1,1,1
avtar singh,1,10738.0,1,1,1
Rukma Devi,2,10725.0,2,1,2
Sukh Ram,2,10705.0,2,2,2
BDO KUJANG WC,1,10700.0,1,1,1
BLOCK DEVELOPMENT OFFICER EMF,1,10694.0,1,1,1
LAL CHAND PAWAN KUMAR AND SONS,1,10662.0,1,1,1
Khiva Traders,1,10657.0,1,1,1
Hindustan Traders,1,10620.0,1,1,1
GANGA BHATT,1,10614.0,1,1,1
POOJA BHATT,1,10614.0,1,1,1
AMIT,1,10614.0,1,1,1
ANANDI DEVI,1,10614.0,1,1,1
BHAIRU LAL BAIRWA,2,10600.0,2,1,2
GOPAL LAL GURJAR,1,10590.0,1,1,1
NANDU DEVI,2,10589.0,2,1,2
Santosh Devi,1,10569.0,1,1,1
Radha Kishan Daroga,1,10569.0,1,1,1
badami,1,10569.0,1,1,1
Radha Devi,1,10569.0,1,1,1
Anju Kanwar,1,10569.0,1,1,1
sampti balai,1,10569.0,1,1,1
LALI DEVI,1,10569.0,1,1,1
Mukesh Daroga,1,10569.0,1,1,1
aloli devi balai,1,10569.0,1,1,1
Dharmendra singh kanawat,1,10569.0,1,1,1
Suryabhan Singh Kanawat,1,10569.0,1,1,1
kanchan balai,1,10569.0,1,1,1
Jitendra Singh Kanawat,1,10569.0,1,1,1
MAYA BAIRWA,1,10569.0,1,1,1
jagdish od,1,10569.0,1,1,1
RAGHUVEER GURJAR,1,10569.0,1,1,1
uda balai,1,10569.0,1,1,1
PRATIBHA GURJAR,1,10569.0,1,1,1
PREMI DEVI,1,10560.0,1,1,1
KALURAM SALVI,1,10560.0,1,1,1
LAXMAN GADRI,1,10560.0,1,1,1
RUKHIYA BEHAM,1,10560.0,1,1,1
MANGI LAL NAYAK,1,10560.0,1,1,1
HIRI DEVI,1,10560.0,1,1,1
NARAYAN LAL BHIL,1,10560.0,1,1,1
RATAN LAL GAYARI,2,10550.0,1,1,1
GAYTRI,2,10545.0,1,1,1
OMPATI,1,10545.0,1,1,1
AMITA KUMARI FAGERIA,1,10545.0,1,1,1
SANJAY SEN,1,10530.0,1,1,1
Durga lal,1,10530.0,1,1,1
Lali devi,1,10530.0,1,1,1
DEDUCTION ACCOUNT,3,10508.0,3,1,1
Lalit Chandra,1,10504.0,1,1,1
Devendra,1,10500.0,1,1,1
mahesh chand,1,10500.0,1,1,1
Harmukh,1,10500.0,1,1,1
RAHUL TELI,1,10500.0,1,1,1
Satyaveer,1,10500.0,1,1,1
PURUSOTTAM das saini,1,10500.0,1,1,1
RAMKISHOR SAINI,1,10500.0,1,1,1
RAMESHWAR LAL,1,10500.0,1,1,1
aakash,1,10500.0,1,1,1
OM PRAKASH JAT,1,10500.0,1,1,1
Puran Shankar Gadri,1,10500.0,1,1,1
Shriraam,1,10500.0,1,1,1
Baldev,1,10500.0,1,1,1
Prakash muni,1,10500.0,1,1,1
Rajveer,1,10500.0,1,1,1
Gulab,1,10500.0,1,1,1
VINOD KUMAR SHARMA,1,10500.0,1,1,1
Sadan singh,1,10500.0,1,1,1
Dalchand,1,10500.0,1,1,1
Dharmendra,1,10500.0,1,1,1
BHERU LAL GURJAR,1,10500.0,1,1,1
Sanjay,1,10500.0,1,1,1
MUKESH KUMAR SWARNKAR,1,10500.0,1,1,1
Hazari,1,10500.0,1,1,1
Bhura,1,10500.0,1,1,1
Parasram,1,10500.0,1,1,1
Ravindra,1,10500.0,1,1,1
KANKU,2,10495.0,2,1,1
SATYNARAYAN,3,10490.0,2,1,1
DEEPALI,1,10450.0,1,1,1
HEMA BHATT,1,10450.0,1,1,1
HIRA DEVI,1,10450.0,1,1,1
BHAWNA DEVI,1,10450.0,1,1,1
KAMAL CHANDRA,1,10450.0,1,1,1
BHAIRVI DEVI,1,10450.0,1,1,1
IMNA BHATT,1,10450.0,1,1,1
gunja kumari,3,10416.0,3,1,1
DASMA,1,10400.0,1,1,1
Ankit Kumar,1,10400.0,1,1,1
MUBARIK,1,10400.0,1,1,1
PAPPU SHUBRAT,1,10400.0,1,1,1
SANJAY KUMAR SUWALKA,1,10400.0,1,1,1
UMRAV SINGH,2,10400.0,1,1,1
PAPPU RAMNATH REGAR,1,10400.0,1,1,1
Braj Mohan,1,10400.0,1,1,1
Virendra Singh,1,10400.0,1,1,1
vikrant,1,10400.0,1,1,1
DILSAD,1,10400.0,1,1,1
Somveer singh,1,10400.0,1,1,1
VDYA LAL,1,10400.0,1,1,1
VIVEK KUMAR ROAD ROLLER,1,10400.0,1,1,1
ADNAN,1,10400.0,1,1,1
Kailash Chand,1,10400.0,1,1,1
Ravi kumar kirar,1,10400.0,1,1,1
Anukul singh,1,10400.0,1,1,1
Uday lal purbiya,1,10400.0,1,1,1
Debi lal Gujar,1,10400.0,1,1,1
Mahadev gurjar,1,10400.0,1,1,1
KULDEEP TAILOR,1,10400.0,1,1,1
Dayanand,1,10400.0,1,1,1
CHHOTU LAL,1,10400.0,1,1,1
Dungar Ram,1,10400.0,1,1,1
PRABHU PUSA KUMHAR,1,10400.0,1,1,1
rajesh,1,10400.0,1,1,1
SUGANTI PANDRAM,1,10400.0,1,1,1
sheru mohammad,1,10400.0,1,1,1
Mohan LAL,1,10400.0,1,1,1
BHUPINDER SINGH,1,10388.0,1,1,1
Gora Bhathal Cement Store,1,10380.0,1,1,1
shekhar chandra,1,10374.0,1,1,1
asha devi,1,10374.0,1,1,1
rama devi,1,10374.0,1,1,1
pankaj joshi,1,10374.0,1,1,1
DEEPA,1,10332.0,1,1,1
pratap singh,1,10332.0,1,1,1
Vimla singh,1,10332.0,1,1,1
Ashok Kumar Gupta,1,10332.0,1,1,1
Mahaveer Balai,1,10260.0,1,1,1
navratan,2,10260.0,2,1,1
Nemi Chand,1,10260.0,1,1,1
Mukesh Meghwanshi,1,10260.0,1,1,1
Dimpal,1,10260.0,1,1,1
PRABHUDAYAL SUTHAR,1,10260.0,1,1,1
Dinesh Meghwanshi,1,10260.0,1,1,1
Pooja Balai,1,10260.0,1,1,1
YOGITA,1,10260.0,1,1,1
SHREE GANESH CEMENT STORE,1,10250.0,1,1,1
Tarzen Building Solutions,1,10220.0,1,1,1
Lovely Singh,2,10210.0,1,1,1
MANROOP SINGH,1,10200.0,1,1,1
Mukesh Bairwa,1,10200.0,1,1,1
Sandeep saini,1,10200.0,1,1,1
GURU RAVIDAS WELDING WORKS,1,10200.0,1,1,1
Deepak singh,1,10200.0,1,1,1
DUNIRAM,1,10200.0,1,1,1
Krishn,1,10200.0,1,1,1
stayveer singh,1,10200.0,1,1,1
Gigraj,1,10200.0,1,1,1
MANGI RAM,1,10200.0,1,1,1
SHISHRAM,1,10200.0,1,1,1
RANVEER,1,10200.0,1,1,1
Ravina kanwar,2,10191.0,2,1,1
SURESH NATH,2,10180.0,2,1,1
rakesh singh,2,10128.0,2,1,1
Maya Devi,3,10128.0,2,1,2
PREM KUMAR,3,10108.0,3,1,2
BABITA KANWAR,1,10101.0,1,1,1
RESHMI,1,10101.0,1,1,1
priyka mahenra jat,1,10098.0,1,1,1
Yudhvir Singh Negi,1,10080.0,1,1,1
UMA,1,10080.0,1,1,1
HEERA DEVI,1,10080.0,1,1,1
Seela Pataliya,1,10080.0,1,1,1
NANDKISHOR DHAKA,1,10075.0,1,1,1
Rameshwar Lal,1,10075.0,1,1,1
Jagsir Singh,1,10064.0,1,1,1
bhana ram,1,10056.0,1,1,1
Chidiya Khan,1,10056.0,1,1,1
SATNAM TILE AND MARBLE HOUSE,1,10050.0,1,1,1
ARUNDEEP SINGH,1,10050.0,1,1,1
OMPRAKASH RAYKA,1,10049.0,1,1,1
MAGANA DHAKER,1,10049.0,1,1,1
RAHUL NATH YOGI,1,10049.0,1,1,1
ANIL BABJI,1,10049.0,1,1,1
KAMLESH RAYKA,1,10049.0,1,1,1
LAKHA NATH,1,10049.0,1,1,1
PANKAJ KUMAR DANGI,1,10035.0,1,1,1
SAWARIA TRADERS,1,10030.0,1,1,1
TARA DEVI,3,10020.0,2,1,2
KHUSHAL SINGH,1,10010.0,1,1,1
PARMINDER SINGH SON OF RAJ KUMAR,1,10000.0,1,1,1
AVTAR PAINT AND HARDWARE STORE,1,10000.0,1,1,1
Sanjay Chhetri,1,10000.0,1,1,1
Mangtu Pardesi,1,10000.0,1,1,1
CHAMKAUR SINGH,1,10000.0,1,1,1
Bir Singh,1,10000.0,1,1,1
PARGAT SINGH,1,10000.0,1,1,1
RAMESH CHAND,3,9975.0,2,1,2
radheshyam,3,9975.0,2,1,2
BATHOI IRON STORE,1,9955.0,1,1,1
PRABHU LAL GAYARI,2,9950.0,1,1,1
Seema devi,2,9910.0,2,1,2
CDO Zilla Parishad DMF,31,9902.0,28,1,1
HANSI DEVI,1,9900.0,1,1,1
TARI DEVI,1,9900.0,1,1,1
Sheraram,1,9900.0,1,1,1
Bhairaram,1,9900.0,1,1,1
pooran singh,1,9878.0,1,1,1
EE PWD BUILDINGS C AND M DIVISION TRICHY,1,9850.0,1,1,1
Babita Nayal,1,9828.0,1,1,1
GEETA NAYAL,1,9828.0,1,1,1
Saini Electrical Store and Works,1,9806.0,1,1,1
phul singh,1,9800.0,1,1,1
Yashpal,1,9800.0,1,1,1
jitendra,1,9800.0,1,1,1
Hari chand,1,9800.0,1,1,1
Khusvendra singh,1,9800.0,1,1,1
manoj jatav,1,9800.0,1,1,1
Roshanlal,1,9800.0,1,1,1
SEETA DEVI GADRI,1,9768.0,1,1,1
SLEEM,1,9766.0,1,1,1
rameshwar gurjar,1,9750.0,1,1,1
nanu ram balai,1,9750.0,1,1,1
chinga,1,9750.0,1,1,1
Shivpal,1,9750.0,1,1,1
Devkaran  Balai,1,9750.0,1,1,1
Trilok,1,9750.0,1,1,1
Jaiprakash,1,9750.0,1,1,1
shivsingh meena,1,9750.0,1,1,1
GAJEBDRA,1,9750.0,1,1,1
SANWAR LAL BAIRWA,1,9750.0,1,1,1
SUNDAR SINGH,1,9750.0,1,1,1
NAVDEEP,1,9750.0,1,1,1
BHUPENDRA KUMAR,1,9750.0,1,1,1
BHADER SINGH,1,9750.0,1,1,1
CHETAN,1,9750.0,1,1,1
VIRENDER KUMAR,1,9750.0,1,1,1
BAJARANG LAL SAMOTA,1,9750.0,1,1,1
Kamlesh Khatik,1,9750.0,1,1,1
Dhanesh Kumar,1,9750.0,1,1,1
Nand kishor,1,9750.0,1,1,1
Nanda,1,9750.0,1,1,1
kavita,1,9750.0,1,1,1
Geetam Singh,1,9750.0,1,1,1
YATENDRA KUMAR,1,9750.0,1,1,1
JHAMMAN,1,9750.0,1,1,1
KANWAR LAL MALI,1,9750.0,1,1,1
Bahadurmal,1,9750.0,1,1,1
VENI SHANKAR,1,9750.0,1,1,1
Prahlad Choudhary,1,9750.0,1,1,1
Kedar Bhat,1,9750.0,1,1,1
devendra singh,1,9750.0,1,1,1
Hemraj Jat,1,9750.0,1,1,1
GORAV ECHARA,1,9750.0,1,1,1
SAMAY SINGH,1,9750.0,1,1,1
kedar singh,1,9750.0,1,1,1
roop singh,1,9750.0,1,1,1
sachin kumar sharma,1,9750.0,1,1,1
PUKHRAJ JAT,1,9750.0,1,1,1
RUPCHAND,1,9750.0,1,1,1
HEMRAJ BAIRWA,1,9750.0,1,1,1
pavan sharma,1,9750.0,1,1,1
KANHIRAM,1,9750.0,1,1,1
Kailash Kumawat,1,9750.0,1,1,1
ramnaresh meena,1,9750.0,1,1,1
Shrawan Kumar Pareek,1,9750.0,1,1,1
Darab,1,9750.0,1,1,1
JAGDISH,1,9750.0,1,1,1
KAMLESH KUMAR,1,9750.0,1,1,1
Mahaveer Mali,1,9750.0,1,1,1
Kailash,1,9750.0,1,1,1
ATAR SINGH,1,9750.0,1,1,1
ratan lal,1,9750.0,1,1,1
ISHAR LAL,1,9750.0,1,1,1
Naayan lal Bairwa,1,9750.0,1,1,1
BANE SINGH,1,9750.0,1,1,1
madan mohan,1,9750.0,1,1,1
Gopal Kumawat,1,9750.0,1,1,1
Pintu Regar,1,9750.0,1,1,1
Mahesh kumar,1,9750.0,1,1,1
CHETAN BAIRWA,1,9750.0,1,1,1
CHETRAM,1,9750.0,1,1,1
Bagga Singh,1,9749.0,1,1,1
BHIM SAIN GARG BKO,1,9707.0,1,1,1
Sher singh,1,9696.0,1,1,1
MAMTA,3,9690.0,2,1,2
CHAGAN LAL,1,9690.0,1,1,1
Friends Tile Industry,1,9690.0,1,1,1
Buta Singh,1,9660.0,1,1,1
Sha Mohamad,1,9637.0,1,1,1
Baldev Singh,1,9637.0,1,1,1
Rani Kaur,1,9637.0,1,1,1
AJMAL RAM,2,9622.0,2,1,1
MAA TARINI FABRICATION,1,9614.0,1,1,1
Kishan lal,1,9600.0,1,1,1
Jagdish mali,1,9600.0,1,1,1
KHAN SINGH,1,9600.0,1,1,1
MADAN,1,9600.0,1,1,1
Kalu lal,1,9600.0,1,1,1
phool chand saini,1,9600.0,1,1,1
Prem Singh Panwar,1,9600.0,1,1,1
vikram saini,1,9600.0,1,1,1
Rukmani Devi,1,9600.0,1,1,1
VISHRAM,1,9600.0,1,1,1
RAJESH KUMAR SAINI,1,9600.0,1,1,1
SAFIK,1,9595.0,1,1,1
ANIS,1,9595.0,1,1,1
NAMVATI,1,9595.0,1,1,1
CHANDRA SEN,1,9595.0,1,1,1
Rikhi ram so maghi ram,1,9570.0,1,1,1
gursewak singh so rikhi ram,1,9570.0,1,1,1
jaspal singh so chanda ram,1,9570.0,1,1,1
Leela Devi,2,9565.0,2,1,1
MAHESH CHANDRA SINGH,1,9555.0,1,1,1
TIRLOK SINGH,1,9555.0,1,1,1
DIPENDRA SINGH,1,9555.0,1,1,1
VIDHYA,3,9538.0,3,1,2
KAMLA,2,9525.0,2,1,2
ripudaman singh solanki,1,9500.0,1,1,1
SHIVA AGRICULTURE WORKS,1,9500.0,1,1,1
RACHPAL SINGH,1,9500.0,1,1,1
gulshan kumar,1,9500.0,1,1,1
samarjeet singh,1,9500.0,1,1,1
suresh,1,9500.0,1,1,1
ARBAJ KHAN,1,9500.0,1,1,1
KISHAN LAL BALAI,1,9500.0,1,1,1
PHIGOTRA BUILDING MATERIAL,1,9480.0,1,1,1
JAGDISH SINGH,1,9450.0,1,1,1
AMANDEEP,1,9450.0,1,1,1
BHOLE SHANKAR DECORS,1,9440.0,1,1,1
FATMA,2,9408.0,2,1,2
NARENDRA SINGH CHUNDAWAT,2,9400.0,2,1,1
Guru Nanak Cement Store,1,9360.0,1,1,1
Vikram Singh Gujar,1,9350.0,1,1,1
gllaram,1,9350.0,1,1,1
vijay singh,1,9350.0,1,1,1
Ram Singh,1,9350.0,1,1,1
Sumit Kumar,1,9350.0,1,1,1
Nikhil Saharan,1,9350.0,1,1,1
Sampat Kumar,1,9350.0,1,1,1
Nitish Kumar Saharan,1,9350.0,1,1,1
MEVARAM,1,9350.0,1,1,1
MP LAD BDO LATHIKATA,1,9340.0,1,1,1
NARINDER PAL,1,9300.0,1,1,1
MEHTA HARDWARE,1,9289.0,1,1,1
MITTAL HARDWARE AND PAINT STORE,2,9241.0,2,1,1
Lakhbir singh so bant singh,1,9240.0,1,1,1
kailashi oad,1,9214.0,1,1,1
State Institute for Mentally Challenged,1,9204.0,1,1,1
MAMTA RATHORE,3,9150.0,1,1,1
Rana Stationers,2,9122.0,2,1,1
Gulab Devi,1,9120.0,1,1,1
Rekha,1,9120.0,1,1,1
Ramkisan Meena,1,9120.0,1,1,1
Badam,1,9120.0,1,1,1
IMARTI,1,9120.0,1,1,1
Ratani,1,9120.0,1,1,1
imarati devi,2,9120.0,2,1,1
kALI,1,9120.0,1,1,1
RAHUL KAROCHE,1,9100.0,1,1,1
Sadhu Ram Jat,1,9100.0,1,1,1
LAUKESH KUMAR,1,9100.0,1,1,1
Ibbar,1,9100.0,1,1,1
Aaram,1,9100.0,1,1,1
md josim,1,9100.0,1,1,1
Rasid,1,9100.0,1,1,1
JODH RAM DHOBHAL,2,9100.0,1,1,1
Shiv singh,1,9100.0,1,1,1
Shiv lal meghval,1,9100.0,1,1,1
AJAHASAD SK,1,9100.0,1,1,1
Md Samiul sk,1,9100.0,1,1,1
FARID AHAMAD,1,9100.0,1,1,1
Harendra singh,1,9100.0,1,1,1
DEEPCHAND,1,9100.0,1,1,1
MAHAVEER SINGH,1,9100.0,1,1,1
Vishnu Kumar meghwal,1,9100.0,1,1,1
MUSHAHID NURI,1,9100.0,1,1,1
JAVED HAMEED SHEIKH,1,9100.0,1,1,1
CHOTU SINGH,1,9100.0,1,1,1
Chetan Singh,1,9100.0,1,1,1
sultan sk,1,9100.0,1,1,1
Jamshed,1,9100.0,1,1,1
AATMA RAM,1,9100.0,1,1,1
Deepak yadav,1,9100.0,1,1,1
RASHID,1,9100.0,1,1,1
Nana lal,1,9100.0,1,1,1
dashrath,1,9100.0,1,1,1
JAVED MIRZA,1,9100.0,1,1,1
Sumaran sk,1,9100.0,1,1,1
Ratan lal,1,9100.0,1,1,1
MOHAMMAD SHARIF,1,9100.0,1,1,1
Prem Singh Choudhary,1,9100.0,1,1,1
MOHD AFNAN,1,9100.0,1,1,1
Radhey Radhey Gravels Pvt Ltd,1,9083.0,1,1,1
RAJENDRA PRASAD,1,9072.0,1,1,1
LEELA DEVI,1,9072.0,1,1,1
SUNDARLAL,1,9072.0,1,1,1
SONA DEVI,1,9072.0,1,1,1
MAMTA BISHT,1,9072.0,1,1,1
MUNNA LAL,1,9072.0,1,1,1
MUKESH KUMAR MEENA,2,9070.0,2,1,2
Gill Building Material,1,9000.0,1,1,1
Kishan Bairwa,1,9000.0,1,1,1
LATIFUR RAHMAAN,1,9000.0,1,1,1
SUMER SINGH,1,9000.0,1,1,1
Nihal Singh,1,9000.0,1,1,1
GADU RAM,1,9000.0,1,1,1
Zubair Fayaz Wani,2,9000.0,2,1,1
KESI DEVI,1,9000.0,1,1,1
Jai Singh,1,9000.0,1,1,1
Umendar Kumar Meena,1,9000.0,1,1,1
Daya Ram Yogi,1,9000.0,1,1,1
Ahuja Traders,1,9000.0,1,1,1
PAN DEV,2,9000.0,1,1,1
ARTI BHATT,2,8988.0,2,1,1
Krishna Marbles,1,8975.0,1,1,1
THE HIND SAMACHAR LTD,1,8974.0,1,1,1
RITIK BUILDING MATERIALS BADALA ROAD KHARAR,1,8960.0,1,1,1
Jagjit Publishing,3,8955.0,2,1,1
PEERDAN NAYAK,1,8950.0,1,1,1
gurbaj singh so gurmel singh,1,8910.0,1,1,1
NK TRADERS TRIPURI PATIALA,2,8858.0,2,1,1
Bhaganti,1,8840.0,1,1,1
Shri krishan Meena,1,8840.0,1,1,1
Mahesh Chand,1,8840.0,1,1,1
LALITA,3,8835.0,3,1,3
nisha bhakuni,1,8820.0,1,1,1
Snjana,1,8820.0,1,1,1
Asha Devi,1,8820.0,1,1,1
Kishan singh,1,8820.0,1,1,1
Bhagirathi Devi,1,8820.0,1,1,1
MANSINGH,1,8820.0,1,1,1
Mukhram Meena,1,8820.0,1,1,1
Deepa Devi,1,8820.0,1,1,1
shoban singh,1,8820.0,1,1,1
Chhoti,1,8820.0,1,1,1
Kavya tiles,1,8800.0,1,1,1
Ruchi Neghi,2,8769.0,1,1,1
Anita Devi,2,8769.0,1,1,1
Manoj Singh Negi,2,8769.0,1,1,1
Manoj Singh Neghi,2,8769.0,1,1,1
Satish Singh,2,8769.0,1,1,1
Binda Devi,2,8769.0,1,1,1
Pancham Singh,2,8769.0,1,1,1
Dhanveer Singh,2,8769.0,1,1,1
JANKI DEVI,2,8745.0,2,2,2
ASHWANI TRADING CO,1,8690.0,1,1,1
GUMANI,2,8655.0,2,1,1
RADHEY KRISHAN TILES FOCAL POINT PATIALA,1,8614.0,1,1,1
KAVITA WO RAMCHARAN,1,8613.0,1,1,1
Sankar Singh,1,8585.0,1,1,1
Khadak Singh,1,8585.0,1,1,1
HEERA SINGH BISHT,1,8585.0,1,1,1
GARG SANITARY STORE,1,8570.0,1,1,1
Dayakishan tiwari,1,8568.0,1,1,1
Puran Singh,1,8568.0,1,1,1
VIKRAM SINGH BISHT,1,8568.0,1,1,1
Rekha tiwari,1,8568.0,1,1,1
SANJAY BISHT,1,8568.0,1,1,1
prakash chandra,1,8568.0,1,1,1
PARVATI,1,8568.0,1,1,1
Soni tiwari,1,8568.0,1,1,1
girish tiwari,1,8568.0,1,1,1
Bhaskar singh,1,8568.0,1,1,1
Meena Tiwari,1,8568.0,1,1,1
KHAIRA CEMENT STORE,1,8566.0,1,1,1
RAMA TRADERS,1,8560.0,1,1,1
Suman Devi,1,8550.0,1,1,1
VIKRAM SINGH,1,8550.0,1,1,1
LACHHI,1,8550.0,1,1,1
BABI DEVI,1,8550.0,1,1,1
KISHOR SINGH,1,8550.0,1,1,1
RAGHUVEER SINGH,2,8550.0,2,1,1
Seka devi,1,8550.0,1,1,1
ajay,1,8500.0,1,1,1
pawan,1,8500.0,1,1,1
JASHANPREEET SINGH,1,8500.0,1,1,1
lokendra kumar,1,8500.0,1,1,1
Janki,1,8450.0,1,1,1
RANJEET SING RAJPOOT,1,8450.0,1,1,1
Moharsingh,1,8450.0,1,1,1
RAJVEER MEENA,1,8450.0,1,1,1
SHIVRAJ VAISHANAV,1,8450.0,1,1,1
giga devi,1,8450.0,1,1,1
DILKHUSH VAISHANAV,1,8450.0,1,1,1
NARAYAN VAISHANAV,1,8450.0,1,1,1
GURCHARANJIT SINGH,1,8450.0,1,1,1
RAMJAS GADARI,1,8450.0,1,1,1
SONU VAISHANAV,1,8450.0,1,1,1
SHIVRAJ VAISHNAV 1,1,8450.0,1,1,1
SARBJIT SINGH,1,8450.0,1,1,1
NIRAJAN LAL,1,8450.0,1,1,1
MUKESH VAISHANAV,1,8450.0,1,1,1
PAWAN KUMAR MEENA,2,8450.0,1,1,1
GURMIT SINGH,1,8450.0,1,1,1
Haralal Ram,1,8450.0,1,1,1
DANYAL MASIH,1,8450.0,1,1,1
chief medical and welfare officer jammu,1,8448.0,1,1,1
HARBHAJAN SINGH SON OF PRITAM SINGH,1,8400.0,1,1,1
Dharam singh saini,2,8400.0,1,1,1
CHAMAN LAL SON OF DARSHAN SINGH,1,8400.0,1,1,1
Deepak Badhani,1,8400.0,1,1,1
Khilesh Chandra,1,8400.0,1,1,1
Khem Chand Bairwa,2,8400.0,1,1,1
LAXMAN LAL GURJAR,1,8400.0,1,1,1
MITHU LAL MENARIYA,1,8400.0,1,1,1
Sanjay kumar,1,8400.0,1,1,1
GEETA DEVI SAINI,2,8400.0,1,1,1
Kirodi Lal Meena,2,8400.0,1,1,1
Rakesh Kumar Saini,2,8400.0,1,1,1
Abhay Nainwal,1,8400.0,1,1,1
Saroj Devi,2,8400.0,1,1,1
Sushil,1,8400.0,1,1,1
BALAJI  BRICKS INDUSTRIES,1,8400.0,1,1,1
KUNDAN STEELS,1,8366.0,1,1,1
RAKESH BAMNE,1,8352.0,1,1,1
SHIVRATI WO SAHADEV,1,8352.0,1,1,1
RAMCHARAN SO SAHADEV BAMNE,1,8352.0,1,1,1
SHANKAR LAL GAYARI,2,8350.0,1,1,1
KISHANLAL,1,8320.0,1,1,1
SUKHRAM EVANE,1,8320.0,1,1,1
SHUNITA EVANE,1,8320.0,1,1,1
NIRMA DEVI JAT,2,8316.0,2,1,1
MADAN CHANDRA,1,8316.0,1,1,1
CHAMPA DEVI,2,8306.0,2,2,2
Jangra Construction Co,1,8295.0,1,1,1
Savitri,2,8265.0,2,1,1
JANNAT,1,8265.0,1,1,1
Krishan Gopal Tailor,1,8261.0,1,1,1
Dhillon Hardware Store,1,8250.0,1,1,1
SHANKARLAL,1,8250.0,1,1,1
MANISH,1,8250.0,1,1,1
Hemraj Bairwa,1,8250.0,1,1,1
MUNISH TRADING CO,2,8245.0,1,1,1
MS BDO JHUMPURA ROYALTY AND ADDITIONAL CHARGES,1,8179.0,1,1,1
Dasmesh Electrical,1,8179.0,1,1,1
Mohit Sharma,1,8162.0,1,1,1
vikesh Kumar,1,8162.0,1,1,1
VINOD CHANDRA,1,8136.0,1,1,1
Mahendra Kumar Sharma,1,8125.0,1,1,1
Murari Lal jyotishi,1,8125.0,1,1,1
Lokesh Saini,1,8125.0,1,1,1
Ankit Kumar Sharma,1,8125.0,1,1,1
Gaurav Sati,1,8100.0,1,1,1
Kailash Kumar,1,8100.0,1,1,1
Jatin Nainwal,1,8100.0,1,1,1
Rekha devi,1,8100.0,1,1,1
SAHADEV BAMNE SO FAGU BAMNE,1,8091.0,1,1,1
SACHIV SO SAHADEV BAMNE,1,8091.0,1,1,1
TAHASILDAR BAHALDA,1,8085.0,1,1,1
RAJKUMAR,1,8080.0,1,1,1
BDONIMAPADA MISCAC,4,8075.0,3,1,1
Karan singh,1,8064.0,1,1,1
Dilbag singh,1,8064.0,1,1,1
Kirpal singh,1,8064.0,1,1,1
Lavpreet singh,1,8064.0,1,1,1
Lavjeet singh panu,1,8064.0,1,1,1
Kanhaiya,2,8055.0,2,1,2
BHARTI RAWAT,1,8052.0,1,1,1
DMF FUND NAYAGARH,37,8043.0,37,1,1
sagar singh meena,1,8030.0,1,1,1
GAIJI TV,1,8024.0,1,1,1
Sanjiv High Tech Building Materials,1,8000.0,1,1,1
Balu ram Bhil,1,8000.0,1,1,1
Bhairu lal,1,8000.0,1,1,1
KAPOOR MILL STORE,1,8000.0,1,1,1
Suresh purbiya,1,8000.0,1,1,1
Budh Singh son of Sarwan Singh,1,8000.0,1,1,1
Satwinder Singh so Bhag Singh,1,8000.0,1,1,1
SOHAN KUMAR,1,8000.0,1,1,1
kajod mal yadav,1,8000.0,1,1,1
kailash sharma,1,8000.0,1,1,1
Parveen kumar,1,8000.0,1,1,1
SATPAL YADAV,1,8000.0,1,1,1
durga kanwar,2,7980.0,2,1,1
santosh devi,2,7980.0,2,1,1
ratan,2,7980.0,2,1,1
SONU,1,7974.0,1,1,1
Sanju Devi,2,7930.0,2,1,2
JAGTAR SINGH MISTRI,1,7900.0,1,1,1
PRITAM SINGH BIST,1,7875.0,1,1,1
New Dashmesh Soap Factory,2,7875.0,1,1,1
Vishavkarma welding work,1,7860.0,1,1,1
village panchayat jamaalpur,1,7855.0,1,1,1
Vyas photocopy and stationers,1,7836.0,1,1,1
SACHIN SO JAGDISH CHAUHAN,1,7830.0,1,1,1
JAGADISH SO AJIT CHOUHAN,1,7830.0,1,1,1
SHESHRAO GENDU PATWARI,1,7830.0,1,1,1
MADAN RAM,1,7820.0,1,1,1
seema negi,1,7812.0,1,1,1
radha bora,1,7812.0,1,1,1
gopal singh bora,1,7812.0,1,1,1
ganga devi,1,7812.0,1,1,1
jagdesh singh,1,7812.0,1,1,1
VINEETA DEVI,1,7812.0,1,1,1
Ramdas,1,7800.0,1,1,1
RABIYA,2,7800.0,2,1,1
RADHAMOHAN NORAT,1,7800.0,1,1,1
SUMITRA RAMDAYAL,1,7800.0,1,1,1
KAILASH RAMSWROOP,1,7800.0,1,1,1
BHAJANLAL,1,7800.0,1,1,1
Ramdhan meena,1,7800.0,1,1,1
Rameshwar Prasad,1,7800.0,1,1,1
RAISA,2,7800.0,2,1,1
Khalild ahmad,2,7800.0,2,1,1
Vishal Nainwal,1,7800.0,1,1,1
Govind singh chundawat,2,7800.0,1,1,1
AASHISH SADUL,1,7800.0,1,1,1
MANOJ OMPRARKASH,1,7800.0,1,1,1
Durga kunwar,2,7800.0,1,1,1
BABU LAL,1,7800.0,1,1,1
Dinesh Chandra Nainwal,1,7800.0,1,1,1
FATEMA KHATUN,2,7800.0,2,1,1
DEVI LAL KUMAWAT,1,7800.0,1,1,1
DIVYA,1,7800.0,1,1,1
Nekram,1,7800.0,1,1,1
JEETRAM NANDRAM,1,7800.0,1,1,1
RAMWATAR HARI,1,7800.0,1,1,1
AKHTARI KHATUN,2,7800.0,2,1,1
Sunil kumar Bairwa,1,7800.0,1,1,1
Asha rana,2,7800.0,1,1,1
JATAN SADUL,1,7800.0,1,1,1
KAMAL TEJU CHOUDHARY,1,7800.0,1,1,1
SANGEETA PARTE,1,7800.0,1,1,1
NAJERA BIBI,2,7800.0,2,1,1
SITARAM DEVKARAN BAIRWA,1,7800.0,1,1,1
HAGAMI DEVI,1,7800.0,1,1,1
DHAN RAJ,1,7800.0,1,1,1
SAINA,2,7800.0,2,1,1
MOHAN LAL KUMAWAT,1,7800.0,1,1,1
MANISHA,1,7800.0,1,1,1
Vikram Kumar bairwa,1,7800.0,1,1,1
Kali Devi,1,7800.0,1,1,1
Sosar,2,7800.0,2,1,1
PARASRAM,1,7800.0,1,1,1
Amit kumar meen,1,7800.0,1,1,1
SHIV RAMDHAN,1,7800.0,1,1,1
RAMESHWARI JATAN,1,7800.0,1,1,1
MUKESH RAMDHAN,1,7800.0,1,1,1
Pooja kalbeliya,2,7800.0,2,1,1
MANNA SINGH RAWAT,1,7800.0,1,1,1
RAMDYAL LALU GHASAL,1,7800.0,1,1,1
Navesh Kapil,1,7791.0,1,1,1
Gaurav Kapil,1,7791.0,1,1,1
Dalpat Kumar,1,7790.0,1,1,1
The Hind Samachar Ltd,6,7747.0,5,1,1
MADAN LAL BAJDOLYA,2,7722.0,2,1,1
jayram rodu,1,7722.0,1,1,1
JEBUNA,2,7722.0,1,1,1
SHARVAN LAL JAT,1,7722.0,1,1,1
KULDEEP,1,7722.0,1,1,1
VAKIL,1,7722.0,1,1,1
SAWARLAL BHAWARLAL,1,7722.0,1,1,1
Kamala,2,7722.0,1,1,1
ramratan ramnath,1,7722.0,1,1,1
Sayar Singh,1,7722.0,1,1,1
Seeta Devi,1,7722.0,1,1,1
DESHRAJ,2,7722.0,1,1,1
ramsing kisanlal jat,1,7722.0,1,1,1
KANHAIYA LAL MALI,2,7722.0,1,1,1
kamala tetu,1,7722.0,1,1,1
manju ramsingh jat,1,7722.0,1,1,1
SONU CHOUDHARY,2,7722.0,2,1,1
RAMLAL CHOTU,1,7722.0,1,1,1
MANRAJ,1,7722.0,1,1,1
mukesh chagan choudhary,1,7722.0,1,1,1
bopal singh bairu lal,1,7722.0,1,1,1
VIG ELECTRICAL AND ELECTRONICS,1,7715.0,1,1,1
Tahasildar Hemgir,1,7707.0,1,1,1
HARSHIT,1,7700.0,1,1,1
Shailendra singh,1,7700.0,1,1,1
Jagir Singh,1,7700.0,1,1,1
Sukaram,1,7700.0,1,1,1
ramkishor,1,7700.0,1,1,1
Braj Kishor,1,7700.0,1,1,1
Shakib Khan,1,7695.0,1,1,1
SUDI DEVI,1,7695.0,1,1,1
Lalita,1,7695.0,1,1,1
BHERU,1,7695.0,1,1,1
Jagdish Choudhary,1,7695.0,1,1,1
SHANKAR,1,7695.0,1,1,1
Reka Kumar,1,7695.0,1,1,1
DHAPI,1,7695.0,1,1,1
LAXMAN,1,7695.0,1,1,1
Indera,1,7695.0,1,1,1
NEERAJ SINGH ADHIKARI,1,7684.0,1,1,1
Yogesh chandra,1,7676.0,1,1,1
Shivam Bricks Industry,1,7670.0,1,1,1
BHAVANA TELI,2,7650.0,1,1,1
laxmi,1,7630.0,1,1,1
DEVI RANAWAT,1,7630.0,1,1,1
HARKU GADRI,1,7630.0,1,1,1
Godhan Singh,1,7616.0,1,1,1
Niraj  Singh Bora,1,7616.0,1,1,1
JBM CONSTRUCTIONS AND SUPPLIERS,1,7600.0,1,1,1
Hardeep Singh Driver,1,7579.0,1,1,1
VANDANA BAMNE DO JOGILAL,1,7569.0,1,1,1
Harsvardhan,1,7566.0,1,1,1
rajendra,2,7566.0,2,1,2
Ghanshyam Regar,1,7566.0,1,1,1
Kailash Bhil,1,7566.0,1,1,1
Ratani Khatik,1,7566.0,1,1,1
Rahul,2,7566.0,2,1,2
Yovraj  Solnki,1,7566.0,1,1,1
Teena Khatik,1,7566.0,1,1,1
Priya Khatik,1,7566.0,1,1,1
chandra shekhar,1,7560.0,1,1,1
BHAWANA DEVI,1,7560.0,1,1,1
puspa nayal,1,7560.0,1,1,1
MATWARI DEVI,1,7560.0,1,1,1
manju nayal,1,7560.0,1,1,1
PEPI KUNWAR,1,7540.0,1,1,1
Sunita,2,7518.0,2,1,1
MS BDO KARANJIA,7,7511.0,7,1,1
RAMCHANDRA GURJAR,2,7500.0,1,1,1
Radha regar,1,7500.0,1,1,1
SOHAN SINGH RAWAT,1,7500.0,1,1,1
PUSHPA REGAR,1,7500.0,1,1,1
BHAGATURAM,1,7500.0,1,1,1
REKHA BHIL,2,7500.0,1,1,1
SAKHA KANWAR,1,7500.0,1,1,1
ramdayal saini,1,7500.0,1,1,1
Guru Kirpa industry,1,7500.0,1,1,1
DEVENDRA SINGH GOUR,1,7500.0,1,1,1
Aum Enterprises,1,7490.0,1,1,1
Jeetendra Singh,2,7476.0,2,1,1
Noli devi,1,7452.0,1,1,1
Debi Lal Regar,1,7452.0,1,1,1
Nand Lal Suthar,1,7452.0,1,1,1
Vinod Kumar Parashar,1,7452.0,1,1,1
Gayatri Devi,1,7452.0,1,1,1
Vimala regar,1,7452.0,1,1,1
Sanjay Rayaka,1,7452.0,1,1,1
Teena Kumari,1,7452.0,1,1,1
Sunita Rebari,1,7452.0,1,1,1
kanchan,2,7425.0,1,1,1
TEJURAM GURJAR,1,7425.0,1,1,1
KESAR,1,7425.0,1,1,1
Sarda Bairwa,2,7425.0,1,1,1
RASHAL DEVI,1,7425.0,1,1,1
CHOTI,1,7425.0,1,1,1
CHNTA DEVI,1,7425.0,1,1,1
JHANA DEVI,1,7425.0,1,1,1
SHERU,1,7425.0,1,1,1
SINTU,1,7425.0,1,1,1
SATYANARAYAN GURJAR,1,7425.0,1,1,1
CHHAGANI,1,7425.0,1,1,1
Suraj Karan,1,7425.0,1,1,1
Amar Chand,1,7410.0,1,1,1
DJYOTI DEVI,1,7410.0,1,1,1
Soniya,2,7410.0,1,1,1
SANTOS DEVI,1,7410.0,1,1,1
SANNU KANWAR,2,7410.0,1,1,1
ambika,1,7410.0,1,1,1
Nanuram Chaudhary,2,7410.0,2,1,1
KISHAN LAL SARAN,1,7410.0,1,1,1
Naima Devi,2,7410.0,1,1,1
SULTAN SINGH,1,7410.0,1,1,1
SURENDER,1,7410.0,1,1,1
PARTAP SINGH,1,7410.0,1,1,1
sita devi,2,7410.0,1,1,1
Chanchal Kumari,2,7410.0,2,1,1
Rajendra,1,7410.0,1,1,1
Rotash,1,7410.0,1,1,1
Rupali,1,7410.0,1,1,1
AMAR CHAND DABARIYA,2,7410.0,1,1,1
Prahlad Kumawat,1,7410.0,1,1,1
Maina devi,1,7410.0,1,1,1
jeevanram,2,7410.0,2,1,1
TARAMANI,2,7410.0,1,1,1
Pooja Kumari,1,7410.0,1,1,1
Manoj Kumar Meghwal,1,7410.0,1,1,1
Mohan Lal,1,7410.0,1,1,1
OMI DEVI,2,7410.0,1,1,1
Shankar lal Gadri,1,7410.0,1,1,1
DILIP KUMAR,2,7410.0,1,1,1
panna,1,7410.0,1,1,1
parmeshwar lal,1,7410.0,1,1,1
RAM NIWAS,1,7410.0,1,1,1
AFROJA,1,7410.0,1,1,1
Mithlesh Devi,1,7410.0,1,1,1
GEETA KANWAR,1,7410.0,1,1,1
Ankit,1,7410.0,1,1,1
mausam kumar,1,7410.0,1,1,1
Norang Ram,1,7410.0,1,1,1
SAJNI DEVI,1,7410.0,1,1,1
MANOWAR BANO,2,7410.0,1,1,1
Badri Kumhar,1,7410.0,1,1,1
GOPAL LAL SAMOTA,2,7410.0,1,1,1
Amar singh,1,7410.0,1,1,1
SUSHILA,1,7410.0,1,1,1
PARSI,2,7410.0,1,1,1
DHARMVEER,1,7410.0,1,1,1
Kiran Devi,1,7410.0,1,1,1
Bhanwari devi,1,7410.0,1,1,1
Mool Chandra,2,7410.0,2,1,1
Maya Wati Devi,1,7410.0,1,1,1
anil,1,7410.0,1,1,1
SUNITA DEVI,1,7410.0,1,1,1
SURJEET BANGADAVA,1,7410.0,1,1,1
Ishwar Ram,2,7410.0,2,1,1
SUDHIR,1,7410.0,1,1,1
SUNIL KUMAR RANWA,2,7410.0,1,1,1
Sundari devi,2,7410.0,2,1,1
MAMTA MEGHWAL,1,7410.0,1,1,1
Manish Saini,2,7410.0,2,1,1
ASHA DEVI,2,7410.0,1,1,1
MALA RAM SWAMI,1,7410.0,1,1,1
DALIP,1,7410.0,1,1,1
Madhubala,1,7410.0,1,1,1
Santosh Kanwar,1,7410.0,1,1,1
Sunuta,1,7410.0,1,1,1
BRIJPAL SINGH,2,7410.0,1,1,1
Surji,1,7410.0,1,1,1
Parmanand,1,7410.0,1,1,1
RAMSWROOP,1,7410.0,1,1,1
rajendra kumar,2,7410.0,1,1,1
KUSHALIYA DEVI,2,7410.0,1,1,1
SHEESH RAM,1,7410.0,1,1,1
SIRU KANWAR,2,7410.0,1,1,1
rasal kanwar,1,7410.0,1,1,1
Bimal Devi,1,7410.0,1,1,1
Ruvina,1,7410.0,1,1,1
PARMANAND,1,7410.0,1,1,1
Purkha Ram,1,7410.0,1,1,1
Chotu Regar,1,7410.0,1,1,1
CHANDA DEVI,1,7410.0,1,1,1
Chanchal Kumari Saini,2,7410.0,2,1,1
SUMAN KANWAR,1,7410.0,1,1,1
chanda,2,7410.0,2,1,2
MONA,2,7410.0,1,1,1
Chela Ram,1,7410.0,1,1,1
NEMICHAND,2,7410.0,1,1,1
PAWAN KUMAR SONI,1,7410.0,1,1,1
NANA LAL BHEEL,1,7410.0,1,1,1
RATI RAM SARAN,1,7410.0,1,1,1
REENA KUMARI,1,7410.0,1,1,1
KAVISH KUMAR,1,7410.0,1,1,1
VIJAYANTA,1,7410.0,1,1,1
Sunita Devi,2,7410.0,2,1,2
NARAYAN LAL SEN,1,7410.0,1,1,1
TIJU DEVI,2,7410.0,1,1,1
Dinesh Ram,2,7410.0,1,1,1
LEELA,2,7410.0,1,1,1
Nasim Bano,1,7410.0,1,1,1
Nave Dei,2,7410.0,2,1,1
gaytri,1,7410.0,1,1,1
NENA RAM,2,7410.0,1,1,1
Mahaveer Kumawat,1,7410.0,1,1,1
POORAN MAL,1,7410.0,1,1,1
SANJU,2,7410.0,1,1,1
BHARAT RAJ,1,7410.0,1,1,1
KHINVANI,1,7410.0,1,1,1
Kissan Sanitary and paint store,1,7390.0,1,1,1
Talo Sha,1,7385.0,1,1,1
DEEPAK PURI,1,7360.0,1,1,1
girish chandra,1,7360.0,1,1,1
SANVALA RAM,1,7358.0,1,1,1
Chamna Ram,1,7358.0,1,1,1
Vadana Devi,1,7358.0,1,1,1
NARINGA RAM,1,7358.0,1,1,1
DARIYA DEVI,1,7358.0,1,1,1
ANDI DEVI,1,7358.0,1,1,1
Girdhari Ram,1,7358.0,1,1,1
MATHRA DEVI,1,7358.0,1,1,1
MUNGA RAM,1,7358.0,1,1,1
Kaptan Singh,2,7357.0,2,1,2
POOJA KANWAR,1,7356.0,1,1,1
HEERA,1,7332.0,1,1,1
Soniya pandey,1,7308.0,1,1,1
Shivani pandey,1,7308.0,1,1,1
Bhawan budhalkoti,1,7308.0,1,1,1
Lalita pandey,1,7308.0,1,1,1
Vimla devi,1,7308.0,1,1,1
PARAS KUMAWAT,1,7306.0,1,1,1
BAWA CEMENT STORE,2,7300.0,1,1,1
RASUDEEN,1,7300.0,1,1,1
Khana Gadri,1,7280.0,1,1,1
RKTREDERS,1,7262.0,1,1,1
LAKHA SINGH,1,7245.0,1,1,1
Jagdish,2,7228.0,2,1,2
Ajay kumar,1,7200.0,1,1,1
Pinky Devi Rawat,1,7200.0,1,1,1
SHINGARA SINGH,1,7200.0,1,1,1
RANI,1,7200.0,1,1,1
RIDHI CHOPRA,1,7200.0,1,1,1
hema devi,1,7168.0,1,1,1
BALI,1,7155.0,1,1,1
SHUSHILA DEVI,1,7155.0,1,1,1
MANGI,1,7155.0,1,1,1
MOHAN,1,7155.0,1,1,1
SHANKARI BAI,1,7155.0,1,1,1
MANJU BAIRWA,1,7155.0,1,1,1
MEENA,1,7155.0,1,1,1
PAREM DEVI,1,7155.0,1,1,1
Seema,2,7147.0,2,1,2
RADHA DEVI,1,7128.0,1,1,1
DURGA LAL JAAT,1,7125.0,1,1,1
vidhya,1,7125.0,1,1,1
SUKI DEVI,1,7125.0,1,1,1
Chain Singh,1,7125.0,1,1,1
mula ram,2,7125.0,2,1,1
Sharda devi,1,7125.0,1,1,1
Nikita,1,7125.0,1,1,1
SAMANDEEP SINGH,2,7125.0,1,1,1
KELI DEVI,1,7125.0,1,1,1
SAVITRI,1,7125.0,1,1,1
ranu singh,2,7125.0,2,1,1
Kanchan devi,1,7125.0,1,1,1
movan devi,2,7125.0,2,1,1
UDI DEVI,1,7125.0,1,1,1
Khatik mamta kumari,1,7125.0,1,1,1
mafa ram,2,7125.0,2,1,1
MOUKI DEVI,1,7125.0,1,1,1
ashok,2,7125.0,2,1,1
ILIYAS,1,7125.0,1,1,1
AMARU DEVI,1,7125.0,1,1,1
MANBHAR DEVI,1,7125.0,1,1,1
Gurdeep Singh,2,7125.0,1,1,1
amba lal jaat,1,7125.0,1,1,1
SANT RAM,1,7125.0,1,1,1
Sangita khatik,1,7125.0,1,1,1
JIYO KUMARI,1,7125.0,1,1,1
HARADAYAL,1,7125.0,1,1,1
USMAAN GHANI,1,7125.0,1,1,1
TAAYRA BEGAM,1,7125.0,1,1,1
NAVDEEP SINGH,2,7125.0,1,1,1
NENU DEVI,1,7125.0,1,1,1
SHARIPH KHAN,1,7125.0,1,1,1
AMAR NATH JAIN AND SONS,1,7120.0,1,1,1
Rekha Devi,2,7072.0,2,1,1
Mukesh,2,7056.0,2,1,1
MANVEER,1,7056.0,1,1,1
RINKI,1,7056.0,1,1,1
SAUMYA,1,7056.0,1,1,1
SUNDAR DEVI,1,7050.0,1,1,1
SATAYNARAYAN,1,7046.0,1,1,1
BABITA KANWAR GAUR,1,7046.0,1,1,1
Malkota cement store kartoli,1,7040.0,1,1,1
JAMNA LAL DAROGA,1,7028.0,1,1,1
Goverdhan Ojha,1,7020.0,1,1,1
Chand,1,7020.0,1,1,1
PRAKASH JAT,2,7020.0,1,1,1
Bhanwari Devi,1,7020.0,1,1,1
BABU LAL TELI,2,7020.0,1,1,1
SAJANA DEVI,1,7020.0,1,1,1
Saraswati Devi,1,7020.0,1,1,1
Seema Devi,1,7020.0,1,1,1
SANGEETA DHURVE,1,7020.0,1,1,1
Kesar Devi,1,7020.0,1,1,1
Gattu Devi,1,7020.0,1,1,1
KANAHIYA,1,7020.0,1,1,1
bikramjit singh,1,7020.0,1,1,1
Ramu Devi,1,7020.0,1,1,1
sweeti tomar,1,7000.0,1,1,1
AVTAR SINGH,2,7000.0,2,1,1
GOPAL PUROHIT,1,7000.0,1,1,1
MS SHIV SHAKTI BRICK IND,1,7000.0,1,1,1
BHIMA SINGH SO NIRMAL SINGH,1,7000.0,1,1,1
MS Dhir Brick Industry Dasuya,1,7000.0,1,1,1
GENNEXT SOLUTIONS,1,7000.0,1,1,1
AGGARWAL TRADERS,1,7000.0,1,1,1
lovely electricals,1,7000.0,1,1,1
Zimidara Iron Store,1,7000.0,1,1,1
Eshopvy,1,6999.0,1,1,1
BALVIR SINGH SIDHU,1,6970.0,1,1,1
ramprasad gurjar,1,6945.0,1,1,1
LILA DUTT,1,6900.0,1,1,1
billu gurjar,1,6890.0,1,1,1
Kajodmal  Kumawat,1,6890.0,1,1,1
Mansha kumari gurjar,1,6890.0,1,1,1
goru gurjar,1,6890.0,1,1,1
Aanand pareek,1,6890.0,1,1,1
jeevraj gurjar,1,6890.0,1,1,1
gangaram baira,1,6890.0,1,1,1
ramkishan gurjar,1,6890.0,1,1,1
Krishna,1,6840.0,1,1,1
Jaidevi,1,6840.0,1,1,1
KANCHAN,2,6840.0,1,1,1
TAYAL TRADING CO,2,6837.0,2,1,2
TULSI DEVI,1,6831.0,1,1,1
SAROJ DEVI,1,6831.0,1,1,1
DHARA,1,6831.0,1,1,1
SHARDA DEVI,1,6831.0,1,1,1
bhairu lal,1,6831.0,1,1,1
BHANWARI DEVI,1,6831.0,1,1,1
Manju,2,6829.0,2,1,2
RADHESHAYAM KUMAWAT,1,6800.0,1,1,1
Monika Pant,1,6800.0,1,1,1
Kalalayam Graphics,1,6785.0,1,1,1
kalu gadri,1,6750.0,1,1,1
sumitra kanwar,2,6750.0,1,1,1
Rinku Meena,1,6750.0,1,1,1
Mangi Devi Mina,2,6750.0,1,1,1
Sunil Sahu,1,6750.0,1,1,1
Radha Devi Gurjar,2,6750.0,1,1,1
Sita Bhil,2,6750.0,1,1,1
Sohani Devi Meena,2,6750.0,1,1,1
Shankar Lal Meena,2,6750.0,1,1,1
rajesh kumar gurjar,1,6750.0,1,1,1
ANITA BARKESIYA,1,6734.0,1,1,1
MANGALI DEVI,1,6734.0,1,1,1
BHANWAR KANWAR,1,6734.0,1,1,1
RITIKA THAKUR,1,6720.0,1,1,1
DHARAM MER,1,6720.0,1,1,1
MAMTA KUMAWAT,1,6720.0,1,1,1
POOJA KUMAWAT,1,6720.0,1,1,1
KRISHNA DEVI,2,6720.0,2,1,2
virdh singh,2,6711.0,2,1,1
Pinky Kumari Sharma,1,6693.0,1,1,1
Ramkanya Devi,1,6693.0,1,1,1
chanda devi,1,6693.0,1,1,1
Ratan Lal Bheel,1,6693.0,1,1,1
VIRMA RAM,1,6650.0,1,1,1
ratan lal khati,1,6625.0,1,1,1
ramti devi,1,6625.0,1,1,1
mahaveer  gurjar,1,6625.0,1,1,1
jagdish mali,1,6625.0,1,1,1
bhoma ram gurjar,1,6625.0,1,1,1
prabhu lal gurjar,1,6625.0,1,1,1
Prem Vati,2,6614.0,1,1,1
PRATAPI BHIL,2,6600.0,1,1,1
RUKMA MEVI,2,6600.0,1,1,1
Kabuli Devi,2,6600.0,1,1,1
DAYARAM,2,6600.0,1,1,1
PUSHPA BAI,2,6600.0,1,1,1
PUSHPA BHIL,2,6600.0,1,1,1
PARMILA,2,6600.0,2,1,1
SUNDAR BAI,2,6600.0,1,1,1
amrik singh,1,6570.0,1,1,1
hargobind singh,1,6570.0,1,1,1
billu singh,1,6570.0,1,1,1
maya,2,6555.0,2,1,2
NILAM DEVI,2,6555.0,1,1,1
Ghasi Lal Saini,2,6555.0,1,1,1
VIJAY SINGH MEENA,2,6555.0,1,1,1
MEESHRI DEVI,2,6555.0,1,1,1
suresh kumar meghwal,1,6555.0,1,1,1
PRIYANKA,2,6555.0,2,1,2
ROMANA MACHENICAL,1,6550.0,1,1,1
PUSPA,1,6528.0,1,1,1
DEVRAI,1,6528.0,1,1,1
BADRI GURJAR,1,6528.0,1,1,1
AZAD,1,6528.0,1,1,1
REKHA KHAROL,1,6528.0,1,1,1
PRAKASH KHAROL,1,6528.0,1,1,1
RAJMAL,1,6528.0,1,1,1
GULAB SINGH MEENA,2,6505.0,2,1,2
kishorya,2,6505.0,2,1,2
vinod,2,6505.0,2,1,2
SUNITA BAI MEENA,2,6505.0,2,1,2
MONU DOBI,2,6505.0,2,1,2
MANOJ KUMAR BAIRWA,2,6505.0,2,1,2
SEEMA DEVI,2,6500.0,1,1,1
Nandu,1,6500.0,1,1,1
Dhishu  Balai,1,6500.0,1,1,1
VIJAY KAROCHE,1,6500.0,1,1,1
Uchhabi devi,2,6500.0,1,1,1
LILMA,1,6500.0,1,1,1
HT MEDIA LIMITED,2,6496.0,2,1,1
KISHAN SINGH KUWARBI,1,6474.0,1,1,1
Murti Devi,1,6440.0,1,1,1
Hari om,1,6440.0,1,1,1
Kalu Ram Bhat,1,6440.0,1,1,1
Lokesh kumar meena,1,6440.0,1,1,1
MAYA JAT,2,6425.0,2,1,2
SUNITA SHARMA,2,6423.0,2,1,1
kamlesh sharma,1,6400.0,1,1,1
SURENDRA KUMAR SAINI,1,6400.0,1,1,1
Sawaran Singh 93735,1,6400.0,1,1,1
HARDEEEP SINGH,1,6400.0,1,1,1
Kiran Rawat,1,6400.0,1,1,1
RAMAN KUMAR,1,6400.0,1,1,1
GIRDHAR KUMAR PAREEK,1,6375.0,1,1,1
MANOJ KUMAR PAREEK,1,6375.0,1,1,1
BHAVESH TELI,1,6375.0,1,1,1
KHUSHBU TELI,1,6375.0,1,1,1
KUSAM PAREEK,1,6375.0,1,1,1
Accord Advertising Agencies,1,6369.0,1,1,1
Empty Gunny Bag BDO Champua,10,6363.0,10,1,1
foranta kumawat,1,6360.0,1,1,1
VIPIN CHANDRA,1,6325.0,1,1,1
CHATUR SINGH,1,6325.0,1,1,1
PANI RAM,1,6325.0,1,1,1
LATA DEVI,1,6325.0,1,1,1
RAMETI,2,6325.0,1,1,1
KAILASH CHANDRA,1,6325.0,1,1,1
GOPAL RAM,1,6325.0,1,1,1
Abhi Hardware and Paint Store,1,6323.0,1,1,1
DEEPA BISHT,1,6300.0,1,1,1
GANPAT,1,6300.0,1,1,1
Tarachand,1,6300.0,1,1,1
Samay Singh,1,6300.0,1,1,1
Sunny Chaudhary Labour 93735,1,6300.0,1,1,1
SAMBHULAL,1,6300.0,1,1,1
Satnam kaur,1,6300.0,1,1,1
KAMLA BISHT,1,6300.0,1,1,1
DIXA BISHT,1,6300.0,1,1,1
laxman lal ahir,1,6300.0,1,1,1
Gabbar singh,1,6300.0,1,1,1
Umesh Singh,1,6300.0,1,1,1
Tahasildar Kodinga,3,6287.0,3,1,1
MAHINDER SINGH,1,6285.0,1,1,1
LABH SINGH,1,6285.0,1,1,1
RAMOTAR MEENA,1,6270.0,1,1,1
SHAKUNTALA,2,6270.0,1,1,1
PREMLATA,2,6270.0,1,1,1
CHHOTELAL,1,6270.0,1,1,1
BHAGWAN SAHAY,1,6270.0,1,1,1
MAHENDRA BUNKAR,1,6270.0,1,1,1
TARACHAND VERMA,1,6270.0,1,1,1
TIPU DEVI,1,6270.0,1,1,1
UMASHANKAR SAIN,1,6270.0,1,1,1
SAVITA DEVI,1,6270.0,1,1,1
MANOJ KUMHAR,1,6270.0,1,1,1
KALI DEVI MEENA,1,6270.0,1,1,1
PARTO JATAV,2,6270.0,1,1,1
SHARMILA,2,6270.0,2,1,2
VIMLESH,2,6270.0,1,1,1
NETRAM SWAMI,1,6270.0,1,1,1
Ratan,1,6250.0,1,1,1
manju devi chouhan,1,6250.0,1,1,1
Bharu  Gadri,1,6250.0,1,1,1
heera devi gurjar,1,6250.0,1,1,1
Sita Devi Kumawat,1,6250.0,1,1,1
parmeshwar gurjar,1,6250.0,1,1,1
Bhuri Devi,1,6250.0,1,1,1
kailash kumawat,1,6250.0,1,1,1
hanja devi gurjar,1,6250.0,1,1,1
Narayan,1,6250.0,1,1,1
sojiram gurjar,1,6250.0,1,1,1
Madhu Gadri,1,6250.0,1,1,1
Rameshwar  Mali,1,6250.0,1,1,1
Kailash  Nath,1,6250.0,1,1,1
Uadi  Bairwa,1,6250.0,1,1,1
Ukar Baira,1,6240.0,1,1,1
PARMI KAROCHE,1,6240.0,1,1,1
MAMTA KUMARI,2,6225.0,2,1,2
DEEPAK KUMAR,1,6214.0,1,1,1
HITESH SUTHAR,1,6214.0,1,1,1
BHANU PRATAP,1,6214.0,1,1,1
SIDDARTH CHOUDHARY,1,6214.0,1,1,1
RAJDEEP SINGH,1,6214.0,1,1,1
RAJVEER SINGH,1,6214.0,1,1,1
MOTI JOSHI,1,6214.0,1,1,1
Guru Bulding Material Berchha,1,6200.0,1,1,1
NEELKANTH HARDWARE STORE,1,6145.0,1,1,1
SURENDR KUMAR,1,6125.0,1,1,1
PALA RAM,2,6118.0,2,1,1
BADO,2,6118.0,2,1,1
SANGEETA,2,6118.0,2,1,1
ASHA RATORE,2,6115.0,1,1,1
TONU KUMAR,2,6115.0,1,1,1
MEGHA RATOR,2,6115.0,1,1,1
GIANI REPAIRING MAUR MANDI,1,6090.0,1,1,1
LALIT MOHAN SINGH BOHRA,1,6050.0,1,1,1
RAJENDRA,1,6048.0,1,1,1
krishna kandpal,1,6048.0,1,1,1
ravindra singh rana,1,6048.0,1,1,1
BACHU SINGH,1,6000.0,1,1,1
Prince Saini,1,6000.0,1,1,1
ABIDA BANU PINARA,1,6000.0,1,1,1
SUNDAR LAL SEN,1,6000.0,1,1,1
REKHA GAYARI,2,6000.0,1,1,1
Mangni Ram Jat,1,6000.0,1,1,1
Ramsaingh Jatav,1,6000.0,1,1,1
SOHANI BAI GAYARI,2,6000.0,1,1,1
SOHAN LAL,2,6000.0,1,1,1
Kamlesh Jatav,1,6000.0,1,1,1
suman,1,6000.0,1,1,1
Kamla Devi Balai,1,6000.0,1,1,1
PRITHRIRAJ,2,6000.0,1,1,1
Jagdeesh Chand Balai,1,6000.0,1,1,1
ABDUL VAHID,1,6000.0,1,1,1
PYARI BAI,1,6000.0,1,1,1
RAVI SEN,1,6000.0,1,1,1
mamta devi,1,6000.0,1,1,1
RAMPAL SO BALDEV SINGH,1,6000.0,1,1,1
gulfam,1,6000.0,1,1,1
SHAKILA BANU,1,6000.0,1,1,1
SHIVCHARAN MEENA,1,6000.0,1,1,1
JAMANTI,1,6000.0,1,1,1
GURDHIAN SINGH,1,6000.0,1,1,1
BABITA CHOUDHARY,1,6000.0,1,1,1
susheela,1,6000.0,1,1,1
GULFAN,1,6000.0,1,1,1
VALI BAI GAYARI,2,6000.0,1,1,1
HEMRAJ MEENA,1,6000.0,1,1,1
Kedar Jatav,1,6000.0,1,1,1
MANPREET SINGH,1,6000.0,1,1,1
harpati,1,6000.0,1,1,1
Mithlesh Jatav,1,6000.0,1,1,1
Toko Yami Teli,1,6000.0,1,1,1
anita,1,6000.0,1,1,1
SONAKI DEVI,1,5985.0,1,1,1
USHA DEVI,1,5985.0,1,1,1
SUJI DEVI,1,5985.0,1,1,1
BASI DEVI,1,5985.0,1,1,1
SANAGA DEVI,1,5985.0,1,1,1
DHYAN SINGH KUWARBI,1,5976.0,1,1,1
AMAN TRADERS,1,5960.0,1,1,1
VISHAKHA,1,5950.0,1,1,1
Bahadur Singh Labour 93735,1,5950.0,1,1,1
RUCHIKA,1,5950.0,1,1,1
ANIRUDH SHARMA,1,5950.0,1,1,1
KESHAV KRISHAN,1,5950.0,1,1,1
MOHIT SHARMA,1,5950.0,1,1,1
SHRUTI SHARMA,1,5950.0,1,1,1
KAMAL DEV,1,5950.0,1,1,1
ABHISHEK RANA,1,5950.0,1,1,1
MOHANI BAI,2,5940.0,1,1,1
Premi Arts,1,5900.0,1,1,1
S K faruki welding and fabrication works,1,5878.0,1,1,1
TULASIRAM BAIRWA,1,5865.0,1,1,1
MOHINI DEVI,1,5856.0,1,1,1
PARVEEN CEMENT STORE,1,5850.0,1,1,1
Balliram,1,5850.0,1,1,1
MANDVI MACHINERY STORE,1,5850.0,1,1,1
Maya Bhil,1,5820.0,1,1,1
KINOD KUMAR,1,5800.0,1,1,1
KISSAN PIPE STORE,1,5735.0,1,1,1
harjinder Singh,1,5724.0,1,1,1
DALU PRAJAPATI,1,5720.0,1,1,1
BADRI LAL GADRI,1,5720.0,1,1,1
MAHENDRA GADRI,1,5720.0,1,1,1
RAJU VAISHNAV,1,5720.0,1,1,1
AADRAM PRAJAPAT,1,5720.0,1,1,1
MAHAVEER GADRI,1,5720.0,1,1,1
NARYAN,1,5700.0,1,1,1
MANOJ GURJAR,1,5700.0,1,1,1
DHOOP SINGH,1,5700.0,1,1,1
MANKORI,2,5700.0,1,1,1
RAM PRASAD,1,5700.0,1,1,1
JOGENDER,1,5700.0,1,1,1
PRABHA DEVI,1,5700.0,1,1,1
yuvraj electrical,2,5619.0,1,1,1
NIRMALA AMRUTE,1,5600.0,1,1,1
VACHCHALA KURWADE,1,5600.0,1,1,1
Kavita Mantri,1,5600.0,1,1,1
NARAYAN LAL MENARIYA,1,5600.0,1,1,1
Tersem Lal labour 93735,1,5600.0,1,1,1
Shakti Man meena,1,5600.0,1,1,1
NIKITA PRAKASHSING ROTWAL,1,5600.0,1,1,1
Pawan Kumar Labour 93735,1,5600.0,1,1,1
NIRMALA MANIKRAO THAKRE,1,5600.0,1,1,1
Kuldeep labor 93735,1,5600.0,1,1,1
Aman Kumar Labour Bhambot patti,1,5600.0,1,1,1
SHISHUPAAL HARODE,1,5600.0,1,1,1
MANIKRAO THAKRE,1,5600.0,1,1,1
Lal Singh Labour 93735,1,5600.0,1,1,1
Subhash Chand Painter,2,5585.0,2,1,1
MPLAD HOLDING ACcount SBI,1,5524.0,1,1,1
harish ram,1,5520.0,1,1,1
DHOLU RAM,2,5500.0,1,1,1
JASBIR SINGH AND SONS,1,5500.0,1,1,1
Roshan Lal and Company,1,5480.0,1,1,1
NEKRAM,1,5460.0,1,1,1
GAJEWAS HARDWARE AND PAINT STORE,2,5453.0,2,1,1
SAMPAT SALVI,1,5440.0,1,1,1
elachi,2,5415.0,2,1,1
GIRDHARI LAL,1,5415.0,1,1,1
Pawan Jindal,1,5407.0,1,1,1
Saeed Anwar,2,5400.0,2,1,1
Abbas Khan,2,5400.0,2,1,1
DAYA DEVI,1,5400.0,1,1,1
SURESH CHANDRA,1,5400.0,1,1,1
Rinu Devi,1,5400.0,1,1,1
BHUWAN CHANDRA MATHPAL,1,5400.0,1,1,1
BHUWAN SINGH,1,5400.0,1,1,1
Khasti Devi Joshi,1,5400.0,1,1,1
KHEEMA  NATH,1,5400.0,1,1,1
Kumari Laksmi,1,5400.0,1,1,1
DEEWAN SINGH ADHIKARI,1,5400.0,1,1,1
DHAN SINGH,1,5400.0,1,1,1
TULSI DEVI JOSHI,1,5400.0,1,1,1
BABITA PATHAK,1,5400.0,1,1,1
HEMA ADHIKARI,1,5400.0,1,1,1
DEVKI DEVI,1,5400.0,1,1,1
Saini Trading Company,1,5400.0,1,1,1
REETA BISHT,1,5400.0,1,1,1
CHARU  JOSHI,1,5400.0,1,1,1
MAMTA MATHPAL,1,5400.0,1,1,1
PARASI DEVI,1,5320.0,1,1,1
Teena Jain,1,5320.0,1,1,1
Aarpita,1,5320.0,1,1,1
Rajendr Meena,1,5320.0,1,1,1
Shiv Lal Meena,1,5320.0,1,1,1
Sayari Devi,1,5320.0,1,1,1
Sanjay Jain,1,5320.0,1,1,1
Sanjay Mantri,1,5320.0,1,1,1
SHANTA DEVI,1,5300.0,1,1,1
SANJU BAISHNAV,1,5300.0,1,1,1
BDO NIMAPARA,3,5271.0,3,1,1
Sandeep kumar,1,5250.0,1,1,1
Sumitra Devi,1,5250.0,1,1,1
Ramcharan singh,1,5250.0,1,1,1
Sher Singh,1,5250.0,1,1,1
MAHAVEER TELI,1,5250.0,1,1,1
Shoyeb Akhtar,1,5250.0,1,1,1
Sushila Devi,1,5238.0,1,1,1
Anku,1,5200.0,1,1,1
manoj kumawat,1,5200.0,1,1,1
Sarti,1,5200.0,1,1,1
Rajbala,1,5200.0,1,1,1
JAGDISH MACHINERY CORPORATION,2,5156.0,1,1,1
NIRANJAN,2,5130.0,1,1,1
kankar kanwar,2,5130.0,2,1,1
jasvir Singh,1,5100.0,1,1,1
Nasreen,2,5100.0,2,1,1
Afsana,2,5100.0,2,1,1
Parvej,2,5100.0,2,1,1
Tasmeen,2,5100.0,2,1,1
Nusrat,2,5100.0,2,1,1
Sahud Khan,2,5100.0,2,1,1
Arif Khan,2,5100.0,2,1,1
Derama Ram,1,5094.0,1,1,1
ANDA RAM,1,5094.0,1,1,1
BHATEJA SONS,1,5092.0,1,1,1
OM PARKASH NARINDER KUMAR,1,5080.0,1,1,1
Bhuli Devi,1,5060.0,1,1,1
JASRAJ ELECTRICALS,1,5045.0,1,1,1
MEDIWAY HEALTHCARE,1,5044.0,1,1,1
SURESH CHANDRA NAUTIYAL,1,5040.0,1,1,1
MAMTA NAUTIYAL,1,5040.0,1,1,1
MUKESH NAUTIYAL,1,5040.0,1,1,1
BHADAR SINGH,1,5040.0,1,1,1
kanta devi,1,5040.0,1,1,1
navajyoti printing press pvt ltd,2,5026.0,2,1,1
Dharminder Singh,1,5000.0,1,1,1
deduction account,1,5000.0,1,1,1
SHILA DEVI,1,5000.0,1,1,1
RAM DASS SO BACHAN SINGH,1,5000.0,1,1,1
KALA RAM MANDAL,1,5000.0,1,1,1
JAGROOP SINGH,1,5000.0,1,1,1
Headmistress AJ John HSS Kainady,1,5000.0,1,1,1
Headmistress GUPS Kavalam,1,5000.0,1,1,1
Headmistress GUPS Narakathara,1,5000.0,1,1,1
PARVINDER SINGH,1,5000.0,1,1,1
LAKHI SINGH,1,5000.0,1,1,1
Block Bageshwar Royalty,1,4990.0,1,1,1
DMFT Fund,10,4961.0,10,1,1
rajinder kumar,1,4956.0,1,1,1
som nath,1,4956.0,1,1,1
Naveen,1,4956.0,1,1,1
Gurlal Singh,1,4956.0,1,1,1
Bikramjeet Singh,1,4956.0,1,1,1
keshav dutt,1,4950.0,1,1,1
MANMOHIT HARDWARE CEMENT STORE,1,4950.0,1,1,1
DISTRICT MINERAL FUND,17,4946.0,16,1,1
kamlesh,1,4940.0,1,1,1
REEKESH,1,4940.0,1,1,1
USHA KUMARI,1,4940.0,1,1,1
YUSUF MOHMMAD,2,4940.0,2,1,1
Istaq Mohammad Khan,1,4900.0,1,1,1
Jwan Singh saini,1,4900.0,1,1,1
Tahasildar Jharigam,1,4886.0,1,1,1
Gopi Devi,1,4860.0,1,1,1
Pappu lal keer,1,4845.0,1,1,1
bhawaniram jaat,1,4845.0,1,1,1
JASSI SINGH,1,4800.0,1,1,1
RAJESH SINGH BISHT,1,4788.0,1,1,1
ANAND SINGH PHARSWAN,1,4788.0,1,1,1
SURENDRA GIRI,1,4788.0,1,1,1
SHEELA,1,4788.0,1,1,1
RAJESHWARI,1,4788.0,1,1,1
JAGDISH CHANDRA,1,4788.0,1,1,1
BEENA KANDPAL,1,4788.0,1,1,1
RAJPAL SINGH,1,4788.0,1,1,1
GANESH NATH,1,4788.0,1,1,1
Ramesh Chandra,1,4788.0,1,1,1
DAMYANTI,1,4788.0,1,1,1
UMA DEVI,1,4788.0,1,1,1
DEVI DUTT,1,4788.0,1,1,1
SANTOSH KUMAR PHARSWAN,1,4788.0,1,1,1
RAJESH SINGH PARIHAR,1,4788.0,1,1,1
RAMESHAWAR JAT,1,4770.0,1,1,1
GHANI DEVI,1,4770.0,1,1,1
Priyanka Devi,1,4752.0,1,1,1
Kanchan Dudi,1,4750.0,1,1,1
Jhalman Dass Massean,2,4700.0,1,1,1
SHASHI KUMAR,1,4675.0,1,1,1
Jeevan singh,1,4664.0,1,1,1
DATAR,2,4661.0,2,1,1
BALWINDER STEEL SHUTTERING STORE,2,4592.0,2,1,1
BHARAT KUMAR,2,4560.0,2,1,2
Tushar Saini,2,4560.0,2,1,1
krishna kumari,2,4560.0,2,1,2
LaliDevi Saini,2,4560.0,1,1,1
CHELARAM Bawri,2,4551.0,2,1,1
PAN SINGH MEWARI,1,4545.0,1,1,1
UMESH CHANDRA,1,4536.0,1,1,1
DEEPIKA BISHT,1,4536.0,1,1,1
KEDAR SINGH,1,4536.0,1,1,1
PARULI DEVI,1,4536.0,1,1,1
SAMPATI BAIRWA,1,4505.0,1,1,1
FIROJ SHAH,1,4500.0,1,1,1
KV Traders,1,4500.0,1,1,1
NARINDER SINGH,1,4500.0,1,1,1
RAY SINGH,1,4500.0,1,1,1
DDE Tvpm,1,4500.0,1,1,1
Devuli Devi,1,4500.0,1,1,1
ANMOL STEEL WORKS,1,4500.0,1,1,1
SUKHDEV GURJAR,1,4480.0,1,1,1
GOPAL LAL SEN,1,4480.0,1,1,1
MAHAVEER SEN,1,4480.0,1,1,1
MADHAV KUMAR RADHE SHAM,1,4460.0,1,1,1
deepak vaishnav,1,4455.0,1,1,1
KAMLESH GURJAR,1,4455.0,1,1,1
DEEPIK,1,4455.0,1,1,1
SEETA DEVI BHAMBHI,1,4455.0,1,1,1
MANGILAL,1,4455.0,1,1,1
sumitra devi,1,4455.0,1,1,1
MATRA DEVI,1,4455.0,1,1,1
KALU RAM CHOUDHARY,1,4455.0,1,1,1
SONU DEVI,1,4455.0,1,1,1
KUNDANRAM,1,4455.0,1,1,1
GANESHI,1,4455.0,1,1,1
gunjan,1,4455.0,1,1,1
Vihavkarma Marble Industries Barnala,1,4430.0,1,1,1
Manku Shuttering store and welding workshop,2,4430.0,1,1,1
District Mineral Foundation Trust Uttarkashi,6,4357.0,6,1,1
MH Enterprises Delhi,1,4320.0,1,1,1
hardeep kaur wo mithu singh,1,4290.0,1,1,1
Kamlesh kaur wo bhagat singh,1,4290.0,1,1,1
SANTOSHI DEVI,1,4284.0,1,1,1
NEEMA DEVI,1,4284.0,1,1,1
LONGA DEVI,1,4284.0,1,1,1
GIRISH CHANDRA,1,4284.0,1,1,1
Narendra singh,1,4275.0,1,1,1
bhoori devi,1,4275.0,1,1,1
Phoola,1,4275.0,1,1,1
Ramavtar saini,1,4275.0,1,1,1
Movani Bai,1,4275.0,1,1,1
Sonu Devi,1,4275.0,1,1,1
Sona devi,1,4275.0,1,1,1
narendra singh,1,4275.0,1,1,1
Premwati,1,4275.0,1,1,1
meena kumari,1,4275.0,1,1,1
bhoora,1,4275.0,1,1,1
Rupwati,1,4275.0,1,1,1
KAVITA,1,4275.0,1,1,1
Asha Kanwar,1,4275.0,1,1,1
rakesh kumar,1,4275.0,1,1,1
BHUPENDRA KUMAR SAINI,1,4275.0,1,1,1
Kanya KANWAR,1,4275.0,1,1,1
Bhuri,1,4275.0,1,1,1
chandra prakash,1,4275.0,1,1,1
Suresh Gadri,1,4275.0,1,1,1
Sunita Devi chohan,1,4275.0,1,1,1
sadi,1,4275.0,1,1,1
Khushiram,1,4275.0,1,1,1
dinesh,1,4275.0,1,1,1
BHAGWANDEI,1,4275.0,1,1,1
hari ram singh,1,4275.0,1,1,1
HANSA RAM,1,4275.0,1,1,1
ummed singh,1,4275.0,1,1,1
ROSHANI,1,4275.0,1,1,1
JETI DEVI,1,4275.0,1,1,1
Tamu Kanwar,1,4275.0,1,1,1
BHAGU,1,4275.0,1,1,1
Sushila Kumawat,1,4275.0,1,1,1
Devi Lal Luhar,1,4275.0,1,1,1
Dhani Kumari,1,4275.0,1,1,1
Krishna kumari,1,4275.0,1,1,1
Kailashi Kanwar,1,4275.0,1,1,1
Chandan,1,4275.0,1,1,1
Mamta Devi,1,4275.0,1,1,1
SUMER KANWAR,2,4275.0,1,1,1
rameshwar,1,4275.0,1,1,1
Nanee Devi,1,4275.0,1,1,1
GIRRAJ PRASAD,1,4275.0,1,1,1
ajayrani,1,4275.0,1,1,1
Dulari,1,4275.0,1,1,1
Lakhan,1,4275.0,1,1,1
LOKESH KUMAR SAINI,1,4275.0,1,1,1
sanju,1,4275.0,1,1,1
Amiya,1,4275.0,1,1,1
pushpa,1,4275.0,1,1,1
Vasudev,1,4275.0,1,1,1
ROOPWATI,1,4275.0,1,1,1
PRADEEP KUMAR SAINI,1,4275.0,1,1,1
SANGEETA DEVI,1,4275.0,1,1,1
Sukhdei,1,4275.0,1,1,1
Girdhari,1,4275.0,1,1,1
Paras Kanwar,1,4275.0,1,1,1
rajendra saini,1,4275.0,1,1,1
GURINDER SINGH,1,4232.0,1,1,1
MALLARAM,1,4225.0,1,1,1
Ram Niri Bai,1,4200.0,1,1,1
Tule RAM,1,4200.0,1,1,1
Janta Sports,1,4200.0,1,1,1
Kamlesh Saini,1,4200.0,1,1,1
GUNJAN BISHT,1,4200.0,1,1,1
Chandrakant Vijay,1,4200.0,1,1,1
SAMPTI DEVI,1,4200.0,1,1,1
NORAT KANWAR,1,4200.0,1,1,1
MANGI LAL GURJAR,1,4200.0,1,1,1
LEKRAJ GURJAR,1,4200.0,1,1,1
Udayveer,1,4200.0,1,1,1
GURMAIL SINGH,1,4200.0,1,1,1
DEEPAK SINGH GOUR,1,4200.0,1,1,1
PRADEEP SINGH,1,4200.0,1,1,1
TALIB,1,4200.0,1,1,1
Pappi Devi,1,4200.0,1,1,1
karishanpuri,1,4092.0,1,1,1
TAHASILDAR BHUBANESWAR,1,4042.0,1,1,1
BHAGWAN DEI,1,4032.0,1,1,1
KUSUM,1,4032.0,1,1,1
SONDEI,1,4032.0,1,1,1
Bennett Coleman and Co Ltd,2,4030.0,2,1,1
Shiva Building Material,1,4024.0,1,1,1
BDO BARGAON EGB MONEY,5,4013.0,5,1,1
MS RAJAN SAINI,1,4012.0,1,1,1
Abhishek,1,4010.0,1,1,1
Singla Cement Store,1,4000.0,1,1,1
Dinesh Singh Massean,1,4000.0,1,1,1
SAGAR GENERAL STORE,1,4000.0,1,1,1
DEEPAK GUPTA,1,4000.0,1,1,1
Rami Devi,1,4000.0,1,1,1
Joginder,1,4000.0,1,1,1
Inkar,1,4000.0,1,1,1
lokendra singh,1,3990.0,1,1,1
SARITA KUMAWAT,1,3990.0,1,1,1
Balveer Singh,1,3990.0,1,1,1
PRAHLAD SAIN,1,3990.0,1,1,1
mahavir singh,1,3990.0,1,1,1
Gopal Kanwar,1,3990.0,1,1,1
bhupendra,1,3990.0,1,1,1
Lila Devi,1,3990.0,1,1,1
jwala singh,1,3990.0,1,1,1
Badal Gadri,1,3990.0,1,1,1
AKARM,1,3990.0,1,1,1
khaimraj,1,3990.0,1,1,1
AJAY OAD,1,3990.0,1,1,1
MAYA GADARI,1,3990.0,1,1,1
MAYA MOURYA,1,3990.0,1,1,1
HARI KANWAR,1,3990.0,1,1,1
munni devi,1,3990.0,1,1,1
UNKESH,1,3990.0,1,1,1
RAJBHADUR JATAV,1,3990.0,1,1,1
ISMAIL,1,3990.0,1,1,1
santosh,1,3990.0,1,1,1
Uday Singh,1,3990.0,1,1,1
NIRMALA RAIDAS,1,3990.0,1,1,1
DASHRATH SINGH,1,3990.0,1,1,1
Jyoti Kumari,1,3990.0,1,1,1
PUSHPA,1,3990.0,1,1,1
RENUKA,1,3990.0,1,1,1
BHOJRAJ GADRI,1,3990.0,1,1,1
sushama,1,3990.0,1,1,1
surendra saini,1,3990.0,1,1,1
PUKHRAJ,1,3990.0,1,1,1
KHANA,1,3990.0,1,1,1
AMRAT BAI,1,3990.0,1,1,1
ASHOK MALI,1,3990.0,1,1,1
Kusma devi,1,3990.0,1,1,1
varsha,1,3990.0,1,1,1
vinay kumar jatav,1,3990.0,1,1,1
NANA DEVI,1,3990.0,1,1,1
Asha Kumari,1,3990.0,1,1,1
Nitesh Kanwar,1,3990.0,1,1,1
sunil,1,3990.0,1,1,1
AARTI,1,3990.0,1,1,1
KALESH,1,3990.0,1,1,1
suresh kumar,1,3990.0,1,1,1
VITESH,1,3990.0,1,1,1
Vedviri,1,3990.0,1,1,1
AAKASH,1,3990.0,1,1,1
ANOOP BACHRAJ,1,3990.0,1,1,1
Gordhan Singh,1,3990.0,1,1,1
monika devi,1,3990.0,1,1,1
LEKHRAJ GURJAR,1,3990.0,1,1,1
Omveer Singh,1,3990.0,1,1,1
Aslam Mohammad,1,3990.0,1,1,1
Ramcharan,1,3990.0,1,1,1
Chhiter Singh jatav,1,3990.0,1,1,1
RAMRATAN,1,3990.0,1,1,1
DHANISHA KUMAWAT,1,3990.0,1,1,1
ANJU,1,3990.0,1,1,1
Iftekhar Uddin,1,3990.0,1,1,1
Akash kumar,1,3990.0,1,1,1
PRAHLAD JANGID,1,3990.0,1,1,1
SAROJ JAJORIYA,1,3990.0,1,1,1
DIPMALA TAK,1,3990.0,1,1,1
rajpal singh,1,3990.0,1,1,1
rahul kumar,1,3990.0,1,1,1
BHAGWANTI,1,3990.0,1,1,1
MAINA DEVI,1,3990.0,1,1,1
PEER MO,1,3990.0,1,1,1
Supita,1,3990.0,1,1,1
jeetendra nadbai,1,3990.0,1,1,1
jagwati,1,3990.0,1,1,1
jeena devi,1,3990.0,1,1,1
IRSHAD,1,3990.0,1,1,1
IRFAN AHAMAD,1,3990.0,1,1,1
LAXMAN LAL SUTHAR,1,3990.0,1,1,1
KIRAN KANAWAT,1,3990.0,1,1,1
paswan,1,3990.0,1,1,1
rimjhim,1,3990.0,1,1,1
sakuntala devi,1,3990.0,1,1,1
MOHAMMAD ASLAM,1,3990.0,1,1,1
pramod,1,3990.0,1,1,1
MAMATA DEVI,1,3990.0,1,1,1
ALPU DEVI,1,3990.0,1,1,1
BRAHMA DEVI,1,3990.0,1,1,1
sanjay singh,1,3990.0,1,1,1
sanjay pandit,1,3990.0,1,1,1
MUNNI,1,3990.0,1,1,1
saroj,1,3990.0,1,1,1
RUBINA BANO,1,3990.0,1,1,1
NARAYAN,1,3990.0,1,1,1
INDARJEET JANGID,1,3990.0,1,1,1
NARENDER KUMAR,1,3990.0,1,1,1
VEENA KANWAR,1,3990.0,1,1,1
Aman Kumar,1,3990.0,1,1,1
Fuli Devi,1,3990.0,1,1,1
GITA DEVI,1,3990.0,1,1,1
RUBI,1,3990.0,1,1,1
MANJU JANGID,1,3990.0,1,1,1
Parwati,1,3990.0,1,1,1
JUTHA SINGH,1,3990.0,1,1,1
SHAHEEL,1,3990.0,1,1,1
BHAGCHAND,1,3990.0,1,1,1
NARBADA,1,3990.0,1,1,1
ravindra saini,1,3990.0,1,1,1
Devi Singh,1,3990.0,1,1,1
TANJIM,1,3990.0,1,1,1
PREM DEVI,1,3990.0,1,1,1
Pappu,1,3990.0,1,1,1
KALU LAL,1,3990.0,1,1,1
Jormal,1,3990.0,1,1,1
seenu,1,3990.0,1,1,1
savitri devi,1,3990.0,1,1,1
Charan Singh,1,3990.0,1,1,1
KAJAL KUMARI,1,3990.0,1,1,1
KAUSHLYA DEVI,1,3990.0,1,1,1
MAHAVEER LAL,1,3990.0,1,1,1
LAKSHMI DEVI,1,3920.0,1,1,1
RAGHUNATH,1,3920.0,1,1,1
TAHASILDAR PAPADAHANDI,1,3911.0,1,1,1
Mohini meghval,1,3900.0,1,1,1
JUNED KHAN,1,3900.0,1,1,1
Fensi khatun,1,3900.0,1,1,1
DIKSHA TAILOR,1,3900.0,1,1,1
BHARTI SAINI,1,3900.0,1,1,1
NABI SEKH,1,3900.0,1,1,1
PARVEEN AKHTER,1,3900.0,1,1,1
TASLIM SK,1,3900.0,1,1,1
MD EKAL SK,1,3900.0,1,1,1
Sultana begam,1,3900.0,1,1,1
POOJA MALVIYA,1,3900.0,1,1,1
lakhtun bibi,1,3900.0,1,1,1
DEVENDRA KHATIK,1,3900.0,1,1,1
Sunder,1,3900.0,1,1,1
MD SENAUL SK,1,3900.0,1,1,1
Bhanwar lal meghwal,1,3900.0,1,1,1
SANTA,1,3900.0,1,1,1
manohar saini,1,3900.0,1,1,1
VISHAKHA TAILOR,1,3900.0,1,1,1
Kajal yadav,1,3900.0,1,1,1
SAHIL RAZZA,1,3900.0,1,1,1
Hemlata kumari,1,3900.0,1,1,1
JAMIL AKHTAR,1,3900.0,1,1,1
IRSAD NAGOURI,1,3900.0,1,1,1
HITESH MENARIYA,1,3861.0,1,1,1
SANTOSHI DEVI MENARIYA,1,3861.0,1,1,1
SANTOSHI BAI MALI,1,3861.0,1,1,1
SARAJUDHIN,1,3861.0,1,1,1
JAGNATH BALAI,1,3861.0,1,1,1
SEEMA DEVI KAILASH,1,3861.0,1,1,1
SANTOK PRABHU KUMHAR,1,3861.0,1,1,1
Shivraj Jat,1,3861.0,1,1,1
NARAYAN LAL AHIR,1,3861.0,1,1,1
Dinesh choudhary,1,3861.0,1,1,1
PRMESHVAR HATHIRAM,1,3861.0,1,1,1
AMMBA LAL MALI,1,3861.0,1,1,1
RATAN LAL AHIR,1,3861.0,1,1,1
Kunti,1,3861.0,1,1,1
pusba,1,3861.0,1,1,1
JALENDAR NATH,1,3861.0,1,1,1
NAVALKISHOR,1,3861.0,1,1,1
SITARAM MALI,1,3861.0,1,1,1
jyoshana,1,3861.0,1,1,1
BHAGWATI DEVI MENARIYA,1,3861.0,1,1,1
hanuman,1,3861.0,1,1,1
TIJA,1,3861.0,1,1,1
KANHIYA LAL MENARIYA,1,3861.0,1,1,1
BARKAD PAPPU,1,3861.0,1,1,1
krishna,1,3861.0,1,1,1
RAMNATH,1,3861.0,1,1,1
KALI YADRAM,1,3861.0,1,1,1
jagu devi,1,3861.0,1,1,1
SHARDA CHETAN REGAR,1,3861.0,1,1,1
PRAM SHANKAR MENARIYA,1,3861.0,1,1,1
Parameshvari,1,3861.0,1,1,1
CHETAN PRAKASH REGAR,1,3861.0,1,1,1
RAJU MALI,1,3861.0,1,1,1
KARAN,1,3861.0,1,1,1
SHILPA KUMAWAT,1,3861.0,1,1,1
chetan singh,1,3861.0,1,1,1
RAJINDER KUMAR CONTRACTOR,1,3818.0,1,1,1
KAMALA KHAROL,1,3808.0,1,1,1
HEERA KHAROL,1,3808.0,1,1,1
Rani Khatik,1,3783.0,1,1,1
Pushpa,1,3780.0,1,1,1
Hema,1,3780.0,1,1,1
Foolwati,1,3780.0,1,1,1
Yashwant,1,3780.0,1,1,1
babli,1,3780.0,1,1,1
Bhagu Devi,1,3770.0,1,1,1
KUNDAN MAL BAIRWA,1,3770.0,1,1,1
VINOD BAIRWA,1,3770.0,1,1,1
Gelu Devi,1,3770.0,1,1,1
PRAAMESHWAR BAIRWA,1,3770.0,1,1,1
RAMESHWAR LAL MALI,1,3770.0,1,1,1
DEV KISHAN MALI,1,3770.0,1,1,1
Badri Lal Mali,1,3770.0,1,1,1
Dali Bai,1,3770.0,1,1,1
SONI DEVI,1,3770.0,1,1,1
Mank Lal,1,3770.0,1,1,1
NANA RAM MALI,1,3770.0,1,1,1
Rupa Ram,1,3770.0,1,1,1
Lakshmi Kanwar,1,3757.0,1,1,1
Rampyari,1,3757.0,1,1,1
BDO Banspal EGB,6,3751.0,6,1,1
JAMNA LAL REGAR,1,3750.0,1,1,1
SOHANI DEVI,1,3750.0,1,1,1
SHIVAM ART AND PHOTO,1,3746.0,1,1,1
Pooja devi,1,3724.0,1,1,1
Birbal,1,3724.0,1,1,1
SHASHIKANT,1,3720.0,1,1,1
BOBY GILL,1,3718.0,1,1,1
KELLA DEVI,1,3705.0,1,1,1
PURAN MALI,1,3705.0,1,1,1
sharukh,1,3705.0,1,1,1
virandra,1,3705.0,1,1,1
tofali devi,1,3705.0,1,1,1
SUNDA,1,3705.0,1,1,1
ajay singh,1,3705.0,1,1,1
tara devi,1,3705.0,1,1,1
narbada,1,3705.0,1,1,1
Naresh kumari,1,3705.0,1,1,1
SATYAVEER,1,3705.0,1,1,1
BHATERI,1,3705.0,1,1,1
Banta,1,3705.0,1,1,1
Barsina,1,3705.0,1,1,1
Gomati Devi,1,3705.0,1,1,1
magla,1,3705.0,1,1,1
Lal Chand,1,3705.0,1,1,1
Fateh Singh,1,3705.0,1,1,1
Haseena,1,3705.0,1,1,1
Devendra Singh,1,3705.0,1,1,1
BHANI RAM,1,3705.0,1,1,1
urmila devi,1,3705.0,1,1,1
SUMITRA DEVI,1,3705.0,1,1,1
KAVITA DEVI,1,3705.0,1,1,1
Sapna Rawat,1,3705.0,1,1,1
Mohanram Lachuram,1,3705.0,1,1,1
ARIF,1,3705.0,1,1,1
KAMAL SINGH,1,3705.0,1,1,1
SHANKAR LAL,1,3705.0,1,1,1
Pramod Kumar,1,3705.0,1,1,1
SOKAT,1,3705.0,1,1,1
DALEEP,1,3705.0,1,1,1
MOHANI,1,3705.0,1,1,1
DARSHANA DEVI,1,3705.0,1,1,1
Mahendra Singh Faujdar,1,3705.0,1,1,1
Santara Devi,1,3705.0,1,1,1
suman kumari,1,3705.0,1,1,1
hema,1,3705.0,1,1,1
ALMAD BANO,1,3705.0,1,1,1
RAJU SAINI,1,3705.0,1,1,1
MOHARA,1,3705.0,1,1,1
Khushi Agarwal,1,3705.0,1,1,1
Hansa Devi,1,3705.0,1,1,1
Hanseera,1,3705.0,1,1,1
Hansira,1,3705.0,1,1,1
SURENDAR,1,3705.0,1,1,1
shukant,1,3705.0,1,1,1
CHIMNA RAM,1,3705.0,1,1,1
PREETI KUMARI,1,3705.0,1,1,1
NAVNIT TIWARI,1,3705.0,1,1,1
deepak kumar sharma,1,3705.0,1,1,1
RANJU DEVI,1,3705.0,1,1,1
MAMRAJ PANWAR,1,3705.0,1,1,1
KAILASH KANWAR,1,3705.0,1,1,1
sonam devi,1,3705.0,1,1,1
sonu,1,3705.0,1,1,1
Mukesh Kumar swami,1,3705.0,1,1,1
Mukesh Devi,1,3705.0,1,1,1
Mamta Rawat,1,3705.0,1,1,1
RUKSANA,1,3705.0,1,1,1
Maina,1,3705.0,1,1,1
ramvati,1,3705.0,1,1,1
ravina,1,3705.0,1,1,1
Ganesh Ram Dhaka,1,3705.0,1,1,1
rekha,1,3705.0,1,1,1
HANDRA PRAKASH,1,3705.0,1,1,1
geeta devi,1,3705.0,1,1,1
ghansyam,1,3705.0,1,1,1
deyaram,1,3705.0,1,1,1
dimple,1,3705.0,1,1,1
MAINA,1,3705.0,1,1,1
YOGESH,1,3705.0,1,1,1
pooja,1,3705.0,1,1,1
pooja saini,1,3705.0,1,1,1
Pinki,1,3705.0,1,1,1
priya,1,3705.0,1,1,1
HEMA DEVI,1,3705.0,1,1,1
rajesh singh,1,3705.0,1,1,1
rakesh kumar meena,1,3705.0,1,1,1
Mamta Gurjar,1,3705.0,1,1,1
Naresh Kumar Gurjar,1,3705.0,1,1,1
VAKILA,1,3705.0,1,1,1
arjunsingh,1,3705.0,1,1,1
nemi singh,1,3705.0,1,1,1
LATA,1,3705.0,1,1,1
BHARAT,1,3705.0,1,1,1
mukesh kumari,1,3705.0,1,1,1
amba,1,3705.0,1,1,1
Sumit kumar,1,3705.0,1,1,1
SHEO PAL SAINI,1,3705.0,1,1,1
Sunita devi,1,3705.0,1,1,1
Asgari,1,3705.0,1,1,1
ASHA RAM MEGHWAL,1,3705.0,1,1,1
KUMSUM,1,3705.0,1,1,1
ramila,1,3705.0,1,1,1
PITRAM,1,3705.0,1,1,1
KUSUM SHARMA,1,3705.0,1,1,1
Nisha Kumari Saini,1,3705.0,1,1,1
Vikash jagnani,1,3705.0,1,1,1
Satveer Singh,1,3705.0,1,1,1
OMVATI,1,3705.0,1,1,1
SAHDEV,1,3705.0,1,1,1
Kamruddin,1,3705.0,1,1,1
Radhika Saini,1,3705.0,1,1,1
GHEESA RAM,1,3705.0,1,1,1
VIDYA,1,3705.0,1,1,1
MUKESH KUMAR RANWA,1,3705.0,1,1,1
KANWAR PAL SINGH,1,3705.0,1,1,1
Raamveer Singh,1,3705.0,1,1,1
Radha,1,3705.0,1,1,1
Bachan Singh,1,3705.0,1,1,1
Kedar,1,3705.0,1,1,1
DEVENDRA KUMAR,1,3705.0,1,1,1
SANJANA DEVI,1,3705.0,1,1,1
LALITA BAI,1,3705.0,1,1,1
Umedi,1,3705.0,1,1,1
Navita Devi,1,3705.0,1,1,1
nisha yadav,1,3705.0,1,1,1
nosar,1,3705.0,1,1,1
Rasida,1,3705.0,1,1,1
omprakash,1,3705.0,1,1,1
HARDEVA RAM,1,3705.0,1,1,1
naval singh rawat,1,3705.0,1,1,1
HARI OM,1,3705.0,1,1,1
banwari,1,3705.0,1,1,1
BASANTA KUMARI,1,3705.0,1,1,1
NITU,1,3705.0,1,1,1
Sita Ram,1,3705.0,1,1,1
ashok kumar,1,3705.0,1,1,1
niraj kumari,1,3705.0,1,1,1
khyaliram saini,1,3705.0,1,1,1
kanwar bai,1,3705.0,1,1,1
kavita meena,1,3705.0,1,1,1
DROPADI,1,3705.0,1,1,1
Babita devi,1,3705.0,1,1,1
NORAVA,1,3705.0,1,1,1
FULE KHAN,1,3705.0,1,1,1
Sonu Saini,1,3705.0,1,1,1
Sonu Singh Rawat,1,3705.0,1,1,1
Gaytari,1,3705.0,1,1,1
khadija,1,3705.0,1,1,1
Bhavani Singh Meena,1,3705.0,1,1,1
Bhinwa Ram,1,3705.0,1,1,1
Maya,1,3705.0,1,1,1
Ulka gurjar,1,3705.0,1,1,1
Rama Devi Yadav,1,3705.0,1,1,1
LAXMI DEVI,1,3705.0,1,1,1
Meena,1,3705.0,1,1,1
panna lal,1,3705.0,1,1,1
parvti,1,3705.0,1,1,1
LALI,1,3705.0,1,1,1
YUNUS,1,3705.0,1,1,1
POONAM DEVI,1,3705.0,1,1,1
RAMRATI,1,3705.0,1,1,1
Jay singh,1,3705.0,1,1,1
KAMLESH KANWAR,1,3705.0,1,1,1
Jeetendra Singh Meena,1,3705.0,1,1,1
MEERA,1,3705.0,1,1,1
SHUBHAM,1,3705.0,1,1,1
gita devi saini,1,3705.0,1,1,1
Jagdish Jangir,1,3705.0,1,1,1
Jagdish Prasad,1,3705.0,1,1,1
NARENDRA KUMAR,1,3705.0,1,1,1
Durga Kumari,1,3705.0,1,1,1
bhola singh,1,3705.0,1,1,1
bidami devi,1,3705.0,1,1,1
Mohit lohan,1,3705.0,1,1,1
manju gurjar,1,3705.0,1,1,1
manni devi,1,3705.0,1,1,1
meera,1,3705.0,1,1,1
meera garhwal,1,3705.0,1,1,1
RAMAN SINGH,1,3705.0,1,1,1
ANTU,1,3705.0,1,1,1
Raju devi,1,3705.0,1,1,1
ANWAR,1,3705.0,1,1,1
ANSHUAWASTHI,1,3705.0,1,1,1
Rajbala Dev,1,3705.0,1,1,1
SANTOSH KANWAR,1,3705.0,1,1,1
JAGDISH PRASAD SARAN,1,3705.0,1,1,1
PAWAN DAI,1,3705.0,1,1,1
Ravita Meena,1,3705.0,1,1,1
Reenu Singh,1,3705.0,1,1,1
SACHIN KUMAR,1,3705.0,1,1,1
SADIK,1,3705.0,1,1,1
RAVINDRA KUMAR,1,3705.0,1,1,1
REENA HARIJAN,1,3705.0,1,1,1
TARAWATI,1,3705.0,1,1,1
MUKTI DEVI,1,3705.0,1,1,1
Kamali,1,3705.0,1,1,1
SWARAJ,1,3705.0,1,1,1
Rukseena,1,3705.0,1,1,1
Karan Singh Beniwal,1,3705.0,1,1,1
Karishma,1,3705.0,1,1,1
VIPINA,1,3705.0,1,1,1
Aanchi devi,1,3705.0,1,1,1
Rekha rawat,1,3705.0,1,1,1
KAILASH CHAND,1,3705.0,1,1,1
PRIYANKA DEVI,1,3705.0,1,1,1
PRIYANKA KAHAR,1,3705.0,1,1,1
Najma,1,3705.0,1,1,1
SANWARIYA REGAR,1,3705.0,1,1,1
BALKESH BANO,1,3705.0,1,1,1
SUDESH KUMARI,1,3705.0,1,1,1
Prem kahar,1,3705.0,1,1,1
Chanda devi yadav,1,3705.0,1,1,1
MADHURI,1,3705.0,1,1,1
KAUSAL KISHOR,1,3705.0,1,1,1
KAUSHALYA DEVI,1,3705.0,1,1,1
Jaipal,1,3705.0,1,1,1
SUBESINGH,1,3705.0,1,1,1
VISHWNATH PRATAP SINGH,1,3705.0,1,1,1
VIVEK THALOR,1,3705.0,1,1,1
KALU RAM,1,3705.0,1,1,1
Pushpa lal khinchi,1,3705.0,1,1,1
SUAA BAI,1,3705.0,1,1,1
CHANDERKALA,1,3705.0,1,1,1
Choti Balai,1,3679.0,1,1,1
Dinesh Kumar Regar,1,3679.0,1,1,1
Govind Sadhu,1,3679.0,1,1,1
Geeta Devi Vaishnav,1,3679.0,1,1,1
Lad Devi Vaishnav,1,3679.0,1,1,1
Geeta Regar,1,3679.0,1,1,1
SHANKAR LAL BASER,1,3679.0,1,1,1
Dalla Ram Regar,1,3679.0,1,1,1
Bhula Devi Balai,1,3679.0,1,1,1
Bhanwar Lal Sharma,1,3679.0,1,1,1
Ramesh Chand Balai,1,3679.0,1,1,1
Ramesh Chand Sharma,1,3679.0,1,1,1
Seema Devi Basher,1,3679.0,1,1,1
Madhu Devi Meena,1,3679.0,1,1,1
Kishan LAl Meena,1,3679.0,1,1,1
Kalu Ram Balai,1,3679.0,1,1,1
Leela Devi Balai,1,3679.0,1,1,1
Pavan Kumar Sharma,1,3679.0,1,1,1
PRAKASH KUMAWAT,1,3653.0,1,1,1
RIJWANA BANU,1,3640.0,1,1,1
Ganesh gurjar,1,3640.0,1,1,1
Mohan Lal Bhat,1,3640.0,1,1,1
Chandra Prakash,1,3640.0,1,1,1
Rajesh Meena,1,3640.0,1,1,1
ABIDA,1,3640.0,1,1,1
REHANA BANU,1,3640.0,1,1,1
Amba Lal,1,3640.0,1,1,1
SHAHIDA BANU,1,3640.0,1,1,1
SONIYA MALI,1,3640.0,1,1,1
Pooja Sharma,1,3640.0,1,1,1
Badam Nayak,1,3640.0,1,1,1
Sahanaj,1,3640.0,1,1,1
SUMITRA SUWALKA,1,3640.0,1,1,1
RASHIDA,1,3640.0,1,1,1
VAHID KURESHI,1,3640.0,1,1,1
Sayar,1,3640.0,1,1,1
Ladi,1,3640.0,1,1,1
Shiv Prakash,1,3640.0,1,1,1
ANKIT KUMRE,1,3640.0,1,1,1
Lali,1,3640.0,1,1,1
Usman Mohammad,1,3640.0,1,1,1
Shaitan,1,3640.0,1,1,1
Brji Raj Sharma,1,3640.0,1,1,1
Kishan Gadri,1,3640.0,1,1,1
Kusum Devi,1,3640.0,1,1,1
Youraj Bhat,1,3640.0,1,1,1
SONU NATH,1,3627.0,1,1,1
MUKESH NATH YOGI,1,3627.0,1,1,1
SUNIL BABJI,1,3627.0,1,1,1
RUKMA DEVI,1,3627.0,1,1,1
SURENDRA REBARI,1,3627.0,1,1,1
RESHAM DASS,1,3626.0,1,1,1
khet dan,1,3626.0,1,1,1
kailash kanwar,1,3626.0,1,1,1
HINGALAJ DAN CHARAN,1,3626.0,1,1,1
moti singh,1,3626.0,1,1,1
subal kanwar,1,3626.0,1,1,1
sanwal dan,1,3626.0,1,1,1
dashrath dan,1,3626.0,1,1,1
GURMUKH SINGH,1,3600.0,1,1,1
KARAMJEET SINGH,1,3600.0,1,1,1
suleman,1,3600.0,1,1,1
GORDHAN RAM,1,3600.0,1,1,1
Gyana,1,3600.0,1,1,1
BDO BAHALDA MPLADS LS,1,3588.0,1,1,1
Bhairu Lal Jat,1,3588.0,1,1,1
JOSEPH P K,1,3581.0,1,1,1
DHAPA,1,3575.0,1,1,1
KAMALA,1,3575.0,1,1,1
SANTRA,1,3564.0,1,1,1
SANTOK,1,3564.0,1,1,1
RAMPYARI DEVI,1,3564.0,1,1,1
RAMDHAN,1,3564.0,1,1,1
BAJRANG SINGH,1,3564.0,1,1,1
VINAYAK,1,3540.0,1,1,1
Pratap Singh Gurjar,1,3528.0,1,1,1
Satish Kumar,1,3528.0,1,1,1
Rooma,1,3528.0,1,1,1
Kanta Devi,1,3528.0,1,1,1
Ajay Kumar Jatav,1,3528.0,1,1,1
Ajeet Gurjar,1,3528.0,1,1,1
Rakhi Devi,1,3528.0,1,1,1
Bhanu Singhal,1,3528.0,1,1,1
Rajkumari,1,3528.0,1,1,1
Pratap Singh,1,3528.0,1,1,1
SUREKHA,1,3523.0,1,1,1
MAMTA SHARMA,1,3510.0,1,1,1
MAHVEER SINGH,1,3510.0,1,1,1
RATANI DEVI,1,3510.0,1,1,1
VINOD LUHAR,1,3510.0,1,1,1
Teju kumari meena,1,3510.0,1,1,1
SATYNARAYAN PANCHAL,1,3510.0,1,1,1
MADHU LUHAR,1,3510.0,1,1,1
JASSU JAT,1,3510.0,1,1,1
GAYTARI JAT,1,3510.0,1,1,1
SHABHU LUHAR,1,3510.0,1,1,1
HARI JAT,1,3510.0,1,1,1
KOMAL JAT,1,3510.0,1,1,1
NARAYANI DEVI LUHAR,1,3510.0,1,1,1
BALKISHAN JAT,1,3510.0,1,1,1
SANTOK JAT,1,3510.0,1,1,1
GENDA KANWAR,1,3510.0,1,1,1
ALPHA ENGINEERING SERVICE,1,3500.0,1,1,1
BHAGWAN SINGH,1,3500.0,1,1,1
Ansi Bai,1,3480.0,1,1,1
POSU DEVI,1,3480.0,1,1,1
RUPA RAM,1,3480.0,1,1,1
sayari devi,1,3445.0,1,1,1
CHANA,1,3420.0,1,1,1
RACHNA,1,3420.0,1,1,1
MANI RAM,1,3420.0,1,1,1
VANDANA DEVI,1,3420.0,1,1,1
rami,1,3420.0,1,1,1
Ramkaran,1,3420.0,1,1,1
Chauth mal merna,1,3420.0,1,1,1
MUNDAR,1,3420.0,1,1,1
LOGSHREE,1,3420.0,1,1,1
RAMKANYA JAAT,1,3420.0,1,1,1
ramesh bharti,1,3420.0,1,1,1
SHAYAR,1,3420.0,1,1,1
DALU DEVI,1,3420.0,1,1,1
DANA RAM,1,3420.0,1,1,1
Lohadisi devi,1,3420.0,1,1,1
SHAU,1,3420.0,1,1,1
MAN SINGH,1,3420.0,1,1,1
LAAD DEVI,1,3420.0,1,1,1
Girdhawari,1,3420.0,1,1,1
CHAGNI,1,3420.0,1,1,1
LALIT KUMAR VERMA,1,3420.0,1,1,1
HARDAT,1,3420.0,1,1,1
DEVIRAM,1,3420.0,1,1,1
Avinash,1,3420.0,1,1,1
HAPU DEVI,1,3420.0,1,1,1
KAMA,1,3420.0,1,1,1
archana,1,3420.0,1,1,1
Khyali ram meena,1,3420.0,1,1,1
santra devi,1,3420.0,1,1,1
JAGDISH PRASAD,1,3420.0,1,1,1
rampal,1,3420.0,1,1,1
SHARKI,1,3420.0,1,1,1
reshma devi,1,3420.0,1,1,1
CHANDU,1,3420.0,1,1,1
HARKHU DEVI,1,3420.0,1,1,1
PARTAP,1,3420.0,1,1,1
BINTU NATH,1,3408.0,1,1,1
fUL kANWAR,1,3408.0,1,1,1
SAMPAT NATH,1,3408.0,1,1,1
LALI KANWER,1,3408.0,1,1,1
JAMNA,1,3408.0,1,1,1
NAVJOT SINGH,1,3380.0,1,1,1
Ravi Jat,1,3367.0,1,1,1
PHOOLVATI,1,3367.0,1,1,1
Guptes Devi,1,3367.0,1,1,1
Chhagan Singh Chhanga,1,3367.0,1,1,1
Pat Ram Choudhary,1,3367.0,1,1,1
PRIYANKA RANWA,1,3367.0,1,1,1
Ramo Devi,1,3367.0,1,1,1
Savatri Devi,1,3367.0,1,1,1
khemchand,1,3367.0,1,1,1
SARITA DEVI,1,3367.0,1,1,1
WITHHELS SD,1,3367.0,1,1,1
Rameshwar Dayal Jat,1,3367.0,1,1,1
Hari Singh Bairwa,1,3367.0,1,1,1
ROHITRASH KUMAR,1,3367.0,1,1,1
Lokesh,1,3367.0,1,1,1
Phulwati,1,3367.0,1,1,1
rinku,1,3367.0,1,1,1
Sushila Meena,1,3367.0,1,1,1
Anil Kumar Chaudhary,1,3367.0,1,1,1
PINKEE MEENA,1,3367.0,1,1,1
Mitthu Ram,1,3367.0,1,1,1
Shobha Ram Prajapat,1,3367.0,1,1,1
MANOHARI DEVI,1,3367.0,1,1,1
BABITA DEVI,1,3367.0,1,1,1
Mordhwaj,1,3367.0,1,1,1
SHAYRI DEVI,1,3360.0,1,1,1
SATYA NARAYAN NAGAR,1,3315.0,1,1,1
Devkaran Regar,1,3315.0,1,1,1
Devi,1,3315.0,1,1,1
Maina Kumawat,1,3315.0,1,1,1
Kalli Devi,1,3315.0,1,1,1
Deu Devi,1,3315.0,1,1,1
MAYA KUMARI RAATHORE,1,3315.0,1,1,1
HEMANT KUMAR SRIVASTVA,1,3315.0,1,1,1
Maya Kumawat,1,3315.0,1,1,1
Ramnarayan Kumar,1,3315.0,1,1,1
Bhagwati Gurjar,1,3315.0,1,1,1
Ramu Bhil,1,3315.0,1,1,1
BHAGIRATH SINGH,1,3300.0,1,1,1
NETRAM,1,3300.0,1,1,1
POOJA DEVI,1,3300.0,1,1,1
YASH GAUNIYA,1,3294.0,1,1,1
Jaiveer Singh,1,3276.0,1,1,1
Vinesh kumari,1,3276.0,1,1,1
Vijaypal,1,3276.0,1,1,1
Bhajanlal,1,3276.0,1,1,1
Shiwali kumari,1,3276.0,1,1,1
Lal singh,1,3276.0,1,1,1
Man singh,1,3276.0,1,1,1
Mukesh chand,1,3276.0,1,1,1
Lalsingh,1,3276.0,1,1,1
Rahul prasad,1,3276.0,1,1,1
Bhagwati,1,3276.0,1,1,1
Naurtan,1,3276.0,1,1,1
Saurav,1,3276.0,1,1,1
Badan Singh,1,3276.0,1,1,1
Ramdin Singh,1,3276.0,1,1,1
Neeraj Kumar,1,3276.0,1,1,1
Tejveer Singh,1,3276.0,1,1,1
Asha devi,1,3276.0,1,1,1
Sunhera,1,3276.0,1,1,1
Rinku,1,3276.0,1,1,1
vikriam singh,1,3276.0,1,1,1
SURESH MEENA,1,3250.0,1,1,1
RATANI DEVI GADARI,1,3250.0,1,1,1
UDAY LAL GADARI,1,3250.0,1,1,1
OM PRAKASH MALI,1,3250.0,1,1,1
PREM KUMAWAT,1,3250.0,1,1,1
CHHANU DEVI VAISHANAV,1,3250.0,1,1,1
TARA KUMAWAT,1,3250.0,1,1,1
Pema,1,3250.0,1,1,1
UDI DEVI GADARI,1,3250.0,1,1,1
Rajveer Singh,1,3250.0,1,1,1
Neha,1,3250.0,1,1,1
DEVENDRA GADARI,1,3250.0,1,1,1
GURDHYAN SINGH,1,3200.0,1,1,1
MAMTA BAIRWA,1,3180.0,1,1,1
Sunil kumar,1,3179.0,1,1,1
Aditya Saharan,1,3179.0,1,1,1
Kashmir Singh,1,3179.0,1,1,1
Anish Kumar,1,3179.0,1,1,1
Rahul Saharan,1,3179.0,1,1,1
TAHASILDAR HATADIHI,1,3158.0,1,1,1
Hardeep Singh LAbour upper bhambotar,1,3150.0,1,1,1
Neeraj kumari,1,3135.0,1,1,1
Yogesh Saini,1,3135.0,1,1,1
Mahvir Prasad,1,3135.0,1,1,1
Ahok Kumar,1,3135.0,1,1,1
HASAN MANSURI,1,3135.0,1,1,1
SABINI,1,3135.0,1,1,1
Subita,1,3135.0,1,1,1
dhararam,1,3135.0,1,1,1
SUSHMA,1,3135.0,1,1,1
Bhateri,1,3135.0,1,1,1
AABID HUSAIN,1,3135.0,1,1,1
subhash,1,3135.0,1,1,1
Devki prasad,1,3135.0,1,1,1
B D O BARGAON,6,3132.0,5,1,1
NARABDI NAVDE,1,3120.0,1,1,1
GAYATRI KAROCHE,1,3120.0,1,1,1
HAPPY SINGH,1,3066.0,1,1,1
Gurmail singh,1,3066.0,1,1,1
DEBI LAL PAREEK,1,3060.0,1,1,1
Tahasildar Kuarmunda Royality,1,3034.0,1,1,1
POONAM KUMARI,1,3025.0,1,1,1
PANNA DEVI,1,3025.0,1,1,1
Kavita Devi,1,3024.0,1,1,1
Sukhdeep so of Birbal,1,3000.0,1,1,1
DOGRA ART,3,3000.0,3,1,1
SUNITA DAROGA,1,3000.0,1,1,1
Jahajavi,1,3000.0,1,1,1
Harwinder Kumar,1,3000.0,1,1,1
BDO Banspal Work Contingency,1,3000.0,1,1,1
VIJAY ELECTRICALS,1,3000.0,1,1,1
ANITA DAROGA,1,3000.0,1,1,1
Lucky Art,2,3000.0,2,1,1
visvendra,1,3000.0,1,1,1
NEEMA NEGI,2,3000.0,2,1,1
Ramdhan Jat,1,3000.0,1,1,1
DB Corp Ltd,1,2986.0,1,1,1
LOVELY AGRO,1,2980.0,1,1,1
SAGAR SHARMA,1,2975.0,1,1,1
HARMAN SINGH,1,2965.0,1,1,1
PRATIMA GAUNIYA,1,2928.0,1,1,1
RAHIS AHMAD,1,2920.0,1,1,1
UKAR NATH,1,2915.0,1,1,1
SHIV STEEL CORPORATION,1,2904.0,1,1,1
RASHMI MEENA,1,2895.0,1,1,1
VINUVARNAN S,1,2859.0,1,1,1
subi,1,2850.0,1,1,1
KOMAL KUMARI HARIJAN,1,2850.0,1,1,1
ANITA YADAV,1,2850.0,1,1,1
LALIT KUMAR SAINI,1,2850.0,1,1,1
HOSHIYAR SINGH,1,2850.0,1,1,1
Kumarpal,1,2850.0,1,1,1
omprkash,1,2850.0,1,1,1
Shabnam bano,1,2850.0,1,1,1
mahender kumar,1,2850.0,1,1,1
dinesh kumar,1,2850.0,1,1,1
Meena devi,1,2850.0,1,1,1
SUMERI DEVI,1,2850.0,1,1,1
baubi devi,1,2850.0,1,1,1
SARDAR MAL,1,2850.0,1,1,1
RUKHAMO DEVI,1,2850.0,1,1,1
virama ram,1,2850.0,1,1,1
SURAJ KUMAR HARIJAN,1,2850.0,1,1,1
NANACHHI,1,2850.0,1,1,1
Jagmal,1,2840.0,1,1,1
Balu Lal Balai,1,2830.0,1,1,1
HUKMNAMA SAMACHAR,1,2826.0,1,1,1
ASPAN CEMENT PRODUCTS,1,2826.0,1,1,1
RAMHARI MEENA,1,2800.0,1,1,1
SAYDA,1,2800.0,1,1,1
NAHANI DEVI,1,2800.0,1,1,1
SUBASH CHAND JANGID,1,2800.0,1,1,1
mohan lal meena,1,2800.0,1,1,1
vinita,1,2800.0,1,1,1
hari singh meena,1,2800.0,1,1,1
gita devi,1,2800.0,1,1,1
SANTRAM MEENA,1,2800.0,1,1,1
AMAN KUMAR,1,2800.0,1,1,1
Rajak,1,2800.0,1,1,1
dileep,1,2800.0,1,1,1
daakhbai,1,2800.0,1,1,1
Gheesa Lal Meewara,1,2800.0,1,1,1
khelbai,1,2800.0,1,1,1
sidharth meena,1,2800.0,1,1,1
punit kumar,1,2800.0,1,1,1
Raj Bala,1,2772.0,1,1,1
Yogesh Kumar,1,2772.0,1,1,1
JARNAIL SINGH,1,2758.0,1,1,1
ADARAM,1,2750.0,1,1,1
SAT PARKASH AND CO,1,2750.0,1,1,1
Gangasahay,1,2720.0,1,1,1
Chagan gadri,1,2700.0,1,1,1
HASAN KHAN,1,2700.0,1,1,1
Leela gadri,1,2700.0,1,1,1
Durga gurjar,1,2700.0,1,1,1
SUNIL DULGACH,1,2700.0,1,1,1
Paramount Softech,1,2700.0,1,1,1
HARKESH ELECTRONICS AND SANITORY STORE,1,2688.0,1,1,1
Prakash,1,2590.0,1,1,1
Abhishek Paint Store,1,2573.0,1,1,1
MOHAN VATI,1,2565.0,1,1,1
SHANKUTALA,1,2565.0,1,1,1
BHANWAR LAL SHARMA,1,2565.0,1,1,1
vasiram,1,2520.0,1,1,1
Kanchan  Bairwa,1,2500.0,1,1,1
Ganesh Bairwa,1,2500.0,1,1,1
Shanti,1,2500.0,1,1,1
BHAGWANI BAI,1,2500.0,1,1,1
JAGTAR SINGH SO GURDEEP SINGH,1,2500.0,1,1,1
KISHORI DEVI,1,2439.0,1,1,1
HARWINDER LAL,1,2431.0,1,1,1
SURESH JAT,1,2430.0,1,1,1
MOHINDER MITTAL IRON STEEL MERCHANTS,1,2407.0,1,1,1
Rihana,1,2400.0,1,1,1
AAO ERO Srikalahasti,1,2400.0,1,1,1
Rakesh Kumar mistari kartoli,1,2400.0,1,1,1
GAUTAM BUDDH,1,2400.0,1,1,1
Vikram Singh mistari kartoli,1,2400.0,1,1,1
Jannati,1,2400.0,1,1,1
MANOJ MATHPAL,1,2400.0,1,1,1
SHANKER NATH,1,2400.0,1,1,1
NEEMA,1,2400.0,1,1,1
Anita Khatana,1,2400.0,1,1,1
Kamlesh Gurjar,1,2385.0,1,1,1
NEERAJ KUMAR MEENA,1,2380.0,1,1,1
Cdo Cum Eo Zp Dkl Dmf,3,2329.0,3,1,1
Bali Art Studio,1,2320.0,1,1,1
Ramchandra,1,2312.0,1,1,1
PANKAJ YADAV,1,2300.0,1,1,1
Ramkuwar,1,2280.0,1,1,1
ASHOK KUMAR THEBAR,1,2280.0,1,1,1
NARENDRA SINGH SHEKHAWAT,1,2280.0,1,1,1
Manbhari devi,1,2280.0,1,1,1
Apsara,1,2268.0,1,1,1
DMF,7,2243.0,7,1,2
Saraswati Tiles,1,2215.0,1,1,1
Balbir Singh,1,2200.0,1,1,1
Guddi Devi,1,2200.0,1,1,1
DEVIDATT,1,2200.0,1,1,1
MP LADS 18TH LOKSABHA HATADIHI,1,2195.0,1,1,1
OBARAM,1,2100.0,1,1,1
Sewak Singh,1,2100.0,1,1,1
NISHAD BEGAM,1,2100.0,1,1,1
HV Enpterprises,1,2095.0,1,1,1
chhotu,1,2079.0,1,1,1
Suresh Kumar Labour kartoli,1,2076.0,1,1,1
Bakhsish Singh labour Kartoli,1,2076.0,1,1,1
Dinesh Kumar Labour kartoli,1,2076.0,1,1,1
Tarsem Lal Labour Kartoli,1,2076.0,1,1,1
CHANDA BAI MEENA,1,2072.0,1,1,1
VIJAY,1,2072.0,1,1,1
JITENDARNATH,1,2046.0,1,1,1
Radha Bairwa,1,2040.0,1,1,1
Jogaram,1,2030.0,1,1,1
Purandei kashyap,1,2016.0,1,1,1
Joshi brothers,1,2002.0,1,1,1
DEEPAK JASU,1,2000.0,1,1,1
Luckey Arts,1,2000.0,1,1,1
Dan Singh,2,2000.0,2,1,1
Vikas Adhikari KATHUMAR,2,2000.0,2,1,1
Lalit ART,2,2000.0,2,1,1
JASVEER SINGH,1,2000.0,1,1,1
NASIB SINGH,1,2000.0,1,1,1
Nenu Devi,1,1995.0,1,1,1
PAYAL DULGACH,1,1995.0,1,1,1
SEEBU SONU,1,1995.0,1,1,1
VIVIKSHA CHOUDHARY,1,1995.0,1,1,1
DALVEER SINGH,1,1925.0,1,1,1
SDMC,1,1890.0,1,1,1
Trilok Singh,1,1840.0,1,1,1
karamjit building material,1,1785.0,1,1,1
BDO NIMAPADA,5,1750.0,5,1,1
girver prasad,1,1710.0,1,1,1
kiran dei,1,1710.0,1,1,1
Niri Devi,1,1710.0,1,1,1
jannyak,1,1699.0,1,1,1
RAJA ENGG WORKS,2,1692.0,1,1,1
RAVI KUMAR JANGID,1,1650.0,1,1,1
Radheshyam kumhar,1,1620.0,1,1,1
PUNKI,1,1570.0,1,1,1
DISTRICT MINERAL FOUNDATION SUNDARGARH,7,1566.0,6,1,1
BHANGU MOBILE CARE AND ELECTRONICS,1,1550.0,1,1,1
RAJ Art,1,1500.0,1,1,1
saraswati iron and hardware store,1,1500.0,1,1,1
Shanker Kumawat,1,1500.0,1,1,1
chelsingh,1,1485.0,1,1,1
BDO Rajgangpur EGB,4,1474.0,3,1,1
Karansher Singh,1,1470.0,1,1,1
PROMPT ND PURE,1,1450.0,1,1,1
ANMOL YADAV,1,1450.0,1,1,1
priya nayawas,1,1425.0,1,1,1
sunil kumar,1,1425.0,1,1,1
HANSRAM,1,1425.0,1,1,1
Jitendar kumar yadav,1,1425.0,1,1,1
beeri singh,1,1425.0,1,1,1
Krutayagna Business Solution,1,1310.0,1,1,1
PRADEEP,1,1300.0,1,1,1
BHARAT BHOOMI,1,1275.0,1,1,1
JINDAL PLYWOODS,1,1260.0,1,1,1
Ramli,1,1260.0,1,1,1
DMF ALMORA,2,1211.0,2,1,1
ASA Sports,1,1196.0,1,1,1
ISHWAR LAL JAAT,1,1188.0,1,1,1
DHARMA,1,1188.0,1,1,1
asha,1,1140.0,1,1,1
MAYANK,1,1140.0,1,1,1
Mahendra singh,1,1140.0,1,1,1
deepak kumar,1,1140.0,1,1,1
amrinder singh,1,1100.0,1,1,1
CHIRANJIV ARTS SERVICE,1,1000.0,1,1,1
AMRIT LAL,1,1000.0,1,1,1
RADHAKRISHNAN P,1,1000.0,1,1,1
SONU ELECTRICALS,1,1000.0,1,1,1
MOHER SINGH,1,1000.0,1,1,1
Naresh ART,1,1000.0,1,1,1
PRADEEP ART,1,1000.0,1,1,1
GRAM PANCHAYAT BASETH,1,1000.0,1,1,1
SHARMILA KUMARI,1,855.0,1,1,1
varsh,1,855.0,1,1,1
Kalsum,1,855.0,1,1,1
Anil Kumar Saini,1,850.0,1,1,1
CONTIGENCY,1,842.0,1,1,1
Block Development Officer Erasama,1,838.0,1,1,1
Singh Electrical And Repairs Ropar,1,833.0,1,1,1
DMF BOUDH,1,765.0,1,1,1
VINESH,1,756.0,1,1,1
CHANDRAKALA,1,756.0,1,1,1
PARDHIP HANUMAN,1,600.0,1,1,1
TAHASILDAR SUBDEGA,1,596.0,1,1,1
Khima Ram,1,570.0,1,1,1
df,1,526.0,1,1,1
geeta kanwar,1,518.0,1,1,1
RAM DARSHAN,1,500.0,1,1,1
Vihaa Surgical,1,428.0,1,1,1
abal devi,1,427.0,1,1,1
Block Development Officer DMF,1,419.0,1,1,1
JATINDER KAUR,1,400.0,1,1,1
M K Traders,1,360.0,1,1,1
DISTRICT MINERAL FUND DMF,1,337.0,1,1,1
EGB,1,316.0,1,1,1
CHATUBHRAJ BAGRIYA,1,255.0,1,1,1
Dashmesh Sanitary Store,1,165.0,1,1,1
Raj Digital Studio,1,83.0,1,1,1
Jaspreet Singh,1,4.0,1,1,1
